HCPCS_Cd,HCPCS_Desc,Brnd_Name,Gnrc_Name,Tot_Spndng_2020,Tot_Dsg_Unts_2020,Tot_Clms_2020,Tot_Benes_2020,Avg_Spndng_Per_Dsg_Unt_2020,Avg_Spndng_Per_Clm_2020,Avg_Spndng_Per_Bene_2020,Outlier_Flag_2020,Tot_Spndng_2021,Tot_Dsg_Unts_2021,Tot_Clms_2021,Tot_Benes_2021,Avg_Spndng_Per_Dsg_Unt_2021,Avg_Spndng_Per_Clm_2021,Avg_Spndng_Per_Bene_2021,Outlier_Flag_2021,Tot_Spndng_2022,Tot_Dsg_Unts_2022,Tot_Clms_2022,Tot_Benes_2022,Avg_Spndng_Per_Dsg_Unt_2022,Avg_Spndng_Per_Clm_2022,Avg_Spndng_Per_Bene_2022,Outlier_Flag_2022,Tot_Spndng_2023,Tot_Dsg_Unts_2023,Tot_Clms_2023,Tot_Benes_2023,Avg_Spndng_Per_Dsg_Unt_2023,Avg_Spndng_Per_Clm_2023,Avg_Spndng_Per_Bene_2023,Outlier_Flag_2023,Tot_Spndng_2024,Tot_Dsg_Unts_2024,Tot_Clms_2024,Tot_Benes_2024,Avg_Spndng_Per_Dsg_Unt_2024,Avg_Spndng_Per_Clm_2024,Avg_Spndng_Per_Bene_2024,Outlier_Flag_2024,Avg_DY24_ASP_Price,Chg_Avg_Spndng_Per_Dsg_Unt_23_24,CAGR_Avg_Spnd_Per_Dsg_Unt_20_24
90371,Hepatitis b immune globulin for injection into muscle,HyperHEP B*,Hepatitis B Immune Globulin*,82202.82,856,147,83,96.03133178,559.2028571,990.3954217,0,63082.52,566,134,70,111.4532156,470.7650746,901.1788571,0,76696.89,565,149,69,135.746708,514.7442282,1111.54913,0,71285.73,550,142,59,129.6104182,502.0121831,1208.232712,0,53811.85,389,93,52,138.3338046,578.622043,1034.843269,0,140.67725,0.06730467,0.095541522
90375,Rabies immune globulin for injection,HyperRAB*,Rabies Immune Globulin/PF*,8250491.09,31501,3069,3021,261.9120374,2688.332059,2731.046372,0,7771016.35,28617,2887,2868,271.5524461,2691.727174,2709.559397,0,8826899.47,31812,3189,3154,277.4707491,2767.920812,2798.636484,0,10115323.58,34896,3388,3369,289.8705749,2985.632698,3002.470638,0,10531197.21,37341,3634,3618,282.0277232,2897.962909,2910.778665,0,287.9305,-0.027056391,0.018671335
90377,Rabies immune globulin for injection beneath the skin and/or into muscle,Kedrab,Rabies Immune Globulin/PF,,,,,,,,,41097.88,183,16,16,224.5785792,2568.6175,2568.6175,1,713054.99,3078,336,334,231.6617901,2122.18747,2134.89518,0,2018800.83,8585,864,862,235.1544356,2336.575035,2341.996323,0,2704770.81,10687,1026,1023,253.089811,2636.22886,2643.959736,0,258.30625,0.076270623,0.040643823
90632,Hepatitis a vaccine adult dosage,Havrix*,Hepatitis A Virus Vaccine/PF*,38403.54,657,657,649,58.45287671,58.45287671,59.17340524,0,6230.07,95,95,88,65.57968421,65.57968421,70.79625,0,4945.47,77,77,69,64.22688312,64.22688312,71.67347826,0,7695.51,91,91,89,84.56604396,84.56604396,86.46640449,1,5938.06,89,89,84,66.71977528,66.71977528,70.69119048,0,70.46225,-0.211033505,0.033623016
90653,"Influenza vaccine, inactivated",Fluad *,Flu Vacc TS(65up)/Mf59c/PF*,26330015.42,464590,464571,461258,56.6736594,56.67597724,57.08305421,0,2196936.46,40092,40091,39955,54.79737753,54.79874436,54.98526993,0,220713.69,3368,3365,3356,65.53256829,65.59099257,65.76689213,0,267141.4,2771,2771,2757,96.40613497,96.40613497,96.89568371,0,302904588,3772142.5,3772062,3768112,80.30040964,80.30212334,80.38630168,0,83.49,-0.167061208,0.091023553
90656,"Influenza vaccine, trivalent, split virus, preservative-free, 0.5 ml dosage",Afluria *,Flu Vaccin TS 5yr Up/PF*,195295.27,6431,6431,6374,30.36779195,30.36779195,30.63935833,1,123380.75,4007,3993,3970,30.79130272,30.89926121,31.07827456,1,93738.25,1864,1859,1855,50.28876073,50.42401829,50.53274933,0,81812.57,1555,1554,1552,52.61258521,52.64644144,52.71428479,1,12757053.76,573301,573278,572197,22.25193007,22.25282282,22.29486306,0,22.35,-0.577060698,-0.074793622
90657,"Influenza vaccine, trivalent, 0.25 ml dosage",Afluria Trivalent  (90657)*,Flu Vacc TS  (6 Mos Up)*,1392,57,57,57,24.42105263,24.42105263,24.42105263,0,12045.02,195,195,195,61.76933333,61.76933333,61.76933333,0,2062.93,63,63,63,32.74492064,32.74492064,32.74492064,0,2283.91,58,58,56,39.37775862,39.37775862,40.78410714,1,53322.69,785,785,781,67.92699363,67.92699363,68.27489117,1,10.929,0.725009143,0.291425934
90658,"Influenza vaccine, trivalent, 0.5 ml dosage",Afluria Trivalent  (90658)*,Flu Vacc TS  (6 Mos Up)*,904.2,77,77,77,11.74285714,11.74285714,11.74285714,0,3302.16,253,253,251,13.05201581,13.05201581,13.15601594,1,3092.39,248,247,245,12.46931452,12.51979757,12.622,1,2789.93,214,214,211,13.03705608,13.03705608,13.22241706,1,2681060.95,110632,110622,110344,24.23404576,24.23623646,24.29729709,1,21.858,0.85885875,0.198568988
90660,"Influenza vaccine, trivalent for nasal administration",Flumist Quad ,Flu Vacc Qv Live (2-49yrs),60536.32,767,767,757,78.9261017,78.9261017,79.96871863,0,9211.26,160,160,160,57.570375,57.570375,57.570375,0,563.56,14,14,13,40.25428571,40.25428571,43.35076923,1,884.96,25,25,25,35.3984,35.3984,35.3984,1,5916.56,158,158,158,37.44658228,37.44658228,37.44658228,1,28.871,0.057860872,-0.170057732
90661,"Influenza vaccine, trivalent derived from cell cultures",Flucelvax Trivalent *,Flu Vac TS  (6ms Up) CELl*,10462.11,434,434,431,24.10624424,24.10624424,24.27403712,0,18390.04,701,701,698,26.23400856,26.23400856,26.34676218,0,10484.72,323,323,318,32.46043344,32.46043344,32.97081761,1,5602.92,106,106,104,52.85773585,52.85773585,53.87423077,1,13321948.99,572527.5,369247,368645,23.26866219,36.07869256,36.13760933,1,36.849,-0.559787005,-0.008801889
90662,"Influenza vaccine split virus, preservative free",Fluzone High-Dose *,Flu Vacc TS(65yr Up)/PF*,473373374.9,8280408.7,8270242,8112063,57.16787565,57.23815275,58.35425278,0,477053148.1,7674493.7,7674248,7631960,62.16086256,62.16285271,62.50729146,0,541191611.5,8178440.9,8168347,8069863,66.17295621,66.25472835,67.06329606,0,428126152,6190009.4,6189923,6134456,69.16405523,69.16502063,69.79040228,0,560437409.2,7038703,7038618,6956496,79.62225558,79.62321711,80.56317565,0,75.92525,0.151208606,0.086352093
90670,"Pneumococcal vaccine, 13-valent",Prevnar 13,Pneumoc 13-Val Conj-Dip Crm/PF,282435113.8,1292895.1,1292858,1284878,218.4516855,218.4579542,219.8147324,0,129033793.8,559938,559848,555013,230.4430022,230.4800477,232.4878764,0,55181214.98,235723.5,235701,232092,234.0929733,234.1153198,237.7557821,0,13946103.9,59419,59404,58121,234.7078191,234.7670847,239.949483,0,3634911.5,16015,16000,15753,226.9691851,227.1819688,230.7440805,0,257.989,-0.032971351,0.009608213
90671,"Pneumococcal conjugate vaccine, 15 valent (pcv15), for intramuscular use",Vaxneuvance,Pneumoc 15-Val Conj-Dip Crm/PF,,,,,,,,,,,,,,,,,5843123.82,24566,24565,24463,237.8541,237.8637826,238.8555705,0,9219596.56,39234.5,39235,38719,234.9869773,234.9839827,238.115565,0,3614802.22,16010,16009,15785,225.7840237,225.7981273,229.0023579,0,253.56,-0.039163675,-0.025703184
90673,"Influenza vaccine, trivalent derived from recombinant dna",Flublok *,Flu Vac Tv (18yr Up)rcm/PF*,17741.37,334,334,334,53.11787425,53.11787425,53.11787425,1,4145.05,122,122,122,33.97581967,33.97581967,33.97581967,1,795.03,29,29,29,27.41482759,27.41482759,27.41482759,1,1259.17,32,23,23,39.3490625,54.74652174,54.74652174,1,21878827.63,292343,292323,292138,74.83958101,74.84470134,74.89209767,0,83.492,0.901940637,0.089488537
90675,Rabies vaccine for injection into muscle,Imovax Rabies Vaccine*,"Rabies Vacc, Human Diploid/PF*",3457087.5,12608,11787,4153,274.1979299,293.2966404,832.4313749,0,3885925.58,12484,11615,4089,311.2724752,334.5609626,950.3364099,0,4466167.02,14765,13906,4889,302.4833742,321.168346,913.5134015,0,5634353.37,17131,16109,5657,328.8981011,349.7643162,995.9967067,0,6175724.75,18855,17719,6120,327.5377751,348.5368672,1009.105351,0,334.0355,-0.00413601,0.045440465
90677,"Pneumococcal conjugate vaccine, 20 valent (pcv20), for intramuscular use",Prevnar 20,Pneumoc 20-Val Conj-Dip Crm/PF,,,,,,,,,314629.93,1217,1213,1209,258.5291126,259.3816406,260.2398098,0,340356341.1,1258415.5,1258424,1252600,270.4641997,270.4623729,271.7198955,0,573754810,2098732.5,2098703,2084021,273.3815815,273.3854242,275.311434,0,524656641.6,1857574.5,1857441,1840975,282.4417764,282.4620764,284.9884662,0,295.693,0.033141205,0.029927117
90684,Pcv21 vaccine im,Capvaxive,Pneumoc 21-Val Conj-Dip Crm/PF,,,,,,,,,,,,,,,,,,,,,,,,,,,,,,,,,10672527.65,33532,33532,33509,318.2788873,318.2788873,318.4973485,0,327.893,,
90714,Diphtheria and tetanus vaccine (7 years or older),Tdvax*,"Tetanus, Diphtheria Tox,adult*",1706146.94,65798.5,65799,65700,25.92987591,25.92967887,25.96875099,0,1592124.46,61078.5,61078,60985,26.06685593,26.06706932,26.10682069,0,1654307.23,59414,59412,59316,27.84372757,27.84466488,27.88973009,0,1501910.56,52146,52145,52064,28.80202815,28.8025805,28.8473909,0,1396261.39,49954.5,49955,49876,27.9506629,27.95038315,27.99465454,0,27.37476828,-0.029559212,0.018938374
90715,"Diphtheria, tetanus, and acellular pertussis vaccine (7 years or older)",Adacel TDAP*,"Diph,pertuss(Acell),tet Vac/PF*",1969587.81,59079,59077,58981,33.33820495,33.33933358,33.39359811,0,2045912.92,59201,59198,59128,34.5587561,34.56050745,34.60142268,0,2338103.27,64603,64603,64521,36.19186833,36.19186833,36.23786473,0,2644363.48,70521,70518,70418,37.49753237,37.4991276,37.55237979,0,3361294.55,88852.5,88854,88730,37.83005036,37.82941173,37.88227826,0,38.5745,0.00886773,0.032104513
90732,"Pneumococcal vaccine, 23-valent",Pneumovax 23,Pneumococcal 23-Val P-Sac Vac,221003653.3,1956348.5,1956181,1944760,112.9674254,112.9770984,113.6405794,0,142689613.9,1204786,1204705,1200530,118.4356507,118.4436139,118.8555171,0,92528579.03,743591.5,743538,740932,124.4346917,124.4436452,124.8813373,0,32491183.29,269452.5,259410,258434,120.5822299,125.2503114,125.7233309,0,13433735.34,105547.5,105525,104998,127.2766796,127.3038175,127.9427736,0,133.472,0.055517714,0.030264894
90739,"Hepatitis b vaccine (hepb), cpg-adjuvanted, adult dosage, 2 dose or 4 dose schedule, for intramuscular use",Heplisav-B,Hepatitis B Vaccine/CPG1018/PF,1297881.09,9823,9810,6899,132.1267525,132.301844,188.1259733,0,6630528.69,46788,46486,25134,141.7143005,142.6349587,263.8071413,0,14638878.45,103460.5,103086,46695,141.4924387,142.006465,313.4999133,0,13053732.13,88287,87972,45195,147.8556541,148.3850786,288.8313338,0,12819155.71,82770,82522,43006,154.8768359,155.342281,298.0783079,0,164.291,0.047486732,0.040516393
90740,"Hepatitis b vaccine, dialysis or immunosuppressed patient dosage",Engerix-B Adult (90740)*,Hepatitis B Virus Vaccine/PF*,14210395.38,103381,102684,44414,137.4565479,138.3895775,319.9530639,0,6393447.88,45446,45015,25134,140.6823016,142.0292765,254.3744681,0,794906.13,5380,5226,3106,147.7520688,152.1060333,255.9259916,0,706513.4,4512,4438,2443,156.5854167,159.1963497,289.1990995,0,623151.59,3870,3702,2075,161.0210827,168.3283604,300.3140193,0,156.645,0.028327453,0.040349655
90743,"Hepatitis b vaccine, adolescent dosage",Engerix-B Pediatric-Adolescent (90743)*,Hepatitis B Virus Vaccine/PF*,4923.02,92,92,83,53.51108696,53.51108696,59.31349398,0,1862.05,43,43,38,43.30348837,43.30348837,49.00131579,1,2358.81,47,47,46,50.18744681,50.18744681,51.27847826,1,5194.49,96,96,90,54.10927083,54.10927083,57.71655556,1,5222.26,87,87,71,60.02597701,60.02597701,73.55295775,1,75.145,0.109347365,0.029138597
90744,"Hepatitis b vaccine, pediatric or adolescent dosage (3 dose schedule)",Engerix-B Pediatric-Adolescent (90744)*,Hepatitis B Virus Vaccine/PF*,26146.75,484,469,371,54.02221074,55.75,70.47641509,1,20949.69,390,382,310,53.71715385,54.84212042,67.57964516,1,17937.69,363,356,294,49.41512397,50.38676966,61.01255102,0,16684.47,337,335,285,49.50881306,49.80438806,58.542,1,19335.51,454,364,270,42.58922908,53.11953297,71.613,1,30.77,-0.139764691,-0.057715914
90746,"Hepatitis b vaccine, adult dosage (3 dose schedule)",Engerix-B Adult (90746)*,Hepatitis B Virus Vaccine/PF*,4642357.15,67028,65467,44812,69.25996822,70.91140804,103.5962945,0,3457628.3,49492,48509,32607,69.86236766,71.2780783,106.0394486,0,3548913.66,51857,51223,34440,68.4365401,69.28359643,103.0462735,0,3482441.16,50866,50298,33747,68.46304329,69.23617559,103.1926145,0,2836742.14,40925,40534,27388,69.31562957,69.98426358,103.5760968,0,70.376,0.012453234,0.000200854
90747,"Hepatitis b vaccine, dialysis or immunosuppressed patient dosage (4 dose schedule)",Engerix-B Adult (90747)*,Hepatitis B Virus Vaccine/PF*,14192000.08,103619,101913,47647,136.963299,139.2560329,297.8571595,0,10899188.24,78635,75655,36862,138.6047974,144.0643479,295.6754446,0,8631021.97,62887,60393,29335,137.2465211,142.9142777,294.2226681,0,8324925.12,60892,58264,28262,136.7162373,142.8828285,294.562491,0,7612143.04,55366,53353,25437,137.4876827,142.6750706,299.2547486,0,140.752,0.005642676,0.00095579
90759,"Vaccine for hepatitis b (3 dose schedule) for injection into muscle, 10 mcg dosage",Prehevbrio,"Hepatitis B Virus Vac S,m,l/PF",,,,,,,,,,,,,,,,,3520.11,49,49,44,71.83897959,71.83897959,80.0025,0,21624.15,337,337,243,64.16661721,64.16661721,88.98827161,1,103440.84,1451,1451,1000,71.28934528,71.28934528,103.44084,0,73.815,0.11100364,-0.003832805
91304,"Severe acute respiratory syndrome coronavirus 2 (covid-19) vaccine, recombinant spike protein nanoparticle, saponin-based adjuvant, preservative free, 5 mcg/0.5ml dosage, for intramuscular use",Novavax Covid  (Eua)*,Covid Vac  Xbb.1.5/Adj/PF*,,,,,,,,,,,,,,,,,3.26,299,299,257,0.01090301,0.01090301,0.012684825,0,3726639.33,26241,26241,26112,142.0159037,142.0159037,142.7174989,0,19688837.38,126008,126005,122756,156.2506935,156.2544136,160.3900207,0,151.5345,0.100233772,118.7120233
91318,Sarscov2 vac 3mcg trs-suc im,PFizer Covid (6m-4y)eua*,Covid Vac (6mo-4y)raxt/PF*,,,,,,,,,,,,,,,,,,,,,,,,,93031,1560,1551,1212,59.63525641,59.98130239,76.75825083,0,140909.25,1756,1756,1683,80.24444761,80.24444761,83.72504456,1,65.55,0.345587366,0.345587366
91319,Sarscv2 vac 10mcg trs-suc im,PFizer Covid (5-11y)eua*,Covid Vac  (5-11y)raxt/PF*,,,,,,,,,,,,,,,,,,,,,,,,,92328.74,1119,1118,1116,82.51004468,82.58384615,82.73184588,0,83265.37,1024,1024,989,81.31383789,81.31383789,84.19147624,0,87.78,-0.014497711,-0.014497711
91320,Sarscv2 vac 30mcg trs-suc im,Comirnaty *,Covid Vac (12up)(Raxt)/PF*,,,,,,,,,,,,,,,,,,,,,,,,,439648107.1,3483633,3483473,3477245,126.2039104,126.2097071,126.4357579,0,696321610.6,4868122,4775156,4283296,143.0370091,145.8217513,162.5667735,0,137.29875,0.133380167,0.133380167
91321,Sarscov2 vac 25 mcg/.25ml im,Moderna Covid (6m-11y)eua*,Covid Vac (6m-11y)andu/PF*,,,,,,,,,,,,,,,,,,,,,,,,,439032.51,3297,3297,3292,133.1612102,133.1612102,133.3634599,0,667106.49,4922,4915,4577,135.5356542,135.7286857,145.7519096,0,146.205,0.017831349,0.017831349
91322,Sarscov2 vac 50 mcg/0.5ml im,Spikevax ,Covid Vac (12up)(Andu)/PF,,,,,,,,,,,,,,,,,,,,,,,,,509003634.9,3845043.5,3624074,3617850,132.3791616,140.4506737,140.6922993,0,596768492.1,3909180,3908871,3479068,152.6582281,152.6702959,171.5311377,0,149.853,0.153189265,0.153189265
A9573,"Injection, gadopiclenol, 1 ml",Elucirem*,Gadopiclenol*,,,,,,,,,,,,,,,,,,,,,,,,,123883.14,18510,2028,1981,6.692768233,61.08636095,62.53565876,0,1173443.32,224968.5,25728,22982,5.216033889,45.60958178,51.05923418,0,4.401666667,-0.22064627,-0.22064627
A9575,"Injection, gadoterate meglumine, 0.1 ml",Clariscan*,Gadoterate Meglumine*,5336992.31,29603383.9,206217,182668,0.180283184,25.88046723,29.21689792,0,6103025.84,37660878.6,260990,230542,0.162052137,23.38413671,26.47251191,0,5984473.98,41755234.7,294115,261463,0.143322724,20.34739466,22.88841626,0,6896401.97,49421826.6,331147,293436,0.139541625,20.82580235,23.50223548,0,6572192.22,54633146.8,361447,320075,0.120296791,18.18300393,20.5332882,0,0.11875,-0.137914647,-0.096195071
A9576,"Injection, gadoteridol, (prohance multipack), per ml",Prohance Multipack,Gadoteridol,328533.48,229576.8,16083,14789,1.431039548,20.42737549,22.21471905,0,373358.44,259189.4,18140,16586,1.440484989,20.58205292,22.51045701,0,405188.61,284381.5,20143,18389,1.424806501,20.11560393,22.03429278,0,435798.6,310339,21827,19839,1.404266302,19.9660329,21.96676244,0,407439.88,278177,19261,17496,1.464678532,21.15362027,23.28760174,0,1.4895,0.043020494,0.005825565
A9577,"Injection, gadobenate dimeglumine (multihance), per ml",Multihance,Gadobenate Dimeglumine,1189229.93,647424.5,49104,44577,1.836862723,24.21859584,26.67810597,0,1194925.12,659885,49926,45344,1.810808126,23.93392461,26.35244178,0,1053635.33,582440.8,42383,38462,1.808999868,24.85985725,27.39418985,0,887558.98,505987,36410,33120,1.754114197,24.37679154,26.79827838,0,683557.52,393561.6,27823,25306,1.73685014,24.5680739,27.01167786,0,1.82775,-0.009842037,-0.013898971
A9578,"Injection, gadobenate dimeglumine (multihance multipack), per ml",Multihance Multipack,Gadobenate Dimeglumine,95669.45,53107,3774,3372,1.801447079,25.34961579,28.37172301,0,107242.26,59462,4315,3815,1.803542767,24.85336269,28.11068414,0,98681.96,55834,4389,3948,1.767416986,22.483928,24.9954306,0,135341,75301.5,5681,5094,1.797321435,23.82344658,26.56870828,0,169200.49,96651,6704,6056,1.75063362,25.23873658,27.93931473,0,1.777,-0.02597633,-0.007127598
A9579,"Injection, gadolinium-based magnetic resonance contrast agent, not otherwise specified (nos), per ml",Magnevist*,Gadopentetate Dimeglumine*,1440140.22,953183.4,60961,53933,1.510874214,23.62395991,26.70239408,0,1464069.64,952748,60941,54418,1.536680885,24.02437833,26.90414275,0,1313795.36,852292.9,54382,49029,1.541483403,24.15864367,26.79629118,0,1193540.42,778919.9,52447,47221,1.532301871,22.75707705,25.27562779,0,1057553.43,717359.7,46545,41908,1.474230334,22.72109636,25.2351205,0,1.50525,-0.037898235,-0.006119297
A9581,"Injection, gadoxetate disodium, 1 ml",Eovist,Gadoxetate Disodium,998811.68,70522.6,7255,5723,14.16300136,137.6721819,174.525892,0,1117690.95,78478.8,8032,6385,14.24194751,139.1547498,175.0494832,0,1152164.77,81051.4,8327,6618,14.21523589,138.3649298,174.0956135,0,1199615.49,85004.2,8683,6881,14.11242609,138.1567995,174.3373768,0,1301496.25,92253,9428,7513,14.10790164,138.0458475,173.2325636,0,14.74175,-0.000320601,-0.000974022
A9585,"Injection, gadobutrol, 0.1 ml",Gadavist*,Gadobutrol*,6005366.9,16649728,213541,185764,0.360688589,28.12278157,32.32793706,0,6792125.14,18823993.6,236245,203483,0.36082275,28.75034452,33.37932476,0,6535732.65,19708801.3,247507,213514,0.331614924,26.40625376,30.61032368,0,6720565.02,20378279.2,254770,218160,0.329790605,26.37894972,30.80567024,0,6698097.95,21367103.8,263032,224477,0.31347711,25.46495464,29.83868258,0,0.31875,-0.04946622,-0.034464252
A9589,"Instillation, hexaminolevulinate hydrochloride, 100 mg",Cysview,Hexaminolevulinate HCL,235935.1,202,202,138,1167.995545,1167.995545,1709.674638,0,390550.39,326,326,254,1198.007331,1198.007331,1537.599961,0,814140.58,677,677,485,1202.571019,1202.571019,1678.640371,0,551506.1,452,452,340,1220.146239,1220.146239,1622.076765,0,229319.72,174,174,129,1317.929425,1317.929425,1777.672248,0,1337.80725,0.080140547,0.030653642
J0121,"Injection, omadacycline, 1 mg",Nuzyra,Omadacycline Tosylate,1069624.38,330665,2619,192,3.234767454,408.4094616,5570.960313,0,1621500.85,493980,4198,262,3.28252328,386.2555622,6188.934542,0,1692372.93,499363,3779,309,3.389063527,447.8361815,5476.935049,0,2388812.48,665614,5368,376,3.58888557,445.0097765,6353.224681,0,3731517.84,1003515,8697,445,3.718447497,429.0580476,8385.433348,0,3.7725,0.03610088,0.035451227
J0122,"Injection, eravacycline, 1 mg",Xerava,Eravacycline Di-Hydrochloride,117915.49,117378,526,56,1.004579138,224.1739354,2105.63375,0,83663.28,82406,477,41,1.015257142,175.394717,2040.567805,0,176422.6,147596,851,61,1.195307461,207.3121034,2892.173771,0,108176.55,99924,661,46,1.082588267,163.6559002,2351.66413,0,146105.24,127345,639,59,1.14731823,228.646698,2476.36,0,1.1655,0.059791857,0.033772404
J0129,"Injection, abatacept, 10 mg (code may be used for medicare when drug administered under the direct supervision of a physician, not for use when drug is self administered)",Orencia*,Abatacept*,1023005572,19061499,251059,29767,53.66868429,4074.761597,34367.10357,0,988943741.6,20110414.6,265060,31429,49.17570131,3731.018417,31465.9627,0,903326016.6,20878083.6,276427,31922,43.26671135,3267.864632,28297.91418,0,902527109.8,21382189,283648,32541,42.20929437,3181.856067,27735.07605,0,930380810.7,21903532,291579,33154,42.47629153,3190.83614,28062.40003,0,43.29175,0.006325554,-0.056794312
J0131,"Injection, acetaminophen, not otherwise specified,10 mg",Acetaminophen (J0131),Acetaminophen,30502.71,45651,763,345,0.668171782,39.97733945,88.41365217,0,16135.58,28484,529,386,0.566478725,30.50204159,41.80202073,0,15612.39,27177,498,371,0.574470692,31.35018072,42.08191375,0,11298.71,91575,1571,905,0.123382037,7.19204965,12.48476243,0,10572.08,148015,2203,1241,0.071425734,4.798946891,8.519000806,0,0.04775,-0.42110103,-0.428203299
J0132,"Injection, acetylcysteine, 100 mg",Acetadote*,Acetylcysteine*,332.86,324,265,63,1.027345679,1.256075472,5.283492064,0,121.41,133,104,36,0.912857143,1.167403846,3.3725,0,280.88,376,201,52,0.747021277,1.397412935,5.401538462,0,395.68,525,283,92,0.753676191,1.398162544,4.300869565,0,678.66,1099,769,190,0.617525023,0.882522757,3.571894737,0,0.65325,-0.180649421,-0.119489599
J0133,"Injection, acyclovir, 5 mg",Acyclovir Sodium,Acyclovir Sodium,46564.18,747490,554,201,0.062294051,84.05086643,231.6625871,0,29577.72,767645,615,202,0.038530467,48.09385366,146.4243564,0,29190.62,759898,509,158,0.038413866,57.34895874,184.7507595,0,29564.59,637958,429,148,0.046342534,68.91512821,199.7607432,0,28528.32,630256,477,167,0.045264654,59.80779874,170.8282635,0,0.045,-0.023258961,-0.076731201
J0134,"Injection, acetaminophen (fresenius kabi), not therapeutically equivalent to j0131, 10 mg",Acetaminophen (J0134),Acetaminophen,,,,,,,,,,,,,,,,,,,,,,,,,538.77,5500,55,,0.097958182,9.795818182,,0,105411.1,2303284,23194,21935,0.045765568,4.544757265,4.805612036,0,0.046687523,-0.532805051,-0.532805051
J0136,"Injection, acetaminophen (b braun), not therapeutically equivalent to j0131, 10 mg",Acetaminophen (J0136),Acetaminophen,,,,,,,,,,,,,,,,,,,,,,,,,,,,,,,,,113255.92,2188138,21914,20446,0.051759039,5.168199325,5.539270273,0,0.0515,,
J0137,"Injection, acetaminophen (hikma), not therapeutically equivalent to j0131, 10 mg",Acetaminophen (J0137),Acetaminophen,,,,,,,,,,,,,,,,,,,,,,,,,,,,,,,,,44396.85,810580,8013,7725,0.054771707,5.540602771,5.747165049,0,0.05575,,
J0153,"Injection, adenosine, 1 mg (not to be used to report any adenosine phosphate compounds)",Adenocard*,Adenosine*,1003707.87,1635799.4,32984,32638,0.613588604,30.43014401,30.75273822,0,959172.04,1656064.4,33660,33410,0.579187645,28.49590137,28.7091302,0,702368.46,1482584.4,31458,31297,0.473746021,22.327181,22.4420379,0,549907.56,1043138.2,22387,22231,0.527166544,24.56370036,24.73606945,0,262447.22,524909,10762,10666,0.499986131,24.38647278,24.60596475,0,0.49425,-0.051559443,-0.04989814
J0171,"Injection, adrenalin, epinephrine, 0.1 mg",Adrenalin*,Epinephrine*,13826.05,7460.5,2759,2252,1.853233698,5.011254078,6.139453819,1,9132.66,6821.1,2643,2283,1.338883758,3.455414302,4.000289093,0,11648.4,6940.8,2621,2197,1.678250346,4.444257917,5.301957214,0,10136.74,6840.5,2588,2184,1.481871208,3.916823802,4.641364469,0,11180.19,7095,2659,2258,1.575784355,4.204659647,4.951368468,0,0.798,0.063374703,-0.039733786
J0172,"Injection, aducanumab-avwa, 2 mg",Aduhelm,Aducanumab-Avwa,,,,,,,,,,,,,,,,,603241.13,93920,476,185,6.422925149,1267.313298,3260.762865,0,71670.29,28651,111,36,2.501493491,645.6782883,1990.841389,0,76130.4,28265,76,19,2.693451265,1001.71579,4006.863158,0,5.978,0.076737267,-0.352427898
J0173,"Injection, epinephrine (belcher), not therapeutically equivalent to j0171, 0.1 mg",Epinephrine,Epinephrine HCL/PF,,,,,,,,,,,,,,,,,,,,,,,,,,,,,,,,,28241.74,15140,1251,1177,1.865372523,22.57533174,23.99468139,0,1.886,,
J0174,"Injection, lecanemab-irmb, 1 mg",Leqembi,Lecanemab-Irmb,,,,,,,,,,,,,,,,,,,,,,,,,4243344.28,3237132,4161,961,1.310834492,1019.789541,4415.55076,0,90371611.03,69058213.6,86149,7907,1.308629435,1049.015207,11429.31719,0,1.33925,-0.001682178,-0.001682178
J0175,"Injection, donanemab-azbt, 2 mg",Kisunla,Donanemab-Azbt,,,,,,,,,,,,,,,,,,,,,,,,,,,,,,,,,5246233.76,1088689,2832,1299,4.818854384,1852.483672,4038.671101,0,4.094,,
J0177,"Injection, aflibercept hd, 1 mg",Eylea Hd,Aflibercept,,,,,,,,,,,,,,,,,,,,,,,,,,,,,,,,,665780687.8,2017529.4,211930,66767,329.9980103,3141.512234,9971.702904,0,337.0506667,,
J0178,"Injection, aflibercept, 1 mg",Eylea,Aflibercept,3013346116,3269515,1435471,284534,921.6492711,2099.203757,10590.4606,0,3415890772,3758278,1635603,309699,908.8978442,2088.459591,11029.71199,0,3541909704,3933700.1,1698624,338615,900.4015593,2085.164053,10459.99056,0,3148337301,3626517.1,1561204,339144,868.1435146,2016.608528,9283.18738,0,2365369089,2863990,1233027,293280,825.8999118,1918.343304,8065.224661,0,840.19675,-0.0486597,-0.027050198
J0179,"Injection, brolucizumab-dbll, 1 mg",Beovu,Brolucizumab-Dbll,110737688.3,355205,54384,17586,311.7571214,2036.218158,6296.923025,0,66538895.91,214275,32474,7377,310.5303741,2048.989835,9019.777133,0,42274859.23,137268.2,20656,5540,307.9727077,2046.614022,7630.841016,0,21308127.79,68805,10388,2728,309.6886533,2051.22524,7810.897284,0,13575490.79,42069,6388,1552,322.695828,2125.155102,8747.094581,0,328.67825,0.042000812,0.008658707
J0180,"Injection, agalsidase beta, 1 mg",Fabrazyme,Agalsidase Beta,50489088.57,309496,3351,246,163.1332507,15066.87215,205240.1974,0,52527144.63,310621,3403,225,169.1036492,15435.54059,233453.9761,0,62283822.19,315008,3525,216,197.7213982,17669.16942,288351.0287,0,66506215.06,321886,3624,217,206.6141897,18351.6046,306480.2537,0,66345020.57,311163,3596,203,213.2162904,18449.67202,326822.7614,0,220.76725,0.031953762,0.069225907
J0185,"Injection, aprepitant, 1 mg",Cinvanti,Aprepitant,39325804.29,20344740,146465,36518,1.932971583,268.4996708,1076.888227,0,27803163.32,18706743,134916,32679,1.486264248,206.077584,850.7960256,0,35607662.21,21173369,154319,35760,1.681719249,230.7406231,995.7399947,0,40374151.11,23449399,170666,38524,1.721756328,236.5682158,1048.025935,0,42285415.58,25023112,181746,40602,1.689854387,232.6621526,1041.461396,0,1.719,-0.01852872,-0.03304569
J0202,"Injection, alemtuzumab, 1 mg",Lemtrada,Alemtuzumab,12586313.44,7565,603,148,1663.755908,20872.82494,85042.65838,0,5626185.55,3711,285,89,1516.083414,19741.00193,63215.56798,1,4021632.43,2288,237,53,1757.706482,16968.91321,75879.85717,1,3660334.93,2107,158,44,1737.22588,23166.67677,83189.43023,1,2693035.44,1443,102,25,1866.275426,26402.30824,107721.4176,1,2339.61375,0.07428484,0.029133065
J0217,"Injection, velmanase alfa-tycv, 1 mg",Lamzede,Velmanase Alfa-Tycv,,,,,,,,,,,,,,,,,,,,,,,,,,,,,,,,,2049467.33,4806,65,,426.4393113,31530.26662,,0,442.004,,
J0218,"Injection, olipudase alfa-rpcp, 1 mg",Xenpozyme,Olipudase Alfa-Rpcp,,,,,,,,,,,,,,,,,,,,,,,,,,,,,,,,,1345196.48,3597,18,,373.9773367,74733.13778,,1,379.4845,,
J0219,"Injection, avalglucosidase alfa-ngpt, 4 mg",Nexviazyme,Avalglucosidase Alfa-Ngpt,,,,,,,,,,,,,,,,,33477989.57,467247.5,977,86,71.6493712,34266.1101,389278.9485,0,67248349.21,925735,1958,112,72.64319617,34345.42861,600431.6894,0,73807183.94,978045,2092,122,75.46399597,35280.68066,604976.9175,0,76.84125,0.038830888,0.0262749
J0221,"Injection, alglucosidase alfa, (lumizyme), 10 mg",Lumizyme,Alglucosidase Alfa,62106434.59,421051,2075,124,147.5033537,29930.81185,500858.3435,0,61675529.63,409816,2067,116,150.4956606,29838.1856,531685.6003,0,41371331.41,231183,1210,86,178.9549033,34191.18298,481061.9931,0,25682600.59,136427,693,49,188.2515968,37060.02971,524134.7059,0,17113295.97,87521,429,31,195.5335973,39891.1328,552041.8055,0,199.55325,0.038682278,0.073012729
J0222,"Injection, patisiran, 0.1 mg",Onpattro,"Patisiran Sodium,lipid Complex",60532021.65,621134,2340,215,97.45404639,25868.38532,281544.2867,0,82896518.89,851191,3170,279,97.38885737,26150.32142,297120.1394,0,98102746.27,1007673,3785,338,97.35573571,25918.82332,290244.8115,0,37700003.09,381507,1458,174,98.81864052,25857.34094,216666.6844,0,24036499.81,248407,944,84,96.76257034,25462.39387,286148.8073,0,99.3535,-0.020806501,-0.001778591
J0223,"Injection, givosiran, 0.5 mg",Givlaari,Givosiran Sodium,3953268.84,36943,105,19,107.009957,37650.17943,208066.7811,0,10731531.69,100822,287,35,106.440377,37392.09648,306615.1911,0,14866283.6,139933,375,40,106.2385828,39643.42293,371657.09,0,16461148.64,151627,375,43,108.5634395,43896.39637,382817.4102,0,16003607.93,145866,363,43,109.7144498,44087.07419,372176.9286,0,112.1285,0.010602191,0.006259307
J0224,"Injection, lumasiran, 0.5 mg",Oxlumo,Lumasiran Sodium,,,,,,,,,,,,,,,,,2607112.33,9088,27,,286.874156,96559.71593,,0,3511437.79,11340,26,,309.6505988,135055.2996,,0,3667203.35,11726,44,,312.7412033,83345.53068,,0,318.50675,0.009980942,0.044111403
J0225,"Injection, vutrisiran, 1 mg",Amvuttra,Vutrisiran Sodium,,,,,,,,,,,,,,,,,,,,,,,,,167422647,35218,2293,478,4753.89423,73014.67378,350256.5836,0,229033878.8,47837.5,3103,603,4787.747662,73810.4669,379824.0113,0,4935.177,0.0071212,0.0071212
J0248,"Injection, remdesivir, 1 mg",Veklury,Remdesivir,,,,,,,,,121748.92,22088,128,111,5.511993843,951.1634375,1096.837117,0,28042109.72,5155131,26319,14563,5.439650267,1065.470182,1925.572322,0,22660479.94,4004095,23566,11848,5.65932625,961.5751481,1912.59959,0,14633667.4,2395957,13477,7399,6.107650263,1085.825288,1977.789891,0,6.206,0.07921862,0.034796963
J0256,"Injection, alpha 1 proteinase inhibitor (human), not otherwise specified, 10 mg",Aralast NP*,Alpha-1-Proteinase Inhibitor*,102288299.2,25897881.6,34833,1380,3.949678231,2936.534298,74121.95594,0,111472532.1,27384416.8,37430,1399,4.070655693,2978.160089,79680.15164,0,121897493.1,27407085.7,38467,1424,4.447663441,3168.884839,85602.17211,0,126250917.5,27109722.4,39480,1423,4.657034683,3197.844921,88721.65668,0,131269252.9,27437730.5,41361,1389,4.784260596,3173.74466,94506.30157,0,4.89025,0.027319082,0.049091281
J0257,"Injection, alpha 1 proteinase inhibitor (human), (glassia), 10 mg",Glassia,Alpha-1-Proteinase Inhibitor,11859264.08,2630525,3885,162,4.508325935,3052.577627,73205.33383,0,13123767.68,2876026,4287,178,4.563160305,3061.29407,73729.03191,0,15749846.31,3161452,5123,192,4.981839455,3074.340486,82030.44953,0,18951236.76,3674538,6289,222,5.157447483,3013.394301,85365.93135,0,22505494.92,4217637,7211,254,5.3360436,3120.994997,88604.31071,0,5.42725,0.03462878,0.043040125
J0278,"Injection, amikacin sulfate, 100 mg",Amikacin Sulfate,Amikacin Sulfate,45529.6,35893.8,5030,1657,1.268453048,9.051610338,27.47712734,0,50174.89,41247.5,5469,1909,1.216434693,9.174417627,26.28333683,0,34303.56,36959.3,4704,1877,0.928144202,7.292423469,18.27573788,0,30156.05,33675,4656,1724,0.895502598,6.476814863,17.49190835,0,30388.77,35394.5,5313,1805,0.858573225,5.719700734,16.83588366,0,0.8115,-0.041238712,-0.092961469
J0280,"Injection, aminophyllin, up to 250 mg",Aminophylline,Aminophylline,494654.36,64262.5,54030,52439,7.697402996,9.155179715,9.432947997,0,523894.99,65933,58946,58111,7.94586914,8.887710617,9.015418595,0,438595.13,53002.5,48241,47920,8.274989482,9.091750378,9.152652963,0,380816.56,45971.1,41609,41291,8.283825273,9.152264174,9.222749752,0,336621.33,43109,37963,37712,7.808609107,8.867089798,8.926106544,0,8.407,-0.057366754,0.003592402
J0285,"Injection, amphotericin b, 50 mg",Amphotericin B,Amphotericin B,12677.46,435,170,50,29.14358621,74.57329412,253.5492,0,10921.1,275,100,49,39.71309091,109.211,222.8795918,0,9980.42,233,104,46,42.8344206,95.96557692,216.9656522,0,7018.18,193,72,42,36.36362694,97.47472222,167.0995238,0,14941.63,401,134,46,37.26092269,111.5047015,324.8180435,1,35.9915,0.02467564,0.063353472
J0289,"Injection, amphotericin b liposome, 10 mg",AmbIsome*,Amphotericin B Liposome*,2559494.55,102841,1686,271,24.88788081,1518.086922,9444.629336,0,2315051.67,88565,1349,253,26.13957737,1716.124292,9150.401858,0,2333220.93,87937,1205,208,26.53286933,1936.28293,11217.40832,0,1748170.43,66606,1145,195,26.24644071,1526.786402,8964.976564,0,1807245.6,72648,1088,205,24.87674265,1661.071324,8815.832195,0,24.824,-0.05218605,-0.000111902
J0290,"Injection, ampicillin sodium, 500 mg",Ampicillin Sodium,Ampicillin Sodium,14842.06,15503,2051,1044,0.957366961,7.236499269,14.21653257,0,16649.25,16886.4,1269,626,0.985956154,13.11997636,26.59624601,0,8497.46,11764.9,1293,559,0.722272183,6.571894818,15.20118068,0,9233.83,10957,1072,514,0.842733412,8.613647388,17.96464981,0,10110.89,11193,1152,526,0.903322612,8.776814236,19.22222434,0,0.918,0.071896046,-0.014421748
J0291,"Injection, plazomicin, 5 mg",Zemdri,Plazomicin Sulfate,264734.03,85163,459,75,3.108556885,576.7625926,3529.787067,0,236780.93,76793,496,87,3.083366062,477.3809073,2721.619885,0,125169.08,40474,184,33,3.092579928,680.2667391,3793.002424,0,128522.91,38221,207,24,3.36262552,620.8836232,5355.12125,0,165052.7,46646,227,29,3.538410582,727.1044053,5691.472414,0,3.59575,0.052276134,0.03290969
J0295,"Injection, ampicillin sodium/sulbactam sodium, per 1.5 gm",Ampicillin-Sulbactam*,Ampicillin Sod/Sulbactam Sod*,21984.46,7791,1491,606,2.821776409,14.74477532,36.2779868,0,17728.11,6830.5,1204,600,2.595433716,14.72434385,29.54685,0,14062.46,5689,1041,585,2.471868518,13.50860711,24.03839316,0,12854.87,5893,1268,570,2.181379603,10.1379101,22.55240351,0,12225.95,6129,1282,580,1.994770762,9.536622465,21.07922414,0,1.96225,-0.085546248,-0.083056452
J0348,"Injection, anidulafungin, 1 mg",Eraxis*,Anidulafungin*,6230.75,12194,125,11,0.510968509,49.846,566.4318182,0,9646.83,11088,96,12,0.870024351,100.4878125,803.9025,0,17868.72,11811,112,14,1.512887986,159.5421429,1276.337143,0,7546.99,16292,152,16,0.463232875,49.65125,471.686875,0,6593.74,14006,128,11,0.470779666,51.51359375,599.4309091,0,0.47875,0.01629157,-0.020271165
J0349,"Injection, rezafungin, 1 mg",Rezzayo,Rezafungin Acetate,,,,,,,,,,,,,,,,,,,,,,,,,128315.92,13000,51,16,9.870455385,2515.998431,8019.745,0,1100128.94,112612,407,107,9.769198132,2703.019509,10281.57888,0,10.1215,-0.01025862,-0.01025862
J0360,"Injection, hydralazine hcl, up to 20 mg",Hydralazine HCL,Hydralazine HCL,6126.92,1206,1121,928,5.080364843,5.4655843,6.602284483,1,5948.05,867,793,672,6.860495963,7.500693569,8.851264881,1,7131.74,821,761,645,8.686650426,9.371537451,11.05696124,1,8099.97,940,876,773,8.616989362,9.246541096,10.47861578,1,5993.66,883,804,703,6.78783692,7.454800995,8.525832148,1,4.823,-0.212272798,0.075125405
J0401,"Injection, aripiprazole (abilify maintena), 1 mg",Abilify Maintena,Aripiprazole,4522202.73,1016988,3236,636,4.446662822,1397.466851,7110.381651,0,4344086.93,943903,3147,619,4.602259904,1380.389873,7017.911034,0,5518968.08,946446,3396,637,5.831255117,1625.137833,8664.000126,0,5387732.71,912936,3360,652,5.901544807,1603.491878,8263.393727,0,4917837.21,814240,2887,594,6.039788281,1703.442054,8279.187222,0,6.9255,0.023424964,0.079560234
J0402,"Injection, aripiprazole (abilify asimtufii), 1 mg",Abilify Asimtufii,Aripiprazole,,,,,,,,,,,,,,,,,,,,,,,,,,,,,,,,,89190.88,21861,45,22,4.079908513,1982.019556,4054.130909,1,5.89,,
J0456,"Injection, azithromycin, 500 mg",Azithromycin*,Azithromycin*,5055.53,1263,1017,467,4.002794933,4.971022616,10.82554604,0,5557.67,1449,883,409,3.835521049,6.29407701,13.58843521,0,3352.02,877,821,441,3.822143672,4.082850183,7.600952381,1,2975.22,973,928,468,3.057780062,3.206056035,6.357307692,0,2748.9,825,770,450,3.332,3.57,6.108666667,1,2.3105,0.089679419,-0.044819577
J0457,"Injection, aztreonam, 100 mg",Azactam*,Aztreonam*,,,,,,,,,,,,,,,,,,,,,,,,,13640.46,4404,97,20,3.097288828,140.623299,682.023,0,116665.37,51732,1752,981,2.255187698,66.58982306,118.9249439,0,2.304,-0.271883307,-0.271883307
J0461,"Injection, atropine sulfate, 0.01 mg",Atropine Sulfate*,Atropine Sulfate*,168295.57,2335534,53307,9771,0.072058711,3.157100756,17.22398629,0,197767.67,2260296,51633,9625,0.087496359,3.8302572,20.54729039,0,182790.77,2262985,51357,9342,0.080774185,3.559218218,19.56655641,0,189665.18,2250292,50725,9280,0.084284697,3.739086841,20.43805819,0,184194.09,2209076,50874,9157,0.083380604,3.62059382,20.11511303,0,0.089,-0.010726666,0.037157318
J0475,"Injection, baclofen, 10 mg",Baclofen (J0475)*,Baclofen*,21809546.9,134430,26652,8459,162.2372008,818.3080782,2578.265386,0,20790960.74,125583.8,24857,8046,165.5544803,836.4227678,2584.012023,0,20700931.38,116877.3,23377,7523,177.116783,885.5255756,2751.685681,0,19433551.34,109556.8,21944,7078,177.3833422,885.5974909,2745.627485,0,17161958.05,99465.4,19774,6457,172.54199,867.9052316,2657.884165,0,176.24625,-0.027293161,0.015514408
J0476,"Injection, baclofen, 50 mcg for intrathecal trial",Baclofen (J0476)*,Baclofen*,38533.66,748,87,60,51.51558824,442.9156322,642.2276667,0,7109.33,188,69,44,37.81558511,103.0337681,161.5756818,1,4517.12,141,62,40,32.03631206,72.85677419,112.928,1,2915.32,62,47,27,47.02129032,62.02808511,107.9748148,1,3484.29,81,51,36,43.01592593,68.31941177,96.78583333,0,47.8325,-0.085181933,-0.044077568
J0480,"Injection, basiliximab, 20 mg",Simulect,Basiliximab,1271345.29,375,352,244,3390.254107,3611.776392,5210.431516,0,1791467.83,510,490,228,3512.68202,3656.056796,7857.315044,0,2208027.72,553,546,229,3992.816854,4044.006813,9642.042445,0,2033680.63,478,471,230,4254.561987,4317.79327,8842.089696,0,1778495.75,399,396,207,4457.382832,4491.150884,8591.766908,0,4533.3145,0.047671381,0.070808775
J0485,"Injection, belatacept, 1 mg",Nulojix,Belatacept,62801186.03,20074996.5,38347,4548,3.128328617,1637.707931,13808.52815,0,74281398.69,23514413.6,45217,5174,3.158973043,1642.775918,14356.6677,0,93760191.11,25458631,48855,5569,3.68284497,1919.152412,16836.09106,0,107204978.3,28826521.5,53902,6030,3.718970334,1988.886837,17778.60337,0,122265211.3,32278003.6,60375,6789,3.787880217,2025.096667,18009.31084,0,3.85675,0.018529291,0.04898908
J0490,"Injection, belimumab, 10 mg",Benlysta,Belimumab,93003577.16,2202704.6,26867,3249,42.22244651,3461.628658,28625.29306,0,102382337.1,2326672.2,28528,3406,44.00376517,3588.836831,30059.40608,0,112789685.9,2363944.8,29272,3607,47.71248716,3853.159535,31269.66618,0,117883241.7,2378024.2,29708,3631,49.57192687,3968.06388,32465.7785,0,125525138.6,2399467.8,30420,3685,52.31374167,4126.401664,34063.80967,0,53.5945,0.055309829,0.055037988
J0491,"Injection, anifrolumab-fnia, 1 mg",Saphnelo,Anifrolumab-Fnia,,,,,,,,,,,,,,,,,15474475.83,983503,3408,775,15.73404029,4540.632579,19967.06559,0,39863662.59,2497996,8494,1372,15.95825718,4693.155473,29055.14766,0,64586679.79,3852691,12979,1877,16.76404357,4976.244687,34409.52573,0,17.23425,0.050493383,0.03221285
J0500,"Injection, dicyclomine hcl, up to 20 mg",Bentyl*,Dicyclomine HCL*,17429.35,432,399,195,40.34571759,43.68258145,89.38128205,0,10043.71,314,285,155,31.98633758,35.24108772,64.79812903,0,11331.96,428,271,153,26.47654206,41.81535055,74.06509804,0,15548.76,668,387,157,23.27658683,40.17767442,99.0366879,0,7394.1,343,219,140,21.55714286,33.7630137,52.815,0,21.539,-0.073870107,-0.145034798
J0515,"Injection, benztropine mesylate, per 1 mg",Benztropine Mesylate*,Benztropine Mesylate*,3153.88,186,105,15,16.95634409,30.03695238,210.2586667,0,3959.94,223,127,15,17.75757848,31.18062992,263.996,0,3821.5,220,125,17,17.37045455,30.572,224.7941177,0,1834.35,108,64,12,16.98472222,28.66171875,152.8625,0,898.52,52,38,,17.27923077,23.64526316,,0,16.434,0.017339615,0.004726937
J0517,"Injection, benralizumab, 1 mg",Fasenra*,Benralizumab*,180879417.3,1069656,36507,7670,169.1005495,4954.650268,23582.71412,0,197482083.7,1214610.9,41352,8456,162.5887629,4775.635609,23354.07801,0,216900354.3,1321482,45146,9158,164.1341723,4804.420198,23684.24921,0,231829728.8,1404656,48080,9599,165.043775,4821.749767,24151.44586,0,241276553.6,1477095,50136,9899,163.3453188,4812.441233,24373.83106,0,167.56675,-0.010290944,-0.008619394
J0558,"Injection, penicillin g benzathine and penicillin g procaine, 100,000 units",Bicillin C-R,Pen G Benz/Pen G Procaine,65854.01,6312,547,401,10.4331448,120.3912431,164.2244638,0,49969.34,4529,378,286,11.03319497,132.1940212,174.717972,0,53529.2,4531,383,276,11.8139925,139.7629243,193.9463768,0,64313.88,4574,342,264,14.06075208,188.0522807,243.6131818,0,12614.76,759,92,66,16.62023715,137.1169565,191.1327273,0,18.498,0.182030454,0.123454519
J0561,"Injection, penicillin g benzathine, 100,000 units",Bicillin L-A,Penicillin G Benzathine,2007910.71,157901.8,9547,6224,12.71619899,210.318499,322.6077619,0,2105222.62,160941.4,9190,5751,13.08067794,229.077543,366.0620101,0,2434151.41,162312.2,9275,5974,14.99672489,262.4422005,407.4575511,0,2498017.06,137163,7621,5040,18.21203284,327.7807453,495.6383056,0,2292753.76,105289.1,5658,3543,21.77579408,405.2233581,647.1221451,0,23.017,0.195681683,0.143942437
J0565,"Injection, bezlotoxumab, 10 mg",Zinplava,Bezlotoxumab,2702789.34,70901.5,760,743,38.12034075,3556.301763,3637.670713,0,3692045.72,102052.4,1078,1064,36.17794114,3424.903265,3469.967782,0,6480135.65,166001,1765,1726,39.03672659,3671.464958,3754.423899,0,6788169.76,173341,1795,1761,39.16078573,3781.710173,3854.724452,0,7122966.4,182494.8,1862,1833,39.031065,3825.438453,3885.960938,0,39.8695,-0.003312516,0.005919916
J0577,"Injection, buprenorphine extended-release (brixadi), less than or equal to 7 days of therapy",Brixadi (J0577),Buprenorphine,,,,,,,,,,,,,,,,,,,,,,,,,,,,,,,,,19431.53,67,36,14,290.0228358,539.7647222,1387.966429,1,420.071,,
J0578,"Injection, buprenorphine extended release (brixadi), greater than 7 days and up to 28 days of therapy",Brixadi (J0578),Buprenorphine,,,,,,,,,,,,,,,,,,,,,,,,,,,,,,,,,120202.02,98,98,42,1226.551225,1226.551225,2861.952857,1,1680.284,,
J0583,"Injection, bivalirudin, 1 mg",Angiomax*,Bivalirudin*,17429.95,28642,117,84,0.608545144,148.9739316,207.4994048,0,14093.93,32324,128,87,0.436020604,110.1088281,161.9991954,0,10756.88,28779,115,73,0.373775322,93.53808696,147.3545206,0,3810.08,17550,67,48,0.217098576,56.86686567,79.37666667,0,780.93,3650,16,15,0.213953425,48.808125,52.062,1,0.20725,-0.014487202,-0.229971835
J0584,"Injection, burosumab-twza 1 mg",Crysvita,Burosumab-Twza,11867168.05,38408,568,71,308.9764645,20892.9015,167143.212,0,14295748.78,45850,671,71,311.7938665,21305.13976,201348.5744,1,20535355.8,54430,791,79,377.2800992,25961.25891,259941.2127,0,22460838.13,55216,789,85,406.7813339,28467.47545,264245.1545,0,24173202.25,54048,801,81,447.2543341,30178.77934,298434.5957,0,456.4205,0.099495717,0.096875383
J0585,"Injection, onabotulinumtoxina, 1 unit",Botox*,Onabotulinumtoxina*,330751076.9,56975008.6,306674,135255,5.805195734,1078.51033,2445.388909,0,366441060.7,63269009.7,340694,143146,5.79179384,1075.572392,2559.911284,0,414805768.4,68256126.8,363985,150713,6.077194646,1139.623249,2752.289241,0,444518571.3,71757807.9,379600,156945,6.194706671,1171.018365,2832.320694,0,478583956.3,76938583.4,403331,165103,6.22033751,1186.578657,2898.699335,0,6.35675,0.004137539,0.017417657
J0586,"Injection, abobotulinumtoxina, 5 units",Dysport,Abobotulinumtoxina,9170607.42,1147049.4,6963,3001,7.994954202,1317.048315,3055.850523,0,9797354.57,1244365.2,7412,3006,7.873375573,1321.823337,3259.266324,0,11079936.26,1374472.5,8030,3293,8.061228042,1379.817716,3364.693671,0,12370683.52,1535448.5,8748,3535,8.056723179,1414.115629,3499.486144,0,14159678.62,1708480,9664,3906,8.287880818,1465.198533,3625.109734,0,8.70725,0.028691272,0.009036507
J0587,"Injection, rimabotulinumtoxinb, 100 units",Myobloc,Rimabotulinumtoxinb,7358589.32,659680.5,8569,4020,11.15477768,858.7453985,1830.494856,0,7593699.25,673832,9021,3945,11.26942509,841.7802073,1924.892079,0,7514865.07,628225.5,8862,3799,11.96205036,847.9874825,1978.116628,0,7453598.25,598000.2,8818,3727,12.46420695,845.2708381,1999.892206,0,7611543.9,599382,8670,3611,12.69898646,877.9174048,2107.877015,0,13.02825,0.018836297,0.032944613
J0588,"Injection, incobotulinumtoxin a, 1 unit",Xeomin,Incobotulinumtoxina,17986978.44,3769392.1,19971,8726,4.77185126,900.6548716,2061.308554,0,19592905.3,4108788.3,21065,8992,4.768536091,930.1165583,2178.926301,0,21780968.3,4390702.8,22784,9578,4.960702032,955.9764879,2274.062257,0,25678441.46,5067665.3,26406,10898,5.067114724,972.4472264,2356.252657,0,28640184.71,5603730.6,29626,12164,5.110913917,966.7246577,2354.50384,0,5.23175,0.008643813,0.017309071
J0592,"Injection, buprenorphine hydrochloride, 0.1 mg",Buprenex*,Buprenorphine HCL*,3314.75,720,370,222,4.603819444,8.958783784,14.93130631,0,2098.29,483,271,157,4.344285714,7.742767528,13.36490446,0,954.59,237,209,146,4.027805907,4.567416268,6.538287671,0,863.2,217,194,160,3.977880184,4.449484536,5.395,0,273.68,71,49,37,3.854647887,5.585306122,7.396756757,0,3.96975,-0.030979389,-0.043430328
J0594,"Injection, busulfan, 1 mg",Busulfan*,Busulfan*,101338.01,27547,167,80,3.678731259,606.8144311,1266.725125,0,65247.48,33363,221,93,1.955683841,295.2374661,701.5858065,0,54334.45,32270,199,87,1.683744964,273.0374372,624.5339081,0,66007.83,49859,325,118,1.32388997,203.1010154,559.3883898,0,55906,48939,309,113,1.142360898,180.9255663,494.7433628,0,1.17025,-0.137117945,-0.253506008
J0595,"Injection, butorphanol tartrate, 1 mg",Butorphanol Tartrate,Butorphanol Tartrate,12227.07,4574,2585,724,2.673167906,4.730007737,16.88821823,0,11369.74,3853,2096,520,2.950879834,5.424494275,21.86488462,0,6647.47,2298,1284,347,2.892719756,5.177157321,19.15697406,0,2220.12,652,356,152,3.405092025,6.236292135,14.60605263,0,1500.29,443,258,103,3.386659142,5.815077519,14.56592233,0,3.56325,-0.005413329,0.06092898
J0596,"Injection, c1 esterase inhibitor (recombinant), ruconest, 10 units",Ruconest,"C1 Esterase Inhibitor, Recomb",933036.04,33415,145,,27.92267066,6434.73131,,0,19607.14,767,74,12,25.56341591,264.9613514,1633.928333,1,66515.03,2350,90,11,28.30426809,739.0558889,6046.820909,1,262371.55,8481,100,,30.93639311,2623.7155,,0,45452.64,1439,82,18,31.58626824,554.3004878,2525.146667,1,34.10225,0.021006816,0.031300768
J0597,"Injection, c-1 esterase inhibitor (human), berinert, 10 units",Berinert,C1 Esterase Inhibitor,1460967.66,31298,200,50,46.67926577,7304.8383,29219.3532,0,1404323.47,30039,137,65,46.75000732,10250.53628,21604.97646,0,1081418.38,19726,122,71,54.82198013,8864.085082,15231.24479,0,1342420.34,21767,140,53,61.67227179,9588.716714,25328.68566,0,1757783.55,26945,177,64,65.23598256,9930.980509,27465.36797,0,66.2285,0.057784652,0.087278494
J0598,"Injection, c-1 esterase inhibitor (human), cinryze, 10 units",Cinryze,C1 Esterase Inhibitor,1171758.99,25101,57,,46.68176527,20557.17526,,0,1154542.09,25890,103,,44.59413248,11209.14651,,0,1293919.51,24700,157,,52.38540526,8241.525541,,1,1353393.23,22650,152,,59.75246049,8903.902829,,0,1302397.56,20900,136,,62.31567273,9576.452647,,0,63.40325,0.042897183,0.074886242
J0612,"Injection, calcium gluconate, not otherwise specified, 10 mg",Calcium Gluconate*,Calcium Gluconate*,,,,,,,,,,,,,,,,,,,,,,,,,18422.66,363729.5,5561,1570,0.050649342,3.312832224,11.73417834,0,201493.24,4711617,25471,11987,0.042765199,7.91069216,16.80931342,0,0.04325,-0.155661313,-0.155661313
J0613,"Injection, calcium gluconate (wg critical care), not therapeutically equivalent to j0612, 10 mg",Calcium Gluconate-NaCl,"Calcium Gluc In NaCl, Iso-Osm",,,,,,,,,,,,,,,,,,,,,,,,,666.51,4167,219,59,0.159949604,3.043424658,11.29677966,0,293334.32,3407826,15459,9830,0.086076672,18.97498674,29.84072431,0,0.0875,-0.461851298,-0.461851298
J0630,"Injection, calcitonin salmon, up to 400 units",Calcitonin-Salmon*,"Calcitonin,salmon,synthetic*",1998752.07,95499,128,27,20.92956021,15615.25055,74027.85444,0,2258904.52,95534,204,61,23.64503235,11073.06137,37031.22164,0,2106689.16,92664,189,65,22.73470992,11146.50349,32410.60246,0,1980209.51,88093,247,66,22.47862498,8017.042551,30003.17439,0,1389237.7,63988,144,58,21.71090986,9647.484028,23952.37414,0,1104.06575,-0.034153117,0.009205202
J0637,"Injection, caspofungin acetate, 5 mg",Cancidas*,Caspofungin Acetate*,23479.6,3459,253,23,6.787973403,92.80474308,1020.852174,0,54746.94,7653,485,44,7.153657389,112.8802887,1244.248636,0,29171.64,4549,236,23,6.412758848,123.6086441,1268.332174,0,45044.31,5948,438,31,7.573017821,102.8408904,1453.042258,1,14909.3,2350,239,21,6.344382979,62.38200837,709.9666667,0,6.27275,-0.162238472,-0.016753714
J0638,"Injection, canakinumab, 1 mg",Ilaris,Canakinumab/PF,2385523.1,25219,175,31,94.59229549,13631.56057,76952.35807,0,4056681.49,40674,246,38,99.7364776,16490.57516,106754.7761,0,7130945.89,66513,370,71,107.2113104,19272.82673,100435.8576,0,12350189.22,110135,555,95,112.136825,22252.59319,130001.9918,0,21390123.81,182651,902,225,117.109262,23714.10622,95067.21693,0,125.79125,0.044342588,0.054833393
J0640,"Injection, leucovorin calcium, per 50 mg",Leucovorin Calcium,Leucovorin Calcium,4544709.66,1477906.5,110355,15106,3.075099582,41.18263477,300.8546048,0,4782978.34,1445219.3,108591,14806,3.309517345,44.04580803,323.0432487,0,5544960.01,1349852.4,103738,14145,4.107826908,53.45158004,392.0084843,0,5172318,1307578.9,101043,13999,3.955645048,51.18927585,369.477677,0,5825821.65,1309684.6,99936,13722,4.448263078,58.29552564,424.5606799,0,4.52575,0.124535449,0.096687315
J0641,"Injection, levoleucovorin, not otherwise specified, 0.5 mg",Fusilev*,Levoleucovorin Calcium*,1435726.02,7846763,11803,1673,0.182970484,121.640771,858.1745487,0,423811.57,4235384,6499,986,0.100064497,65.21181259,429.8291785,0,553196.75,4196112,6155,850,0.131835554,89.87761982,650.8197059,0,1062511.1,2284162,3223,522,0.465164511,329.6652498,2035.461877,0,118806.46,1314410,1837,287,0.090387672,64.67417529,413.9597909,0,0.08625,-0.805686655,-0.161637119
J0642,"Injection, levoleucovorin (khapzory), 0.5 mg",Khapzory,Levoleucovorin,2125121.68,1087175,1631,217,1.954719047,1302.956272,9793.187465,0,1827628.59,1036792,1563,184,1.762772658,1169.308119,9932.764076,0,1136988.94,772357,1089,151,1.472102849,1044.066979,7529.72808,0,1105730.74,816497,1072,138,1.354237358,1031.465243,8012.541594,0,1018757.22,657910,786,110,1.54847505,1296.128779,9261.429273,0,1.5785,0.143429577,-0.056580243
J0665,"Injection, bupivicaine, not otherwise specified, 0.5 mg",Bupivacaine HCL*,Bupivacaine HCL*,,,,,,,,,,,,,,,,,,,,,,,,,8278.98,459592.1,19605,14807,0.018013756,0.422289212,0.559126089,0,325103.47,26040268.7,314624,212073,0.012484643,1.033307917,1.532979069,0,0.01275,-0.306938355,-0.306938355
J0670,"Injection, mepivacaine hydrochloride, per 10 ml",Polocaine*,Mepivacaine HCL*,16937.44,6319.5,2622,1572,2.680186724,6.459740656,10.77445293,0,17491.8,5908,2549,1615,2.96069736,6.862220479,10.83083591,0,19671.48,6557,2446,1498,3.000073204,8.042305805,13.13182911,0,18813.49,6540,2004,1196,2.876680428,9.387969062,15.73034281,0,14754,4439,1329,881,3.323721559,11.10158014,16.74687855,0,3.429,0.155401735,0.055273168
J0687,"Injection, cefazolin sodium (wg critical care), not therapeutically equivalent to j0690, 500 mg",Cefazolin Sodium (J0687),Cefazolin Sodium,,,,,,,,,,,,,,,,,,,,,,,,,,,,,,,,,6391.96,6169,1550,1508,1.036142,4.123845161,4.238700265,0,1.0585,,
J0688,"Injection, cefazolin sodium (hikma), not therapeutically equivalent to j0690, 500 mg",Cefazolin Sodium (J0688),Cefazolin Sodium,,,,,,,,,,,,,,,,,,,,,,,,,,,,,,,,,621.85,588,76,64,1.057568027,8.182236842,9.71640625,0,1.04275,,
J0689,"Injection, cefazolin sodium (baxter), not therapeutically equivalent to j0690, 500 mg",Cefazolin Sodium-Dextrose,"Cefazolin Sodium/Dextrose,Iso",,,,,,,,,,,,,,,,,,,,,,,,,160.65,147,52,45,1.092857143,3.089423077,3.57,0,35638.35,29183,7083,6795,1.221202412,5.031533249,5.244790287,0,1.25025,0.117440116,0.117440116
J0690,"Injection, cefazolin sodium, 500 mg",Cefazolin Sodium (J0690)*,Cefazolin Sodium*,155340.71,175880.3,29187,18365,0.883218359,5.322256827,8.458519466,0,158292.28,183247,24716,16275,0.863819217,6.404445703,9.726100154,0,129126.11,141679,23039,15943,0.911399078,5.604675116,8.099235401,0,94744.6,118000.4,23554,16174,0.802917617,4.022442048,5.85783356,0,92041.42,110308.2,22550,15372,0.834402338,4.081659424,5.987602134,0,0.8,0.039212891,-0.014113645
J0692,"Injection, cefepime hydrochloride, 500 mg",Cefepime (J0692)*,Cefepime In Iso-Osm Dextrose*,344880.17,188020,22035,2779,1.834273854,15.6514713,124.1022562,0,362712.8,189132,21665,2650,1.917775945,16.74187861,136.8727547,0,352029.52,195248,22348,2727,1.802986561,15.75217111,129.0903997,0,205664.57,157385,20599,2469,1.306760937,9.98420166,83.29873228,0,190689.26,145813,19843,2293,1.307765837,9.609900721,83.16147405,0,1.27275,0.000769001,-0.081103805
J0694,"Injection, cefoxitin sodium, 1 gm",Cefoxitin*,Cefoxitin Sodium*,63727.67,9204,1579,838,6.923910256,40.35951235,76.0473389,0,47649.77,8152,1851,716,5.84516315,25.74271745,66.5499581,0,18563.32,3325,1147,582,5.582953384,16.18423714,31.89573883,0,8767.49,1736,924,518,5.050397465,9.488625541,16.92565637,0,17099.82,3668,1255,487,4.661892039,13.62535458,35.11256674,0,4.742,-0.076925713,-0.094157495
J0695,"Injection, ceftolozane 50 mg and tazobactam 25 mg",Zerbaxa,Ceftolozane/Tazobactam,693355.16,122922,1038,223,5.640610794,667.9722158,3109.215964,0,8379.7,1292,34,25,6.485835913,246.4617647,335.188,0,401269.8,63309,833,108,6.338274179,481.7164466,3715.461111,0,213774.15,29415.5,514,121,7.26739814,415.9030156,1766.728512,0,279921.55,36540,499,126,7.660688287,560.9650301,2221.599603,0,7.7825,0.05411705,0.079531736
J0696,"Injection, ceftriaxone sodium, per 250 mg",Ceftriaxone*,Ceftriaxone In Is-Osm Dextrose*,1487511.69,2558712.9,624122,390523,0.581351542,2.383366858,3.809024539,0,1304779.61,2404745.2,575680,362193,0.542585389,2.266501546,3.602442924,0,1212129.76,2402882.9,592301,380554,0.504448119,2.046475964,3.185171513,0,1249318.43,2410783.4,602935,386775,0.518220936,2.072061549,3.230090957,0,1074671.75,2306924.4,576627,370329,0.465846107,1.863720828,2.901937872,0,0.46125,-0.101066603,-0.053869789
J0697,"Injection, sterile cefuroxime sodium, per 750 mg",Cefuroxime Sodium*,Cefuroxime Sodium*,9331,4378,4344,1015,2.131338511,2.148020258,9.193103448,0,8193.79,4096,4044,802,2.000437012,2.026159743,10.21669576,0,6583.44,3255,3212,830,2.022562212,2.049638854,7.931855422,0,746.54,361,325,209,2.067977839,2.297046154,3.571961723,0,481.91,256,243,175,1.882460938,1.983168724,2.753771429,0,1.91775,-0.089709328,-0.030565692
J0699,"Injection, cefiderocol, 10 mg",Fetroja,Cefiderocol Sulfate Tosylate,,,,,,,,,30638.55,15316,26,,2.000427657,1178.405769,,0,182277.3,91636,112,30,1.989145096,1627.475893,6075.91,0,76801.5,35985,108,28,2.134264277,711.125,2742.910714,0,43497.75,20455,27,24,2.126509411,1611.027778,1812.40625,0,2.22425,-0.003633508,0.020582584
J0701,"Injection, cefepime hydrochloride (baxter), not therapeutically equivalent to maxipime, 500 mg",Cefepime (J0701),Cefepime In Iso-Osm Dextrose,,,,,,,,,,,,,,,,,,,,,,,,,,,,,,,,,35029.15,6224,944,700,5.6280768,37.10715042,50.04164286,0,5.731,,
J0702,"Injection, betamethasone acetate 3 mg and betamethasone sodium phosphate 3 mg",Betamethasone Sod Phos-Acetate*,"Betamethasone Acetate,sod Phos*",15655677.81,2232006.1,874915,585713,7.014173398,17.89394148,26.72926469,0,15538436.63,2229328.8,876832,594874,6.970006681,17.72111035,26.12055096,0,16367836.59,2464298,962694,652110,6.641987532,17.00211759,25.09980922,0,14641730.14,2233488.5,901698,609489,6.555543107,16.23795344,24.02296045,0,14847541.69,2133185.2,868639,586560,6.960268471,17.09287942,25.31291205,0,7.094,0.061737885,-0.001926848
J0703,"Injection, cefepime hydrochloride (b braun), not therapeutically equivalent to maxipime, 500 mg",Cefepime-Dextrose,Cefepime HCL In Dextrose 5 %,,,,,,,,,,,,,,,,,,,,,,,,,524.14,118,23,,4.441864407,22.78869565,,1,53383.8,10704,2249,1665,4.987275785,23.73668297,32.06234234,0,5.0815,0.12278884,0.12278884
J0712,"Injection, ceftaroline fosamil, 10 mg",Teflaro,Ceftaroline Fosamil Acetate,526180.1,175814,846,356,2.992822528,621.9622931,1478.033989,0,474879.81,149149,676,250,3.18392889,702.484926,1899.51924,0,369311.03,103007,568,183,3.585300319,650.1954754,2018.09306,0,332768.91,88839,560,118,3.745752541,594.2301964,2820.075509,0,230929.75,60294,592,115,3.830061864,390.0840372,2008.084783,0,3.91375,0.02250798,0.063607047
J0713,"Injection, ceftazidime, per 500 mg",Ceftazidime*,Ceftazidime*,106790.5,53344.6,7583,2913,2.001898974,14.08288276,36.65997254,0,76896.41,38357.6,6344,2773,2.004724227,12.1211239,27.7304039,0,67916.61,32772.2,5774,2506,2.072384826,11.76248874,27.10160016,0,57629.87,30395,5750,2783,1.896031255,10.02258609,20.70782249,0,60414.37,36469.2,6618,2682,1.656586106,9.128795709,22.52586503,0,1.6575,-0.126287554,-0.046231523
J0714,"Injection, ceftazidime and avibactam, 0.5 g/0.125 g",Avycaz,Ceftazidime/Avibactam,745399.98,9015,484,167,82.68441265,1540.082603,4463.472934,0,1393971.14,16029,685,257,86.96557115,2034.994365,5424.012218,0,498950.36,5587,533,136,89.30559513,936.1169981,3668.752647,0,255003.56,2837,329,80,89.88493479,775.0868085,3187.5445,0,303195.32,3138,351,87,96.62056087,863.8043305,3485.003678,0,97.91675,0.074936096,0.039708219
J0717,"Injection, certolizumab pegol, 1 mg (code may be used for medicare when drug administered under the direct supervision of a physician, not for use when drug is self administered)",Cimzia*,Certolizumab Pegol*,508507631.6,64017717,164305,19566,7.943232833,3094.90053,25989.35048,0,500152674.7,70782510,181136,21410,7.066048868,2761.199732,23360.7041,0,431810727.5,76474679,195435,22825,5.646453612,2209.485136,18918.32322,0,401173239,81652709,208476,24332,4.913165085,1924.313777,16487.47489,0,397650916.3,87353129,222693,25557,4.552222924,1785.646232,15559.3738,0,4.637,-0.073464285,-0.129925267
J0725,"Injection, chorionic gonadotropin, per 1,000 usp units",Chorionic Gonadotropin*,"Chorionic Gonadotropin, Human*",398282.75,18520.7,5790,357,21.50473524,68.78803972,1115.637955,0,504301.41,22169,5216,327,22.74804502,96.68355253,1542.206147,0,416523.5,17932,4672,302,23.22794446,89.1531464,1379.216887,0,327448.16,14899.5,5933,272,21.97712407,55.19099275,1203.853529,0,336979.5,15795,6848,241,21.3345679,49.20845502,1398.255187,0,21.86675,-0.0292375,-0.001984152
J0735,"Injection, clonidine hydrochloride, 1 mg",Clonidine HCL*,Clonidine HCL/PF*,196727.91,11498.5,3927,2000,17.10900639,50.09623377,98.363955,0,237097.31,10220.5,3116,1634,23.19821046,76.0902792,145.1023929,0,214509.61,9069.2,2800,1322,23.65253936,76.610575,162.2614297,0,145885.15,7482,2517,1228,19.49814889,57.95993246,118.7989821,0,105209.02,6345,2086,984,16.58140583,50.43577181,106.9197358,0,18.0065,-0.149590768,-0.007800189
J0736,"Injection, clindamycin phosphate, 300 mg",Cleocin Phosphate*,Clindamycin Phosphate*,,,,,,,,,,,,,,,,,,,,,,,,,980.7,474,272,241,2.068987342,3.605514706,4.069294606,0,68957.8,30710,12338,11748,2.245450993,5.589058194,5.869748042,0,2.2565,0.085289865,0.085289865
J0737,"Injection, clindamycin phosphate (baxter), not therapeutically equivalent to j0736, 300 mg",Clindamycin Phosphate-D5W*,Clindamycin Phosphate/D5W*,,,,,,,,,,,,,,,,,,,,,,,,,68.67,25,12,12,2.7468,5.7225,5.7225,1,25379.48,10414,3991,3893,2.437053966,6.359178151,6.519260211,0,2.50925,-0.11276614,-0.11276614
J0740,"Injection, cidofovir, 375 mg",Cidofovir,Cidofovir,945544.52,1840,1524,310,513.8828913,620.4360368,3050.143613,0,936728.97,1961,1643,359,477.67923,570.1332745,2609.272897,0,1028276.33,1860,1607,323,552.8367366,639.8732607,3183.51805,0,800846.19,1408,1168,304,568.7828054,685.6559846,2634.362467,0,792364.48,1504,1244,304,526.8380851,636.9489389,2606.462105,0,551.99625,-0.073744705,0.006243878
J0741,"Injection, cabotegravir and rilpivirine, 2mg/3mg",Cabenuva,Cabotegravir/Rilpivirine,,,,,,,,,245945.02,13384,77,41,18.37604752,3194.091169,5998.659024,1,4591869.39,238379,1167,355,19.26289392,3934.76383,12934.84335,0,9546722.4,471691,2059,589,20.2393567,4636.58203,16208.35722,0,14947448.07,710518,2732,717,21.03739535,5471.247463,20847.20791,0,22.75975,0.039430041,0.046116265
J0742,"Injection, imipenem 4 mg, cilastatin 4 mg and relebactam 2 mg",Recarbrio,Imipenem/Cilastatin/Relebactam,50506.76,35750,14,,1.412776504,3607.625714,,0,35885.78,15763,18,14,2.276583138,1993.654444,2563.27,0,,,,,,,,,,,,,,,,,1916.08,784,331,,2.443979592,5.788761329,,0,2.484,,0.146848439
J0743,"Injection, cilastatin sodium; imipenem, per 250 mg",Imipenem-Cilastatin Sodium*,Imipenem/Cilastatin Sodium*,83082.76,13814,1080,95,6.014388302,76.92848148,874.5553684,0,98994.34,13497,1032,107,7.334543973,95.92474806,925.1807477,0,74145.52,9668,1036,71,7.669168391,71.56903475,1044.303099,0,69803.3,9347,1297,67,7.467989729,53.81904395,1041.840299,0,90193.27,12290,1869,82,7.338752644,48.25750134,1099.917927,0,7.38325,-0.017305472,0.051012053
J0744,"Injection, ciprofloxacin for intravenous infusion, 200 mg",Cipro I.V.*,Ciprofloxacin In 5 % Dextrose*,3546.38,1299,541,351,2.730084681,6.555231054,10.10364672,1,1618.06,1151,503,324,1.405786273,3.216819086,4.994012346,0,2265.1,1793,778,482,1.263301729,2.911439589,4.699377593,0,2431.41,1418,699,600,1.714675599,3.478412017,4.05235,0,2995.93,1360,638,525,2.202889706,4.695815047,5.706533333,0,1.87375,0.284726806,-0.052227379
J0775,"Injection, collagenase, clostridium histolyticum, 0.01 mg",Xiaflex,Collagenase Clostridium Hist.,55724585.61,1137066.4,11949,7022,49.00732764,4663.535493,7935.714271,0,68178745.64,1291639.8,13512,7931,52.78464293,5045.792306,8596.487913,0,70414259.44,1223996,12791,7672,57.52817774,5504.984711,9178.083869,0,75176038.76,1192142,12436,7193,63.05963447,6045.033673,10451.27746,0,80008758.89,1194974.9,12522,6999,66.95434263,6389.45527,11431.45576,0,68.76975,0.061762302,0.081133768
J0780,"Injection, prochlorperazine, up to 10 mg",Prochlorperazine Edisylate,Prochlorperazine Edisylate,24634.22,3415,3369,1569,7.213534407,7.312027308,15.70058636,0,15925.32,3154,3136,1570,5.049245403,5.078227041,10.14351592,0,17241.95,4238,4193,1990,4.068416706,4.112079657,8.664296482,0,11210.5,3834,3794,1946,2.923969744,2.954797048,5.760791367,0,13289.32,3660,3622,1954,3.630961749,3.66905577,6.801084954,0,3.6695,0.241791833,-0.157696915
J0791,"Injection, crizanlizumab-tmca, 5 mg",Adakveo,Crizanlizumab-Tmca,13054000.48,110354,1327,379,118.2920463,9837.227189,34443.27303,0,31071224.12,263273,3274,559,118.0190301,9490.294478,55583.58519,0,31259411.34,258246,3276,563,121.045094,9541.944854,55522.93311,0,29665792.08,242755,3077,503,122.2046594,9641.141398,58977.71785,0,26003300.29,212289,2703,419,122.4900974,9620.162889,62060.38255,0,127.5945,0.002335738,0.00875653
J0802,"Injection, corticotropin (ani), up to 40 units",Cortrophin,Corticotropin,,,,,,,,,,,,,,,,,,,,,,,,,,,,,,,,,482551.69,146,76,29,3305.148562,6349.364342,16639.71345,0,3403.06275,,
J0834,"Injection, cosyntropin, 0.25 mg",Cortrosyn*,Cosyntropin*,127878.36,3145,3134,2957,40.66084579,40.80356094,43.24597903,0,105648.4,3311,3298,3087,31.90830565,32.03408126,34.22364755,0,93732.59,3127,3109,2943,29.97524464,30.14879061,31.84933401,0,83872.86,3120,3105,2899,26.88232692,27.01219324,28.93165229,0,75644.61,3022,3012,2826,25.03130708,25.11441235,26.76737792,0,25.6315,-0.068856385,-0.114218144
J0840,"Injection, crotalidae polyvalent immune fab (ovine), up to 1 gram",Crofab,"Antivenin,crotalidae Fab(Ovin)",1340899.22,443,102,99,3026.860542,13146.07078,13544.43657,0,1129177.66,417,73,68,2707.860096,15468.18712,16605.55382,0,768113.49,300,59,56,2560.3783,13018.87271,13716.31232,0,591923.65,291,50,47,2034.10189,11838.473,12594.12021,0,520323.08,275,52,48,1892.083927,10006.21308,10840.06417,0,1896.571,-0.06981851,-0.110825507
J0841,"Injection, crotalidae immune f(ab')2 (equine), 120 mg",Anavip,"Antivenin,crotalidae (Equine)",181748.68,168,13,13,1081.837381,13980.66769,13980.66769,1,146629.82,128,12,12,1145.545469,12219.15167,12219.15167,1,197484.06,194,17,17,1017.959072,11616.70941,11616.70941,1,326492.24,425,39,38,768.2170353,8371.595897,8591.901053,0,463305.7,454,45,45,1020.497137,10295.68222,10295.68222,0,1013.967,0.328396911,-0.014486786
J0850,"Injection, cytomegalovirus immune globulin intravenous (human), per vial",Cytogam,Cytomegalovirus Immune Globuln,2244516.72,2040,535,146,1100.253294,4195.358355,15373.40219,0,2492364.25,1984,493,113,1256.231981,5055.505578,22056.3208,0,2916412.93,1871,478,107,1558.745553,6101.28228,27256.19561,0,1976521.66,1135,317,84,1741.428775,6235.084101,23530.01976,0,2647072.11,1486,368,97,1781.340586,7193.130734,27289.4032,0,1810.79225,0.022919002,0.128011614
J0872,"Injection, daptomycin (xellia), unrefrigerated, not therapeutically equivalent to j0878 or j0873, 1 mg",Daptomycin (J0872),Daptomycin,,,,,,,,,,,,,,,,,,,,,,,,,,,,,,,,,1049838.26,4725058,5973,475,0.222185264,175.7639813,2210.185811,0,0.183,,
J0873,"Injection, daptomycin (xellia), not therapeutically equivalent to j0878 or j0872, 1 mg",Daptomycin (J0873),Daptomycin,,,,,,,,,,,,,,,,,,,,,,,,,,,,,,,,,28781,719987,1227,114,0.039974333,23.45639772,252.4649123,0,0.03875,,
J0874,"Injection, daptomycin (baxter), not therapeutically equivalent to j0878, 1 mg",Daptomycin-0.9% NaCl,Daptomycin In 0.9 % Sod Chlor,,,,,,,,,,,,,,,,,,,,,,,,,,,,,,,,,702.66,10500,17,,0.06692,41.33294118,,1,0.068333333,,
J0875,"Injection, dalbavancin, 5 mg",Dalvance,Dalbavancin HCL,34199277.57,2448862,9928,5498,13.96537558,3444.729812,6220.312399,0,44071350.95,3073243,12475,6650,14.34034046,3532.773623,6627.27082,0,47053003.15,3216103,13139,7039,14.63044037,3581.170801,6684.614739,0,54207841.22,3675715,14921,7631,14.74756373,3632.989828,7103.635332,0,59483377.75,3921629,15829,7974,15.16802781,3757.873381,7459.666134,0,15.454,0.028510749,0.020866903
J0877,"Injection, daptomycin (hospira), not therapeutically equivalent to j0878, 1 mg",Daptomycin (J0877),Daptomycin,,,,,,,,,,,,,,,,,,,,,,,,,107.03,1560,12,,0.068608974,8.919166667,,1,178839,3010376,2507,412,0.059407529,71.33585959,434.0752427,0,0.0605,-0.134114309,-0.134114309
J0878,"Injection, daptomycin, 1 mg",Cubicin*,Daptomycin*,22794552.25,123900748,116118,11351,0.183974291,196.3050711,2008.153665,0,4715715.55,51551824.1,65986,4630,0.091475241,71.46539493,1018.513078,0,2492713.68,46063969,63231,4306,0.054114175,39.42233525,578.893098,0,2291986.43,44333999.7,66415,4019,0.051698165,34.51007197,570.2877407,0,1918200.1,36139209.5,54040,3510,0.053078087,35.49593079,546.495755,0,0.049,0.026691893,-0.26710876
J0881,"Injection, darbepoetin alfa, 1 microgram (non-esrd use)",Aranesp (J0881),Darbepoetin Alfa In Polysorbat,211366150.1,61320588.8,248887,44224,3.446903466,849.245441,4779.444421,0,177670287.3,58638081.2,239620,41577,3.029947155,741.4668529,4273.283,0,176342500.6,55921924,229758,40329,3.153369697,767.5140825,4372.597896,0,156967093.2,52909835,219724,38671,2.966690279,714.3830131,4059.038896,0,151811090.1,51898247.3,222033,39338,2.925167958,683.7321033,3859.146121,0,2.9825,-0.013996177,-0.040200716
J0882,"Injection, darbepoetin alfa, 1 microgram (for esrd on dialysis)",Aranesp (J0882),Darbepoetin Alfa In Polysorbat,280540.94,80260,692,344,3.495401695,405.4059827,815.5259884,0,251647.62,80923,658,317,3.109716891,382.4431915,793.8410726,0,238270.52,75143,530,238,3.170894428,449.5670189,1001.136639,0,131789.14,44619,384,171,2.953655169,343.2008854,770.6967252,0,156231.4,53299,406,189,2.931225727,384.8064039,826.621164,0,2.9825,-0.007593792,-0.043052653
J0885,"Injection, epoetin alfa, (for non-esrd use), 1000 units",Epogen (J0885)*,Epoetin Alfa*,95957132.67,10212908.4,276070,37323,9.395671528,347.5826155,2570.991953,0,58454183.1,7275734.5,198623,25914,8.034128115,294.2971514,2255.69897,0,56714689.08,7043069,188941,27024,8.05255338,300.1714243,2098.678548,0,56122990.17,7633606.5,203270,29127,7.352093689,276.1007043,1926.837305,0,54084732.81,6725572.6,183515,25234,8.041654745,294.7155971,2143.327765,0,8.20525,0.093791114,-0.038156533
J0887,"Injection, epoetin beta, 1 microgram, (for esrd on dialysis)",Mircera (J0887),Methoxy Peg-Epoetin Beta,533.32,355,12,,1.502309859,44.44333333,,1,445.22,295,11,,1.509220339,40.47454546,,1,,,,,,,,,5116.23,3169,37,18,1.614461975,138.2764865,284.235,0,3354.08,2643,37,15,1.269042754,90.65081081,223.6053333,0,1.335,-0.213953147,-0.041307822
J0888,"Injection, epoetin beta, 1 microgram, (for non esrd use)",Mircera (J0888),Methoxy Peg-Epoetin Beta,14533.55,9236,165,43,1.573576224,88.08212121,337.9895349,0,23244.98,15294,216,39,1.519875768,107.6156482,596.0251282,0,21395.08,13990,191,59,1.529312366,112.0161257,362.6284746,0,14120.82,8689,130,29,1.62513753,108.6216923,486.9248276,0,61523.36,47679,497,105,1.290365989,123.7894567,585.9367619,0,1.3085,-0.205995822,-0.048395952
J0894,"Injection, decitabine, 1 mg",Dacogen*,Decitabine*,17633293.57,4520639,75906,5139,3.900619707,232.3043445,3431.269424,0,15288868.26,4687265,79663,5144,3.261788753,191.9193134,2972.175012,0,8003233.95,3763158,64750,4073,2.126733438,123.6020687,1964.948183,0,2364632.5,1392367,28323,1443,1.698282493,83.48806624,1638.691961,0,1939191.54,1231641,25106,1330,1.574477904,77.24016331,1458.038752,0,1.599,-0.07289988,-0.202922151
J0895,"Injection, deferoxamine mesylate, 500 mg",Deferoxamine Mesylate*,Deferoxamine Mesylate*,739620.98,91049,6171,324,8.123328977,119.8543154,2282.780803,0,598555.65,73089,4903,267,8.189408119,122.0794718,2241.781461,0,537834.38,64682,4064,228,8.315054884,132.3411368,2358.922719,0,399679.94,47805,3423,192,8.360630478,116.7630558,2081.666354,0,328922.57,42563,3622,174,7.727899114,90.81241579,1890.359598,0,7.824,-0.075679862,-0.012398251
J0896,"Injection, luspatercept-aamt, 0.25 mg",Reblozyl,Luspatercept-Aamt,108401651.5,2801934,7250,1567,38.68815307,14951.95193,69177.82482,0,266191359.4,7305203,18081,2412,36.43859854,14722.15914,110361.2601,0,332954781,8981104.5,21716,2761,37.07281003,15332.23342,120592.0974,0,451098388.4,11855983,28669,4090,38.04816424,15734.70956,110293.0045,0,755278436.8,19108016,46355,6466,39.52678482,16293.35426,116807.6766,0,40.31225,0.038861811,0.005375674
J0897,"Injection, denosumab, 1 mg",Prolia*,Denosumab*,1627019055,88874535.3,1161292,588274,18.30692053,1401.042162,2765.750406,0,1780811015,92793533.6,1241745,629724,19.19111112,1434.119739,2827.92305,0,2003916528,93824328.5,1280103,657400,21.35817608,1565.433819,3048.245404,0,2190209346,94727783.6,1311530,680070,23.12108721,1669.965114,3220.564568,0,2430935308,95427372,1339338,700724,25.47419317,1815.027505,3469.176607,0,26.024,0.101773154,0.086103681
J1000,"Injection, depo-estradiol cypionate, up to 5 mg",Depo-Estradiol,Estradiol Cypionate,234642.26,11488,11442,2140,20.42498781,20.50710191,109.6459159,0,211724.08,9818,9777,1645,21.56488898,21.65532167,128.7076474,1,135887.72,6276,6259,1247,21.65196303,21.71077169,108.9717081,1,104164.42,3974,3969,826,26.21147962,26.24449987,126.107046,0,114145.79,3734,3721,807,30.56930637,30.67610589,141.4445973,1,37.37275,0.16625642,0.106065751
J1010,"Injection, methylprednisolone acetate, 1 mg",Depo-Medrol*,MethylprednIsolone Acetate*,,,,,,,,,,,,,,,,,,,,,,,,,,,,,,,,,10310247.44,80220707.9,1297268,890806,0.128523516,7.947661886,11.574066,0,0.130333333,,
J1071,"Injection, testosterone cypionate, 1 mg",Depo-Testosterone*,Testosterone Cypionate*,2190227.36,76256354.7,421841,47711,0.0287219,5.192068481,45.90612982,0,2089198.52,72073178.4,405102,42251,0.028987185,5.15721601,49.44731533,0,1766687.34,64601848.9,368778,38636,0.027347319,4.79065275,45.72645564,0,1666389.05,58252114.4,337396,35115,0.028606499,4.938970972,47.45519151,0,1269517.98,53785196.6,313953,31841,0.023603483,4.043656152,39.87054364,0,0.025,-0.174890882,-0.047882091
J1100,"Injection, dexamethasone sodium phosphate, 1 mg",Dexamethasone Sodium Phosphate*,Dexamethasone Sodium Phosp/PF*,2050080.09,16487521.7,1972962,887088,0.124341313,1.039087469,2.311022232,0,2447572.98,16556416.9,1985963,921371,0.147832287,1.232436345,2.65644673,0,2032746.16,16842943.5,2043329,993434,0.120688297,0.994820785,2.046181387,0,2061324.28,16755969.6,2038632,1013033,0.123020292,1.011131131,2.034804671,0,1872568.66,16494892.3,1984792,1001353,0.113524152,0.943458388,1.870038498,0,0.11525,-0.077191659,-0.022496762
J1110,"Injection, dihydroergotamine mesylate, per 1 mg",D.H.E.45*,Dihydroergotamine Mesylate*,25130.29,622,526,281,40.4023955,47.77621673,89.43163701,0,27431.88,679,511,238,40.40041237,53.68273973,115.26,1,24027.3,514,399,198,46.74571984,60.21879699,121.35,1,15389.53,343,290,142,44.8674344,53.06734483,108.3769718,0,11235.86,309,261,117,36.36200647,43.04927203,96.03299145,0,43.66236095,-0.189567958,-0.025997255
J1120,"Injection, acetazolamide sodium, up to 500 mg",Acetazolamide Sodium,Acetazolamide Sodium,1133.23,78,19,15,14.52858974,59.64368421,75.54866667,1,471.72,15,12,,31.448,39.31,,1,334.35,17,12,11,19.66764706,27.8625,30.39545455,1,986.3,45,28,26,21.91777778,35.225,37.93461539,1,821.37,30,16,15,27.379,51.335625,54.758,1,25.5095,0.24916861,0.171651709
J1160,"Injection, digoxin, up to 0.5 mg",Digoxin*,Digoxin*,308.92,33,30,29,9.361212121,10.29733333,10.65241379,1,251.22,34,31,29,7.388823529,8.103870968,8.662758621,1,415.66,31,25,24,13.4083871,16.6264,17.31916667,1,235.86,29,22,22,8.133103448,10.72090909,10.72090909,1,301.51,32,25,22,9.4221875,12.0604,13.705,1,10.34025,0.158498421,0.001624443
J1162,"Injection, digoxin immune fab (ovine), per vial",Digifab,Digoxin Immune Fab,427642.7,120,44,42,3563.689167,9719.152273,10181.96905,0,597889.12,163,54,54,3668.031411,11072.02074,11072.02074,0,455688.71,112,40,40,4068.649196,11392.21775,11392.21775,0,379033.43,84,30,30,4512.302738,12634.44767,12634.44767,0,372616.59,79,28,28,4716.665696,13307.73536,13307.73536,0,4805.10675,0.04529017,0.072590188
J1171,"Injection, hydromorphone, 0.1 mg",Dilaudid*,Hydromorphone HCL/PF*,,,,,,,,,,,,,,,,,,,,,,,,,,,,,,,,,98542.92,1242141,2056,932,0.079333119,47.9294358,105.7327468,0,0.085,,
J1190,"Injection, dexrazoxane hydrochloride, per 250 mg",Dexrazoxane*,Dexrazoxane HCL*,960973.87,5253,1110,360,182.9381058,865.7422252,2669.371861,0,929417.37,5180,1190,363,179.4242027,781.023,2560.37843,0,1033196.8,6049,1304,409,170.8045627,792.3288344,2526.153545,0,802709.84,6200,1352,446,129.469329,593.7202959,1799.797848,0,624640.77,6601,1546,471,94.6282033,404.0367206,1326.20121,0,96.81375,-0.269107178,-0.15193507
J1200,"Injection, diphenhydramine hcl, up to 50 mg",Diphenhydramine HCL,Diphenhydramine HCL,421591.63,544736,532936,106274,0.773937522,0.791073656,3.967025143,0,469167.36,524100.5,512681,104798,0.895185866,0.915125312,4.476873223,0,562469.44,504020.5,492710,100574,1.115965402,1.141583163,5.592592917,0,511395.02,482170.7,470268,96672,1.060609904,1.08745443,5.290001448,0,382484.35,463976.5,453180,94224,0.824361471,0.844000949,4.059309199,0,0.82025,-0.222747716,0.015904644
J1201,"Injection, cetirizine hydrochloride, 0.5 mg",Quzyttir,Cetirizine HCL,42271.2,2840,142,31,14.88422535,297.684507,1363.587097,0,135504.08,8290,406,101,16.34548613,333.7538916,1341.624555,0,182774.94,12255,617,191,14.91431579,296.2316694,956.9368586,0,547954.93,36888,1820,574,14.85455785,301.0741374,954.6253136,0,966712.56,65731,3198,852,14.70710259,302.2866041,1134.639155,0,14.96825,-0.009926601,-0.002988377
J1203,"Injection, cipaglucosidase alfa-atga, 5 mg",Pombiliti,Cipaglucosidase Alfa-Atga,,,,,,,,,,,,,,,,,,,,,,,,,,,,,,,,,2693409.18,31200,87,13,86.32721731,30958.72621,207185.3215,0,88.098,,
J1205,"Injection, chlorothiazide sodium, per 500 mg",Chlorothiazide Sodium*,Chlorothiazide Sodium*,23685.96,404,394,173,58.62861386,60.11664975,136.9130636,0,25977.37,434,433,207,59.85569124,59.9939261,125.4945411,0,18247.19,382,382,188,47.76751309,47.76751309,97.05952128,1,14858.64,254,243,123,58.49858268,61.14666667,120.8019512,0,20645.44,348,304,138,59.32597701,67.91263158,149.6046377,0,78.19675,0.014143836,0.002960474
J1212,"Injection, dmso, dimethyl sulfoxide, 50%, 50 ml",Rimso-50,Dimethyl Sulfoxide,3865515.74,7432,7409,1112,520.1178337,521.7324524,3476.183219,1,3916042.2,7135,7114,1009,548.8496426,550.469806,3881.11219,1,3630549.69,6189,6180,877,586.6132962,587.4675874,4139.737389,0,3361203.91,5416,5415,730,620.6063349,620.7209437,4604.388918,0,3687484.1,5622,5614,701,655.9025436,656.8372106,5260.319686,0,695.763,0.056873749,0.059703558
J1230,"Injection, methadone hcl, up to 10 mg",Methadone HCL,Methadone HCL,1251.26,73,73,32,17.14054795,17.14054795,39.101875,0,1424.97,80,80,32,17.812125,17.812125,44.5303125,0,1254.69,75,75,30,16.7292,16.7292,41.823,0,1095.52,66,66,28,16.59878788,16.59878788,39.12571429,0,1568.46,78,78,31,20.10846154,20.10846154,50.59548387,0,20.45325,0.211441563,0.040731108
J1240,"Injection, dimenhydrinate, up to 50 mg",Dimenhydrinate,Dimenhydrinate,10627.36,1965,937,333,5.4083257,11.34189968,31.91399399,0,7250.86,1304,884,334,5.56047546,8.202330317,21.70916168,0,3526.16,523,450,219,6.742179732,7.835911111,16.10118722,0,4843.73,608,527,224,7.966661184,9.19113852,21.62379464,0,3129.47,364,363,145,8.597445055,8.621129477,21.58255172,0,8.64,0.079177946,0.122862668
J1245,"Injection, dipyridamole, per 10 mg",Dipyridamole,Dipyridamole,522480.8,178492.3,38056,37691,2.927189576,13.72926214,13.86221644,0,644743.26,190393.4,39413,39040,3.386374003,16.35864461,16.51494006,0,357179.32,103402.2,21735,21602,3.454271959,16.43337106,16.53454865,0,325647.11,90456.4,18627,18498,3.600044994,17.48253127,17.60444967,0,100410.45,27461,5470,5413,3.656474637,18.35657221,18.54987068,0,3.78725,0.015674705,0.057189714
J1250,"Injection, dobutamine hydrochloride, per 250 mg",Dobutamine HCL*,Dobutamine HCL*,961471.73,164614,18640,7741,5.840765245,51.5811014,124.2051066,0,1239331.49,165933,18075,7430,7.468866892,68.56605754,166.8010081,0,629067.44,98338,11923,5689,6.396992414,52.76083536,110.5761013,0,579362.51,71967,9123,4907,8.050391291,63.50570098,118.0685775,0,768655.06,91188,9409,3870,8.429344431,81.69359762,198.6188786,0,8.6545,0.047072636,0.09605163
J1265,"Injection, dopamine hcl, 40 mg",Dopamine HCL*,Dopamine HCL*,14298.23,22684,439,32,0.630322254,32.57,446.8196875,0,17583.92,24513,451,24,0.717330396,38.98873614,732.6633333,0,18502.46,30594,486,26,0.604774139,38.07090535,711.6330769,0,24740.77,37739,552,34,0.655575664,44.82023551,727.6697059,0,21648.68,28336,434,23,0.763999153,49.88175115,941.2469565,0,0.7735,0.165386689,0.049258653
J1270,"Injection, doxercalciferol, 1 mcg",Doxercalciferol*,Doxercalciferol*,10.67,32,17,,0.3334375,0.627647059,,1,4.69,11,11,,0.426363636,0.426363636,,1,,,,,,,,,8.32,30,24,,0.277333333,0.346666667,,1,10.74,43,40,12,0.249767442,0.2685,0.895,0,0.481,-0.099396243,-0.069684309
J1300,"Injection, eculizumab, 10 mg",Soliris,Eculizumab,610453125.1,3001788,22955,1652,203.3631706,26593.47093,369523.6835,0,642451165.9,3123579,24343,1645,205.6778989,26391.61837,390547.8212,0,616117828.1,2775813,21641,1514,221.9594145,28469.93337,406947.0463,0,416257912.1,1894083,15010,1106,219.7675139,27732.03945,376363.3925,0,337421792,1540767,12215,956,218.9959884,27623.56054,352951.6653,0,225.37275,-0.003510644,0.018687469
J1301,"Injection, edaravone, 1 mg",Radicava,Edaravone,31056033.9,1602705,17375,428,19.37726151,1787.397635,72560.82687,0,25067596.36,1341066,15561,324,18.69229133,1610.924514,77369.12457,0,18578904.05,904967,11115,242,20.52992435,1671.516334,76772.33079,0,5984589.24,284154,4005,74,21.06107688,1494.279461,80872.82757,0,2704989.16,125652,1722,33,21.52762519,1570.841556,81969.36849,0,21.90225,0.022152158,0.02665832
J1302,"Injection, sutimlimab-jome, 10 mg",Enjaymo,Sutimlimab-Jome,,,,,,,,,,,,,,,,,3199085.48,191781,254,64,16.68093023,12594.82472,49985.71063,0,23534879.71,1380755,1826,147,17.04493535,12888.76216,160101.2225,0,33866256.83,1937483,2560,180,17.47951173,13229.00657,188145.8713,0,17.94125,0.025495924,0.02365713
J1303,"Injection, ravulizumab-cwvz, 10 mg",Ultomiris,Ravulizumab-Cwvz,146656849.2,652213.5,2487,427,224.8601864,58969.38045,343458.6632,0,177654131.1,789107,2892,510,225.1331329,61429.5059,348341.4335,0,263257392.4,1196370,4499,916,220.0468019,58514.646,287398.9,0,471519421.9,2178325,8301,1433,216.4596293,56802.7252,329043.5603,0,609346340,2828744,10789,1844,215.4123314,56478.48178,330448.1236,0,221.36925,-0.004838306,-0.010673827
J1304,"Injection, tofersen, 1 mg",Qalsody,Tofersen,,,,,,,,,,,,,,,,,,,,,,,,,,,,,,,,,5842932.61,39207,394,54,149.0277912,14829.7782,108202.4557,0,151.54175,,
J1305,"Injection, evinacumab-dgnb, 5mg",Evkeeza,Evinacumab-Dgnb,,,,,,,,,400315.67,2417,11,,165.6250186,36392.33364,,1,4166458.56,25633,115,21,162.5427597,36230.07444,198402.7886,0,10904081.58,64011,276,33,170.3469963,39507.54196,330426.7146,0,21844436.35,122132,541,63,178.8592371,40377.88604,346737.0849,0,181.81025,0.049970008,0.025955391
J1306,"Injection, inclisiran, 1 mg",Leqvio,Inclisiran Sodium,,,,,,,,,,,,,,,,,28475760.21,2413247,8641,6779,11.79977027,3295.424165,4200.584188,0,143175005,12136487.3,43125,24690,11.79707121,3320.000115,5798.90664,0,296288761.4,24794466.1,87716,48298,11.94979397,3377.818886,6134.596906,0,12.16075,0.012945819,0.006336981
J1322,"Injection, elosulfase alfa, 1 mg",Vimizim,Elosulfase Alfa,2415712.36,10050,124,,240.3693891,19481.55129,,0,2197743.43,9375,123,,234.4259659,17867.83276,,0,2027234.36,8090,120,,250.5852114,16893.61967,,0,2169683.6,8110,101,,267.5318866,21482.01584,,0,2569193.55,9120,110,,281.7098191,23356.305,,0,286.6465,0.0529953,0.04047274
J1323,"Injection, elranatamab-bcmm, 1 mg",Elrexfio,Elranatamab-Bcmm,,,,,,,,,,,,,,,,,,,,,,,,,,,,,,,,,33099870.14,187584,2469,277,176.4535895,13406.18475,119494.116,0,180.1473333,,
J1325,"Injection, epoprostenol, 0.5 mg",Epoprostenol Sodium*,Epoprostenol Sodium*,17846331.27,1106490,6530,417,16.12877773,2732.975692,42796.95748,0,16766234.73,1026429,6150,390,16.33452945,2726.217029,42990.34546,0,14398158.82,903768,5358,342,15.93125539,2687.226357,42099.87959,0,12209848.01,788782,4880,311,15.47936947,2502.018035,39259.96145,0,9926182.72,630887,4020,259,15.73369355,2469.199682,38325.02981,0,15.986,0.016429873,-0.006180972
J1335,"Injection, ertapenem sodium, 500 mg",Ertapenem*,Ertapenem Sodium*,5021516.78,137749,57392,6359,36.45410696,87.49506517,789.6708256,0,4285460.78,144845,57296,6429,29.58652891,74.79511275,666.5827936,0,2672228.98,138986,59612,6521,19.22660541,44.82703114,409.7882196,0,1863599.95,138069.5,62821,6589,13.49754979,29.66523854,282.8350205,0,1431850.14,125725.1,59354,6668,11.38873733,24.12390302,214.7345741,0,11.5045,-0.156236686,-0.252377646
J1364,"Injection, erythromycin lactobionate, per 500 mg",Erythrocin Lactobionate*,Erythromycin Lactobionate*,,,,,,,,,49493.48,693,161,146,71.41916306,307.4129193,338.9964384,0,,,,,,,,,8384.85,135,91,83,62.11,92.14120879,101.0222892,1,10306.95,148,94,90,69.64155405,109.6484043,114.5216667,0,73.44725,0.121261537,-0.008366403
J1380,"Injection, estradiol valerate, up to 10 mg",Delestrogen*,Estradiol Valerate*,54453.94,6738.5,3960,696,8.081018031,13.75099495,78.23841954,0,61586.72,5903.5,3617,577,10.4322385,17.02701687,106.7360832,0,49944.57,5187.5,3388,644,9.627868916,14.74160862,77.55368012,0,50117,5050.5,3331,567,9.923175923,15.04563194,88.38977072,0,36341.2,4560,3086,524,7.969561404,11.77615036,69.35343512,0,8.43,-0.196873918,-0.003466079
J1410,"Injection, estrogen conjugated, per 25 mg",Premarin,"Estrogens, Conjugated",29610.66,328,236,110,90.27640244,125.4688983,269.1878182,1,30866.36,315,207,110,97.98844444,149.1128502,280.6032727,1,50419.24,374,219,107,134.8108021,230.2248402,471.2078505,1,27893.51,368,221,103,75.79758152,126.2149774,270.8107767,1,27592.99,372,201,103,74.1747043,137.2785572,267.8931068,1,377.83225,-0.021410673,-0.04792668
J1430,"Injection, ethanolamine oleate, 100 mg",Ethamolin,Ethanolamine Oleate,20040.54,49,19,19,408.9906122,1054.765263,1054.765263,1,39529.13,96,34,31,411.7617708,1162.621471,1275.133226,0,28797.76,67,29,29,429.8173134,993.0262069,993.0262069,1,21041.64,46,20,20,457.4269565,1052.082,1052.082,1,13503.58,38,26,16,355.3573684,519.3684615,843.97375,1,484.76375,-0.223138551,-0.03453175
J1437,"Injection, ferric derisomaltose, 10 mg",Monoferric,Ferric DerIsomaltose,287846.73,11000,110,109,26.16788455,2616.788455,2640.795688,0,13124538.73,510670,5168,4256,25.7006261,2539.577928,3083.773198,0,32393441.07,1391329,13977,10750,23.28237324,2317.624746,3013.343355,0,69618169.85,3355415,33645,26064,20.74800579,2069.198093,2671.047032,0,107960138.7,5446026,54664,41968,19.82365465,1974.976926,2572.439446,0,20.1245,-0.044551324,-0.067059864
J1439,"Injection, ferric carboxymaltose, 1 mg",Injectafer,Ferric Carboxymaltose,149785035.4,149719544,182769,89829,1.000437427,819.5319525,1667.446319,0,161942227.7,159511820,195857,96072,1.015236537,826.8391109,1685.63398,0,155020669.9,140515966,172818,85464,1.103224597,897.0169191,1813.870986,0,147399185.5,133821004,165275,80935,1.101465249,891.8419935,1821.204491,0,131249160.7,119522133,147578,73218,1.098115951,889.3545156,1792.580523,0,1.117,-0.003040766,0.023562974
J1440,"Fecal microbiota, live - jslm, 1 ml",Rebyota,"Fecal Microbiota, Live-Jslm",,,,,,,,,,,,,,,,,,,,,,,,,1750900.27,24398,180,170,71.76409009,9727.223722,10299.41335,1,3820343.82,61608,430,407,62.01051519,8884.520512,9386.594152,0,63.193,-0.135911636,-0.135911636
J1442,"Injection, filgrastim (g-csf), excludes biosimilars, 1 microgram",Neupogen,Filgrastim,21674065.33,26060493,50518,9242,0.831682859,429.0364886,2345.170453,0,16004307.51,18942594,37153,6630,0.844884682,430.7675695,2413.922701,0,14520472.74,15032112,30705,5472,0.965963581,472.9025481,2653.595165,0,12277217.85,12721805,26712,4835,0.965053139,459.614325,2539.238439,0,9906866.85,10169143,21259,4056,0.974208628,466.0081307,2442.521413,0,0.99225,0.009487031,0.040335828
J1447,"Injection, tbo-filgrastim, 1 microgram",Granix,Tbo-Filgrastim,6486718.22,14312207,26151,5777,0.453229765,248.0485725,1122.852384,0,4997448.21,12098403,22082,4955,0.413066767,226.3132058,1008.566743,0,4369261.53,10533301,19814,4263,0.414804583,220.5138554,1024.926467,0,3378907.07,8428300,15882,3488,0.40090019,212.7507285,968.7233572,0,2885527.02,7174925,13183,2992,0.402168248,218.8824259,964.414111,0,0.408,0.003163028,-0.029440111
J1448,"Injection, trilaciclib, 1mg",Cosela,Trilaciclib Dihydrochloride,,,,,,,,,1710572.66,345116,522,105,4.956515085,3276.959119,16291.16819,0,12092253.34,2470269,3954,503,4.895116014,3058.233015,24040.26509,0,17240563.47,3431710,5406,641,5.023898718,3189.153435,26896.35487,0,20349382.58,3930173,6219,797,5.177732018,3272.130983,25532.47501,0,5.28275,0.030620303,0.014661182
J1449,"Injection, eflapegrastim-xnst, 0.1 mg",Rolvedon,Eflapegrastim-Xnst,,,,,,,,,,,,,,,,,,,,,,,,,52360428.2,1633180.5,12563,4246,32.06040496,4167.828401,12331.70707,0,73760786.18,2832599.2,21515,6293,26.03996576,3428.342374,11721.08473,0,26.5855,-0.187784253,-0.187784253
J1450,"Injection fluconazole, 200 mg",Fluconazole In Dextrose*,"Fluconazole In Dextrose,Iso-Os*",5115.61,507,311,91,10.08996055,16.44890675,56.21549451,0,2866.96,623,355,69,4.601861958,8.075943662,41.55014493,0,596.37,204,117,46,2.923382353,5.097179487,12.96456522,0,1275.52,533,224,67,2.393095685,5.694285714,19.03761194,0,923.81,358,202,56,2.58047486,4.573316832,16.49660714,0,2.65725,0.07829991,-0.288864202
J1453,"Injection, fosaprepitant, 1 mg",Emend*,Fosaprepitant Dimeglumine*,51275458.1,44103957,274818,67033,1.162604482,186.5796931,764.9285889,0,13921517.57,45947612,286935,69586,0.302986749,48.51801826,200.0620465,0,2823784.55,16450887,109983,23873,0.17164938,25.67473655,118.283607,0,2419135.95,15650154,104663,22161,0.154575856,23.11357357,109.1618587,0,2206841.15,15622905,104356,21354,0.141256773,21.14723782,103.3455629,0,0.142645023,-0.086165349,-0.409602755
J1454,"Injection, fosnetupitant 235 mg and palonosetron 0.25 mg",Akynzeo (J1454),Fosnetupitant/Palonosetron,12816690.77,32406,32220,7392,395.5036342,397.7868023,1733.859682,0,22765670.93,36715,36655,7823,620.0645766,621.0795507,2910.094712,0,17422484.92,37832,37728,7841,460.5224392,461.7919031,2221.972315,0,15874001.96,36792,36581,7595,431.4525429,433.9411706,2090.059508,0,24417139.81,35940,35688,7454,679.3861939,684.1834737,3275.709661,0,692.2945,0.574648719,0.144831471
J1456,"Injection, fosaprepitant (teva), not therapeutically equivalent to j1453, 1 mg",Fosaprepitant Dimeglumine,Fosaprepitant Dimeglumine,,,,,,,,,,,,,,,,,,,,,,,,,97295.11,171466,1158,557,0.567430919,84.01995682,174.6770377,0,275385.19,211059,1354,533,1.304778237,203.3864033,516.6701501,0,1.6425,1.299448608,1.299448608
J1458,"Injection, galsulfase, 1 mg",Naglazyme,Galsulfase,746055.56,2553,54,,292.2270114,13815.8437,,0,445531.4,1502,32,,296.6254328,13922.85625,,0,,,,,,,,,,,,,,,,,393377.41,850,23,,462.7969529,17103.36565,,1,472.58325,,0.121805419
J1459,"Injection, immune globulin (privigen), intravenous, non-lyophilized (e.g., liquid), 500 mg",Privigen,Immun Glob G(Igg)/Pro/Iga 0-50,334426940.1,9358580,106503,13707,35.73479525,3140.07061,24398.25929,0,311732182.5,8323213,94781,12064,37.45334674,3288.973344,25839.86924,0,339372820.3,7604636,86591,10844,44.62709593,3919.262051,31295.90744,0,377084755.1,8108182,93420,11655,46.50669597,4036.445677,32353.90434,0,440232102.4,9324319,108218,13330,47.2133249,4068.011813,33025.66409,0,48.3495,0.015194133,0.072119813
J1460,"Injection, gamma globulin, intramuscular, 1 cc",Gamastan*,Immune Globul G (Igg)/Glycine*,153766.52,3953.5,1334,170,38.89377008,115.2672564,904.5089412,0,127946.35,3201.5,1062,117,39.96450102,120.4767891,1093.558547,0,108473.25,2484.3,774,88,43.66350682,140.1463178,1232.650568,0,108734.67,2417,730,114,44.98745139,148.9516027,953.8128947,0,74042.61,1527.5,530,70,48.4730671,139.7030377,1057.751571,0,49.9275,0.077479733,0.056586639
J1551,"Injection, immune globulin (cutaquig), 100 mg",Cutaquig,Immun Glob G(Igg)-Hipp/Maltose,,,,,,,,,,,,,,,,,3184641.96,262245,644,121,12.14376617,4945.096211,26319.35504,0,9207274.36,677179,1743,201,13.5965149,5282.429352,45807.33512,0,11816021.47,846573,2119,230,13.95747498,5576.225328,51374.00639,0,14.18,0.026547986,0.072078856
J1554,"Injection, immune globulin (asceniv), 500 mg",Asceniv,"Immune Globulin,gamma(Igg)slra",,,,,,,,,4937131.55,12515,110,19,394.4971275,44883.01409,259849.029,1,16956466.29,37879,483,56,447.6482032,35106.55547,302794.0409,0,42966405.86,89527,1472,166,479.9267915,29189.13442,258833.7702,0,94764370.37,195984,3151,255,483.5311575,30074.37968,371624.9818,0,491.4045,0.007510241,0.070188319
J1555,"Injection, immune globulin (cuvitru), 100 mg",Cuvitru,Immun Glob G(Igg)/Gly/Iga Ov50,73911993.41,5330907,13018,1231,13.86480639,5677.676556,60042.23673,0,81924221.42,5791029,14132,1359,14.14674688,5797.071994,60282.72364,0,91572235.31,6237483,15615,1484,14.6809595,5864.376261,61706.35803,0,104503394.7,6869537,17338,1654,15.21258196,6027.419233,63182.22168,0,119333398,7420792,18943,1860,16.08095173,6299.603967,64157.74083,0,16.36525,0.057082339,0.037766112
J1556,"Injection, immune globulin (bivigam), 500 mg",Bivigam,Immun Glob G(Igg)/Gly/Iga Ov50,6146124.9,88228,1428,228,69.66184091,4304.009034,26956.68816,0,14563312.2,206823,2696,412,70.41437461,5401.822033,35347.84515,0,55454495.55,797154,9757,1391,69.56559906,5683.560065,39866.6395,0,80734620.9,1142577,13841,1696,70.66011385,5833.004906,47602.96044,0,65433016.19,898701,11202,1144,72.80843817,5841.190519,57196.69247,0,74.0675,0.030403635,0.01110601
J1557,"Injection, immune globulin, (gammaplex), intravenous, non-lyophilized (e.g., liquid), 500 mg",Gammaplex*,Immun Glob G(Igg)/Gly/Iga 0-50*,11934877.25,232500,2962,336,51.33280538,4029.330604,35520.46801,0,13358292.04,268827,3379,363,49.69103565,3953.327032,36799.70259,0,10223210.46,205394,2516,276,49.77365678,4063.279197,37040.61761,0,12091947.62,220259,2757,332,54.89876745,4385.907733,36421.52898,0,14995599.87,274563,3483,336,54.61624425,4305.368898,44629.76152,0,55.66325,-0.005146258,0.015621084
J1558,"Injection, immune globulin (xembify), 100 mg",Xembify,"Immune Globulin,gamma(Igg)klhw",7893588.45,505180,1201,284,15.6252988,6572.513281,27794.32553,0,24116608.75,1706474,4067,478,14.13242086,5929.827576,50453.15638,0,26528376.63,1973716,4707,498,13.44082767,5635.941498,53269.83259,0,31475441.22,2342296,5677,602,13.43785808,5544.379288,52284.78608,0,38480232.35,2744301,6827,747,14.02187018,5636.477567,51513.02858,0,14.2525,0.043460208,-0.026705201
J1559,"Injection, immune globulin (hizentra), 100 mg",Hizentra,Immun Glob G(Igg)/Pro/Iga 0-50,201614093.2,19061879,48836,4389,10.57682158,4128.390801,45936.22538,0,222552652.7,19776942,49523,4551,11.25313775,4493.925099,48901.92324,0,270102517.7,22651517,54350,4823,11.92425733,4969.687538,56003.01009,0,294399331.2,23602224,54772,4993,12.47337247,5374.996918,58962.41361,0,317850494.6,24753530,57155,5165,12.84061282,5561.201901,61539.30196,0,13.068,0.029441945,0.049681742
J1561,"Injection, immune globulin, (gamunex-c/gammaked), non-lyophilized (e.g., liquid), 500 mg",Gammaked*,Immune Globul G/Gly/Iga Avg 46*,385887728.8,10442170,116998,14286,36.95474493,3298.242097,27011.60079,0,423591151.1,10102240,113006,13442,41.93041851,3748.395228,31512.50938,0,426696863,9778318.9,110131,13099,43.63703694,3874.448276,32574.76625,0,463001994.6,9660777,109672,13164,47.9259582,4221.697376,35171.83186,0,544950372.4,11284949,128673,15316,48.29001641,4235.157123,35580.46307,0,49.2635,0.007596264,0.069170053
J1566,"Injection, immune globulin, intravenous, lyophilized (e.g., powder), not otherwise specified, 500 mg",Carimune NF Nanofiltered*,Immun Globg(Igg)/Sucr/Iga Ov50*,30458987.96,534807,6817,865,56.95323352,4468.092704,35212.70284,0,31007893.03,542088,6788,797,57.20084752,4568.045526,38905.7629,0,36200928.01,515240,6651,800,70.26032142,5442.930087,45251.16001,0,39784503.68,538368,7117,861,73.89834403,5590.066556,46207.32135,0,44617898.92,569336,7720,978,78.36830785,5779.520586,45621.57354,0,79.76375,0.060488011,0.083067492
J1568,"Injection, immune globulin, (octagam), intravenous, non-lyophilized (e.g., liquid), 500 mg",Octagam,Immun Globg(Igg)/Malt/Iga Ov50,200409972.2,5175555,68245,9371,38.72241183,2936.624986,21386.18847,0,243387335.5,5966475.1,77461,9609,40.79248323,3142.062915,25329.10141,0,248087938.5,6046304,78555,9887,41.03133724,3158.143192,25092.33726,0,199396662.6,4770021,63807,8517,41.80205131,3124.996671,23411.60768,0,229671942.7,5001191,68116,8749,45.92344956,3371.776714,26251.22216,0,47.17325,0.098593206,0.043561446
J1569,"Injection, immune globulin, (gammagard liquid), non-lyophilized, (e.g., liquid), 500 mg",Gammagard Liquid,Immun Glob G(Igg)/Gly/Iga Ov50,389406039.1,10444674,130725,16685,37.28273751,2978.818429,23338.68979,0,504586233.4,12283366,148968,18538,41.07882427,3387.212243,27219.02219,0,631535232.5,14307736,170023,21652,44.13942447,3714.410594,29167.52413,0,740159848,16547904.3,197858,24856,44.7283133,3740.863892,29777.91471,0,765054524.5,17155418,208285,26102,44.59550473,3673.11388,29310.1879,0,45.53475,-0.002969228,0.045793222
J1570,"Injection, ganciclovir sodium, 500 mg",Cytovene*,Ganciclovir Sodium*,199278.16,10547,1609,315,18.89429791,123.8521815,632.6290794,0,571773.8,12117,1900,342,47.18773624,300.933579,1671.853216,0,388116.41,8557,1303,263,45.35659811,297.8637068,1475.727795,0,282950.75,7197,1194,245,39.31509657,236.9771776,1154.90102,0,211120.6,5617,917,186,37.58600677,230.2296619,1135.056989,0,39.35925,-0.043980302,0.187610031
J1571,"Injection, hepatitis b immune globulin (hepagam b), intramuscular, 0.5 ml",Hepagam B,Hepatitis B Immun Glob/Maltose,51127.77,1034,81,28,49.44658607,631.207037,1825.991786,0,72750.38,1290,86,22,56.39564341,845.9346512,3306.835455,0,114392.54,1599,106,21,71.54005003,1079.174906,5447.26381,0,83430.83,1259,78,16,66.26753773,1069.626026,5214.426875,0,20255.48,335,27,12,60.4641194,750.202963,1687.956667,1,62.9555,-0.087575584,0.051575248
J1575,"Injection, immune globulin/hyaluronidase, (hyqvia), 100 mg immuneglobulin",Hyqvia,"Igg/Hyaluronidase,recombinant",63606169.58,4487354,12113,1146,14.17453795,5251.066588,55502.76578,0,63952848.89,4357219,11645,1102,14.67744653,5491.871953,58033.43819,0,66015696.14,4276895,11668,1081,15.43542597,5657.84163,61069.09911,0,69855872.38,4347226,11769,1110,16.0690685,5935.582665,62933.21836,0,78849042.77,4666259,12389,1171,16.89769959,6364.439646,67334.79314,0,17.192,0.05156684,0.044911884
J1576,"Injection, immune globulin (panzyga), intravenous, non-lyophilized (e.g., liquid), 500 mg",Panzyga,Immun Glob G(Igg)-Ifas/Glycine,,,,,,,,,,,,,,,,,,,,,,,,,28038620.68,434522,5202,856,64.52750535,5389.969373,32755.39799,0,60645463.83,924066,10739,1015,65.62893108,5647.217044,59749.22545,0,67.154,0.017069089,0.017069089
J1580,"Injection, garamycin, gentamicin, up to 80 mg",Gentamicin Sulfate*,Gentamicin Sulfate*,242329.58,126267.2,88176,58169,1.919180753,2.74824873,4.165957469,0,225467.16,123752,86174,57031,1.821927403,2.616417481,3.953414108,0,161820.6,84563,58814,39927,1.913609971,2.751395926,4.052911564,0,227543.88,82822.5,57753,38196,2.747367925,3.939949094,5.957269871,0,207626.99,83088.5,57882,37712,2.498865547,3.587073529,5.505594771,0,2.556,-0.090451074,0.068210278
J1596,"Injection, glycopyrrolate, 0.1 mg",Glycopyrrolate*,Glycopyrrolate*,,,,,,,,,,,,,,,,,,,,,,,,,,,,,,,,,485.1,184,95,91,2.636413044,5.10631579,5.330769231,1,0.5195,,
J1602,"Injection, golimumab, 1 mg, for intravenous use",Simponi Aria,Golimumab,359695134.4,18738441.6,104317,22918,19.19557358,3448.096997,15694.87453,0,370063974.8,22187740.8,122918,26875,16.67875869,3010.657306,13769.82232,0,374047498.5,25401797.4,141220,30110,14.72523745,2648.686436,12422.70005,0,364677329,27568776.8,153644,32460,13.22791111,2373.521446,11234.66818,0,329994822.6,28846389.8,161396,33452,11.43972694,2044.62826,9864.726252,0,11.653,-0.135182657,-0.121374828
J1610,"Injection, glucagon hydrochloride, per 1 mg",Glucagen*,Glucagon*,8481070.92,44708,40016,37523,189.6991796,211.9419962,226.0232636,0,8005094.84,46791,42045,39386,171.0819354,190.3935032,203.2472158,0,7391309.04,44643,40293,37602,165.5647927,183.4390351,196.5669124,0,5792254.62,31597,28595,26881,183.3166003,202.5617982,215.4776467,0,4763004.1,25494,22838,21431,186.8284341,208.5560951,222.2483365,0,190.41325,0.019157206,-0.003804948
J1611,"Injection, glucagon hydrochloride (fresenius kabi), not therapeutically equivalent to j1610, per 1 mg",Glucagon Emergency Kit*,Glucagon HCL*,,,,,,,,,,,,,,,,,,,,,,,,,1308309.4,10602,9622,9222,123.4021317,135.9706298,141.8682932,0,2348063.2,19497,18140,17015,120.4320254,129.4411907,137.9996004,0,122.82605,-0.024068516,-0.024068516
J1626,"Injection, granisetron hydrochloride, 100 mcg",Granisetron HCL*,Granisetron HCL*,351969.73,1286746,127901,18163,0.273534738,2.751891932,19.37839179,0,342344.1,1199386,119608,17591,0.285432796,2.86221741,19.46132113,0,416782.51,1222419,121767,17650,0.340948979,3.422787044,23.61373994,0,447895.32,1188324.5,118415,17248,0.37691331,3.78242047,25.96795687,0,356602.21,1125866,112885,16477,0.316735926,3.158986668,21.64242338,0,0.322,-0.15965842,0.037340203
J1627,"Injection, granisetron, extended-release, 0.1 mg",Sustol,Granisetron,1243200.8,778776,7798,2749,1.596352225,159.4255963,452.2374682,0,3490059.54,493405,5911,1367,7.073417456,590.4347048,2553.0794,0,4424281.06,705168,8422,1853,6.274080872,525.3242769,2387.631441,0,6552161.74,1109231,11225,2551,5.9069407,583.7115136,2568.46795,0,6629675.18,1203708,12286,2665,5.507710491,539.6121748,2487.682994,0,5.608,-0.067586629,0.362889343
J1630,"Injection, haloperidol, up to 5 mg",Haldol*,Haloperidol Lactate*,497.54,268,210,132,1.856492537,2.369238095,3.769242424,0,535.59,256,202,104,2.092148438,2.651435644,5.149903846,1,547.82,233,193,98,2.351158798,2.838445596,5.59,1,624.75,237,212,112,2.636075949,2.946933962,5.578125,1,550.37,198,175,98,2.779646465,3.144971429,5.616020408,1,1.21625,0.054463725,0.106175636
J1631,"Injection, haloperidol decanoate, per 50 mg",Haldol Decanoate 100*,Haloperidol Decanoate*,221678.97,15189.5,6548,1148,14.5942243,33.8544548,193.1001481,0,141305.67,12649,5630,1000,11.1712918,25.09869805,141.30567,1,76231.91,10745,4801,820,7.094640298,15.87833993,92.9657439,0,53564.09,8084,3755,704,6.625938892,14.26473768,76.08535511,1,41686.01,6712.5,3095,584,6.210206332,13.46882391,71.38015411,0,7.20825,-0.062743193,-0.192335019
J1640,"Injection, hemin, 1 mg",Panhematin,Hemin,6538328.31,318776,659,64,20.51072951,9921.590759,102161.3798,0,7638373.18,344201,670,58,22.19160659,11400.55699,131696.0893,0,9107188.93,336299,669,59,27.08063042,13613.13741,154359.1344,0,9124313.05,308891,752,62,29.53894108,12133.39501,147166.3395,0,10464205.57,335076,847,67,31.22934967,12354.43397,156182.1727,0,31.75375,0.057226445,0.110824522
J1642,"Injection, heparin sodium, (heparin lock flush), per 10 units",Heparin Flush,"Heparin Sodium,porcine/PF",108414.85,1094848,23905,4330,0.099022741,4.535237398,25.03807159,0,22788.03,901793,21308,3948,0.025269691,1.069458889,5.772044073,0,17827.2,692540,16904,3113,0.025741762,1.054614293,5.726694507,0,26918.29,613704,15131,2593,0.043862008,1.779015928,10.38113768,0,19857.66,386117,9897,2024,0.051429126,2.006432252,9.811096838,0,0.01675,0.172521011,-0.15107651
J1643,"Injection, heparin sodium (pfizer), not therapeutically equivalent to j1644, per 1000 units",Heparin Sodium (J1643)*,"Heparin Sodium,porcine*",,,,,,,,,,,,,,,,,,,,,,,,,2055.9,768,46,26,2.676953125,44.69347826,79.07307692,0,58242.81,14957,1267,1018,3.894016848,45.96906867,57.21297642,0,4.018,0.454645138,0.454645138
J1644,"Injection, heparin sodium, per 1000 units",Heparin Sodium (J1644)*,"Heparin Sodium,porcine*",195443.04,540522.4,37161,9134,0.361581759,5.259359005,21.39731115,0,231726.9,572766.6,36528,8905,0.404574743,6.343815703,26.02211117,0,182122.54,525348.7,30990,7229,0.346669821,5.876816392,25.19332411,0,174012.6,534023.5,30205,6916,0.325851952,5.761052806,25.16087334,0,168214.69,481206,28471,6562,0.349568979,5.90828176,25.63466778,0,0.2485,0.072784669,-0.008411245
J1645,"Injection, dalteparin sodium, per 2500 iu",Fragmin,"Dalteparin Sodium,porcine",66328.22,7642,1079,102,8.679432086,61.47193698,650.2766667,1,25495.94,2793,542,69,9.128514143,47.04047971,369.5063768,0,18279.66,1590,290,44,11.49664151,63.03331035,415.4468182,0,17248.4,1180,248,28,14.61728814,69.55,616.0142857,0,11543.76,694,155,20,16.63365994,74.47587097,577.188,0,16.87275,0.137944316,0.176587221
J1650,"Injection, enoxaparin sodium, 10 mg",Enoxaparin Sodium*,Enoxaparin Sodium*,90758.9,44503.6,3742,1419,2.039360861,24.25411545,63.9597604,1,67562.94,43742,3657,1316,1.544578209,18.47496308,51.33962006,0,80041.04,34518.9,2649,1103,2.318759868,30.21556814,72.56667271,1,89598.13,26803,2009,936,3.342839608,44.59837233,95.72449786,1,44669.78,20983,1679,822,2.12885574,26.60499107,54.34279805,1,0.61125,-0.363159472,0.010794891
J1652,"Injection, fondaparinux sodium, 0.5 mg",Arixtra*,Fondaparinux Sodium*,10984.85,7362,477,96,1.492101331,23.02903564,114.4255208,0,7530.66,4124,262,64,1.826057226,28.7429771,117.6665625,0,4918.29,4025,260,57,1.221935404,18.9165,86.28578947,0,2092.4,2052,140,29,1.019688109,14.94571429,72.15172414,0,2129.82,2106,147,28,1.011310541,14.48857143,76.065,0,1.03125,-0.008215814,-0.092656873
J1670,"Injection, tetanus immune globulin, human, up to 250 units",Hypertet*,Tetanus Immune Globulin/PF*,193560.78,911,904,902,212.4706696,214.1159071,214.5906652,1,151364.03,708,703,698,213.7910028,215.3115647,216.8539112,1,194244.11,697,690,689,278.6859541,281.5132029,281.9217852,1,154778.71,539,532,532,287.1590167,290.9374248,290.9374248,1,123691.93,463,458,455,267.1531965,270.0697162,271.8503956,1,576.023,-0.06966809,0.058925355
J1720,"Injection, hydrocortisone sodium succinate, up to 100 mg",Solu-Cortef*,HydrocortIsone Sod Succinate*,590909.18,45086,40851,10623,13.10626758,14.4649869,55.62545232,0,642328.11,45377.5,41505,10837,14.1552115,15.47592121,59.27176433,0,680268.42,43568,40136,10380,15.61394647,16.94908362,65.53645665,0,441126.91,26194,24445,8291,16.84076163,18.04569073,53.20551321,0,480302.61,26691.5,24926,7252,17.99459041,19.26914106,66.23036542,0,18.8885,0.06851405,0.082469663
J1740,"Injection, ibandronate sodium, 1 mg",Boniva*,Ibandronate Sodium*,629906.22,14557,4944,2039,43.27170571,127.408216,308.9289946,0,452921.63,12544,4272,1665,36.10663505,106.0209808,272.025003,0,228827.13,6897,2381,921,33.17777729,96.10547249,248.4550814,0,267901.6,9194,3129,1162,29.13874266,85.61891978,230.5521515,0,122379.87,4431,1505,616,27.61901828,81.31552824,198.6686201,0,28.2915,-0.052154769,-0.106177968
J1743,"Injection, idursulfase, 1 mg",Elaprase,Idursulfase,952367.11,1764,49,,539.8906519,19436.06347,,0,1680890.67,3097,87,,542.7480368,19320.58241,,0,1800137,3349,94,,537.5147805,19150.39362,,0,3580993.09,6714,176,,533.3620926,20346.55165,,0,3382670.47,6354,163,,532.3686607,20752.57957,,0,542.16475,-0.001862584,-0.003501456
J1745,"Injection, infliximab, excludes biosimilar, 10 mg",Infliximab*,Infliximab*,663503635.1,13433751.5,257344,44298,49.39079267,2578.27513,14978.18491,0,512621924.3,13002343.6,246483,41903,39.42534824,2079.745558,12233.53756,0,439364164.7,12335096.2,232563,39798,35.61903025,1889.226423,11039.85539,0,389681976.7,11831066.8,221413,38091,32.93717999,1759.977854,10230.29001,0,366670413.5,11714137.1,218160,36967,31.30152997,1680.740803,9918.857724,0,31.9405,-0.049659686,-0.107763691
J1746,"Injection, ibalizumab-uiyk, 10 mg",Trogarzo,Ibalizumab-Uiyk,1608886.52,29840,346,31,53.91710858,4649.961041,51899.56516,1,1556156.43,26593,316,23,58.51752078,4924.545665,67658.97522,1,1681553.44,25622,281,18,65.62928109,5984.175943,93419.63556,0,1631357.92,23366,269,27,69.8175948,6064.527584,60420.6637,0,1563018.96,21087,235,19,74.12239579,6651.144511,82264.15579,0,75.8945,0.061657824,0.082818616
J1747,"Injection, spesolimab-sbzo, 1 mg",Spevigo,Spesolimab-Sbzo,,,,,,,,,,,,,,,,,,,,,,,,,1732342.98,29252,38,22,59.2213517,45587.97316,78742.86273,0,4622119.74,78302,96,47,59.02939567,48147.08063,98342.97319,0,60.80425,-0.003241331,-0.003241331
J1750,"Injection, iron dextran, 50 mg",Infed,Iron Dextran Complex,5014208.09,369206.5,32789,13771,13.58103958,152.9234832,364.1135785,0,7317113.76,515415.5,40992,19261,14.19653418,178.5010187,379.8927242,0,7509332.39,477701,35966,18593,15.71973345,208.7897567,403.8795455,0,5195403.71,310972,22011,12764,16.70698233,236.0366957,407.0357028,0,11137455.18,644989,41411,25311,17.26766686,268.9491966,440.0243049,0,17.57425,0.033559892,0.061879317
J1756,"Injection, iron sucrose, 1 mg",Venofer,Iron Sucrose Complex,2411573.35,11365530,61170,12630,0.212183097,39.42411885,190.9400911,0,2713531.69,12039090,63104,12960,0.225393422,43.0009459,209.3774452,0,3100942.78,14693084,73561,15763,0.211047781,42.15471214,196.7228814,0,3631027.77,17551729,84509,19076,0.206875788,42.96616656,190.3453434,0,3011706.71,13473844,64302,15093,0.223522457,46.8369057,199.543279,0,0.22775,0.080466973,0.013100652
J1786,"Injection, imiglucerase, 10 units",Cerezyme,Imiglucerase,35829480.43,940776,2144,174,38.08502814,16711.5114,205916.5542,0,39031430.1,992785,2183,135,39.31508846,17879.72061,289121.7044,0,43717470.51,1012266,2321,144,43.18772982,18835.61849,303593.5452,0,45952004.44,1055142,2331,140,43.55054053,19713.42962,328228.6031,0,44243279.06,1028451,2260,140,43.01933593,19576.67215,316023.4219,0,43.82925,-0.012197428,0.030925674
J1805,"Injection, esmolol hydrochloride, 10 mg",Brevibloc*,Esmolol HCL*,,,,,,,,,,,,,,,,,,,,,,,,,37.37,53,21,21,0.70509434,1.77952381,1.77952381,1,72801.07,316897,7479,6530,0.229731017,9.734064715,11.14870904,0,0.23475,-0.674184001,-0.674184001
J1806,"Injection, esmolol hydrochloride (wg critical care), not therapeutically equivalent to j1805, 10 mg",Esmolol HCL-Water,Esmolol HCL In Sterile Water,,,,,,,,,,,,,,,,,,,,,,,,,,,,,,,,,18418.3,46518,154,152,0.395939206,119.5993507,121.1730263,0,0.40875,,
J1811,"Insulin (fiasp) for administration through dme (i.e., insulin pump) per 50 units",Fiasp*,Insulin Aspart (Niacinamide)*,,,,,,,,,,,,,,,,,,,,,,,,,711364.56,104860,1116,480,6.783945833,637.4234409,1482.0095,0,1754311.53,246294,4313,1562,7.122835026,406.7497171,1123.118777,0,7.3265,0.049954584,0.049954584
J1813,"Insulin (lyumjev) for administration through dme (i.e., insulin pump) per 50 units",Lyumjev,Insulin Lispro-Aabc,,,,,,,,,,,,,,,,,,,,,,,,,650021.5,42220,475,206,15.39605637,1368.466316,3155.444175,0,2005639.32,131350,1433,480,15.26942764,1399.608737,4178.41525,0,15.579,-0.008224751,-0.008224751
J1817,"Insulin for administration through dme (i.e., insulin pump) per 50 units",Fiasp Penfill*,Insulin Aspart (Niacinamide)*,161240120.9,15998944,145683,33313,10.07817272,1106.787483,4840.156123,0,156744155.7,15353851,137486,32751,10.20878447,1140.073576,4785.934954,0,127065578.1,14820202,128903,31835,8.573808783,985.7457009,3991.379867,0,106195555.1,13854504,143883,32705,7.665056438,738.0688134,3247.073997,0,55491178.1,14348848,145231,35179,3.867291514,382.0890726,1577.394983,0,5.117,-0.495464705,-0.212942832
J1823,"Injection, inebilizumab-cdon, 1 mg",Uplizna,Inebilizumab-Cdon,,,,,,,,,13521358.23,31800,164,52,425.1999443,82447.30628,260026.1198,0,27573166.54,61411,339,106,448.993935,81336.77445,260124.2126,0,38276759.6,87287,475,158,438.5161548,80582.65179,242257.9722,0,52835926.5,113656,610,201,464.8758227,86616.27295,262865.306,0,478.81675,0.060111053,0.030183494
J1836,"Injection, metronidazole, 10 mg",Metro IV*,Metronidazole/Sodium Chloride*,,,,,,,,,,,,,,,,,,,,,,,,,347.01,5143,106,77,0.067472292,3.273679245,4.506623377,0,28967.15,1148449,17527,16987,0.025222844,1.65271581,1.705254018,0,0.02525,-0.626174788,-0.626174788
J1885,"Injection, ketorolac tromethamine, per 15 mg",Ketorolac Tromethamine,Ketorolac Tromethamine,1020856.81,1773380.1,630459,392854,0.575655952,1.619227912,2.598565396,0,842942.35,1742403.6,624795,392893,0.483781341,1.349150281,2.145475613,0,961583.33,1688461.8,612350,387561,0.569502567,1.570316535,2.481114792,0,896555.73,1629458.9,597618,380298,0.550216842,1.500215405,2.357508401,0,950393.54,1432036.8,520087,338771,0.663665585,1.827374151,2.805415871,0,0.67625,0.20618915,0.036207126
J1920,"Injection, labetalol hydrochloride, 5 mg",Labetalol HCL (J1920),Labetalol HCL,,,,,,,,,,,,,,,,,,,,,,,,,131,486,86,72,0.269547325,1.523255814,1.819444444,0,52214.51,268422,43106,34892,0.194523959,1.211304923,1.496460793,0,0.198,-0.278330963,-0.278330963
J1921,"Injection, labetalol hydrochloride (hikma), not therapeutically equivalent to j1920, 5 mg",Labetalol HCL (J1921)*,Labetalol HCL*,,,,,,,,,,,,,,,,,,,,,,,,,,,,,,,,,25384.6,11583,1684,1492,2.191539325,15.0739905,17.01380697,0,2.17225,,
J1930,"Injection, lanreotide, 1 mg",Lanreotide Acetate (J1930)*,Lanreotide Acetate*,340276002.2,5512272,46094,5478,61.73062617,7382.218991,62116.83136,0,398958476.1,6407420,53477,6260,62.26507333,7460.375042,63731.38597,0,450101469.2,7022323,58665,6785,64.09580835,7672.4021,66337.72574,0,368405923.2,6683559,56081,6804,55.12121957,6569.175356,54145.49135,0,353743567.9,7334216,61427,7615,48.23195388,5758.763539,46453.52172,0,49.11,-0.124983913,-0.059825336
J1931,"Injection, laronidase, 0.1 mg",Aldurazyme,Laronidase,1253057.56,42769,136,,29.2982665,9213.658529,,0,1525481.03,51358,168,,29.70289011,9080.244226,,0,903984.66,25763,86,,35.08848581,10511.44954,,0,1026704.26,28496,98,,36.02976769,10476.57408,,0,784276.9,20876,64,,37.56835122,12254.32656,,0,38.05225,0.042703121,0.064130896
J1932,"Injection, lanreotide, (cipla), 1 mg",Lanreotide Acetate (J1932),Lanreotide Acetate,,,,,,,,,,,,,,,,,10005400.25,167249,1399,686,59.82337862,7151.822909,14585.13156,0,61439878.86,1139388,9479,1838,53.92357903,6481.683602,33427.57283,0,56546982.73,1305698,10772,1855,43.30785735,5249.441397,30483.54864,0,42.98675,-0.196866044,-0.149160036
J1939,"Injection, bumetanide, 0.5 mg",Bumetanide,Bumetanide,,,,,,,,,,,,,,,,,,,,,,,,,,,,,,,,,3788.38,5980,1247,800,0.633508361,3.037995189,4.735475,0,0.633,,
J1940,"Injection, furosemide, up to 20 mg",Furosemide,Furosemide,50840.87,75557,39510,21871,0.672881004,1.286784865,2.324579123,0,44700.99,70764,36781,21257,0.631691114,1.215328295,2.102883286,0,40221.77,64506.9,33861,20052,0.623526631,1.187849443,2.00587323,0,37592.86,62402.5,31692,18608,0.602425544,1.186193992,2.02025258,0,29817.29,55699.6,27644,16747,0.535323234,1.07861706,1.780455604,0,0.50375,-0.111386894,-0.055570691
J1943,"Injection, aripiprazole lauroxil, (aristada initio), 1 mg",Aristada Initio,"Aripiprazole Lauroxil,submicr.",34615.98,13863,45,28,2.497004977,769.244,1236.285,0,19918.58,6778,38,24,2.938710534,524.1731579,829.9408333,0,12014.6,4096,51,27,2.933251953,235.5803922,444.9851852,0,14326.94,4863,47,22,2.946111454,304.8285106,651.2245455,0,11851.75,4512,28,16,2.626717642,423.2767857,740.734375,1,3.127,-0.108411992,0.012741241
J1944,"Injection, aripiprazole lauroxil, (aristada), 1 mg",Aristada,Aripiprazole Lauroxil,845101.37,360055,607,163,2.347145214,1392.259259,5184.670982,0,1076315.73,444119,835,210,2.423484989,1289.000874,5125.313,0,1357076.27,496231,925,213,2.734767215,1467.109481,6371.250094,0,1424750.44,512010,944,205,2.782661354,1509.269534,6950.002146,0,1515510.7,535591,992,211,2.829604493,1527.732561,7182.515166,0,3.17075,0.016869871,0.04784355
J1950,"Injection, leuprolide acetate (for depot suspension), per 3.75 mg",Lupron Depot*,Leuprolide Acetate*,6502353.25,5864,2937,991,1108.859695,2213.943905,6561.405903,0,6456998.94,5458,3055,922,1183.033884,2113.583941,7003.252646,0,8232154.6,6184,3386,992,1331.202232,2431.2329,8298.542944,0,10345854.8,7380,3842,1108,1401.877344,2692.830505,9337.414079,0,11233616.62,7596,4163,1111,1478.885811,2698.442618,10111.26609,0,1608.07575,0.054932386,0.074643735
J1952,"Leuprolide injectable, camcevi, 1 mg",Camcevi,Leuprolide Mesylate,,,,,,,,,,,,,,,,,4571006.19,44886.2,1136,1106,101.8354459,4023.773055,4132.916989,0,27482607.76,336926,8051,6318,81.56867609,3413.564496,4349.890434,0,30373226.73,535091,12792,9004,56.76273144,2374.392334,3373.303724,0,57.7975,-0.304111159,-0.253410018
J1953,"Injection, levetiracetam, 10 mg",Keppra*,Levetiracetam*,4335.77,22915,222,67,0.189210997,19.5304955,64.71298508,0,2716.04,19622,349,91,0.138418102,7.78234957,29.84659341,0,3121.28,15195,302,122,0.205414939,10.33536424,25.5842623,0,2832.29,11466,322,130,0.247016396,8.795931677,21.78684615,0,2801.52,9595,324,135,0.291977071,8.646666667,20.752,0,0.0595,0.182014942,0.114552662
J1954,"Injection, leuprolide acetate for depot suspension (cipla), 7.5 mg",Leuprolide Depot,Leuprolide Acetate,,,,,,,,,,,,,,,,,,,,,,,,,1043153.22,2743,918,624,380.296471,1136.332484,1671.719904,0,2071493.17,6947,2317,890,298.1852843,894.0410747,2327.520416,0,300.30325,-0.215913617,-0.215913617
J1955,"Injection, levocarnitine, per 1 gm",Carnitor*,Levocarnitine*,4611341.64,221708,64682,4925,20.79916665,71.2925024,936.3130234,0,16231025.73,775265,158539,10372,20.93610021,102.3787568,1564.888713,0,11067746.87,478181,94966,6690,23.14551785,116.5443092,1654.371729,0,5607416.33,187560,40281,2940,29.8966535,139.2074757,1907.284466,0,3428722.01,123609,23222,1549,27.73844955,147.6497291,2213.506785,0,32.18,-0.072188814,0.074630251
J1956,"Injection, levofloxacin, 250 mg",Levofloxacin*,Levofloxacin*,7316.55,11707,5163,1464,0.624972239,1.417112144,4.997643443,0,6961,9226,4110,1207,0.754498157,1.693673966,5.767191384,0,8991.29,8334,3582,1144,1.078868491,2.510131212,7.859519231,0,7782.31,7376,3146,990,1.055085412,2.47371583,7.860919192,0,6664.17,6311,2685,876,1.05596102,2.482,7.6075,0,0.9895,0.000829893,0.140110092
J1961,"Injection, lenacapavir, 1 mg",Sunlenca,Lenacapavir Sodium,,,,,,,,,,,,,,,,,,,,,,,,,,,,,,,,,753200.06,38635,50,36,19.49527786,15064.0012,20922.22389,1,21.964,,
J2002,"Injection, lidocaine hcl in 5% dextrose, 1 mg",Lidocaine HCL In 5% Dextrose,Lidocaine HCL/Dextrose 5 %/PF,,,,,,,,,,,,,,,,,,,,,,,,,,,,,,,,,122.9,32817,596,453,0.00374501,0.206208054,0.271302428,0,0.003,,
J2010,"Injection, lincomycin hcl, up to 300 mg",Lincocin*,Lincomycin HCL*,352793.98,29298,20710,14594,12.04157212,17.03495799,24.17390572,0,299782.59,26353.5,18688,12817,11.37543742,16.04144852,23.38945073,0,268880.65,28072,19225,13307,9.57825057,13.9859896,20.20595551,0,258595.91,25892,17723,12242,9.987483006,14.59097839,21.12366525,0,231775.55,24037,16070,11186,9.642449141,14.42287181,20.72014572,0,9.8685,-0.034546629,-0.05403288
J2020,"Injection, linezolid, 200 mg",Linezolid-0.9% NaCl*,Linezolid In 0.9% Sodium Chlor*,20786.45,1570,240,21,13.23977707,86.61020833,989.8309524,1,6124.05,777,144,13,7.881660232,42.528125,471.0807692,0,8593.54,962,174,16,8.932993763,49.38816092,537.09625,1,10518.79,1492,341,33,7.050127346,30.8468915,318.7512121,1,1077.28,348,63,21,3.095632184,17.09968254,51.29904762,0,3.15525,-0.560911168,-0.304628047
J2060,"Injection, lorazepam, 2 mg",Ativan*,Lorazepam*,19411.32,24248.5,23605,7522,0.800516321,0.822339335,2.580606222,0,16206.34,20361.3,19607,6527,0.795938373,0.826558882,2.482969205,0,13455.72,15411.5,14880,5485,0.873096065,0.904282258,2.45318505,0,17316.12,13460.5,12892,4664,1.286439583,1.343167856,3.712718696,0,12587.92,9989.5,9674,3752,1.260115121,1.301211495,3.354989339,0,1.21175,-0.020463038,0.120108281
J2150,"Injection, mannitol, 25% in 50 ml",Mannitol,Mannitol,26488.78,13064,9027,2205,2.02761635,2.934394594,12.01305215,0,23846.46,10816,8217,1979,2.204739275,2.902088353,12.0497524,0,32028.77,9391,6859,1690,3.410581408,4.669597609,18.95193491,0,29526.96,6731,4932,1440,4.386712227,5.986812652,20.50483333,0,16865.1,5393,4215,1092,3.127220471,4.001209964,15.44423077,0,3.155,-0.287115199,0.114405326
J2175,"Injection, meperidine hydrochloride, per 100 mg",Demerol*,Meperidine HCL*,80184.22,13273.5,12024,5984,6.040925152,6.668680971,13.39976939,0,70153.3,11601,10640,5587,6.047176968,6.593355263,12.55652407,0,55045.32,9027,8531,4723,6.097853107,6.452387762,11.6547364,0,55224.45,7524.8,7198,4189,7.338992399,7.672193665,13.18320602,0,35508.38,5740.8,5262,3230,6.185266862,6.748076777,10.9933065,0,6.6845,-0.157204896,0.005920704
J2182,"Injection, mepolizumab, 1 mg",Nucala,Mepolizumab,189665581.8,7060694,65808,7853,26.86217273,2882.105243,24151.99056,0,210518708.1,7926146,72467,8141,26.5600341,2905.028607,25859.07236,0,232903955.4,8221630,74024,8541,28.32819713,3146.330317,27268.93284,0,255126934.4,8791559,78137,8872,29.01953276,3265.123237,28756.41731,0,267320860.2,9001313,78535,8671,29.6979852,3403.843639,30829.29999,0,30.46975,0.023379165,0.025407435
J2184,"Injection, meropenem (b. braun), not therapeutically equivalent to j2185, 100 mg",Meropenem-0.9% NaCl,Meropenem-0.9% Sodium Chloride,,,,,,,,,,,,,,,,,,,,,,,,,,,,,,,,,5978.54,2929,192,155,2.041153978,31.13822917,38.57122581,0,2.08575,,
J2185,"Injection, meropenem, 100 mg",Meropenem*,Meropenem*,234839.35,270673,11874,999,0.867612765,19.77761075,235.0744244,0,239571.3,287910,10854,928,0.832104824,22.07216694,258.1587285,0,222806.12,292033,11961,993,0.762948434,18.62771675,224.3767573,0,161358.03,272896.2,12339,1024,0.591279871,13.07707513,157.5762012,0,107558.65,273664,12122,997,0.393031784,8.873011879,107.8822969,0,0.3785,-0.33528638,-0.17960041
J2247,"Injection, micafungin sodium (par pharm) not thereapeutically equivalent to j2248, 1 mg",Micafungin (J2247),Micafungin Sodium,,,,,,,,,,,,,,,,,,,,,,,,,,,,,,,,,24097.87,70150,355,73,0.343519173,67.88132394,330.1078082,0,0.35975,,
J2248,"Injection, micafungin sodium, 1 mg",Micafungin (J2248)*,Micafungin Sodium*,297978.11,262786,1794,158,1.133919273,166.0970513,1885.937405,0,1865929.39,2147432,8202,1381,0.86891198,227.4968776,1351.143657,0,206485.36,278296,2635,189,0.74196309,78.36256547,1092.515132,0,329891.57,395552,3454,257,0.834003039,95.51000869,1283.624786,0,255465.53,461676,4000,259,0.553343752,63.8663825,986.3533977,0,0.54125,-0.336520701,-0.164198361
J2250,"Injection, midazolam hydrochloride, per 1 mg",Midazolam HCL*,Midazolam HCL*,57647.88,466356.8,171054,89797,0.123613251,0.337015679,0.641980022,0,59468.58,473809.8,171164,90270,0.125511503,0.34743626,0.658785643,0,53888.25,349663.2,133060,77283,0.154114731,0.404992109,0.697284655,0,49791.17,296863.1,114943,68833,0.167724348,0.433181403,0.723361905,0,38338.35,253869.4,97563,60753,0.151016034,0.392959934,0.631052788,0,0.13775,-0.099617702,0.051331092
J2251,"Injection, midazolam in 0.9% sodium chloride, intravenous, not therapeutically equivalent to j2250, 1 mg",Midazolam HCL-0.9% NaCl,Midazolam HCL In 0.9 % NaCl/PF,,,,,,,,,,,,,,,,,,,,,,,,,11.14,37,19,17,0.301081081,0.58631579,0.655294118,1,836.53,3137,158,158,0.266665604,5.294493671,5.294493671,0,0.2335,-0.114306342,-0.114306342
J2260,"Injection, milrinone lactate, 5 mg",Milrinone In 5% Dextrose*,Milrinone Lactate/D5W*,4598696.59,3036475,52908,2388,1.514485247,86.918738,1925.752341,0,5011122.4,2629272,46972,2153,1.905897298,106.6831815,2327.506921,0,3969180.44,2392146,43235,2049,1.659255096,91.80479797,1937.130522,0,4119679.33,2192340,39548,1949,1.879124283,104.169094,2113.740036,0,2770424.76,1926210,34268,1661,1.438277633,80.84582584,1667.925804,0,1.47925,-0.234602178,-0.012824383
J2267,"Injection, mirikizumab-mrkz, 1 mg",Omvoh*,Mirikizumab-Mrkz*,,,,,,,,,,,,,,,,,,,,,,,,,,,,,,,,,1145486.68,32402,110,54,35.35234492,10413.51527,21212.7163,0,37.1425,,
J2270,"Injection, morphine sulfate, up to 10 mg",Morphine Sulfate (J2270)*,Morphine Sulfate*,68888.93,24569,8237,4404,2.803896374,8.363351949,15.64235468,0,40592.76,12749,6836,4024,3.183995608,5.9380866,10.08766402,0,42885.07,12058,6790,3770,3.556565766,6.315916053,11.37535013,0,45420.08,12349,6007,3441,3.678037088,7.561191943,13.19967451,0,39583.86,9048,5010,2893,4.374874005,7.90097006,13.68263394,0,4.301,0.189458915,0.117637327
J2272,"Injection, morphine sulfate (fresenius kabi), not therapeutically equivalent to j2270, up to 10 mg",Morphine Sulfate (J2272),Morphine Sulfate,,,,,,,,,,,,,,,,,,,,,,,,,1417.21,207,125,47,6.846425121,11.33768,30.15340426,0,355030.85,49100,37436,34313,7.230770876,9.483674805,10.3468321,0,6.08325,0.056138167,0.056138167
J2274,"Injection, morphine sulfate, preservative-free for epidural or intrathecal use, 10 mg",Duramorph*,Morphine Sulfate/PF*,2741485.35,262760,5829,1799,10.43341966,470.3182965,1523.894025,0,2310625.72,230428,5330,1670,10.02753884,433.5132683,1383.608216,0,2701029.46,204156.5,4924,1505,13.23019086,548.5437571,1794.70396,0,2159858.1,179864.5,4560,1384,12.00825121,473.6530921,1560.591113,0,1628553.25,147853,3890,1157,11.01467843,418.6512211,1407.565471,0,11.65575,-0.082740839,0.013645943
J2277,"Injection, motixafortide, 0.25 mg",Aphexda,Motixafortide Acetate,,,,,,,,,,,,,,,,,,,,,,,,,,,,,,,,,923386.16,36761,69,60,25.11863551,13382.40812,15389.76933,0,25.218,,
J2278,"Injection, ziconotide, 1 microgram",Prialt,Ziconotide Acetate,4916504.38,643830,1689,523,7.636339375,2910.896613,9400.581989,0,4488249.58,562896,1384,422,7.973497023,3242.954899,10635.66251,0,4158857.22,467157,1217,375,8.902482934,3417.302564,11090.28592,0,3671203.03,411695,1086,314,8.917288357,3380.481611,11691.7294,0,3631398.45,393967.5,1120,322,9.217507662,3242.320045,11277.63494,0,9.3765,0.033667108,0.048170835
J2280,"Injection, moxifloxacin, 100 mg",Avelox IV*,Moxifloxacin-Sod.Chloride(Iso)*,7320.3,815,506,275,8.98196319,14.46699605,26.61927273,0,13156.8,1402,1184,726,9.384308131,11.11216216,18.12231405,0,15118.31,1625,1570,1006,9.303575385,9.629496815,15.02814115,0,28762.56,2920,2854,1756,9.850191781,10.07798178,16.37958998,0,48984.83,5608,5283,3400,8.734812768,9.272161651,14.40730294,0,8.927,-0.113234243,-0.00695122
J2281,"Injection, moxifloxacin (fresenius kabi), not therapeutically equivalent to j2280, 100 mg",Moxifloxacin,"Moxifloxacin/Sod.Ace,sul/Water",,,,,,,,,,,,,,,,,,,,,,,,,,,,,,,,,837.63,122,31,31,6.865819672,27.02032258,27.02032258,0,7.017876563,,
J2300,"Injection, nalbuphine hydrochloride, per 10 mg",Nalbuphine HCL,Nalbuphine HCL,10543.4,3658,2786,1078,2.882285402,3.784422111,9.780519481,0,16222.23,5226.5,3814,1092,3.103841959,4.253337703,14.85552198,0,14736.92,5193,3772,941,2.837843251,3.906924708,15.66091392,0,11862.56,4399,2991,603,2.696649239,3.966084921,19.67257048,0,5651.26,1896.5,1617,409,2.979836541,3.494904144,13.81726161,0,3.1195,0.105014512,0.008355949
J2305,"Injection, nitroglycerin, 5 mg",Nitroglycerin*,Nitroglycerin*,,,,,,,,,,,,,,,,,,,,,,,,,927.13,729,183,163,1.271783265,5.066284153,5.68791411,0,42039.91,30211.8,3272,3033,1.391506299,12.84838325,13.86083416,0,1.369,0.094137922,0.094137922
J2310,"Injection, naloxone hydrochloride, per 1 mg",Naloxone HCL*,Naloxone HCL*,7243.46,502,462,256,14.42920319,15.67848485,28.29476563,1,4948.58,411.6,400,252,12.02278912,12.37145,19.63722222,0,2459.48,221.8,208,182,11.08872858,11.82442308,13.51362637,0,1630.57,168,130,129,9.70577381,12.54284615,12.64007752,0,1356,134,111,109,10.11940299,12.21621622,12.44036697,1,8.353,0.042616816,-0.084879813
J2315,"Injection, naltrexone, depot form, 1 mg",Vivitrol,Naltrexone Microspheres,1711448.42,604933,1867,559,2.829153675,916.6836743,3061.625081,0,2075657.96,730306,2225,586,2.842175691,932.879982,3542.07843,0,2478784.66,753269.4,2361,600,3.290701388,1049.887615,4131.307767,0,2324438.02,671963,1999,546,3.459175609,1162.80041,4257.212491,0,2611004.36,734171,2228,601,3.556398114,1171.905009,4344.433211,0,4.0345,0.028105686,0.058859795
J2323,"Injection, natalizumab, 1 mg",Tysabri,Natalizumab,217864710.5,11690059,39139,4613,18.63675029,5566.435282,47228.42196,0,208017215.3,10291813,34746,4208,20.21191168,5986.796044,49433.74889,0,204974045.4,8967565,30594,3684,22.85726899,6699.811903,55638.99168,0,184186605.3,7827200,26398,3162,23.53160841,6977.293936,58250.03331,0,158815402,6782989,22673,2778,23.4137785,7004.604685,57168.97121,0,24.226,-0.005007303,0.058705891
J2327,"Injection, risankizumab-rzaa, intravenous, 1 mg",Skyrizi*,Risankizumab-Rzaa*,,,,,,,,,,,,,,,,,,,,,,,,,41263285.68,2740645,4845,1978,15.0560491,8516.674031,20861.11511,0,76720174.47,5307909,8485,3490,14.45393553,9041.859101,21982.85801,0,14.996,-0.039991472,-0.039991472
J2329,"Injection, ublituximab-xiiy, 1mg",Briumvi,Ublituximab-Xiiy,,,,,,,,,,,,,,,,,,,,,,,,,4963901.36,75662,249,147,65.60626682,19935.34683,33768.03646,0,25523924.03,389836,1120,518,65.47349149,22789.21788,49273.98461,0,68.59625,-0.002023821,-0.002023821
J2350,"Injection, ocrelizumab, 1 mg",Ocrevus,Ocrelizumab,618776536.6,11222845,21157,11901,55.13544352,29246.89401,51993.65907,0,608203406.6,11909212,21970,12327,51.06999579,27683.35943,49339.12604,0,693652843.9,12044961,22094,12317,57.58863345,31395.53019,56316.70406,0,697178191.2,12001443,21842,12154,58.09119714,31919.15535,57362.03647,0,668719044.2,11613701,20976,11764,57.58018431,31880.19852,56844.52943,0,59.639,-0.008796734,0.010905466
J2353,"Injection, octreotide, depot form for intramuscular injection, 1 mg",Sandostatin Lar Depot,"Octreotide Acetate,mi-Spheres",445230562,2412753,82647,9807,184.5321763,5387.13519,45399.26196,0,432652274,2361330,81326,9465,183.2239772,5319.974842,45710.75267,0,457928103,2264979,78093,9130,202.1776374,5863.881564,50156.41873,0,446769581.2,2210951,76372,8966,202.0712269,5849.913334,49829.30863,0,450480009.4,2161444,74698,8853,208.4162298,6030.683678,50884.44701,0,212.939,0.031399834,0.030896008
J2354,"Injection, octreotide, non-depot form for subcutaneous or intravenous injection, 25 mcg",Octreotide Acetate*,Octreotide Acetate*,33389.31,21313,91,16,1.566617088,366.9154945,2086.831875,0,28303.57,29035,39,15,0.974808679,725.7325641,1886.904667,0,39135.19,43127,75,27,0.907440583,521.8025333,1449.451482,0,52845.68,42713,41,16,1.237227074,1288.919024,3302.855,0,46748.7,44952,45,14,1.039969301,1038.86,3339.192857,0,1.019,-0.159435384,-0.097360333
J2356,"Injection, tezepelumab-ekko, 1 mg",Tezspire,Tezepelumab-Ekko,,,,,,,,,,,,,,,,,31796361.53,1810819,8938,2432,17.55910532,3557.435839,13074.16181,0,138128728.5,7733031,37559,5522,17.86217183,3677.646596,25014.25724,0,218453020.9,12288462.1,59000,7618,17.77708383,3702.593574,28675.90192,0,18.1835,-0.004763587,0.006187849
J2357,"Injection, omalizumab, 5 mg",Xolair,Omalizumab,399808936.8,11612648.5,189704,17884,34.42874697,2107.540889,22355.67752,0,401920803.1,11610212,192502,17789,34.61786943,2087.878584,22593.78285,0,419951871.5,11380756,189527,18023,36.90017354,2215.789157,23300.88617,0,419776545.2,11158845,186817,17787,37.61827906,2246.993289,23600.18807,0,414887259.8,11140790,184319,17605,37.2403806,2250.919655,23566.44475,0,38.221,-0.010045607,0.019819293
J2358,"Injection, olanzapine, long-acting, 1 mg",Zyprexa Relprevv,Olanzapine Pamoate,51476.46,19530,61,12,2.635763441,843.8763934,4289.705,0,184573.97,73271,1225,987,2.519058973,150.6726286,187.0050355,0,231115.72,85678,1154,899,2.697492005,200.2735875,257.0808899,0,,,,,,,,,64067.06,22335,406,338,2.868460264,157.8006404,189.5475148,0,2.917,,0.02137589
J2359,"Injection, olanzapine, 0.5 mg",Olanzapine,Olanzapine,,,,,,,,,,,,,,,,,,,,,,,,,,,,,,,,,207547.75,222210,9536,8403,0.934016246,21.76465499,24.69924432,0,0.95075,,
J2360,"Injection, orphenadrine citrate, up to 60 mg",Orphenadrine Citrate,Orphenadrine Citrate,80020.78,12078,10284,6505,6.625333665,7.781094905,12.3014266,0,67004.7,11040,9375,6035,6.069266304,7.147168,11.10268434,0,50830.99,11324,9648,6095,4.488783999,5.268552032,8.33978507,0,47118.93,7094,6482,4518,6.642082041,7.269196236,10.42915671,1,50769.15,5664,5285,3556,8.963479873,9.606272469,14.27703881,0,9.17575,0.349498518,0.078492733
J2372,"Injection, phenylephrine hydrochloride (biorphen), 20 micrograms",Biorphen,Phenylephrine HCL,,,,,,,,,,,,,,,,,,,,,,,,,,,,,,,,,8844.26,51882,1849,1827,0.170468756,4.783266631,4.840864806,0,0.173,,
J2401,"Injection, chloroprocaine hydrochloride, per 1 mg",Chloroprocaine HCL*,Chloroprocaine HCL/PF*,,,,,,,,,,,,,,,,,,,,,,,,,90.31,2394,113,91,0.037723475,0.79920354,0.992417582,0,12063.11,369797,1257,905,0.032620897,9.596746221,13.32940332,0,0.0335,-0.135262669,-0.135262669
J2403,"Chloroprocaine hcl ophthalmic, 3% gel, 1 mg",Iheezo,Chloroprocaine HCL/PF,,,,,,,,,,,,,,,,,,,,,,,,,7767625.6,11224433,13754,8498,0.692028328,564.7539334,914.0533773,0,47036876.36,73614420,86752,37681,0.638962806,542.199331,1248.291615,0,0.641666667,-0.076681141,-0.076681141
J2405,"Injection, ondansetron hydrochloride, per 1 mg",Ondansetron HCL (J2405)*,Ondansetron HCL*,244809.89,2580600.1,261459,58111,0.094865489,0.936322291,4.212797749,0,229988.98,2417673.5,248743,57755,0.095128221,0.924604833,3.982148385,0,198621.5,2225043.5,236705,57178,0.089266345,0.839109863,3.4737399,0,212835.86,2081570.5,228861,57040,0.102247731,0.929978721,3.731343969,0,184246.16,1864614,210532,54073,0.098811958,0.875145631,3.40735968,0,0.094,-0.033602436,0.010241753
J2406,"Injection, oritavancin (kimyrsa), 10 mg",Kimyrsa,Oritavancin Diphosphate,,,,,,,,,125804.68,3001,33,30,41.92091969,3812.26303,4193.489333,0,6048696.28,146839,1244,854,41.19270957,4862.296045,7082.782529,0,8393711.17,205967,1753,1177,40.75269907,4788.198043,7131.445344,0,8603059.87,211037.6,1743,1154,40.76553121,4935.777321,7454.991222,0,41.56225,0.000314878,-0.009272766
J2407,"Injection, oritavancin (orbactiv), 10 mg",Orbactiv,Oritavancin Diphosphate,5087076.36,234143,1898,1221,21.72636534,2680.229905,4166.319705,0,4386715.13,202085,1713,1071,21.70727728,2560.837788,4095.905817,0,3553178.25,144589,1232,731,24.57433311,2884.073255,4860.70896,0,1767868.65,67216,568,363,26.30130698,3112.444806,4870.16157,0,1994666.32,72907,609,336,27.35905085,3275.314154,5936.506905,0,27.77075,0.040216399,0.059323208
J2426,"Injection, paliperidone palmitate extended release (invega sustenna), 1 mg",Invega Hafyera (J2426)*,Paliperidone Palmitate*,19035875.84,2019085,11552,2330,9.427971502,1647.842438,8169.903794,0,17953540.56,1858646,11278,2173,9.659472842,1591.908189,8262.098739,0,21139371.59,1823525,10989,2085,11.59258666,1923.684738,10138.78733,0,19775328.01,1584147.1,9936,2007,12.48326498,1990.270532,9853.177882,0,17552797.92,1334190,8540,1716,13.15614562,2055.362754,10228.90322,0,14.50525,0.053902616,0.086870003
J2427,"Injection, paliperidone palmitate extended release (invega hafyera, or invega trinza), 1 mg",Invega Hafyera (J2427)*,Paliperidone Palmitate*,,,,,,,,,,,,,,,,,,,,,,,,,1544001.8,134385,243,141,11.48939093,6353.916872,10950.36738,0,3572097.5,306553,593,229,11.65246303,6023.773187,15598.67904,0,12.396,0.014193277,0.014193277
J2430,"Injection, pamidronate disodium, per 30 mg",Pamidronate Disodium,Pamidronate Disodium,70695.25,6315,2671,878,11.19481394,26.46770872,80.51850797,0,52084.47,5491,2297,730,9.485425241,22.67499782,71.34858904,0,44696.61,4227,1776,580,10.57407381,25.16701014,77.06312069,0,33279.44,3253,1362,442,10.23038426,24.43424376,75.29285068,0,21383.36,1852,786,281,11.54609071,27.20529262,76.09736655,0,11.813,0.128607726,0.007753979
J2469,"Injection, palonosetron hcl, 25 mcg",Aloxi*,Palonosetron HCL*,14705981.27,3476115,347964,60167,4.230579618,42.2629389,244.4193872,0,7130973.16,3218683,322451,56209,2.215494089,22.11490478,126.8653269,0,3060241.06,2999022,301018,52160,1.020413008,10.16630587,58.67026572,0,2955467.57,2859538,287055,49284,1.033547227,10.29582334,59.96809451,0,2492914.91,2771458,277642,47725,0.899495829,8.978882554,52.23499026,0,0.9075,-0.129700313,-0.320953023
J2501,"Injection, paricalcitol, 1 mcg",Paricalcitol*,Paricalcitol*,201.97,242,156,28,0.834586777,1.294679487,7.213214286,0,234.17,205,184,56,1.142292683,1.272663044,4.181607143,0,10.75,18,18,12,0.597222222,0.597222222,0.895833333,1,332.33,31,30,24,10.72032258,11.07766667,13.84708333,1,670.39,28,19,14,23.9425,35.28368421,47.885,1,0.789148047,1.233374959,1.314325812
J2506,"Injection, pegfilgrastim, excludes biosimilar, 0.5 mg",Neulasta*,Pegfilgrastim*,,,,,,,,,,,,,,,,,341605921.4,2184614.1,177805,49256,156.3689996,1921.239118,6935.315929,0,196458289,1952676,156950,43892,100.609773,1251.72532,4475.947531,0,92382519.28,1511460,120210,34572,61.12137885,768.5094358,2672.177464,0,61.6755,-0.392490639,-0.374796727
J2507,"Injection, pegloticase, 1 mg",Krystexxa,Pegloticase,142198168.1,56167,6932,858,2531.703102,20513.29603,165732.1307,0,160197748.5,59022,7234,907,2714.204,22145.11314,176623.758,0,201220453,68476,8541,973,2938.554428,23559.35523,206804.1655,0,246712914.6,79527,9933,1081,3102.253507,24837.70408,228226.563,0,282830139.6,85199,10614,1097,3319.64154,26646.89463,257821.4582,0,3423.05025,0.070074233,0.070088272
J2508,"Injection, pegunigalsidase alfa-iwxj, 1 mg",Elfabrio,Pegunigalsidase Alfa-Iwxj,,,,,,,,,,,,,,,,,,,,,,,,,,,,,,,,,4247817.2,19512,188,18,217.7028085,22594.77234,235989.8444,0,223.547,,
J2540,"Injection, penicillin g potassium, up to 600,000 units",Penicillin G Potassium*,Penicillin G Potassium*,50774.76,47026,724,108,1.079716752,70.13088398,470.1366667,0,55958.57,56049.5,626,122,0.998377684,89.3906869,458.6768033,0,21404.85,28659,423,108,0.746880561,50.60248227,198.1930556,0,24551.9,29342,469,124,0.83674937,52.34946695,197.9991936,0,16798.38,19828,508,141,0.847204963,33.06767717,119.1374468,0,0.8855,0.01249549,-0.05882656
J2543,"Injection, piperacillin sodium/tazobactam sodium, 1 gram/0.125 grams (1.125 grams)",Piperacillin-Tazobactam*,Piperacillin Sodium/Tazobactam*,112304.86,54378,4071,822,2.06526279,27.58655367,136.6239173,0,113942.79,63434,4036,856,1.796241605,28.23161298,133.110736,0,73184.06,46274,3711,921,1.581537364,19.72084613,79.46152009,0,54909.53,37898.5,3554,1098,1.448857607,15.45006472,50.00867942,0,47938.91,39728,3421,998,1.206678162,14.01312774,48.03497996,0,1.12725,-0.167151999,-0.125712975
J2545,"Pentamidine isethionate, inhalation solution, fda-approved final product, non-compounded, administered through dme, unit dose form, per 300 mg",Nebupent*,Pentamidine Isethionate*,144508.36,1238,1223,308,116.7272698,118.1589207,469.182987,0,150086.75,1336,1323,330,112.3403817,113.4442555,454.8083333,0,172132.46,1474,1458,400,116.7791452,118.0606722,430.33115,0,158305.65,1718,1709,437,92.14531432,92.63057344,362.255492,0,137942.15,1806,1802,486,76.37992802,76.54947281,283.8315844,0,77.6655,-0.171092653,-0.10060239
J2550,"Injection, promethazine hcl, up to 50 mg",Phenergan*,Promethazine HCL*,97818.39,46083.8,43440,23499,2.122619879,2.251804558,4.162661815,0,89226.6,38462.4,36634,19744,2.319839636,2.435622646,4.519175446,0,83428.71,31988,30232,17041,2.608125235,2.75961597,4.895763746,0,78257.12,24886,23332,14380,3.144624287,3.354068233,5.442080668,0,66185.93,20067,18818,11901,3.298247371,3.517160697,5.561375515,0,3.39325,0.048852604,0.116484632
J2562,"Injection, plerixafor, 1 mg",Mozobil*,Plerixafor*,17787709.35,58788,2317,1524,302.5738135,7677.04331,11671.7253,0,18573468.7,58795,2321,1503,315.9021805,8002.356183,12357.59727,0,22411107.04,59356,2387,1565,377.5710466,9388.817361,14320.19619,0,23487369.81,58842,2355,1522,399.1599506,9973.40544,15431.91183,0,6051039.8,52586,2068,1360,115.0694063,2926.03472,4449.293971,0,118.5865,-0.711721063,-0.214706264
J2597,"Injection, desmopressin acetate, per 1 mcg",Ddavp*,Desmopressin Acetate*,535095.82,54173,2286,1967,9.87753715,234.0751619,272.0365125,0,573116.12,64025,2653,2196,8.951442718,216.0256766,260.9818397,0,461488.75,57980,2420,2102,7.959447223,190.6978306,219.5474548,0,388511.53,56556,2331,2020,6.869501556,166.671613,192.3324406,0,355879.56,61460,2468,2151,5.790425643,144.1975527,165.448424,0,5.896,-0.157082127,-0.124985088
J2598,"Injection, vasopressin, 1 unit",Vasopressin (J2598)*,Vasopressin*,,,,,,,,,,,,,,,,,,,,,,,,,,,,,,,,,88718.31,47527,2482,2457,1.866692827,35.74468574,36.10838828,0,1.811,,
J2599,"Injection, vasopressin (american regent), not therapeutically equivalent to j2598, 1 unit",Vasopressin (J2599),Vasopressin,,,,,,,,,,,,,,,,,,,,,,,,,,,,,,,,,621.46,1600,103,102,0.3884125,6.033592233,6.092745098,0,0.91075,,
J2675,"Injection, progesterone, per 50 mg",Progesterone,Progesterone,1155.26,712,701,132,1.62255618,1.648017118,8.751969697,0,1074.29,797,797,135,1.34791719,1.34791719,7.957703704,0,868.57,797,791,137,1.089799247,1.09806574,6.339927007,0,775.28,839,832,137,0.924052443,0.931826923,5.658978102,0,763.69,999,942,147,0.764454455,0.810711253,5.195170068,0,0.7675,-0.172715293,-0.17150867
J2680,"Injection, fluphenazine decanoate, up to 25 mg",Fluphenazine Decanoate,Fluphenazine Decanoate,44028.16,4738.5,2889,500,9.291581724,15.23993077,88.05632,1,41654.02,4263.5,2614,429,9.769912044,15.93497322,97.09561772,1,28090.97,3379,1815,320,8.313397455,15.47711846,87.78428125,1,21335.13,2782,1522,254,7.668989935,14.01782523,83.9965748,0,21544.12,2749,1473,223,7.8370753,14.62601494,96.61040359,1,9.50075,0.021917536,-0.041667775
J2690,"Injection, procainamide hcl, up to 1 gm",Procainamide HCL,Procainamide HCL,9536.71,252,202,119,37.8440873,47.21143564,80.14042017,0,8453.12,240,201,120,35.22133333,42.05532338,70.44266667,0,5861.84,167,134,80,35.10083832,43.74507463,73.273,0,,,,,,,,,90280.2,277,215,206,325.9212996,419.907907,438.2533981,0,323.081,,0.713084071
J2700,"Injection, oxacillin sodium, up to 250 mg",Oxacillin*,Oxacillin In Dextrose(Iso-Osm)*,22052.37,18558,302,21,1.188294536,73.02109272,1050.112857,0,27500.98,21681,294,23,1.26843688,93.5407483,1195.694783,0,13647.85,11697,221,13,1.166782081,61.75497738,1049.834615,0,10742.55,9846,114,,1.091057282,94.23289474,,0,5559.52,6192,80,,0.897855297,69.494,,0,0.99475,-0.177077765,-0.067668061
J2704,"Injection, propofol, 10 mg",Diprivan*,Propofol*,106991.37,926374.9,61155,36612,0.115494677,1.749511405,2.922303343,0,144819.01,1067041.7,67724,42117,0.135720104,2.138370592,3.438493008,0,137329.93,940907.6,54735,38026,0.145954746,2.50899662,3.611474517,0,133488.17,977469.8,52097,38051,0.136565007,2.562300516,3.508138288,0,113209.19,768993.8,41328,30945,0.147217299,2.739285472,3.658400065,0,0.107,0.078001621,0.062549617
J2720,"Injection, protamine sulfate, per 10 mg",Protamine Sulfate,Protamine Sulfate,2364.43,2393,928,761,0.988061011,2.547877155,3.107003942,0,2887.77,2355,887,725,1.226229299,3.255659527,3.983131035,0,3072.21,1949,717,595,1.576300667,4.284811716,5.163378151,0,2063.6,2299,828,670,0.897607656,2.492270531,3.08,0,2977.66,1945,666,557,1.530930591,4.470960961,5.345888689,0,1.438,0.705567663,0.115688444
J2760,"Injection, phentolamine mesylate, up to 5 mg",Phentolamine Mesylate,Phentolamine Mesylate,168788.45,742,727,629,227.4776954,232.1711829,268.3441177,0,194747.95,743.3,735,648,262.0045069,264.9631973,300.5369599,0,187971.88,730,723,652,257.495726,259.988769,288.3004295,0,228734.43,919,838,743,248.8949184,272.9527804,307.8525303,0,180443.35,898,766,658,200.9391425,235.5657311,274.2300152,1,414.39225,-0.192674789,-0.03053657
J2765,"Injection, metoclopramide hcl, up to 10 mg",Metoclopramide HCL,Metoclopramide HCL,13623.24,8383.5,6527,2448,1.625006262,2.087213115,5.56504902,0,6576.52,5290,4215,2191,1.243198488,1.560265718,3.001606572,0,5129.12,4314,3430,2042,1.188947612,1.495370262,2.511811949,0,5126.6,3932,3300,1969,1.303814853,1.553515152,2.603656679,0,4143.02,3658,3102,1799,1.13259158,1.335596389,2.302957198,0,1.01325,-0.131324837,-0.086298007
J2777,"Injection, faricimab-svoa, 0.1 mg",Vabysmo,Faricimab-Svoa,,,,,,,,,,,,,,,,,169912032,4556170,67427,37957,37.29273315,2519.940558,4476.434703,0,1296917273,35624519.5,510643,112159,36.4051864,2539.772939,11563.20289,0,1918151107,55643760,792936,172503,34.47198943,2419.049087,11119.52318,0,35.151,-0.05310224,-0.038562478
J2778,"Injection, ranibizumab, 0.1 mg",Lucentis,Ranibizumab,1113124781,3337233,611466,120692,333.5472175,1820.419747,9222.854714,0,1044929993,3331899,604786,114432,313.6139461,1727.768158,9131.449187,0,795501258.5,2844896,513440,102227,279.6240209,1549.355832,7781.713818,0,386040635.3,1687121.5,304178,71182,228.8161435,1269.127403,5423.290092,0,128919304.6,808761,144995,33741,159.4034635,889.1293118,3820.85014,0,158.92325,-0.303355694,-0.168551971
J2779,"Injection, ranibizumab, via intravitreal implant (susvimo), 0.1 mg",Susvimo*,Ranibizumab*,,,,,,,,,,,,,,,,,825096.1,10272,115,106,80.32477609,7174.748696,7783.925472,0,1669238.09,20800,238,152,80.25183125,7013.60542,10981.82954,0,2245603.9,28508,294,195,78.77100814,7638.108503,11515.91744,0,80.18125,-0.018452203,-0.009719015
J2781,"Injection, pegcetacoplan, intravitreal, 1 mg",Syfovre,Pegcetacoplan/PF,,,,,,,,,,,,,,,,,,,,,,,,,76651580.03,508910,28702,17414,150.6191272,2670.600656,4401.721605,0,403855394.8,2751040,148576,29338,146.8009898,2718.173829,13765.60757,0,149.448,-0.025349619,-0.025349619
J2782,"Injection, avacincaptad pegol, 0.1 mg",Izervay,Avacincaptad Pegol Sodium/PF,,,,,,,,,,,,,,,,,,,,,,,,,,,,,,,,,190365232.8,1757168,73172,18308,108.3363872,2601.613086,10397.92619,0,110.429,,
J2783,"Injection, rasburicase, 0.5 mg",Elitek,Rasburicase,15184840.31,53342,2953,1835,284.669497,5142.174165,8275.117335,0,13796620.52,46164,2726,1798,298.8610285,5061.122715,7673.315083,0,13330218.62,41528,2606,1704,320.9935133,5115.202847,7822.898251,0,11795774.12,34355,2337,1576,343.3495596,5047.400137,7484.628249,0,10616813.93,29294,2076,1455,362.4228146,5114.072221,7296.779333,0,369.23625,0.055550544,0.06223021
J2785,"Injection, regadenoson, 0.1 mg",Lexiscan*,Regadenoson*,121070244,2059432.5,521909,517080,58.7881584,231.9757736,234.1421908,0,131961555.8,2224787.4,563067,557917,59.31423191,234.3620844,236.5254255,0,131026259.1,2163167.4,546824,542034,60.5714838,239.6132195,241.7307016,0,118734034,2209139,558033,553162,53.74674656,212.7724238,214.6460421,0,15267151.38,2245128.4,568842,563958,6.80012394,26.83900166,27.0714333,0,6.9005,-0.873478408,-0.416814465
J2786,"Injection, reslizumab, 1 mg",Cinqair,Reslizumab,11663481.74,1315637,4429,512,8.86527343,2633.434577,22780.23777,0,11402564.53,1253170,4199,445,9.098976619,2715.542875,25623.74052,0,11088288.92,1117227,3753,414,9.924830782,2954.513435,26783.30657,0,9788940.6,978899,3278,354,9.999949535,2986.253996,27652.37458,0,8600042.85,867750,2890,302,9.910737943,2975.793374,28476.96308,0,10.1975,-0.008921204,0.028261238
J2790,"Injection, rho d immune globulin, human, full dose, 300 micrograms (1500 i.u.)",Hyperrho S-D*,Rho(D) Immune Globulin*,25653.71,333,333,324,77.03816817,77.03816817,79.17811728,0,22572.25,289,289,275,78.10467128,78.10467128,82.08090909,0,17971.91,229,229,217,78.47995633,78.47995633,82.81986175,0,13673.37,175,175,167,78.13354286,78.13354286,81.87646707,0,11157.25,143,143,141,78.02272727,78.02272727,79.12943262,0,79.648,-0.001418284,0.003179838
J2791,"Injection, rho(d) immune globulin (human), (rhophylac), intramuscular or intravenous, 100 iu",Rhophylac,Rho(D) Immune Globulin,3271.81,693,54,49,4.721226551,60.58907407,66.77163265,0,3351.55,817,50,47,4.102264382,67.031,71.30957447,0,3051.04,650,46,45,4.693907692,66.32695652,67.80088889,0,2484.61,513,37,35,4.843294347,67.15162162,70.98885714,0,1723.38,364,28,28,4.73456044,61.54928571,61.54928571,1,4.7955,-0.022450402,0.000705314
J2792,"Injection, rho d immune globulin, intravenous, human, solvent detergent, 100 iu",Winrho SDF,Rho(D) Immune Globulin/Maltose,667336.95,23361,123,37,28.56628355,5425.503659,18036.13378,0,483236.21,17402,88,30,27.76900414,5491.320568,16107.87367,0,399561.72,12805,63,18,31.20357048,6342.249524,22197.87333,0,382935.66,11582,56,16,33.06299948,6838.136786,23933.47875,0,295914.62,9102,43,16,32.51094485,6881.735349,18494.66375,0,32.916,-0.016697052,0.032865954
J2794,"Injection, risperidone (risperdal consta), 0.5 mg",Risperdal Consta*,Risperidone Microspheres*,3899551.79,452904,5451,654,8.610106756,715.382827,5962.617416,0,3340582.76,369115,4803,567,9.050249272,695.5200416,5891.680353,0,2852736.27,272813,3667,389,10.45674609,777.9482602,7333.512262,0,2569863.1,229350,3316,335,11.20498409,774.9888721,7671.233134,0,1968421.41,178901,2607,263,11.00285303,755.0523245,7484.492053,0,11.9485,-0.018039388,0.063222587
J2795,"Injection, ropivacaine hydrochloride, 1 mg",Naropin*,Ropivacaine HCL/PF*,28822.65,376291.5,19873,12652,0.076596601,1.450342173,2.27811018,0,40586.92,519900.7,23400,15037,0.078066677,1.734483761,2.699136796,0,48870.13,644896.5,27490,18104,0.075779803,1.777742088,2.699410628,0,53355.69,723309.5,26341,17234,0.073766057,2.025575719,3.095955089,0,48140.72,707372,16024,9909,0.068055733,3.004288567,4.85828237,0,0.069,-0.077411271,-0.029123914
J2796,"Injection, romiplostim, 10 micrograms",NPlate,Romiplostim,232041197,3314914,79226,4622,69.99916046,2928.851602,50203.63414,0,248357392,3321767.8,82730,4961,74.76663239,3002.023353,50061.9617,0,283987978.8,3357690.4,83240,5256,84.57836933,3411.676823,54031.19839,0,323220820.4,3528680.5,86562,5764,91.59821084,3733.980505,56075.78425,0,362499336.2,3744741.8,92588,6523,96.80222443,3915.187024,55572.48753,0,98.56875,0.056813485,0.084421518
J2798,"Injection, risperidone, (perseris), 0.5 mg",Perseris,Risperidone,5131.62,516,13,12,9.945,394.74,427.635,1,28038.69,3017,31,11,9.293566457,904.473871,2548.971818,1,56727.43,8889,51,22,6.381756103,1112.302549,2578.519546,1,33654.83,8991,66,29,3.743168724,509.9216667,1160.511379,1,68224.31,8605,151,47,7.928449739,451.8166225,1451.581064,1,11.9135,1.118111772,-0.055078192
J2799,"Injection, risperidone (uzedy), 1 mg",Uzedy,Risperidone,,,,,,,,,,,,,,,,,,,,,,,,,,,,,,,,,100391.21,4982,100,41,20.15078483,1003.9121,2448.566098,1,24.7385,,
J2800,"Injection, methocarbamol, up to 10 ml",Methocarbamol*,Methocarbamol*,9563.14,1225,1163,600,7.806644898,8.222820292,15.93856667,0,8901.6,1203,1060,629,7.399501247,8.397735849,14.15198728,0,7455.37,1162.5,1083,591,6.413221505,6.883998153,12.61483926,0,8728.88,1481,1355,702,5.893909521,6.44197786,12.43430199,0,6996.48,1062,988,563,6.588022599,7.08145749,12.42714032,0,6.794,0.117767854,-0.041542933
J2805,"Injection, sincalide, 5 micrograms",Kinevac*,Sincalide*,584162.51,5526.5,5465,5404,105.7020737,106.8915846,108.0981699,0,484209.39,4409.2,4379,4348,109.8179693,110.5753346,111.3637052,0,372661.33,3349.3,3328,3321,111.2654376,111.9775631,112.2135893,0,485144.62,4131,4100,4093,117.4399952,118.3279561,118.530325,0,423517.7,3468.2,3417,3409,122.1145551,123.9443079,124.2351716,0,132.245,0.039803816,0.036742688
J2820,"Injection, sargramostim (gm-csf), 50 mcg",Leukine,Sargramostim,2778908.54,60276,6011,413,46.10306822,462.3038663,6728.592107,0,2351485.64,48043,4511,309,48.94543721,521.278129,7609.98589,0,1974305.29,37366,3658,247,52.83694508,539.7226053,7993.138826,0,1867290.12,33243,3166,234,56.17092681,589.7947315,7979.872308,0,1402911.86,23872,2540,198,58.76809065,552.3275039,7085.413434,0,59.7605,0.046236799,0.062558716
J2860,"Injection, siltuximab, 10 mg",Sylvant,Siltuximab,6576948.89,66379,661,84,99.08177119,9949.998321,78297.0106,0,8308639.87,77123,763,76,107.732322,10889.43627,109324.2088,0,11681692.14,92329,849,83,126.5224593,13759.3547,140743.2788,0,12525046.28,91178,873,82,137.3691711,14347.13205,152744.4668,0,12646138.12,84569,797,86,149.5363327,15867.17456,147048.1177,0,152.6195,0.088572724,0.108378878
J2916,"Injection, sodium ferric gluconate complex in sucrose injection, 12.5 mg",Ferrlecit*,Sodium Ferric Gluconat/Sucrose*,295322.1,149116,16568,2568,1.980485662,17.82484911,115.0008178,0,259491.61,125311,14955,2100,2.070780777,17.35149515,123.5674333,0,229902.47,119547,14166,2159,1.923113671,16.22917337,106.4856276,0,251051.58,119573,13277,2179,2.099567461,18.908758,115.2141258,0,250133.17,115789,12783,2233,2.160249851,19.56764218,112.0166458,0,2.22125,0.028902329,0.021958053
J2919,"Injection, methylprednisolone sodium succinate, 5 mg",MethylprednIsolone Sodium Succ*,MethylprednIsolone Sod Succ*,,,,,,,,,,,,,,,,,,,,,,,,,,,,,,,,,1179259.8,4151843.2,177911,92927,0.284032836,6.628369241,12.69017401,0,0.290666667,,
J2997,"Injection, alteplase recombinant, 1 mg",Activase*,Alteplase*,56279564.23,705745,76241,49508,79.74489969,738.1797751,1136.777172,0,51146680.04,640631.2,70609,46340,79.83794739,724.3648832,1103.726371,0,39948592.23,469060,63452,41354,85.16733942,629.5875974,966.0151915,0,27390504.71,315270,62136,39435,86.87951505,440.8153842,694.573468,0,19161773,216911,58839,37622,88.33933272,325.6644912,509.3236138,0,90.15175,0.016802783,0.025918354
J3000,"Injection, streptomycin, up to 1 gm",Streptomycin Sulfate,Streptomycin Sulfate,,,,,,,,,,,,,,,,,,,,,,,,,360.52,14,13,11,25.75142857,27.73230769,32.77454546,1,2604.42,123,90,76,21.17414634,28.938,34.26868421,1,30.0745,-0.177748672,-0.177748672
J3010,"Injection, fentanyl citrate, 0.1 mg",Fentanyl Citrate,Fentanyl Citrate/PF,400962.24,484153,109982,63961,0.828172582,3.645707843,6.268855084,0,290934.65,439523.7,102353,61708,0.661931655,2.842463338,4.714699067,0,274247.58,351947.4,76303,51739,0.779228885,3.594191316,5.300596842,0,261592.25,286441.6,64274,45226,0.913248111,4.069954414,5.784112015,0,180780.68,189342.1,50336,37082,0.954783326,3.591478862,4.875159916,0,0.925,0.045480757,0.036205742
J3032,"Injection, eptinezumab-jjmr, 1 mg",Vyepti,Eptinezumab-Jjmr,1155142.7,74137,604,593,15.58119023,1912.487914,1947.964081,0,12936886.29,830569,5118,2236,15.57593203,2527.722995,5785.727321,0,25996801.33,1626578,8403,3387,15.98251134,3093.75239,7675.465406,0,45074964.37,2680148,12859,4835,16.8180878,3505.324238,9322.639994,0,70625021.55,3941124,17819,6392,17.92002016,3963.467173,11048.97083,0,18.364,0.065520669,0.035581935
J3055,"Injection, talquetamab-tgvs, 0.25 mg",Talvey,Talquetamab-Tgvs,,,,,,,,,,,,,,,,,,,,,,,,,,,,,,,,,72228765.09,1087521,4344,692,66.41597274,16627.24795,104376.8282,0,67.66,,
J3060,"Injection, taliglucerase alfa, 10 units",Elelyso,Taliglucerase Alfa,4825582.42,140712,229,20,34.29403619,21072.41231,241279.121,0,4479297.68,129757,205,14,34.52066309,21850.23259,319949.8343,0,4550834.81,114328,183,16,39.80507671,24867.94978,284427.1756,0,5093939.3,121401,201,12,41.95961565,25342.98159,424494.9417,0,5035065.26,117941,185,12,42.69139027,27216.56897,419588.7717,0,44.29625,0.017439974,0.056283326
J3090,"Injection, tedizolid phosphate, 1 mg",Sivextro,Tedizolid Phosphate,80337.03,51952,73,20,1.546370303,1100.50726,4016.8515,0,43542.3,27460,141,20,1.585662782,308.8106383,2177.115,0,72395.04,42685,189,24,1.696029987,383.0425397,3016.46,0,53137.61,31851,147,19,1.66831842,361.4803401,2796.716316,0,51551.18,29000,149,28,1.777626897,345.9810738,1841.113571,0,1.8035,0.065520152,0.035456308
J3095,"Injection, telavancin, 10 mg",Vibativ,Telavancin HCL,1871452.82,355061,2061,251,5.270792399,908.0314508,7455.987331,0,1353072.6,222251,1793,180,6.088038299,754.6417178,7517.07,0,1223976.68,187180,1645,163,6.539035581,744.058772,7509.059387,0,1683613.44,244876,2108,171,6.875371372,798.6781025,9845.692632,0,1066665.18,155225,1362,138,6.871735738,783.1609251,7729.457826,0,7.11675,-0.000528791,0.068556855
J3101,"Injection, tenecteplase, 1 mg",Tnkase,Tenecteplase,5793903.63,48245,1041,1030,120.0933492,5565.709539,5625.149155,0,7358267.14,59133,1304,1299,124.4358842,5642.842899,5664.562848,0,13250569.35,97739,2187,2182,135.5709527,6058.787997,6072.671563,0,23404561.31,160593,3519,3510,145.7383654,6650.912563,6667.966185,0,30455381.62,199573,4266,4258,152.6027149,7139.095551,7152.5086,0,155.3545,0.047100498,0.061722023
J3105,"Injection, terbutaline sulfate, up to 1 mg",Terbutaline Sulfate,Terbutaline Sulfate,469.08,222,214,128,2.112972973,2.191962617,3.6646875,0,511.69,178,169,98,2.874662921,3.027751479,5.221326531,0,529.27,126,113,63,4.200555556,4.68380531,8.401111111,1,154.94,57,49,39,2.718245614,3.162040816,3.972820513,1,214.21,46,40,27,4.65673913,5.35525,7.933703704,0,4.95275,0.713141412,0.218419923
J3111,"Injection, romosozumab-aqqg, 1 mg",Evenity (2 Syringes),Romosozumab-Aqqg,118098743.6,13130654,63882,11261,8.994125017,1848.701412,10487.41174,0,195888958.6,21387556.1,103241,19410,9.159015538,1897.395014,10092.16685,0,297475909.6,31580652.7,151918,28012,9.419561795,1958.134715,10619.58838,0,451203842.3,45313876.8,217549,39629,9.95729949,2074.033171,11385.69841,0,639373585.4,59614546.1,285908,52146,10.72512712,2236.291343,12261.22014,0,10.936,0.077112036,0.044986987
J3121,"Injection, testosterone enanthate, 1 mg",Testosterone Enanthate,Testosterone Enanthate,59135.45,1176171.2,6636,1000,0.050277927,8.911309524,59.13545,0,45424.64,909594,5528,721,0.049939468,8.217192475,63.00227462,0,32325.45,702002.5,4191,572,0.046047486,7.713063708,56.51302448,0,28529.6,622541.8,3814,557,0.045827606,7.480230729,51.22010772,0,21369.61,442264.5,3468,515,0.048318619,6.1619406,41.49438835,0,0.0495,0.054356185,-0.009888083
J3145,"Injection, testosterone undecanoate, 1 mg",Aveed,Testosterone Undecanoate,13078428.92,8870015,12380,3468,1.47445398,1056.415906,3771.173276,0,14826932.53,9492671.5,13732,3546,1.561934649,1079.735838,4181.31205,0,16473380.63,9955576,14301,3741,1.654688853,1151.904107,4403.469829,0,18639276.04,10444944,14579,3822,1.784526182,1278.501683,4876.838315,0,19943400.2,10697425,14649,3821,1.864317834,1361.417175,5219.419053,0,1.899420166,0.044713074,0.060406016
J3230,"Injection, chlorpromazine hcl, up to 50 mg",Chlorpromazine HCL,Chlorpromazine HCL,954.1,39,37,28,24.46410256,25.78648649,34.075,1,1484.3,48,47,26,30.92291667,31.58085106,57.08846154,0,262.06,17,15,15,15.41529412,17.47066667,17.47066667,1,392.46,15,15,14,26.164,26.164,28.03285714,1,322.55,12,11,11,26.87916667,29.32272727,29.32272727,1,28.8815,0.027333996,0.023815329
J3240,"Injection, thyrotropin alpha, 0.9 mg, provided in 1.1 mg vial",Thyrogen,Thyrotropin Alfa,10698001.53,6985,5564,3304,1531.567864,1922.717744,3237.893926,0,11030313.26,6951,5519,3291,1586.867107,1998.607222,3351.660061,0,11964456.51,6600,5266,3132,1812.796441,2272.019846,3820.069128,0,12139008.99,6337,5073,3032,1915.576612,2392.865955,4003.630933,0,12348774.67,6226,4912,2930,1983.420281,2514.001358,4214.598864,0,2045.679,0.035416839,0.066767132
J3241,"Injection, teprotumumab-trbw, 10 mg",Tepezza,Teprotumumab-Trbw,65401279.06,220652,1384,470,296.400119,47255.25944,139151.6576,0,302693259.2,959146,6448,1163,315.5862186,46943.74368,260269.3545,0,308126858,981308.9,6454,1210,313.9957846,47741.99845,254650.2958,0,273505773.3,864700,5784,1057,316.3013453,47286.61364,258756.6446,0,246465794.9,767684,5046,962,321.051103,48843.79606,256201.45,0,335.356,0.015016559,0.020173289
J3243,"Injection, tigecycline, 1 mg",Tigecycline*,Tigecycline*,510008.19,352161,2729,254,1.448224505,186.8846427,2007.90626,0,318211.47,304922,2495,225,1.043583179,127.5396673,1414.2732,0,80980.65,81727,864,50,0.990867767,93.72760417,1619.613,0,48843.2,74306,1209,49,0.657325115,40.39966915,996.8,0,39665.96,67367,614,41,0.588804014,64.60254072,967.462439,0,0.627,-0.104242329,-0.201483825
J3245,"Injection, tildrakizumab, 1 mg",Ilumya,Tildrakizumab-Asmn,66825098.4,496376,5033,1742,134.6259658,13277.38891,38361.13571,0,144583755.7,1079400.9,10889,3590,133.9481519,13277.96452,40274.02666,0,251905420.1,1863466,18733,5750,135.1811195,13447.14782,43809.63828,0,344295529.7,2505612,25178,7596,137.4097545,13674.45904,45325.89912,0,413395381.9,3076317,30861,9049,134.3799686,13395.39814,45684.09569,0,133.53525,-0.022049278,-0.000457129
J3247,"Injection, secukinumab, intravenous, 1 mg",Cosentyx,Secukinumab,,,,,,,,,,,,,,,,,,,,,,,,,,,,,,,,,54225555.05,3144835,12224,3236,17.24273453,4435.991087,16756.97004,0,17.5525,,
J3250,"Injection, trimethobenzamide hcl, up to 200 mg",Tigan,Trimethobenzamide HCL,92686.01,2821,2720,816,32.85572847,34.07573897,113.5857966,0,104375.55,2817,2749,643,37.05202343,37.9685522,162.3258943,0,90027.55,2289,2269,471,39.33051551,39.6771926,191.1412951,0,58557.89,1492,1445,440,39.24791555,40.52449135,133.0861136,0,28583.85,681,649,339,41.97334802,44.04291217,84.31814159,0,48.999,0.069441458,0.063140415
J3260,"Injection, tobramycin sulfate, up to 80 mg",Tobramycin Sulfate,Tobramycin Sulfate,56438.37,15623,8368,4713,3.612518082,6.744547084,11.97504138,0,66503.03,15210.6,8276,4863,4.372150343,8.035648864,13.67530948,0,61825.48,23353.6,13812,8629,2.647364004,4.476214886,7.164848766,0,55227.72,21800.5,13948,8457,2.533323548,3.959544021,6.530415041,0,67742.48,28082.2,12247,7168,2.412292484,5.531352984,9.450680804,0,2.46875,-0.047775604,-0.09602799
J3262,"Injection, tocilizumab, 1 mg",Actemra (J3262),Tocilizumab,282175319.7,56792764.4,104501,13490,4.968508271,2700.216454,20917.36988,0,288597502.6,54827761.3,102379,13804,5.263711225,2818.913084,20906.80257,0,344023635.3,59552938.1,113890,15085,5.776770153,3020.665865,22805.67685,0,415957927.2,70950147.5,138597,17757,5.862678822,3001.204407,23425.01139,0,463211739,78590858.9,155513,19715,5.893964585,2978.604612,23495.39635,0,6.0185,0.005336428,0.043627168
J3263,"Injection, toripalimab-tpzi, 1 mg",Loqtorzi,Toripalimab-Tpzi,,,,,,,,,,,,,,,,,,,,,,,,,,,,,,,,,2031090.85,53256,222,56,38.13825391,9149.057883,36269.47946,0,39.0695,,
J3285,"Injection, treprostinil, 1 mg",Remodulin*,Treprostinil Sodium*,163468435.2,2646708,12693,1097,61.76292783,12878.62879,149014.0704,0,155903547.6,2522868,12447,1058,61.79615724,12525.39147,147356.8503,0,130449989.3,2327237,11763,998,56.05359027,11089.85712,130711.4121,0,126521237.3,2318649,12654,931,54.56679182,9998.51725,135898.2141,0,121601005.7,2223596,12831,909,54.68664527,9477.126154,133774.4837,0,55.55775,0.002196454,-0.029962884
J3299,"Injection, triamcinolone acetonide (xipere), 1 mg",Xipere,Triamcinolone Acetonide/PF,,,,,,,,,,,,,,,,,474241.53,9293,363,313,51.03212418,1306.450496,1515.148658,0,1980830.08,42167,1345,914,46.97583608,1472.736119,2167.210153,0,3390119.55,71334,2185,1391,47.52459627,1551.542128,2437.18156,0,48.537,0.011681755,-0.034977598
J3301,"Injection, triamcinolone acetonide, not otherwise specified, 10 mg",Kenalog*,Triamcinolone Acetonide*,17716679.31,12122853.1,2671527,1665840,1.461428194,6.631667698,10.63528269,0,17098175.18,13481890.6,2961965,1850482,1.268232749,5.7725784,9.239849499,0,18860631.78,16524644.9,3521176,2173150,1.141363817,5.356344522,8.678936926,0,18427807.7,17230416.5,3598118,2180734,1.069492876,5.121512885,8.450277613,0,17462664.16,17881327.3,3675073,2201601,0.976586574,4.751650963,7.931802429,0,0.99,-0.086869492,-0.095864926
J3304,"Injection, triamcinolone acetonide, preservative-free, extended-release, microsphere formulation, 1 mg",Zilretta,Triamcinolone Acetonide,51659540.78,2810969.4,70793,46226,18.37783819,729.7266789,1117.542958,0,63872984.1,3588391.5,89035,56615,17.79989282,717.3918583,1128.19896,0,62805233.64,3687371.2,90357,54666,17.03252269,695.0787835,1148.890236,0,62204627.03,3725397.2,90694,53468,16.69744827,685.8736744,1163.399174,0,64847909.81,3745044.6,90238,51173,17.31565755,718.631949,1267.229004,0,17.651,0.037024177,-0.014773372
J3315,"Injection, triptorelin pamoate, 3.75 mg",Trelstar,Triptorelin Pamoate,11316961.73,39803,11911,5909,284.3243406,950.1269188,1915.207604,0,23819755.05,55292,16074,7180,430.7993028,1481.880991,3317.514631,0,12310846.21,35446,10647,4602,347.3127069,1156.273712,2675.107825,0,9957975.96,26561,8342,3303,374.9096781,1193.715651,3014.82772,0,11367887.62,25916,7918,3298,438.6436032,1435.701897,3446.903463,0,438.87825,0.169998079,0.114485545
J3357,"Ustekinumab, for subcutaneous injection, 1 mg",Stelara (J3357),Ustekinumab,302470724,1777919.5,23496,6618,170.12622,12873.28584,45704.24962,0,254253809.7,1590183.5,20651,5471,159.8896038,12311.93694,46473.00488,0,60909299.51,379582.5,5097,1942,160.4639295,11950.02933,31364.2119,0,15158055.48,106137,1517,444,142.8159405,9992.126223,34139.7646,0,12233188.15,86544,1241,318,141.3522388,9857.524698,38469.14513,0,156.14775,-0.010248868,-0.045264965
J3358,"Ustekinumab, for intravenous injection, 1 mg",Stelara (J3358),Ustekinumab,11289875.34,1001304,2592,2391,11.27517252,4355.661782,4721.821556,0,11992514.59,1110775,2836,2621,10.79652908,4228.672281,4575.549252,0,13109461.84,1120721,2833,2628,11.69734648,4627.413286,4988.379696,0,12456529.13,1029316,2631,2405,12.10175411,4734.522664,5179.429992,0,10295766.21,832771,2153,1908,12.36326218,4782.055834,5396.103884,0,12.7395,0.021609105,0.023298814
J3360,"Injection, diazepam, up to 5 mg",Diazepam,Diazepam,34215,4494.5,3719,1835,7.612637668,9.200053778,18.64577657,0,29474.6,4489.5,3774,1947,6.565229981,7.80990991,15.13846944,0,23863.15,3959.6,3024,1788,6.026656733,7.891253307,13.34628076,0,20945.3,3059,2232,1241,6.847106898,9.384094982,16.87775987,0,20065.44,3193.4,2217,1310,6.283409532,9.050717185,15.31712977,0,5.821,-0.082326357,-0.046841661
J3370,"Injection, vancomycin hcl, 500 mg",Vancomycin*,Vancomycin HCL In 5 % Dextrose*,1208309.78,415535.8,31504,7561,2.90783557,38.35417026,159.8081973,0,413085.76,147702.3,25365,6596,2.796745616,16.28565977,62.6267071,0,269585.67,87082.5,18915,5428,3.095750237,14.25248057,49.66574613,0,189444.61,73181.5,17661,5396,2.588695367,10.72672046,35.10834136,0,159481.71,67065.5,16321,5120,2.377999269,9.771564855,31.14877148,0,2.261,-0.081390843,-0.049043901
J3371,"Injection, vancomycin hcl (mylan), not therapeutically equivalent to j3370, 500 mg",Vancomycin HCL (J3371),Vancomycin HCL,,,,,,,,,,,,,,,,,,,,,,,,,474.18,72,18,18,6.585833333,26.34333333,26.34333333,1,116315.31,20102,5930,5227,5.786255597,19.61472344,22.25278554,0,5.86225,-0.121408742,-0.121408742
J3372,"Injection, vancomycin hcl (xellia), not therapeutically equivalent to j3370, 500 mg",Vancomycin HCL (J3372),Vancomycin/Water For Inj (Peg),,,,,,,,,,,,,,,,,,,,,,,,,1715.68,47,39,,36.50382979,43.99179487,,0,132062.65,20711,5247,4366,6.376449713,25.16917286,30.24797297,0,6.46925,-0.825321076,-0.825321076
J3380,"Injection, vedolizumab, intravenous, 1 mg",Entyvio,Vedolizumab,434494106.8,23570855,78251,13756,18.43353187,5552.569383,31585.78851,0,526528196.5,27759023.1,92268,15742,18.96782155,5706.509261,33447.35081,0,673755474.6,31217957,103942,17466,21.58230517,6482.033005,38575.25905,0,727761504.5,33580269,111820,18640,21.67229526,6508.330393,39042.99917,0,769418664.2,35312565,117555,19661,21.78880702,6545.180249,39134.2589,0,22.26325,0.00537607,0.04269244
J3385,"Injection, velaglucerase alfa, 100 units",Vpriv,Velaglucerase Alfa,25304812.01,80100,1826,110,315.9152561,13858.05696,230043.7456,0,27094729.05,84724,1964,107,319.7999274,13795.68689,253221.7668,0,28849850.64,81677,1922,106,353.2187842,15010.32812,272168.4023,0,30900224.99,87224,2042,108,354.2628748,15132.33349,286113.1944,0,32671660.18,90967,2091,107,359.1594774,15624.89726,305342.6185,0,368.7325,0.013821947,0.032593015
J3396,"Injection, verteporfin, 0.1 mg",Visudyne,Verteporfin,2648687.24,242295.2,1685,1437,10.93165378,1571.921211,1843.206152,0,2537428.32,231929.6,1739,1407,10.94051091,1459.130719,1803.431642,0,1812799.96,163206,1271,1018,11.10743453,1426.278489,1780.746523,0,1671832.8,150631,1220,937,11.09886278,1370.354754,1784.239915,0,1580513.96,139980,970,851,11.29099843,1629.395835,1857.243196,0,11.5065,0.017311291,0.008118581
J3410,"Injection, hydroxyzine hcl, up to 25 mg",Hydroxyzine HCL,Hydroxyzine HCL,15303.46,2272,1336,733,6.735677817,11.45468563,20.87784448,0,14046.66,1671,1112,686,8.406140036,12.63188849,20.47618076,0,12405.47,1302,840,560,9.528010753,14.76841667,22.152625,0,13354.51,1152,700,460,11.5924566,19.07787143,29.03154348,0,8166.46,687,417,260,11.88713246,19.58383693,31.40946154,0,12.67125,0.025419622,0.152587616
J3411,"Injection, thiamine hcl, 100 mg",Thiamine HCL,Thiamine HCL,1031344.27,409340,131528,10154,2.519529658,7.841252585,101.5702452,0,1752222.82,583608,170965,12744,3.002396849,10.24901483,137.4939438,0,680121.69,254862,78851,7688,2.668588059,8.625403483,88.4653603,0,314092.39,126382,44504,5266,2.485262063,7.057621562,59.64534561,0,177674.14,84952,31339,3903,2.091465063,5.669425955,45.52245452,0,2.1115,-0.158452908,-0.04548494
J3415,"Injection, pyridoxine hcl, 100 mg",Pyridoxine HCL,Pyridoxine HCL (Vitamin B6),3454057.01,453214,142379,10588,7.621249586,24.25959594,326.2237448,0,6881525.2,663661.5,182144,13281,10.36902879,37.78068561,518.1481214,0,2786105.71,324758,98665,8542,8.579021025,28.23803487,326.1655011,0,1693171.28,152140,59766,6322,11.12903431,28.33000837,267.8220943,0,1425379.69,105147,47790,5324,13.55606617,29.82589851,267.7272145,0,14.39,0.218081084,0.154853444
J3420,"Injection, vitamin b-12 cyanocobalamin, up to 1000 mcg",Cyanocobalamin Injection*,Cyanocobalamin (Vitamin B-12)*,3446023.97,1758043.7,1752896,439391,1.960146935,1.965903265,7.842727707,0,3548759.85,1812068.5,1806138,417726,1.958402704,1.964833169,8.495424872,0,2913856.24,1723206.5,1716729,409677,1.690950121,1.697330353,7.112569756,0,2502840.76,1635736,1631017,390832,1.530100676,1.534527697,6.403878802,0,1920271.68,1543332.5,1537776,365260,1.244237182,1.248733027,5.257273394,0,1.282,-0.186826592,-0.107406671
J3425,"Injection, hydroxocobalamin, intramuscular, 10 mcg",Hydroxocobalamin,Hydroxocobalamin,,,,,,,,,,,,,,,,,,,,,,,,,,,,,,,,,33.66,989,336,142,0.034034378,0.100178571,0.237042254,0,0.007333333,,
J3430,"Injection, phytonadione (vitamin k), per 1 mg",Phytonadione*,Phytonadione (Vit K1)*,19951.25,5216,956,654,3.825009586,20.86950837,30.50649847,0,14279.37,4107,767,472,3.476837107,18.6171708,30.25290254,0,13693.12,4478,1098,434,3.057865118,12.47096539,31.55096774,0,8106.11,2963,714,290,2.735777928,11.35309524,27.95210345,0,5605.37,2024,310,193,2.769451581,18.08183871,29.04336788,0,2.76675,0.012308621,-0.077555359
J3465,"Injection, voriconazole, 10 mg",Vfend IV*,Voriconazole*,948.6,570,156,38,1.664210526,6.080769231,24.9631579,0,3657.93,2555,179,45,1.431675147,20.43536313,81.28733333,0,3953.24,3302,296,46,1.197225924,13.35554054,85.94,0,1029.15,963.3,186,60,1.068358767,5.533064516,17.1525,0,163.25,199,105,40,0.820351759,1.554761905,4.08125,0,0.933,-0.232138319,-0.162088864
J3473,"Injection, hyaluronidase, recombinant, 1 usp unit",Hylenex,"Hyaluronidase, Human Recomb.",23665.12,66673,472,350,0.35494308,50.1379661,67.61462857,0,34538.04,96068,477,330,0.359516592,72.40679245,104.6607273,0,36252.22,101720,395,291,0.356392253,91.77777215,124.5780756,0,39137.49,110890,472,384,0.35293976,82.91841102,101.9205469,0,44112.38,123836,433,359,0.356216125,101.8761663,122.8757103,0,0.3625,0.00928307,0.00089545
J3475,"Injection, magnesium sulfate, per 500 mg",Magnesium Sulfate*,Magnesium Sulfate*,301130.39,538859.8,131454,21706,0.558828827,2.290766276,13.87314061,0,370547.5,520724.9,127365,21194,0.711599349,2.909335375,17.48360385,0,331697.12,465125.1,117860,20649,0.713135283,2.81433158,16.06359243,0,350743.68,453358.2,120619,21025,0.773656857,2.907864267,16.68222021,0,256082.83,445237.5,114020,19942,0.575160066,2.245946588,12.84138151,0,0.576,-0.256569549,0.007227283
J3480,"Injection, potassium chloride, per 2 meq",Dextrose 5%-Potassium Chloride*,Potassium Chloride In D5W*,81088.79,529569,48904,13927,0.153122237,1.658121831,5.82241617,0,74982.25,483599,45168,12708,0.155050465,1.66007461,5.900397388,0,65164.25,402005.5,37629,11511,0.162097907,1.731756092,5.661041612,0,52671.67,431201.5,43695,12651,0.122150943,1.205439295,4.163439254,0,46566.24,405439.7,39429,11407,0.114853676,1.181014989,4.082251249,0,0.11125,-0.059739753,-0.069370835
J3489,"Injection, zoledronic acid, 1 mg",Reclast*,Zoledronic Acid/Mannitol-Water*,6211800.83,556539.3,128094,71966,11.16147742,48.49408114,86.31577175,0,6038888.51,582221.8,133155,78122,10.37214428,45.35232256,77.30074128,0,4257950.12,591258,134229,82948,7.201509527,31.72153648,51.33276414,0,5306181.44,614237,138297,89990,8.638654852,38.3680155,58.96412313,0,4175000.87,643811.5,143810,96550,6.484818724,29.03136687,43.24185262,0,6.5865,-0.249325406,-0.126940105
J7030,"Infusion, normal saline solution , 1000 cc",Sodium Chloride (J7030),0.9 % Sodium Chloride,720638,281049.7,248110,79203,2.564094536,2.904510096,9.098620002,0,762102.35,284568,253102,82288,2.678102773,3.011048313,9.261403242,0,679207.95,258427.5,238338,80413,2.628234031,2.849767767,8.446494348,0,728593.62,284436,263088,84551,2.561537991,2.769391306,8.617208785,0,742384.29,284195,262441,81898,2.612235578,2.828766428,9.064742607,0,2.63925,0.019791854,0.004661077
J7040,"Infusion, normal saline solution, sterile (500 ml = 1 unit)",Sodium Chloride (J7040),0.9 % Sodium Chloride,273224.08,214644.7,182408,58851,1.272913238,1.497873339,4.642641247,0,281686.23,206144,175328,56931,1.366453693,1.606624327,4.947853191,0,255581.31,194901.3,162198,54072,1.311337123,1.575736507,4.726684976,0,261326.84,206521.2,173166,55105,1.265375371,1.509111719,4.742343526,0,260925.03,200721.7,171838,55489,1.299934337,1.518436143,4.702283876,0,1.3195,0.027311237,0.005265211
J7042,5% dextrose/normal saline (500 ml = 1 unit),Dextrose 5%-0.9% NaCl,Dextrose 5 % And 0.9 % NaCl,24766.79,23514,12246,4500,1.053278472,2.022439164,5.503731111,0,36637.92,31612,14311,3788,1.158987726,2.560122982,9.672101373,0,28558.71,29127,13244,3374,0.980489237,2.1563508,8.464347955,0,20960.95,18385,8965,2691,1.140111504,2.338087005,7.789279078,0,11732.62,9433,6344,2254,1.243784586,1.849404161,5.205244011,0,1.255,0.090932406,0.042438615
J7050,"Infusion, normal saline solution, 250 cc",Sodium Chloride (J7050),0.9 % Sodium Chloride,357453.88,530939.7,377263,95102,0.673247602,0.947492545,3.758636832,0,371160.51,525930.4,362496,96653,0.705721727,1.02390236,3.840134398,0,334847.19,488311,337097,91409,0.685725265,0.993325927,3.663175289,0,346543.89,516987.4,351279,96222,0.670313996,0.986520373,3.60150371,0,330081.72,487949,334026,91268,0.676467664,0.988191698,3.616620502,0,0.65975,0.009180276,0.001193581
J7060,5% dextrose/water (500 ml = 1 unit),Dextrose In Water (J7060),Dextrose 5 % In Water,71055.46,32152.5,22638,4592,2.209951326,3.138769326,15.47375,0,60442.74,30142.5,20714,3941,2.005233143,2.917965627,15.33690434,0,50013.01,25721.2,17502,3676,1.944427554,2.857559708,13.6052802,0,51865.2,29004,20182,3824,1.788208523,2.569874145,13.56307531,0,57680.28,29426,19867,3812,1.960180793,2.903321085,15.1312382,0,1.80875,0.096170143,-0.029538401
J7070,"Infusion, d5w, 1000 cc",Dextrose In Water (J7070),Dextrose 5 % In Water,10402.54,2620,2232,503,3.970435115,4.660636201,20.68099404,0,8047.41,2188,1917,573,3.67797532,4.197918623,14.04434555,0,4417.43,1222.5,1182,450,3.613439673,3.737250423,9.816511111,0,6979.02,1994,1762,487,3.50001003,3.960851305,14.33063655,0,6662.44,1800,1414,631,3.701355556,4.711768034,10.558542,0,3.6175,0.057527128,-0.01739114
J7120,"Ringers lactate infusion, up to 1000 cc",Lactated Ringers,"Ringer's Solution,lactated",47386.28,20101,18645,9779,2.357409084,2.54150067,4.845718376,0,52359.5,21260,19842,10880,2.462817498,2.638821691,4.812454044,0,58423.59,23694.5,21959,10890,2.465702589,2.660576074,5.364884298,0,54626.16,22213.5,19730,10019,2.459142413,2.768685251,5.452256712,0,48972.38,19094.5,17176,7799,2.56473749,2.851209828,6.279315297,0,2.47275,0.042939797,0.021296849
J7170,"Injection, emicizumab-kxwh, 0.5 mg",Hemlibra,Emicizumab-Kxwh,147878934.4,2621301.6,3760,313,56.41431509,39329.50383,472456.6594,1,178638412.8,3214322,4344,358,55.57576771,41123.02321,498989.9799,1,203557787.3,3810586,4717,397,53.4190246,43154.07829,512740.0183,0,233254206.5,4489264,5496,446,51.95822889,42440.7217,522991.4943,0,230046953,4382840.5,5480,438,52.48809603,41979.37099,525221.354,0,51.66625,0.010197945,-0.017872493
J7171,"Injection, adamts13, recombinant-krhn, 10 iu",Adzynma,"Adamts13, Recombinant-Krhn",,,,,,,,,,,,,,,,,,,,,,,,,,,,,,,,,2135044.98,64285,172,19,33.21217982,12413.05221,112370.7884,0,34.638,,
J7175,"Injection, factor x, (human), 1 i.u.",Coagadex,Coagulation Factor X,5972051.18,614465,213,,9.719107158,28037.79897,,1,6898741.61,548128,189,,12.58600475,36501.27836,,1,8767267.74,765555,182,,11.45217227,48171.80077,,1,9307822.34,1068669,166,13,8.709733641,56071.21892,715986.3339,0,8740118.35,975750,161,,8.957333692,54286.44938,,0,9.112,0.028427971,-0.02019851
J7177,"Injection, human fibrinogen concentrate (fibryga), 1 mg",Fibryga,Fibrinogen,,,,,,,,,284350.6,237050,24,,1.199538494,11847.94167,,0,87056.24,80500,17,,1.081443975,5120.955294,,1,622004.5,538100,102,,1.155927337,6098.083333,,0,771575.56,658103,115,,1.172423709,6709.352696,,0,1.182,0.014271115,-0.007592279
J7178,"Injection, human fibrinogen concentrate, not otherwise specified, 1 mg",Riastap,Fibrinogen,825088.16,702707,135,11,1.17415674,6111.764148,75008.01455,0,698773.45,553216,127,13,1.263111425,5502.15315,53751.80385,0,561241.65,335026,69,,1.675218192,8133.936957,,0,464332.39,256846.6,57,12,1.807819882,8146.182281,38694.36583,0,269274.99,189420,20,,1.421576338,13463.7495,,0,1.42925,-0.213651563,0.048965073
J7179,"Injection, von willebrand factor (recombinant), (vonvendi), 1 i.u. vwf:rco",Vonvendi,Von Willebrand Factor,10409943.35,4044039,250,34,2.574145143,41639.7734,306174.8044,0,9742060.16,3402639,225,40,2.863089549,43298.04516,243551.504,1,12691079.37,4558679,316,44,2.783937928,40161.64358,288433.6221,0,13541363.24,7345549,422,47,1.843478716,32088.53848,288114.1115,0,16183475.48,8777983,510,51,1.843643976,31732.30486,317323.0486,0,1.8475,8.96457E-05,-0.080056814
J7180,"Injection, factor xiii (antihemophilic factor, human), 1 i.u.",Corifact,Factor XIII,2775827.1,216151,108,18,12.84207383,25702.10278,154212.6167,1,3810677.6,221470,137,11,17.2062925,27815.16496,346425.2364,0,4753535.24,277448,179,15,17.13306724,26556.06279,316902.3493,0,3524210.88,287007,131,,12.27918093,26902.37313,,1,2917629.48,205969,119,11,14.16538159,24517.89479,265239.0436,1,10.03575,0.153609648,0.02482162
J7181,"Injection, factor xiii a-subunit, (recombinant), per iu",Tretten,"Factor XIII A-Subunit,recomb",,,,,,,,,,,,,,,,,515557.65,15523,13,,33.21250081,39658.28077,,1,2121121.36,82598,52,,25.68005714,40790.79539,,0,3882274.13,100417,73,,38.66152275,53181.8374,,0,17.27975,0.50550766,0.078918621
J7182,"Injection, factor viii, (antihemophilic factor, recombinant), (novoeight), per iu",Novoeight,"Antihemoph.FVIII,b-Dom Truncat",10974001.57,7408700,218,25,1.481231737,50339.45674,438960.0628,0,9594245.4,6599583,194,26,1.453765397,49454.8732,369009.4385,0,8875149.37,6506601,188,21,1.364022378,47208.24133,422626.1605,0,2343476.58,1932575,73,22,1.212618698,32102.4189,106521.6627,0,1878400.01,1429054,49,14,1.314435991,38334.69408,134171.4293,0,1.3675,0.083964805,-0.029424983
J7183,"Injection, von willebrand factor complex (human), wilate, 1 i.u. vwf:rco",Wilate,Antihemophilic Factor/VWF,4109337.48,3706403,327,44,1.108713078,12566.78128,93394.03364,0,4115026.05,3801926,305,55,1.08235301,13491.88869,74818.65546,0,5626907.47,5002914,286,57,1.124726004,19674.50164,98717.67491,0,4731914.98,3578568,228,54,1.322292878,20754.01307,87628.05519,0,4747992.43,3095125,278,49,1.534022836,17079.10946,96897.80469,0,1.27675,0.160123344,0.084558952
J7185,"Injection, factor viii (antihemophilic factor, recombinant) (xyntha), per i.u.",Xyntha*,"Antihemoph.FVIII,b-Domain Del*",12164286.55,6595651,656,55,1.844288994,18543.11974,221168.8464,0,9049780.08,4981093.2,630,65,1.81682609,14364.73029,139227.3859,0,7866939.39,4681801,472,62,1.680323318,16667.24447,126886.1192,0,8597754.31,4786408,385,71,1.796285296,22331.82938,121095.1311,0,7082409.39,3996006,272,60,1.772372061,26038.26982,118040.1565,0,1.3925,-0.013312604,-0.009894484
J7186,"Injection, antihemophilic factor viii/von willebrand factor complex (human), per factor viii i.u.",Alphanate (J7186),Antihemophilic Factor/VWF,4894847.65,2727754,201,53,1.794460809,24352.47587,92355.61604,0,4931144.27,3701299,233,42,1.332273958,21163.70931,117408.1969,0,4185971.92,3396551,184,39,1.232418392,22749.84739,107332.6133,0,3977658.39,2886715,215,45,1.377918634,18500.7367,88392.40867,0,2883377.9,1619956,152,36,1.779911245,18969.59145,80093.83056,0,1.20075,0.291739004,-0.002033203
J7187,"Injection, von willebrand factor complex (humate-p), per iu vwf:rco",Humate-P,Antihemophilic Factor/VWF,25230927.35,17094499.9,1510,311,1.475967563,16709.22341,81128.38376,0,31423100.87,19954608,1544,324,1.574729049,20351.74927,96984.87923,0,27978364.35,17959679.4,1454,300,1.557843196,19242.34137,93261.2145,0,30821278.31,20540023,1477,300,1.50054741,20867.48701,102737.5944,0,31383880.81,19358890,1467,331,1.621161173,21393.23845,94815.34988,0,1.384,0.080379841,0.023734514
J7189,"Factor viia (antihemophilic factor, recombinant), (novoseven rt), 1 microgram",Novoseven RT,"Coagulation Factor VIIA,recomb",53810055.83,8148269,961,99,6.60386345,55993.8146,543535.9175,1,55643275.35,9441068,1047,111,5.893747969,53145.43969,501290.7689,1,61007123.72,11426625,1035,96,5.33903263,58944.08089,635490.8721,1,58923708.21,25005986,1055,120,2.356384116,55851.85612,491030.9018,0,67799644.38,24650175,1143,97,2.750473146,59317.27417,698965.406,0,2.48325,0.167243119,-0.196654563
J7190,"Factor viii (antihemophilic factor, human) per i.u.",Alphanate (J7190)*,Antihemophilic Factor/VWF*,14759228.68,8976357,603,73,1.6442337,24476.3328,202181.2148,0,15124882.04,8983910,828,73,1.683552266,18266.76575,207190.1649,0,15001471.31,9111608.9,541,69,1.646412996,27729.15214,217412.6277,0,15735422.23,11245551,482,66,1.399257558,32646.10421,238415.4883,0,13832760.95,8969469,403,56,1.542205113,34324.46886,247013.5884,0,1.09775,0.102159573,-0.015887726
J7192,"Factor viii (antihemophilic factor, recombinant) per i.u., not otherwise specified",Advate*,"Antihemophil.FVIII,full Length*",117861748,61654425.2,4330,629,1.911651071,27219.80323,187379.5676,0,102319393.2,54619299.8,3846,623,1.873319387,26604.1064,164236.5862,0,88706845.09,46404770,3376,570,1.91158894,26275.72426,155626.044,0,67557253.85,38482106.8,2510,456,1.755549773,26915.24058,148151.8725,0,58263688.18,32784408,2217,412,1.777176766,26280.41867,141416.7189,0,1.53125,0.012319214,-0.018070064
J7193,"Factor ix (antihemophilic factor, purified, non-recombinant) per i.u.",Alphanine SD*,Factor IX*,6271412.58,3369593,285,30,1.861178065,22004.95642,209047.086,0,4177658.01,2568775,243,26,1.626323057,17192.00827,160679.1542,0,5949985.63,4468195,280,22,1.331630699,21249.94868,270453.8923,0,3900663.28,3032693,141,20,1.286204466,27664.27858,195033.164,0,2349251.87,1682063,92,16,1.396649156,25535.34641,146828.2419,0,1.36175,0.085868689,-0.069267564
J7194,"Factor ix, complex, per i.u.",Bebulin*,"Factor IX Cplx(PCC)no6,3factor*",188351.29,94609,41,40,1.990839032,4593.933902,4708.78225,0,69013.52,50254,18,15,1.373294066,3834.084444,4600.901333,1,215897.05,141516,16,12,1.525601699,13493.56563,17991.42083,1,108513.87,69340,18,14,1.564953418,6028.548333,7750.990714,1,64042.21,39736,11,,1.61169242,5822.019091,,1,1.6295,0.029866066,-0.051447214
J7195,"Injection, factor ix (antihemophilic factor, recombinant) per iu, not otherwise specified",Benefix,Factor IX Human Recombinant,43552395.31,22045737,1179,218,1.975547259,36940.11477,199781.6299,0,37587828.31,18838651,1147,236,1.995250526,32770.5565,159270.4589,0,41703621.14,22938478,1236,225,1.818064003,33740.7938,185349.4273,0,39240782.51,22154551,1101,199,1.771228968,35641.0377,197189.8619,0,36565804.96,19725556,1043,217,1.853727467,35058.29814,168506.0136,0,1.7985,0.046576981,-0.015785825
J7197,"Antithrombin iii (human), per i.u.",Thrombate III,Antithrombin III (Plasma Der),90313.07,27342,13,13,3.303089386,6947.159231,6947.159231,1,121491.34,47783,22,11,2.542564092,5522.333636,11044.66727,1,133979.42,38644,23,,3.46701739,5825.192174,,1,107911.55,36817,13,,2.93102507,8300.888462,,1,194398.47,52159,18,,3.727035986,10799.915,,1,3.837479033,0.271581067,0.030649068
J7198,"Anti-inhibitor, per i.u.",Feiba*,Anti-Inhibitor Coagulant Comp.*,15889108.17,5163018,391,116,3.077484559,40637.10529,136975.0704,1,19374146.18,6924720,533,125,2.797823765,36349.24236,154993.1694,0,15994658.87,6270036,453,124,2.550967629,35308.29773,128989.1844,0,8905775.27,2969116,309,130,2.999470304,28821.27919,68505.96362,0,7517170.5,2623801,281,134,2.86499262,26751.49644,56098.28731,0,2.31425,-0.044833811,-0.017727679
J7200,"Injection, factor ix, (antihemophilic factor, recombinant), rixubis, per iu",Rixubis,Factor IX Human Recombinant,9441416.39,5724865,199,20,1.649194591,47444.30347,472070.8195,0,9054511.25,5844804,278,20,1.549155669,32570.18435,452725.5625,0,9791300.66,5689870,307,16,1.720830293,31893.48749,611956.2913,0,10580039.51,5764953,292,,1.835234305,36233.01202,,0,11433280.77,6302086,337,13,1.814205768,33926.64917,879483.1362,0,1.59275,-0.01145823,0.024126633
J7201,"Injection, factor ix, fc fusion protein, (recombinant), alprolix, 1 i.u.",Alprolix,"Factor IX Rec, Fc Fusion Protn",54264032.29,12839436,1293,82,4.226356383,41967.54237,661756.4913,1,54628099.86,12456996,1192,72,4.385334944,45828.94284,758723.6092,1,58702153.38,13288481.8,1151,94,4.417521449,51001.00207,624490.9934,1,65841028,17205019,1320,86,3.82685006,49879.56667,765593.3488,0,63475329.33,16433808,1388,84,3.86248454,45731.50528,755658.6825,0,3.522,0.0093117,-0.022256
J7202,"Injection, factor ix, albumin fusion protein, (recombinant), idelvion, 1 i.u.",Idelvion,"Factor IX Recom,albumin Fusion",51176327.21,8377490.2,1055,86,6.108789863,48508.36702,595073.5722,1,54059876.15,8547084,1101,85,6.324949673,49100.70495,635998.5429,1,60417525.06,9789452,1182,89,6.171696338,51114.65741,678848.5962,1,60797617.07,10282865,1316,83,5.912517287,46198.79717,732501.4105,1,68170317.05,11666219.4,1405,90,5.843394052,48519.79861,757447.9672,0,5.03625,-0.011690999,-0.011042799
J7203,"Injection factor ix, (antihemophilic factor, recombinant), glycopegylated, (rebinyn), 1 iu",Rebinyn,"Factor IX Human Rec,pegylated",2988121.64,698895,78,,4.275494373,38309.2518,,0,3463547.66,771387,83,,4.490025966,41729.48988,,0,2669267.09,525770.2,53,,5.076870256,50363.53,,0,6108348.11,1288008,133,13,4.74247684,45927.4294,469872.9315,0,5316273.58,1065584,132,16,4.989070388,40274.79985,332267.0988,0,4.4885,0.051996785,0.03934163
J7204,"Injection, factor viii, antihemophilic factor (recombinant), (esperoct), glycopegylated-exei, per iu",Esperoct,"FVIII Rec,b-Dom Trunc Peg-Exei",2276598.71,924712,34,,2.461954327,66958.78559,,0,7940905.49,3043150.9,131,12,2.609435336,60617.59916,661742.1242,0,10635811.91,4207314,230,17,2.527933953,46242.66048,625635.9947,0,10244833.9,3697685,224,22,2.770607529,45735.86563,465674.2682,0,5251090.4,1332357,142,,3.941203746,36979.50986,,1,2.13075,0.422505247,0.124830863
J7205,"Injection, factor viii fc fusion protein (recombinant), per iu",Eloctate,"Antihemoph.FVIII Rec,fc Fusion",68572400.29,22717988,1807,144,3.018418721,37948.2016,476197.2242,0,62519533.71,21375729,1754,137,2.924790715,35643.97589,456346.9614,0,52236677.8,19962305,1304,126,2.616765839,40058.80199,414576.8079,0,42302178.82,18012974,1033,114,2.348428351,40950.80234,371071.744,0,22339973.38,8800855.7,564,85,2.538386509,39609.88188,262823.2162,0,2.259,0.080887356,-0.042377004
J7207,"Injection, factor viii, (antihemophilic factor, recombinant), pegylated, 1 i.u.",Adynovate,"Antihemo.FVIII,full Length Peg",35698849.74,11769208,959,74,3.033241467,37225.07794,482416.8884,1,30089063.17,10247826,786,70,2.936141106,38281.25085,429843.7596,1,26490431.7,9138876,612,64,2.89865315,43285.01912,413912.9953,0,18251453.75,7807107,511,60,2.337799873,35717.13063,304190.8958,0,12116144,5645742,380,45,2.146067603,31884.58947,269247.6444,0,2.0405,-0.082013979,-0.082863234
J7208,"Injection, factor viii, (antihemophilic factor, recombinant), pegylated-aucl, (jivi), 1 i.u.",Jivi,"FVIII Rec,b-Dom Delet Peg-Aucl",10249192.76,3183093,225,20,3.219884798,45551.96782,512459.638,1,13254350.86,3979066,321,22,3.331020611,41290.81265,602470.4936,1,18399934.5,5391432,381,34,3.41281027,48293.79134,541174.5441,1,19093342.4,7030042,443,36,2.715964201,43100.09571,530370.6222,0,17427160.04,5862964.1,403,32,2.972414592,43243.5733,544598.7513,0,2.38825,0.094423333,-0.019794212
J7209,"Injection, factor viii, (antihemophilic factor, recombinant), (nuwiq), 1 i.u.",Nuwiq,"Antihemoph.FVIII,hek B-Delete",14072892.83,7262487,317,38,1.937751191,44393.98369,370339.285,0,17804768.39,10443564,468,46,1.704855583,38044.3769,387060.1824,0,15189471.24,8942347,427,46,1.69860007,35572.53218,330205.8965,0,19247328.51,12064625,594,62,1.595352405,32402.90995,310440.7824,0,17836566.07,13363433,539,62,1.334729337,33091.95931,287686.5495,0,1.24975,-0.163363948,-0.088988627
J7210,"Injection, factor viii, (antihemophilic factor, recombinant), (afstyla), 1 i.u.",Afstyla,"Antihem.FVIII,sin-Chn,b-Dm Tru",7254707.33,2660990,194,47,2.7263189,37395.39861,154355.4751,1,5805132.8,2813804,258,29,2.063090677,22500.51473,200176.9931,0,4959393.45,2158885,317,20,2.29720131,15644.77429,247969.6725,0,6065305.34,2312716,318,15,2.622589778,19073.28723,404353.6893,1,5088001.04,1930209,206,13,2.635984518,24699.03418,391384.6954,1,1.454,0.005107448,-0.00838851
J7211,"Injection, factor viii, (antihemophilic factor, recombinant), (kovaltry), 1 i.u.",Kovaltry,"Antihemophil.FVIII,full Length",5216572.49,2976883,206,21,1.752360603,25323.16743,248408.2138,0,5296339,3131592,194,24,1.691260867,27300.7165,220680.7917,0,6180102.59,3423544,238,46,1.805176913,25966.81761,134350.0563,0,13119661.38,7064015,564,91,1.857252764,23261.81096,144172.1031,0,16609293.44,10021005,681,102,1.657447875,24389.56452,162836.2102,0,1.448,-0.107580881,-0.013824748
J7212,"Factor viia (antihemophilic factor, recombinant)-jncw (sevenfact), 1 microgram",Sevenfact,"Coagulation VIIA,recomb-Jncw",,,,,,,,,1161789.23,479000,22,,2.425447244,52808.60136,,0,587057.74,281000,12,,2.089173452,48921.47833,,0,956353.51,495002,27,,1.932019487,35420.50037,,0,1222586.5,576000,37,,2.122546007,33042.87838,,0,2.1875,0.098615217,-0.043492397
J7213,"Injection, coagulation factor ix (recombinant), ixinity, 1 i.u.",IXinity,"Factor IX Human Recomb,thr 148",,,,,,,,,,,,,,,,,,,,,,,,,869759.09,499220,27,,1.742236068,32213.29963,,0,1800503.42,1004214,56,,1.792947937,32151.84679,,0,1.796,0.029107347,0.029107347
J7214,"Injection, factor viii/von willebrand factor complex, recombinant (altuviiio), per factor viii i.u.",Altuviiio,"FVIII Rec,fc-VWF-Xten,bdd-Ehtl",,,,,,,,,,,,,,,,,,,,,,,,,12335846.44,2320893,272,56,5.315129323,45352.37662,220282.9721,0,76700767.87,14772875.1,1812,154,5.192000024,42329.34209,498056.9342,0,4.66375,-0.023165814,-0.023165814
J7308,"Aminolevulinic acid hcl for topical administration, 20%, single unit dosage form (354 mg)",Levulan,Aminolevulinic Acid HCL,36413944.8,94052,83914,58209,387.1682133,433.9436185,625.5724166,0,36088116.98,93589.5,83891,56893,385.6000618,430.1786483,634.3155921,0,37902549.73,97771,87290,60199,387.6665855,434.2141108,629.6209195,0,39915626.51,103880,92924,63865,384.2474635,429.5513162,625.0000236,0,41988895.13,108118,96953,65877,388.3617449,433.0850529,637.3832313,0,395.265,0.010707374,0.000769791
J7312,"Injection, dexamethasone, intravitreal implant, 0.1 mg",Ozurdex,Dexamethasone,50706133.51,257901.4,35157,16240,196.61054,1442.277029,3122.298862,0,51773256.65,262677,35808,16593,197.0985532,1445.857257,3120.186624,0,52772487.05,267591.2,36332,17057,197.2130887,1452.507075,3093.890312,0,50941464.15,257070.4,34875,16266,198.1615314,1460.687144,3131.775738,0,47962971.81,238251.6,32147,15038,201.3122758,1491.989044,3189.45151,0,205.5965,0.015899879,0.005925611
J7313,"Injection, fluocinolone acetonide, intravitreal implant (iluvien), 0.01 mg",Iluvien,Fluocinolone Acetonide,10211071.53,21287,1089,886,479.6857956,9376.557879,11524.91143,0,9494399.9,19659,1011,835,482.954367,9391.097824,11370.5388,0,10877017.8,22400,1134,957,485.5811518,9591.726455,11365.74483,0,10538920.2,21840,1095,926,482.5512912,9624.584658,11381.12333,0,8885136.45,18469,909,792,481.0837863,9774.627558,11218.60663,0,490.643,-0.003041138,0.000727802
J7314,"Injection, fluocinolone acetonide, intravitreal implant (yutiq), 0.01 mg",Yutiq,Fluocinolone Acetonide,4541900.92,9757,534,450,465.5017854,8505.432435,10093.11316,0,6285301.06,12866,693,585,488.520213,9069.698499,10744.10438,0,9370225.25,18380,981,837,509.8055087,9551.707696,11195.01225,0,11403308.65,22044,1166,999,517.2976161,9779.853045,11414.72337,0,13688154.11,26400,1386,1218,518.490686,9876.013066,11238.22177,0,527.79725,0.002306351,0.027318011
J7318,"Hyaluronan or derivative, durolane, for intra-articular injection, 1 mg",Durolane,"Hyaluronate Sodium, Stabilized",42962398.55,2475734,33195,28019,17.35339845,1294.243065,1533.330902,0,58555970.17,3409269,45710,38078,17.17552067,1281.031944,1537.790067,0,52945713.6,3939521.9,51700,44551,13.43962921,1024.095041,1188.429297,0,31071634.63,4786170,62385,52656,6.491962181,498.0625892,590.0872575,0,37834813.55,5831754,75458,62985,6.487724542,501.4022841,600.6956188,0,6.58875,-0.000652752,-0.218053634
J7320,"Hyaluronan or derivitive, genvisc 850, for intra-articular injection, 1 mg",Genvisc 850,Hyaluronate Sodium,113115287.8,6776033,222375,40661,16.69343815,508.6690851,2781.911114,0,156124002.3,9259327.3,302415,53854,16.86126834,516.2574684,2899.023328,0,95524198.07,6433014.5,210063,40171,14.84905686,454.7407115,2377.939261,1,32481552.81,4597153.2,143955,25378,7.065579805,225.6368505,1279.909875,0,20946653.47,3893965,114027,20463,5.379260849,183.6990666,1023.635511,0,5.482,-0.238666748,-0.246567755
J7321,"Hyaluronan or derivative, hyalgan, supartz or visco-3, for intra-articular injection, per dose",Hyalgan*,Hyaluronate Sodium*,21739556.16,273395,210522,48926,79.51702175,103.2650087,444.3354486,0,19241339.01,255800,195512,45056,75.22024633,98.41513058,427.0538665,0,19999729.56,266625,205736,47599,75.01070627,97.21064646,420.1712128,0,23341436.54,317072.5,245977,55005,73.61545558,94.89276046,424.3511779,0,23199986.89,320559,247689,54793,72.37353152,93.66579416,423.4115104,0,73.72975,-0.016870426,-0.023257883
J7322,"Hyaluronan or derivative, hymovis, for intra-articular injection, 1 mg",Hymovis,"Hyaluronate,mod.,non-Crosslink",51543829.82,1642591.4,54010,23878,31.37958096,954.3386377,2158.632625,0,59312371.85,1884919,61613,26440,31.46680141,962.6600206,2243.28184,0,40533685.12,1563051,50716,22693,25.93241367,799.2287468,1786.175698,0,21578904.61,1299533.8,41218,18071,16.60511224,523.5310935,1194.117902,0,30865643.46,1802742.4,57357,24761,17.12149415,538.1321105,1246.542687,0,17.445,0.031097767,-0.140544034
J7323,"Hyaluronan or derivative, euflexxa, for intra-articular injection, per dose",Euflexxa,Hyaluronate Sodium,47533159.41,334756,243780,73846,141.9934502,194.9838355,643.6795413,0,49083316.47,366348,264828,79084,133.9800312,185.3403585,620.647874,0,48828968.1,375443,271500,81582,130.056941,179.8488696,598.5262448,0,48467559.37,384810.2,277582,83513,125.9518572,174.6062762,580.3594575,0,42880243.65,361174,260744,78501,118.7246138,164.4534242,546.2381836,0,121.541,-0.057381,-0.043757343
J7324,"Hyaluronan or derivative, orthovisc, for intra-articular injection, per dose",Orthovisc,Hyaluronate Sodium,42102469.26,315908,234523,66910,133.2744636,179.5238389,629.2403118,0,42012477.34,311266,227906,64123,134.9729085,184.3412518,655.1857733,0,40960246.41,284074,207044,59003,144.1886495,197.833535,694.206166,0,33957982.25,269747,196630,55934,125.8882666,172.6999046,607.1080604,0,31678633.38,255178,185452,52522,124.143278,170.818505,603.1497921,0,126.2275,-0.013861408,-0.017587078
J7325,"Hyaluronan or derivative, synvisc or synvisc-one, for intra-articular injection, 1 mg",Synvisc*,Hylan G-F 20*,63133945.94,5915488.3,130639,81346,10.67265165,483.2702787,776.1161697,0,64832002.15,6141733.6,133725,83641,10.55597757,484.8158695,775.1222744,0,59728789.78,5937449.3,127101,81013,10.05967155,469.9317061,737.2741385,0,56194348.79,6050110.4,125654,81234,9.288152624,447.2149616,691.7589776,0,51791562.01,5866774,122780,78240,8.82794565,421.824092,661.9575922,0,8.9925,-0.04954774,-0.046332837
J7326,"Hyaluronan or derivative, gel-one, for intra-articular injection, per dose",Gel-One,"Hyaluronate Sod, Cross-Linked",121449435.4,107977,83398,70676,1124.771344,1456.263165,1718.397128,0,174958379.2,147126,112562,93574,1189.173764,1554.328985,1869.732823,0,123698904.2,135074,102989,86894,915.7861928,1201.088507,1423.560939,0,58079535.43,114031,85814,71230,509.3311067,676.8072276,815.3802531,0,55331728.81,108535,81251,66870,509.8053974,680.9975115,827.4522029,0,518.78425,0.000931203,-0.179487793
J7327,"Hyaluronan or derivative, monovisc, for intra-articular injection, per dose",Monovisc,"Hyaluronate Sodium, Stabilized",48951069.49,66338.3,50569,42233,737.9005716,968.0054874,1159.071567,0,51788990.64,68760,51839,42828,753.1848552,999.0352947,1209.232059,0,63304448.89,84050,63225,53244,753.1760725,1001.256606,1188.949908,0,65925781.07,94196,71020,58271,699.8787748,928.2706431,1131.365191,0,71092112.31,105114,78963,64480,676.3334314,900.3218255,1102.545166,0,690.23,-0.033642031,-0.021545236
J7328,"Hyaluronan or derivative, gelsyn-3, for intra-articular injection, 0.1 mg",Gelsyn-3,Hyaluronate Sodium,37103447.07,17003429.2,77597,23855,2.182115539,478.1556899,1555.374013,0,40874083.47,18798373,85851,25957,2.174341549,476.1049198,1574.684419,0,32361208.94,16922121.8,77001,23945,1.912361188,420.2699827,1351.480849,0,9765984.66,14009183.6,63527,19514,0.697113047,153.7296686,500.4604212,0,6489410.61,12501776.6,56460,17469,0.519079073,114.9381971,371.4815164,0,0.52875,-0.255387522,-0.301624581
J7329,"Hyaluronan or derivative, trivisc, for intra-articular injection, 1 mg",Trivisc,Hyaluronate Sodium,96236.58,12590,373,106,7.643890389,258.0069169,907.8922642,0,7221233.1,381310,11763,3928,18.93795888,613.8938281,1838.399465,0,43809036.67,3501937.3,112237,35387,12.50994319,390.3261551,1237.998041,0,37644545.58,4213068,127944,39016,8.93518585,294.2267365,964.848923,0,24630761.21,3438414,102403,30465,7.163407667,240.5277307,808.493721,0,7.27075,-0.198292259,-0.016099222
J7331,"Hyaluronan or derivative, synojoynt, for intra-articular injection, 1 mg",Sodium Hyaluronate*,Hyaluronate Sodium*,71047.3,4023,197,87,17.6602784,360.6461929,816.6356322,1,30043.2,2209,66,24,13.60036216,455.2,1251.8,0,8324452.12,387174,15420,5424,21.50054529,539.847738,1534.744122,0,15528737.82,878681,34972,11244,17.67278207,444.0334502,1381.068821,0,6239036.32,606365,23404,7213,10.28924216,266.5799145,864.9710689,0,10.41575,-0.417791601,-0.126331936
J7332,"Hyaluronan or derivative, triluron, for intra-articular injection, 1 mg",Triluron,Hyaluronate Sodium,3883133.76,152838,5713,1890,25.4068606,679.7013408,2054.568127,0,19691637.44,767631,28986,8541,25.65247813,679.3499427,2305.542377,0,16119056.99,814292,31311,9298,19.79518034,514.8049245,1733.604753,0,7362463.56,745410,28758,8491,9.877065722,256.0144502,867.0902791,0,10696581.93,1053668,39186,11208,10.15175741,272.9694771,954.370265,0,10.325,0.027811062,-0.204944298
J7336,"Capsaicin 8% patch, per square centimeter",Qutenza,Capsaicin/Skin Cleanser,238861.41,77919,153,119,3.065509183,1561.185686,2007.23874,0,2275395.68,719941,926,677,3.160530766,2457.230756,3360.99805,0,11137494.75,3489977,3794,2523,3.191280272,2935.554758,4414.385553,0,22106183.76,6887814.6,7038,4262,3.209462659,3140.975243,5186.809892,0,29534286,9095024,9155,5271,3.247301601,3226.027963,5603.165623,0,3.3115,0.011789806,0.014506891
J7340,"Carbidopa 5 mg/levodopa 20 mg enteral suspension, 100 ml",Duopa,Carbidopa/Levodopa,59128734.57,273447,8541,867,216.2347167,6922.928764,68199.23249,0,56144672.48,264478,8172,818,212.2848497,6870.371082,68636.51892,0,50278780.42,238959,7390,776,210.4075612,6803.623873,64792.24281,0,52291875.59,238708,7244,725,219.0620993,7218.646548,72126.72495,0,52870157.75,232564,7043,687,227.3359495,7506.766683,76958.0171,0,231.43225,0.037769428,0.012594756
J7345,"Aminolevulinic acid hcl for topical administration, 10% gel, 10 mg",Ameluz,Aminolevulinic Acid HCL,9217455.63,6265218,32130,22486,1.471210679,286.8800383,409.9197559,0,10718885.51,6918800,35339,23625,1.549240549,303.3160392,453.7094396,0,12034194.5,7633591,38881,26097,1.576478816,309.5135027,461.1332529,0,13853216.14,8523376,43152,28450,1.625320312,321.0330029,486.932026,0,16012798.8,9605896,48458,30905,1.666976074,330.4469603,518.1297136,0,1.70275,0.025629263,0.031724217
J7351,"Injection, bimatoprost, intracameral implant, 1 microgram",Durysta,Bimatoprost,4870998.45,24141,2451,1632,201.7728532,1987.351469,2984.680423,0,21888389.8,107140,10779,6659,204.2970861,2030.651248,3287.038564,0,21215842.71,104636,10480,6495,202.7585411,2024.412472,3266.488485,0,21795946.95,107857,10696,6616,202.081895,2037.76617,3294.429708,0,20702804.67,101774,10009,6292,203.4193868,2068.41889,3290.337678,0,207.66025,0.006618563,0.00203387
J7354,"Cantharidin for topical administration, 0.7%, single unit dose applicator (3.2 mg)",Ycanth,Cantharidin,,,,,,,,,,,,,,,,,,,,,,,,,,,,,,,,,30374.23,47,27,16,646.2602128,1124.971482,1898.389375,1,715.6685,,
J7402,"Mometasone furoate sinus implant, (sinuva), 10 micrograms",Sinuva,Mometasone Furoate,,,,,,,,,796228.12,76912,459,434,10.35245631,1734.701787,1834.627005,0,622254.88,59158,351,318,10.51852463,1772.805926,1956.776352,0,320065.58,29130,182,166,10.98748987,1758.602088,1928.105904,0,150533.19,13504,68,56,11.14730376,2213.723382,2688.092679,0,11.345,0.014545077,0.024964467
J7500,"Azathioprine, oral, 50 mg",Azasan*,Azathioprine*,1729401.05,2212259,41164,5093,0.781735344,42.01246356,339.5643138,0,3176575.74,1932697,36861,4737,1.643597388,86.17714495,670.5880811,0,5287898.07,1788483,35598,4357,2.95663871,148.5448079,1213.655743,1,5675201.53,1688325,33386,4183,3.361439018,169.9874657,1356.729986,1,2829038.14,1590302,32648,4021,1.778931385,86.65272421,703.5658145,0,2.6415,-0.470782788,0.228216316
J7502,"Cyclosporine, oral, 100 mg",Cyclosporine (J7502)*,Cyclosporine*,3374528.05,1528539,24930,3285,2.207682009,135.3601304,1027.253592,0,2645952.59,1336287,21776,2956,1.980078075,121.507742,895.1125135,0,2660798.76,1246190,20522,2716,2.135146936,129.6559185,979.6755376,0,2349975.94,1145306,18895,2603,2.051832384,124.3702535,902.7952132,0,2435628.32,1083687,17821,2439,2.247538561,136.6718097,998.6175974,0,2.28425,0.095381172,0.004483155
J7503,"Tacrolimus, extended release, (envarsus xr), oral, 0.25 mg",Envarsus Xr,Tacrolimus,84669516.68,62168569,117866,12605,1.361934464,718.3540349,6717.13738,0,102552113,70977599,143032,13838,1.444851819,716.9871987,7410.905695,0,107358458.8,70852500,152680,14434,1.515238825,703.1599348,7437.886853,0,114823107,70959581,162838,15275,1.618148042,705.1370504,7517.061016,0,120049348.3,69892902,170798,15740,1.717618598,702.8732675,7627.023402,0,1.75,0.061471852,0.059723661
J7507,"Tacrolimus, immediate release, oral, 1 mg",Prograf (J7507)*,Tacrolimus*,68352216.33,99369516,800916,85272,0.687859004,85.34255319,801.5786698,0,50266359.93,91343083,746893,79954,0.550302861,67.30061726,628.6909965,0,34850441.14,85243591,721673,75347,0.408833564,48.29118055,462.5325645,0,24298476.36,79772917,693510,72408,0.30459556,35.03695168,335.577234,0,18108781.96,73751328,656209,69185,0.245538385,27.59605851,261.7443371,0,0.24925,-0.193887184,-0.22704361
J7508,"Tacrolimus, extended release, (astagraf xl), oral, 0.1 mg",Astagraf XL,Tacrolimus,5383227.78,11317995,8898,846,0.475634402,604.9930074,6363.153404,0,4208204.54,8699020,7347,711,0.483756163,572.7786226,5918.712433,0,3508022.78,6977005,6689,725,0.502797802,524.4465212,4838.65211,0,3009261.09,5697725,5478,524,0.528151339,549.3357229,5742.864676,0,2612579.17,4761655,4894,472,0.548670404,533.8330956,5535.12536,0,0.55825,0.038850728,0.036357438
J7509,"Methylprednisolone oral, per 4 mg",Medrol*,MethylprednIsolone*,9903.66,29201,927,139,0.339154824,10.68355987,71.24935252,0,8710.75,29370,895,124,0.296586653,9.732681564,70.24798387,0,7087.8,26676,794,111,0.265699505,8.926700252,63.85405405,0,5363.61,21172,691,105,0.253335065,7.762098408,51.082,0,4907.04,19781,663,99,0.248068348,7.401266968,49.56606061,0,0.2395,-0.020789529,-0.075209544
J7510,"Prednisolone oral, per 5 mg",PrednIsolone*,PrednIsolone*,8984.37,108762,3262,436,0.082605781,2.754251993,20.60635321,0,14219.29,134375,4126,525,0.105817972,3.446265148,27.08436191,0,22885.73,165050,4933,596,0.138659376,4.639312791,38.39887584,0,21404.48,158437,4681,622,0.135097736,4.57262978,34.41234727,0,10311.87,94471,2922,397,0.109153814,3.529045175,25.97448363,0,0.33275,-0.192038167,0.072153872
J7511,"Lymphocyte immune globulin, antithymocyte globulin, rabbit, parenteral, 25 mg",Thymoglobulin,"Anti-Thymocyte Globulin,rabbit",2151088.94,3416,736,494,629.7098771,2922.67519,4354.431053,0,1907849.91,2870,633,424,664.7560662,3013.980901,4499.646014,0,2399803.94,2840,582,399,845.0013873,4123.374467,6014.546216,0,1938793.06,2184,464,323,887.7257601,4178.433319,6002.455294,0,1403726.41,1514,326,218,927.1640753,4305.909233,6439.111973,0,942.43,0.044426237,0.101549513
J7512,"Prednisone, immediate release or delayed release, oral, 1 mg",PrednIsone*,PrednIsone*,938809.69,72076793,387488,51494,0.013025131,2.422809713,18.23143842,0,951896.97,67967441,375342,50572,0.014005191,2.536079016,18.82260876,0,963284.39,63753848,362359,48099,0.015109431,2.658370263,20.02711886,0,639045.16,60008079,348554,46521,0.010649319,1.83341795,13.73670299,0,362956.36,56331667,332194,44644,0.006443203,1.092603599,8.130014336,0,0.0065,-0.39496572,-0.161351596
J7515,"Cyclosporine, oral, 25 mg",Cyclosporine (J7515)*,Cyclosporine*,6553958.04,9928504,66882,7712,0.660115365,97.99285368,849.8389575,0,5765102.75,8681269,59087,6995,0.664085256,97.56973192,824.1748034,0,5923842.17,7852317,55039,6304,0.754406906,107.6299019,939.6957757,0,5201101.78,7309533,51498,5975,0.711550489,100.9961898,870.4772854,0,5711102.15,6834662,48507,5682,0.835608571,117.7376904,1005.121815,0,0.85,0.174348953,0.060707797
J7517,"Mycophenolate mofetil, oral, 250 mg",CELlcept (J7517)*,Mycophenolate Mofetil*,33175421.85,65200876,424914,51745,0.508818652,78.07561495,641.1328988,0,23369415.46,60986816,398192,49302,0.38318799,58.68881208,474.0054249,0,14418498.98,57400695,388044,46803,0.251190321,37.15686618,308.0678371,0,11172112.16,54881234,375347,45192,0.203568895,29.76475677,247.2143778,0,9121575.11,51182886,354742,42875,0.178215334,25.71326516,212.7481075,0,0.181,-0.12454536,-0.230700392
J7518,"Mycophenolic acid, oral, 180 mg",Mycophenolic Acid*,Mycophenolate Sodium*,103238418.3,43381155,276599,33116,2.379798746,373.2421963,3117.478508,0,75697918.43,41637235,266482,32505,1.818034229,284.0639084,2328.808443,0,49038285.66,39929849,266338,31308,1.228110972,184.1204997,1566.318055,0,27691668.04,38714255,262449,31256,0.715283506,105.5125683,885.9632723,0,17884248.92,38148804,262752,31025,0.468802349,68.06512955,576.4463794,0,0.4855,-0.344592256,-0.333788098
J7519,"Injection, mycophenolate mofetil, 10 mg",CELlcept (J7519)*,Mycophenolate Mofetil HCL*,,,,,,,,,,,,,,,,,,,,,,,,,,,,,,,,,4305.88,7725,27,24,0.557395469,159.477037,179.4116667,0,0.62375,,
J7520,"Sirolimus, oral, 1 mg",Rapamune*,Sirolimus*,17028531.83,2772962,57112,6711,6.140917845,298.1603136,2537.406024,0,14674103.46,2538384,54470,6543,5.780884003,269.3978972,2242.717937,0,8531371.04,2440913,54358,6202,3.495155723,156.9478465,1375.58385,0,7242546.64,2384209,53605,6175,3.037714663,135.1095353,1172.882047,0,4386016.11,2302275,52678,6016,1.905079154,83.26087,729.0585289,0,1.9485,-0.372857768,-0.253688843
J7525,"Tacrolimus, parenteral, 5 mg",Prograf (J7525),Tacrolimus,36568.37,232,140,29,157.6222845,261.2026429,1260.978276,0,29112.93,466,127,30,62.47409871,229.2356693,970.431,1,51979.84,249,96,38,208.7543775,541.4566667,1367.890526,0,43893.46,186,127,30,235.9863441,345.6177953,1463.115333,0,25903.96,105,69,26,246.704381,375.4197101,996.3061539,0,251.47175,0.045418039,0.118509845
J7527,"Everolimus, oral, 0.25 mg",Everolimus*,Everolimus*,49992465.41,5774140,19445,2324,8.657993296,2570.967622,21511.38787,0,36869429.97,5784439,20383,2445,6.373899002,1808.832359,15079.52146,0,27357914.57,5471025,21083,2419,5.000509881,1297.629112,11309.59676,0,16611864.07,5281382,21464,2455,3.145363102,773.9407412,6766.543409,0,12465847.79,5158562,21742,2475,2.41653542,573.3533157,5036.706178,0,2.46075,-0.231714959,-0.273151364
J7605,"Arformoterol, inhalation solution, fda approved final product, non-compounded, administered through dme, unit dose form, 15 micrograms",Arformoterol Tartrate*,Arformoterol Tartrate*,213288985.2,19717361,327206,47348,10.81731907,651.8492485,4504.709496,0,181314390.3,16624292,274147,41127,10.90659321,661.3765252,4408.646151,0,87130822.81,14884923,244679,38438,5.853629395,356.1025785,2266.788668,0,40292488.69,13621572,225868,35408,2.957991096,178.3895403,1137.948732,0,19288949.91,12391356,207092,32859,1.556645609,93.14193648,587.0218178,0,1.57675,-0.473749055,-0.384089614
J7606,"Formoterol fumarate, inhalation solution, fda approved final product, non-compounded, administered through dme, unit dose form, 20 micrograms",Formoterol Fumarate*,Formoterol Fumarate*,141416835.1,12009780,198326,32352,11.77513952,713.0524244,4371.192975,0,131017582.5,11479143,188831,32212,11.41353344,693.8351357,4067.353238,0,90165089.45,10915044,180181,30289,8.260625376,500.4139696,2976.826222,0,58086082.53,10318402,171426,28056,5.629368048,338.840564,2070.362223,0,30611647.76,9409425,157161,25955,3.253296324,194.7789067,1179.412358,0,3.31325,-0.422084984,-0.27499769
J7608,"Acetylcysteine, inhalation solution, fda-approved final product, non-compounded, administered through dme, unit dose form, per gram",Acetylcysteine,Acetylcysteine,2082359.63,433828,14460,4094,4.799965954,144.0082732,508.6369394,0,1979223.02,377775,11998,3566,5.239158282,164.9627455,555.0260853,0,1780683.24,309315,10258,3142,5.756860288,173.5897095,566.7355952,0,1873741.17,296005,9638,2916,6.330099728,194.4118251,642.5724177,0,2343146.74,320015,9992,3116,7.321990344,234.5022758,751.972638,0,8.266,0.156694311,0.111342054
J7611,"Albuterol, inhalation solution, fda-approved final product, non-compounded, administered through dme, concentrated form, 1 mg",Albuterol Sulfate (J7611),Albuterol Sulfate,286603.7,1247691.3,15826,10522,0.22970722,18.10967395,27.23851929,0,228680.09,1097551.5,10359,6931,0.20835477,22.0754986,32.99380897,0,144573.53,708416,9531,7315,0.20407999,15.16876823,19.76398223,0,31287.83,228369,8793,7822,0.137005592,3.558265666,3.999978266,0,52467.22,322873,8469,7077,0.162501107,6.195208407,7.41376572,0,0.165,0.186091057,-0.082892131
J7612,"Levalbuterol, inhalation solution, fda-approved final product, non-compounded, administered through dme, concentrated form, 0.5 mg",Albuterol Sulfate (J7612)*,Albuterol Sulfate*,97848.8,315667.9,1760,1209,0.309973868,55.59590909,80.93366419,0,72346.21,237187,1135,727,0.305017602,63.74115419,99.51335626,0,51382.94,183730,991,718,0.279665487,51.84958628,71.56398329,0,39263.09,165989.1,1096,834,0.23654017,35.82398723,47.07804556,0,47368.56,185032,1118,831,0.256001989,42.3690161,57.00187726,0,0.26125,0.082277012,-0.046700063
J7613,"Albuterol, inhalation solution, fda-approved final product, non-compounded, administered through dme, unit dose, 1 mg",Albuterol Sulfate (J7613),Albuterol Sulfate,9550501.96,226282608,1127023,364460,0.042206081,8.474096766,26.20452714,0,7818406.82,175743057.5,871583,285888,0.044487714,8.970352588,27.34779641,0,6480335.53,149440278,784023,281101,0.043364049,8.265491612,23.05340618,0,4485924.63,132077328.9,728535,274607,0.03396438,6.157459326,16.33579854,0,5543465.77,112781931,572794,238260,0.049152074,9.677939661,23.26645585,0,0.072,0.447165328,0.038823356
J7614,"Levalbuterol, inhalation solution, fda-approved final product, non-compounded, administered through dme, unit dose, 0.5 mg",Levalbuterol HCL*,Levalbuterol HCL*,722102.72,12524979.9,68577,26601,0.057653004,10.52980912,27.14569828,0,603075.92,10171382.5,51300,19068,0.059291441,11.75586589,31.62764422,0,531335.61,9104350.1,49289,19717,0.05836063,10.78000386,26.94809606,0,396238.6,9175532.5,57052,23979,0.043184262,6.945218397,16.52440052,0,471072.91,8456787.5,51479,22091,0.055703529,9.150778181,21.32420035,0,0.08075,0.289903465,-0.008562841
J7620,"Albuterol, up to 2.5 mg and ipratropium bromide, up to 0.5 mg, fda-approved final product, non-compounded, administered through dme",Ipratropium-Albuterol,Ipratropium/Albuterol Sulfate,14649445.6,114356723,1146287,321638,0.128103055,12.77991079,45.54637698,0,10756964.32,90919747,876964,241222,0.118312739,12.26614128,44.59362877,0,9356473.17,75078983.7,775159,236800,0.124621735,12.07039223,39.51213332,0,7891304.49,58996687,675766,235122,0.133758434,11.67756959,33.56259512,0,10314589.45,56439278,591597,233891,0.182755517,17.43516186,44.09998439,0,0.186,0.36631023,0.092893272
J7626,"Budesonide, inhalation solution, fda-approved final product, non-compounded, administered through dme, unit dose form, up to 0.5 mg",Budesonide*,Budesonide*,74997374.08,43284338,713923,131062,1.732667693,105.0496679,572.2282132,0,53510927.97,38705853,629176,121717,1.382502227,85.04921989,439.6339704,0,36715705.82,35797517,582406,117818,1.025649511,63.04142784,311.6307001,0,29657957.68,31872103,532032,107600,0.930530304,55.74468769,275.631577,0,34492579.86,30287679,490686,102158,1.13883206,70.29460767,337.6395374,0,1.1565,0.223852738,-0.099598724
J7631,"Cromolyn sodium, inhalation solution, fda-approved final product, non-compounded, administered through dme, unit dose form, per 10 milligrams",Cromolyn Sodium,Cromolyn Sodium,1114591.42,332054,1665,440,3.35665711,669.4242763,2533.162318,0,695012.16,267539,1305,351,2.597797555,532.5763678,1980.091624,0,474275.36,271881,1338,359,1.744422597,354.4658894,1321.101281,0,341030.63,243264,1245,347,1.401895184,273.9201847,982.7972046,0,147003.55,201465,1051,316,0.729672896,139.8701713,465.2011076,0,0.7265,-0.479509663,-0.317181453
J7639,"Dornase alfa, inhalation solution, fda-approved final product, non-compounded, administered through dme, unit dose form, per milligram",Pulmozyme,Dornase Alfa,31924224.89,672070,8282,1217,47.50133898,3854.651641,26231.90213,0,29490763.81,617184,7656,1135,47.78277436,3851.980644,25983.05182,0,26071831.38,544827,6824,1070,47.85341288,3820.60835,24366.19755,0,24138838.17,480908,6093,948,50.19429531,3961.732836,25462.90946,0,23180890.12,446997,5623,892,51.85916263,4122.512915,25987.54498,0,52.75625,0.033168457,0.022185961
J7644,"Ipratropium bromide, inhalation solution, fda-approved final product, non-compounded, administered through dme, unit dose form, per milligram",Ipratropium Bromide,Ipratropium Bromide,1874032.36,9207463,204709,58121,0.203534064,9.154616358,32.24363586,0,1395121.75,6949642,149238,40016,0.200747283,9.348301036,34.86409811,0,1109103.67,5519166.5,127229,40060,0.200954921,8.717381022,27.68606266,0,1276040.77,5035385.5,126931,44916,0.253414713,10.053027,28.40949261,0,1306423.17,3829781.3,91394,33887,0.341122134,14.2944085,38.55234072,0,0.348,0.346102325,0.137805946
J7674,"Methacholine chloride administered as inhalation solution through a nebulizer, per 1 mg",Provocholine,Methacholine Chloride,68767.06,92923,1990,1967,0.740043477,34.55631156,34.96037621,0,82584.69,99824,1969,1952,0.827302953,41.94245302,42.30773053,0,54574.02,67141,1266,1255,0.812827036,43.10744076,43.4852749,0,53164.03,66088.5,1877,1871,0.804436929,28.32393713,28.4147675,0,75743.29,63309,1914,1905,1.196406356,39.57329676,39.76025722,0,1.25475,0.487259364,0.127600784
J7677,"Revefenacin inhalation solution, fda-approved final product, non-compounded, administered through dme, 1 microgram",Yupelri,Revefenacin,123252921.4,608771005,115620,20678,0.202461879,1066.01731,5960.582328,0,138164554.6,727813610,137728,24246,0.18983508,1003.169686,5698.447354,0,155971189.6,838839730,158721,27009,0.185936817,982.6751945,5774.785796,0,172733427.2,921054311,174102,28761,0.187538808,992.1392472,6005.821328,0,175048323.3,958965679,175788,29240,0.182538674,995.7922231,5986.604765,0,0.1865,-0.026661862,-0.025564927
J7682,"Tobramycin, inhalation solution, fda-approved final product, non-compounded, unit dose form, administered through dme, per 300 milligrams",Bethkis*,Tobramycin*,19304300.13,561362,10820,3240,34.38832719,1784.131251,5958.117324,0,19742375.28,550360,10408,3289,35.87174809,1896.846203,6002.546452,0,14068877.86,561402,10412,3296,25.06025604,1351.21762,4268.470225,0,15144746.68,576253,10649,3427,26.28141924,1422.175479,4419.243268,0,10153227.17,585528,10777,3533,17.34029315,942.1199935,2873.825975,0,17.82875,-0.340207125,-0.157322601
J7686,"Treprostinil, inhalation solution, fda-approved final product, non-compounded, administered through dme, unit dose form, 1.74 mg",Tyvaso*,Treprostinil*,217247289.9,347544,12467,1512,625.0929088,17425.78727,143682.07,0,253875005.7,378231,13592,1713,671.2168112,18678.26705,148204.907,0,256380565.7,372089,13385,1773,689.0302206,19154.31944,144602.688,0,205576762,287063,10333,1489,716.1381369,19895.16713,138063.6414,0,183021609.3,250568,8988,1226,730.4269074,20362.88488,149283.5313,0,743.92225,0.019952534,0.039700009
J8501,"Aprepitant, oral, 5 mg",Aprepitant*,Aprepitant*,22536.72,4756,94,43,4.738587048,239.7523404,524.1097674,0,12893.59,2721,62,28,4.738548328,207.961129,460.4853571,0,5402.8,1418,31,11,3.810155148,174.283871,491.1636364,0,2647.64,872,20,,3.036284404,132.382,,1,1326.66,384,12,,3.45484375,110.555,,1,3.59875,0.137852484,-0.075951244
J8522,"Capecitabine, oral, 50 mg",Capecitabine*,Capecitabine*,,,,,,,,,,,,,,,,,,,,,,,,,,,,,,,,,4627.39,73477,113,74,0.062977394,40.95035398,62.5322973,0,0.064,,
J8530,"Cyclophosphamide; oral, 25 mg",Cyclophosphamide (J8530),Cyclophosphamide,1857409.86,795783,12080,2968,2.334065769,153.7590944,625.8119474,0,954255.51,749940,11363,2802,1.272442475,83.97918772,340.5622805,0,558040.03,702606,11058,2638,0.794243189,50.46482456,211.5390561,0,524166.68,605502,9867,2459,0.865672913,53.12320665,213.1625376,0,450188.52,550188,8850,2244,0.818244891,50.86875932,200.6187701,0,0.8305,-0.054787462,-0.230528475
J8540,"Dexamethasone, oral, 0.25 mg",Dexamethasone,Dexamethasone,1994.06,25498,378,107,0.078204565,5.275291005,18.63607477,0,2307.49,26674,494,96,0.086507086,4.671032389,24.03635417,0,3005.22,29186,406,62,0.102967861,7.402019704,48.47129032,0,821.85,6492,105,52,0.12659427,7.827142857,15.80480769,0,321.53,3984,57,25,0.080705321,5.640877193,12.8612,0,0.06475,-0.362488355,0.007900165
J8560,"Etoposide; oral, 50 mg",Etoposide,Etoposide,1900354.37,25471,1432,507,74.60854972,1327.063108,3748.233471,0,1882326.11,24856,1451,467,75.72924485,1297.261275,4030.676895,0,1462133.32,19537,1160,393,74.83919333,1260.459759,3720.441018,0,1659629.69,22014,1261,397,75.38973789,1316.12188,4180.427431,0,1189451.29,15849,999,342,75.04898038,1190.641932,3477.927749,0,76.37975,-0.004519946,0.001472549
J8610,"Methotrexate; oral, 2.5 mg",Methotrexate (J8610)*,Methotrexate Sodium*,6245.47,30190,1037,194,0.206872143,6.022632594,32.19314433,0,8270.15,28966,1024,200,0.285512325,8.076318359,41.35075,0,4295.16,20581,733,167,0.208695399,5.859699864,25.71952096,0,4226.26,15304,537,127,0.276153947,7.870130354,33.2776378,0,3516.73,14719,556,115,0.238924519,6.325053957,30.58026087,0,0.24325,-0.134814033,0.036667962
J8655,"Netupitant 300 mg and palonosetron 0.5 mg, oral",Akynzeo (J8655),Netupitant/Palonosetron HCL,26103.49,109,109,31,239.4815596,239.4815596,842.0480645,0,23783.98,79,79,19,301.063038,301.063038,1251.788421,0,15928.62,44,44,16,362.0140909,362.0140909,995.53875,0,12533.45,30,29,,417.7816667,432.187931,,0,7924.48,20,20,,396.224,396.224,,1,403.30225,-0.051600318,0.134141325
J8670,"Rolapitant, oral, 1 mg",Varubi,Rolapitant HCL,,,,,,,,,,,,,,,,,7128.03,4140,21,,1.721746377,339.43,,1,,,,,,,,,8967.33,5760,32,18,1.556828125,280.2290625,498.185,0,1.6425,,-0.049098034
J8700,"Temozolomide, oral, 5 mg",Temodar (J8700)*,Temozolomide*,6020113.49,5341019,24484,5769,1.12714699,245.8794923,1043.528079,0,3749179.75,5120995,25502,5465,0.732119393,147.0151263,686.034721,0,2396763.38,4971087,26419,5447,0.482140703,90.72119989,440.0153075,0,1592682.13,4989566,27054,5480,0.319202538,58.87048607,290.6354252,0,1774809.47,7506323,25265,5248,0.236441926,70.24775262,338.1877801,0,0.2415,-0.259273037,-0.323237972
J8705,"Topotecan, oral, 0.25 mg",Hycamtin (J8705),Topotecan HCL,2707532.71,27576,397,142,98.18438896,6819.981637,19067.13176,0,1855531.15,18677,281,97,99.348458,6603.313701,19129.18711,0,2418145.28,23690,393,99,102.0745158,6153.041425,24425.7099,0,1113479.93,11109,185,62,100.2322378,6018.810432,17959.35371,0,1560166.35,13727,243,63,113.6567604,6420.437654,24764.54524,0,116.47425,0.13393418,0.037261379
J9000,"Injection, doxorubicin hydrochloride, 10 mg",Adriamycin*,Doxorubicin HCL*,668728.42,233677.2,27609,7009,2.861761524,24.2213923,95.40996148,0,527192.27,212828,25847,6424,2.477081352,20.39665222,82.06604452,0,561741.89,197219.1,23890,6067,2.84831383,23.51368313,92.58972969,0,447863.31,181148,21803,5618,2.472361329,20.54136174,79.7193503,0,546884.14,164830,20212,5216,3.317867743,27.05739858,104.8474195,0,3.37225,0.341983352,0.037663182
J9017,"Injection, arsenic trioxide, 1 mg",Arsenic Trioxide*,Arsenic Trioxide*,2901661.6,99029,5007,171,29.30112997,579.5209906,16968.78129,0,1701300.61,106989,5275,160,15.90164045,322.5214427,10633.12881,0,1314010.37,97536,4927,157,13.47205514,266.6958332,8369.492803,0,1768374.78,117322,5966,176,15.07283186,296.4087798,10047.58398,0,1332464.34,117835,6002,177,11.30788255,222.0033889,7528.047119,0,11.392,-0.249783806,-0.211822142
J9021,"Injection, asparaginase, recombinant, (rylaze), 0.1 mg",Rylaze,Asparaginase Erwinia-Rywn,,,,,,,,,,,,,,,,,468526.87,10260,25,,45.66538694,18741.0748,,1,474941.83,9770,20,,48.6122651,23747.0915,,0,876743.53,17005,25,,51.55798471,35069.7412,,0,51.88475,0.060596222,0.062562282
J9022,"Injection, atezolizumab, 10 mg",Tecentriq,Atezolizumab,624194083.9,8710906,71233,12416,71.65662032,8762.709473,50273.36372,0,656074898.5,9137003,73736,12580,71.80416801,8897.619867,52152.21769,0,777758574.6,9835802,77721,12812,79.07424068,10007.05826,60705.47726,0,755223832.3,9439186,74127,11799,80.00942373,10188.24224,64007.44405,0,677665952,8122448,63083,10191,83.43124536,10742.44966,66496.51183,0,85.24125,0.042767733,0.038766897
J9023,"Injection, avelumab, 10 mg",Bavencio,Avelumab,44264264.61,537019,5983,755,82.42588178,7398.339397,58628.16505,0,79095180.38,1005855,11473,1323,78.63477378,6894.02775,59784.71684,0,111862814.6,1302836,14878,1591,85.86100985,7518.672848,70309.7515,0,123396722.8,1397180,15959,1559,88.31841484,7732.108706,79151.20131,0,97907149.73,1066722,12217,1062,91.78319162,8014.009146,92191.28977,0,93.7015,0.039230514,0.027247016
J9025,"Injection, azacitidine, 1 mg",Azacitidine*,Azacitidine*,40293092.88,45792659,210891,9533,0.879902888,191.0612254,4226.695991,0,33142126.13,37779607.7,175518,8283,0.877249081,188.8246569,4001.22252,0,26546455.87,38874559,180417,8470,0.682874779,147.1394374,3134.174247,0,7273322.27,16708839.5,92612,3543,0.435297872,78.53541949,2052.87109,0,6132116.77,16485162,91156,3474,0.37197795,67.27057758,1765.145875,0,0.379,-0.14546343,-0.193655527
J9027,"Injection, clofarabine, 1 mg",Clofarabine*,Clofarabine*,146340.5,3288,50,,44.50745134,2926.81,,0,62602.7,1870,14,,33.47737968,4471.621429,,0,71036.52,1910,19,,37.19189529,3738.764211,,0,119568.85,3866,74,14,30.92831092,1615.79527,8540.632143,0,14560.62,777,16,,18.73953668,910.03875,,0,15.7475,-0.394097637,-0.19447035
J9029,"Intravesical instillation, nadofaragene firadenovec-vncg, per therapeutic dose",Adstiladrin,Nadofaragene Firadenovec-Vncg,,,,,,,,,,,,,,,,,,,,,,,,,1130517.6,21,21,17,53834.17143,53834.17143,66501.03529,1,42590424.78,845,657,429,50402.86956,64825.60849,99278.37944,1,63453.16867,-0.063738361,-0.063738361
J9030,"Bcg live intravesical instillation, 1 mg",BCG (Tice Strain)*,BCG Live*,15146117.27,5554737.3,130615,23960,2.726702714,115.9600143,632.1417892,0,14412378.26,5059039.9,114683,20165,2.848836646,125.6714444,714.7224528,0,13814945.58,4935153.2,109600,19696,2.79929417,126.0487735,701.4086911,0,13961906.5,4918839.3,108709,19293,2.838455507,128.4337681,723.6773182,0,13229046.33,4624835,103408,18713,2.86043639,127.9305888,706.9441741,0,2.91075,0.007743959,0.012042209
J9032,"Injection, belinostat, 10 mg",Beleodaq,Belinostat,8653903.18,233352,1026,67,37.08518967,8434.603489,129162.734,0,5459426.13,143549,666,44,38.03179493,8197.336532,124077.8666,0,9011479.98,207189,965,54,43.49400779,9338.321223,166879.2589,0,10513040.23,225600,1056,60,46.60035563,9955.530521,175217.3372,0,13460107.23,276578,1352,74,48.66658675,9955.700614,181893.341,0,49.44125,0.044339385,0.070305103
J9033,"Injection, bendamustine hcl (treanda), 1 mg",Bendamustine HCL*,Bendamustine HCL*,11052574.37,466539,2509,534,23.690569,4405.171132,20697.70481,0,17020133.18,764429,4230,751,22.26515894,4023.672147,22663.29318,0,11895842.97,653500,3640,678,18.20327922,3268.088728,17545.49111,0,12174591.02,948797,5264,907,12.83160784,2312.802245,13422.92285,0,6525101.82,971655,5432,926,6.715451287,1201.233767,7046.546242,0,6.43275,-0.476647715,-0.270332626
J9034,"Injection, bendamustine hcl (bendeka), 1 mg",Bendeka,Bendamustine HCL,148578693.2,7574280,42167,7482,19.61621344,3523.577517,19858.15199,0,120158191.3,6572257,36827,6368,18.28263735,3262.774359,18869.06271,0,104836510.8,5858411,32615,5742,17.89504198,3214.364886,18257.83886,0,81666045.89,5022887,27961,4995,16.25878621,2920.712632,16349.55874,0,56240755.65,4146519,23256,4066,13.5633662,2418.333146,13831.96155,0,13.78675,-0.165782364,-0.088119188
J9035,"Injection, bevacizumab, 10 mg",Avastin,Bevacizumab,680666967.4,9605853.8,679670,174190,70.85960098,1001.46684,3907.61219,1,369311857.9,5719432.9,608841,154678,64.57141194,606.5817806,2387.61723,1,252453961.6,3780271.9,537232,140895,66.78195862,469.9160914,1791.787939,0,210023838,2988685.9,438704,122381,70.27297114,478.7370026,1716.147425,0,161538584.4,2264771.9,342609,98961,71.32664635,471.4954492,1632.345918,0,73.34875,0.014994033,0.001643727
J9036,"Injection, bendamustine hydrochloride, (belrapzo/bendamustine), 1 mg",Belrapzo*,Bendamustine HCL*,12566159.53,572753,3239,654,21.93992791,3879.64172,19214.31121,0,12048141.79,571741,3116,669,21.07272662,3866.541011,18009.18055,0,15568129.34,796099,4603,812,19.55551928,3382.17018,19172.57308,0,11585395.77,720494,4311,809,16.07979493,2687.403333,14320.63754,0,4595287.77,395713,2377,495,11.61267831,1933.230025,9283.409636,1,10.217,-0.277809303,-0.147048574
J9039,"Injection, blinatumomab, 1 microgram",Blincyto,Blinatumomab,24174501.09,225224,1607,165,107.3353687,15043.24897,146512.1278,0,27936546.8,249429,1656,176,112.0019998,16869.89541,158730.3796,0,34078268.71,271237,1663,194,125.6401918,20492.04372,175661.1789,0,73167103.26,537260,3133,331,136.1856518,23353.6876,221048.6503,0,86227272.78,591152,3233,357,145.8631161,26670.97828,241532.977,0,148.7635,0.071060822,0.079693927
J9040,"Injection, bleomycin sulfate, 15 units",Bleomycin Sulfate,Bleomycin Sulfate,67014.51,2682,1982,921,24.98676734,33.81155903,72.76276873,0,78174.08,2861,2080,945,27.32404055,37.58369231,82.72389418,0,61977.73,2490,1979,974,24.89065462,31.31770086,63.63216632,0,63795.24,2707.6,2074,984,23.56154528,30.75951784,64.83256098,0,51228.14,2235,1888,976,22.92086801,27.13354873,52.48784836,0,23.49075,-0.027191649,-0.021343586
J9041,"Injection, bortezomib, 0.1 mg",Bortezomib (J9041)*,Bortezomib*,381250143,9283206.7,241147,18055,41.06879824,1580.986465,21116.04226,0,362797565.8,8870983.8,232184,17267,40.89710611,1562.543353,21011.03642,0,306458971.9,7698889.3,204399,15807,39.80560831,1499.317374,19387.54804,0,38841665.98,7631761.2,202471,15707,5.089476068,191.8381693,2472.888902,0,13110747.67,7283865.5,192241,15004,1.799971138,68.19953948,873.8168269,0,1.83375,-0.646334689,-0.542450182
J9042,"Injection, brentuximab vedotin, 1 mg",Adcetris,Brentuximab Vedotin,161368351.2,1052351,7856,1701,153.3408067,20540.77791,94866.75558,0,164383359.6,994211,7501,1660,165.3405158,21914.85929,99026.12022,0,186209798.7,945596.5,7286,1569,196.9231048,25557.20542,118680.56,0,193419172.7,907512,7029,1533,213.1312563,27517.3101,126170.3671,0,186976535.4,811671,6255,1363,230.3600047,29892.3318,137180.1434,0,235.2035,0.080836329,0.107101231
J9043,"Injection, cabazitaxel, 1 mg",Jevtana,Cabazitaxel,129980962.6,802511,13570,3106,161.9678267,9578.55288,41848.34597,0,141653448.3,835336,14007,3146,169.5766114,10113.04693,45026.5252,0,144939321,766085,12824,2919,189.1948295,11302.19284,49653.75847,0,120643831.8,605546,10088,2482,199.23149,11959.14273,48607.50678,0,112620292.1,538687,8892,2121,209.0644327,12665.34998,53097.73317,0,213.541,0.04935436,0.065891134
J9045,"Injection, carboplatin, 50 mg",Carboplatin*,Carboplatin*,2406407.67,871921.2,123996,29024,2.759891226,19.40713951,82.91095886,0,2117021.75,817406.8,116341,27159,2.589924319,18.19669549,77.94917891,0,2117127.77,779324,111816,26042,2.716620777,18.93403243,81.29666577,0,1668619.26,674390,98500,23940,2.474264535,16.94029706,69.70005263,0,2386740.58,673742.3,97789,22975,3.54251259,24.40704558,103.8842472,0,3.603,0.431743671,0.064399983
J9047,"Injection, carfilzomib, 1 mg",Kyprolis,Carfilzomib,293479656,8473557,89770,5963,34.63476507,3269.239791,49216.77948,0,308197166.7,8459642,84367,5799,36.4314668,3653.053524,53146.60573,0,366748276.1,8836222,85258,5990,41.50509981,4301.628892,61226.75728,0,401138105.5,8908079.6,85196,6061,45.03081736,4708.414779,66183.48548,0,396705754.3,8372252,79659,5806,47.38339867,4980.049389,68326.86089,0,48.3675,0.052243807,0.081504898
J9049,"Injection, bortezomib (hospira), not therapeutically equivalent to j9041, 0.1 mg",Bortezomib (J9049),Bortezomib,,,,,,,,,,,,,,,,,,,,,,,,,610638.79,127359,4321,539,4.794626136,141.3188591,1132.910557,0,192196.63,118274,4085,456,1.625011668,47.04935863,421.4838377,0,1.66225,-0.661076459,-0.661076459
J9050,"Injection, carmustine, 100 mg",Bicnu*,Carmustine*,799175.92,441,135,70,1812.190295,5919.82163,11416.79886,0,917156.33,647,172,109,1417.552288,5332.304244,8414.278257,0,449580.06,599,182,102,750.5510184,2470.22011,4407.647647,0,175669.07,533,140,87,329.5854972,1254.779071,2019.184713,0,147438.17,469,104,72,314.3671002,1417.674712,2047.752361,0,315.3595,-0.046174353,-0.35463067
J9055,"Injection, cetuximab, 10 mg",Erbitux,Cetuximab,144722195.6,2529468,36742,4430,57.21447971,3938.876369,32668.66717,0,138532657.5,2342362,33710,3960,59.14229207,4109.541902,34982.99433,0,153951938.5,2309273,32364,3695,66.66684211,4756.888471,41664.93599,0,155924992.7,2240538,30776,3649,69.59265708,5066.447645,42730.88318,0,157636300.7,2160056,28555,3387,72.97787683,5520.444781,46541.57092,0,74.57975,0.048643347,0.062726029
J9056,"Injection, bendamustine hydrochloride (vivimusta), 1 mg",Vivimusta,Bendamustine HCL,,,,,,,,,,,,,,,,,,,,,,,,,2405724.57,73623,438,118,32.6762638,5492.521849,20387.49636,0,11724322.73,381304,2350,375,30.74796679,4989.073502,31264.86061,0,30.32366667,-0.059012163,-0.059012163
J9060,"Injection, cisplatin, powder or solution, 10 mg",Cisplatin,Cisplatin,514430.29,278706.1,35013,7687,1.845780519,14.69255105,66.92211396,0,461566.88,256654,32901,7052,1.798401272,14.02896204,65.45191151,0,480444.48,249695.4,32345,6904,1.924122271,14.85374803,69.58929316,0,519417.26,240090.9,32009,7146,2.163419188,16.22722547,72.68643437,0,719808.65,216230,28889,6086,3.328902789,24.91635744,118.272864,0,3.357,0.538722965,0.158858108
J9061,"Injection, amivantamab-vmjw, 2 mg",Rybrevant,Amivantamab-Vmjw,,,,,,,,,,,,,,,,,20437822.48,1140786,2121,237,17.91556215,9635.937049,86235.53789,0,23714518.41,1239036,2438,276,19.13949103,9727.037904,85922.16815,0,70056728.4,3516444,6014,839,19.92260602,11648.94054,83500.27223,0,20.3005,0.040916187,0.054527363
J9063,"Injection, mirvetuximab soravtansine-gynx, 1 mg",Elahere,Mirvetuximab Soravtansine-Gynx,,,,,,,,,,,,,,,,,,,,,,,,,88328906.01,1372490,3811,972,64.35668457,23177.3566,90873.36009,0,212956169.5,3280328,9214,1757,64.91916951,23112.23893,121204.422,0,66.25375,0.008740117,0.008740117
J9065,"Injection, cladribine, per 1 mg",Cladribine,Cladribine,406633.07,22209,1381,299,18.30938223,294.4482766,1359.976823,0,441253.74,25189,1424,335,17.51771567,309.8691994,1317.175343,0,470884.31,24201,1496,349,19.45722532,314.7622393,1349.238711,0,510281.33,26913,1674,383,18.96040315,304.8275568,1332.327232,0,383433.42,26128,1545,368,14.67519213,248.1769709,1041.938641,0,14.9725,-0.226008434,-0.053811803
J9071,"Injection, cyclophosphamide (auromedics), 5 mg",Cyclophosphamide (J9071),Cyclophosphamide,,,,,,,,,,,,,,,,,245961.97,79643,326,165,3.088306191,754.4845706,1490.678606,0,1152556.64,338035,1526,613,3.409577825,755.2795806,1880.190277,0,1528335.94,1131988,5535,1901,1.350134401,276.1221211,803.9641978,0,1.4905,-0.604017133,-0.338806881
J9073,"Injection, cyclophosphamide (ingenus), 5 mg",Cyclophosphamide (J9073),Cyclophosphamide,,,,,,,,,,,,,,,,,,,,,,,,,,,,,,,,,3980501.29,4494682,21429,6766,0.885602428,185.7530118,588.3093837,0,0.898333333,,
J9075,"Injection, cyclophosphamide, not otherwise specified, 5 mg",Cyclophosphamide (J9075),Cyclophosphamide,,,,,,,,,,,,,,,,,,,,,,,,,,,,,,,,,7888488.69,7913328,35271,10554,0.996861079,223.6536727,747.4406566,0,1.011333333,,
J9100,"Injection, cytarabine, 100 mg",Cytarabine*,Cytarabine*,11971.29,16993,2898,239,0.704483611,4.130879917,50.0890795,0,7341.47,10485,1970,190,0.700187888,3.726634518,38.63931579,0,7940.15,8256,1724,147,0.961742975,4.605655452,54.01462585,0,7063.61,7618,891,111,0.927226306,7.927732884,63.63612613,0,7095.03,8780,1021,129,0.808089977,6.949098923,55.00023256,0,0.85575,-0.128486787,0.034897187
J9119,"Injection, cemiplimab-rwlc, 1 mg",Libtayo,Cemiplimab-Rwlc,155476304.9,5716845,15748,2442,27.19617287,9872.765106,63667.61052,0,179470040.9,6543761,17945,2704,27.42613015,10001.11679,66372.05654,0,203832303.9,7542988,20727,3187,27.02275331,9834.14406,63957.42201,0,270188134.2,10205461,28378,4463,26.47485833,9521.042153,60539.57746,0,348106558.5,12838372,35522,5482,27.11454058,9799.745468,63499.91947,0,27.7435,0.024161876,-0.000751249
J9120,"Injection, dactinomycin, 0.5 mg",COsmegen*,Dactinomycin*,430031.83,453,116,28,949.297638,3707.170948,15358.27964,0,331573.95,445,102,27,745.11,3250.725,12280.51667,0,138230.41,210,70,24,658.2400476,1974.720143,5759.600417,0,148292.04,238,70,16,623.0757983,2118.457714,9268.2525,0,137312.73,309,81,22,444.377767,1695.218889,6241.487727,0,474.0862694,-0.286799827,-0.172843893
J9130,"Dacarbazine, 100 mg",Dacarbazine,Dacarbazine,90971.28,21515,2789,488,4.228272368,32.61788455,186.4165574,0,93991.61,21753,2815,451,4.320857353,33.3895595,208.4071175,0,80988.81,19092,2472,413,4.242028598,32.76246359,196.0988136,0,73750.5,19316,2522,396,3.818104162,29.24286281,186.2386364,0,68193.48,18201,2375,377,3.746688644,28.71304421,180.8845623,0,3.822,-0.018704445,-0.029777901
J9144,"Injection, daratumumab, 10 mg and hyaluronidase-fihj",Darzalex Faspro,Daratumumab-Hyaluronidase-Fihj,,,,,,,,,1046702030,23552901,121256,12490,44.44047168,8632.166902,83803.20495,0,1576370371,34850987,182181,17976,45.23172817,8652.770435,87693.05577,0,2075948084,43751624,228937,22480,47.44848064,9067.770104,92346.44503,0,2530411475,51522712,270709,26517,49.11254429,9347.348905,95426.00878,0,50.06425,0.035070958,0.033882675
J9145,"Injection, daratumumab, 10 mg",Darzalex,Daratumumab,837409111.1,16633905.4,124494,12779,50.34350569,6726.501768,65530.09712,0,478628176.1,9170535,70318,8083,52.19195784,6806.623853,59214.17495,0,318319113.2,5610845,43743,4961,56.73282959,7277.02977,64164.30422,0,221722229.3,3727376,29150,3293,59.4848036,7606.251434,67331.37847,0,149876829.3,2437581.5,19505,2246,61.48587412,7684.020982,66730.55622,0,63.08275,0.033640029,0.051254758
J9150,"Injection, daunorubicin, 10 mg",Daunorubicin HCL,Daunorubicin HCL,18241.22,440,55,24,41.45731818,331.6585455,760.0508333,0,7106.01,186,34,16,38.20435484,209.0002941,444.125625,0,8320.04,198,26,12,42.02040404,320.0015385,693.3366667,0,5640.74,144,36,23,39.17180556,156.6872222,245.2495652,0,4478.78,145,25,12,30.88813793,179.1512,373.2316667,0,29.5685,-0.211470151,-0.070931724
J9153,"Injection, liposomal, 1 mg daunorubicin and 2.27 mg cytarabine",Vyxeos,Daunorubicin/Cytarabine Lipos,8651250.34,44086,470,173,196.2357742,18406.91562,50007.2274,0,5444632.56,30665,303,128,177.5520157,17969.08436,42536.19188,0,6925014.95,34052,340,137,203.3658801,20367.69103,50547.55438,0,4831181.59,22082,253,95,218.7836967,19095.57941,50854.54305,0,5501271.4,23734,245,101,231.7886323,22454.16898,54468.03366,0,237.16775,0.059441978,0.042505818
J9155,"Injection, degarelix, 1 mg",Firmagon,Degarelix Acetate,17797083.26,4732682,41788,12518,3.760464629,425.8898071,1421.719385,0,18178464.5,4758941,42231,12396,3.819854985,430.4530913,1466.478259,0,18550711.48,4662973,41033,12091,3.978301286,452.0924982,1534.257835,0,18164271.04,4487448,39818,11600,4.047795326,456.182406,1565.885435,0,16959005.61,4074879,36140,10573,4.161842747,469.2585946,1603.991829,0,4.24625,0.028175195,0.025677998
J9171,"Injection, docetaxel, 1 mg",Docetaxel*,Docetaxel*,10346424.32,12256982.1,102115,25341,0.844124943,101.3212978,408.2879255,0,2777172.22,4668025.5,42446,9834,0.594935101,65.42836121,282.4051475,0,2051203.09,4297966.5,39757,9375,0.477249669,51.59350781,218.7949963,0,2890440.58,4287280.7,40597,9426,0.674189721,71.1983787,306.6455103,0,3356006.55,3856399.5,38540,9011,0.870243488,87.0785301,372.434419,0,0.88025,0.290799103,0.007647222
J9173,"Injection, durvalumab, 10 mg",Imfinzi,Durvalumab,505845757.8,6817535,76248,9161,74.19775004,6634.216737,55217.30791,0,453544571.6,6457397,64340,9073,70.23643918,7049.185136,49988.37999,0,562741220.7,7418489,64254,10517,75.85658222,8758.072972,53507.77035,0,738581821.4,9514036,75204,13192,77.63075748,9821.044378,55987.09986,0,843071958.2,10581179,79678,14791,79.67656139,10580.98795,56998.98304,0,81.2275,0.026353007,0.017969959
J9176,"Injection, elotuzumab, 1 mg",Empliciti,Elotuzumab,110037845,18127251,17390,1849,6.070299626,6327.65066,59512.0849,0,97730345.81,15815039,14729,1554,6.179582979,6635.232929,62889.54042,0,98425825.99,14531906,13168,1379,6.773084411,7474.622265,71374.78317,0,89425919.52,12779230.7,11343,1271,6.99775453,7883.797895,70358.7093,0,83017614.18,11312100,9908,1050,7.338833124,8378.846809,79064.39446,0,7.483,0.048741149,0.048586401
J9177,"Injection, enfortumab vedotin-ejfv, 0.25 mg",Padcev,Enfortumab Vedotin-Ejfv,63345399.9,2267598,6246,890,27.93502195,10141.75471,71174.60663,0,154355577.1,5311452,14703,1664,29.06090032,10498.2369,92761.76509,0,189323880.1,6136174,17420,1910,30.85373396,10868.19059,99122.45034,0,311587695.9,9340444,26559,3261,33.35898121,11731.90617,95549.73809,0,641224461.7,18152640,50610,5839,35.3240334,12669.91626,109817.5136,0,36.02175,0.058906241,0.060425878
J9178,"Injection, epirubicin hcl, 2 mg",Ellence*,Epirubicin HCL*,11128.71,8579,220,53,1.297203637,50.58504546,209.9756604,0,8401.6,5118,119,26,1.641578742,70.60168067,323.1384615,0,8612.08,5666,85,28,1.519957642,101.3185882,307.5742857,0,5568.54,4148,66,22,1.342463838,84.37181818,253.1154546,0,3936.29,3065,75,27,1.284270799,52.48386667,145.7885185,0,1.45675,-0.043347938,-0.002501818
J9179,"Injection, eribulin mesylate, 0.1 mg",Eribulin Mesylate*,Eribulin Mesylate*,44144587.31,416924,15320,2130,105.8816171,2881.500477,20725.15836,0,42550810.74,389594,14721,2047,109.218342,2890.483713,20786.91292,0,42908890.96,340328,12887,1735,126.0809894,3329.626054,24731.34926,0,29333225.5,232916,8891,1207,125.9390746,3299.204308,24302.58948,0,26612604.42,197513,7564,1116,134.7384953,3518.324223,23846.41973,0,137.76425,0.069870457,0.062105804
J9181,"Injection, etoposide, 10 mg",Etopophos*,Etoposide Phosphate*,502146.57,778990,46908,5096,0.644612344,10.70492389,98.537396,0,520505.23,702557.9,42231,4604,0.740871649,12.32519311,113.0550022,0,516168.82,658455.9,39458,4290,0.783907958,13.08147448,120.3190723,0,461076.44,579248.6,34704,3826,0.795990599,13.28597395,120.5113539,0,586303.24,530368,31808,3537,1.10546496,18.43257168,165.7628612,0,1.13575,0.388791478,0.144357159
J9185,"Injection, fludarabine phosphate, 50 mg",Fludarabine Phosphate,Fludarabine Phosphate,28361.52,554,453,99,51.19407942,62.60821192,286.48,0,50329.41,693,521,112,72.62541126,96.6015547,449.3697321,0,50289.06,791,530,151,63.57656132,94.88501887,333.0401325,1,2189070.82,6438,3840,1682,340.0234265,570.070526,1301.468977,0,1417512.18,7894,4518,2046,179.5683025,313.7477158,692.8212024,0,182.0805,-0.471894321,0.36852421
J9190,"Injection, fluorouracil, 500 mg",Adrucil*,Fluorouracil*,2352263.22,1474918.9,184318,29776,1.594842415,12.7619832,78.99863044,0,2392838.44,1367493.6,174850,30401,1.749798639,13.68509259,78.70920167,0,2669164.31,1284955.7,165001,30337,2.077242282,16.17665535,87.9837924,0,2865688.61,1211012.7,158703,30219,2.36635719,18.05692778,94.83068963,0,3437830.81,1176829.8,156868,31522,2.921264239,21.91543725,109.0613162,0,2.94475,0.234498431,0.163357694
J9196,"Injection, gemcitabine hydrochloride (accord), not therapeutically equivalent to j9201, 200 mg",Gemcitabine HCL (J9196),Gemcitabine HCL,,,,,,,,,,,,,,,,,,,,,,,,,214456,57665,7068,1506,3.718997659,30.3418223,142.4010624,0,1204389.8,169860,20734,3854,7.090485105,58.08767242,312.5038402,0,7.32875,0.906558099,0.906558099
J9200,"Injection, floxuridine, 500 mg",Floxuridine,Floxuridine,2846.4,39,39,,72.98461539,72.98461539,,0,3403.91,52,52,15,65.45980769,65.45980769,226.9273333,0,2509.07,30,30,,83.63566667,83.63566667,,0,42681.43,21,21,,2032.449048,2032.449048,,1,2557715.78,699,682,183,3659.106981,3750.316393,13976.58896,0,3791.43525,0.80034377,1.660945293
J9201,"Injection, gemcitabine hydrochloride, not otherwise specified, 200 mg",Gemcitabine HCL (J9201)*,Gemcitabine HCL*,3366218.69,856050.1,107626,16088,3.932268322,31.27700268,209.2378599,0,3212047.86,809156.1,102381,15349,3.969626948,31.37347613,209.2675653,0,2908343.92,771506,97526,14847,3.769697086,29.82121609,195.8876487,0,2446482.21,688892.7,88520,14278,3.551325497,27.63762099,171.3462817,0,1918711.45,578498,74239,12417,3.316712331,25.84506055,154.5229484,0,3.34875,-0.066063549,-0.041667614
J9202,"Goserelin acetate implant, per 3.6 mg",Zoladex,Goserelin Acetate,10161256.95,23174,11440,3335,438.4766096,888.2217614,3046.853658,0,10407420.01,22703,11322,2944,458.4160688,919.2209866,3535.12908,0,10966920.22,20124,10299,2577,544.9672143,1064.85292,4255.692751,0,10507401.18,18264,9659,2257,575.3066787,1087.835302,4655.472388,0,10305181.13,16579,8842,2048,621.5803806,1165.480788,5031.826724,0,635.66375,0.080433104,0.09115819
J9203,"Injection, gemtuzumab ozogamicin, 0.1 mg",Mylotarg,Gemtuzumab Ozogamicin,3602963.13,17879,274,111,201.5192757,13149.50047,32459.1273,0,2808759.73,14870,257,118,188.8876752,10929.02619,23803.04856,0,3169326.36,15185,271,117,208.7142812,11694.93122,27088.25949,0,2267758.68,10501,202,91,215.9564499,11226.52812,24920.42506,0,2436885.63,10866,194,91,224.2670376,12561.26613,26778.96297,0,227.977,0.038482702,0.02709878
J9204,"Injection, mogamulizumab-kpkc, 1 mg",Poteligeo,Mogamulizumab-Kpkc,42735536.19,215153,2400,252,198.6285861,17806.47341,169585.4611,0,52270180.3,252713,2865,275,206.8361355,18244.39103,190073.3829,0,60408203.86,285582,3126,297,211.5266504,19324.44141,203394.6258,0,62069662.67,285787,3191,318,217.1885449,19451.47686,195187.6185,0,76324767.86,329706,3771,344,231.4934149,20239.92783,221874.3252,0,236.4265,0.065863833,0.039020754
J9205,"Injection, irinotecan liposome, 1 mg",Onivyde,Irinotecan Liposomal,53152628.81,1114607,8925,1698,47.68732729,5955.476617,31303.07939,0,56731827.13,1125840,8765,1713,50.39066575,6472.541601,33118.40463,0,63047522.17,1096447,8671,1782,57.50165961,7271.078557,35380.20324,0,74036598.7,1235772,9664,1844,59.91121234,7661.071885,40149.9993,0,87869104.64,1414858,11509,2165,62.10453957,7634.816634,40586.19152,0,63.40075,0.036609628,0.068267684
J9206,"Injection, irinotecan, 20 mg",Camptosar*,Irinotecan HCL*,1970760.82,772614.9,56071,8255,2.550767297,35.14759537,238.7354113,0,1725327.38,708469,51729,7718,2.435289872,33.35319415,223.545916,0,1632554.07,680179,49107,7391,2.400182996,33.24483414,220.8840576,0,1542096.55,646857,47158,7056,2.383983709,32.7006351,218.5510984,0,1645198.53,624736,46104,6928,2.633430009,35.68450742,237.4709195,0,2.66575,0.10463423,0.008005113
J9207,"Injection, ixabepilone, 1 mg",IXempra,IXabepilone,3843357.86,43184,716,203,88.99957994,5367.81824,18932.79734,0,4251052.22,43618,746,198,97.46096153,5698.461421,21469.96071,0,4122104.44,36678,609,158,112.3862926,6768.644401,26089.26861,0,2561870.08,21147,400,90,121.1457928,6404.6752,28465.22311,0,2336451.77,18186,348,94,128.475298,6713.941868,24855.86989,0,130.69775,0.060501525,0.096119539
J9208,"Injection, ifosfamide, 1 gram",Ifex*,Ifosfamide*,119273.76,4564,1172,183,26.1336021,101.7694198,651.7691803,0,124011.57,4786,1148,168,25.91131843,108.0240157,738.1641071,0,77067.2,2943,714,99,26.1866123,107.9372549,778.4565657,0,58704.98,2321,604,89,25.29296855,97.1936755,659.6065169,0,46148.36,1793,446,67,25.73807027,103.4716592,688.7814925,0,25.95925,0.017597844,-0.003805414
J9209,"Injection, mesna, 200 mg",Mesna*,Mesna*,27728.34,20248,1474,260,1.369435994,18.81162822,106.6474615,0,41277.92,20482,1329,225,2.015326628,31.059383,183.4574222,0,18964.18,11285,860,141,1.680476739,22.05137209,134.4977305,0,14824.98,9070.5,758,133,1.634417066,19.55802111,111.466015,0,11453.7,7044,588,99,1.626022147,19.47908163,115.6939394,0,1.701,-0.005136339,0.04386943
J9210,"Injection, emapalumab-lzsg, 1 mg",Gamifant,Emapalumab-Lzsg,,,,,,,,,409090.24,1061,11,,385.570443,37190.02182,,1,,,,,,,,,,,,,,,,,7028970.37,19208,59,,365.9397319,119135.091,,0,371.30725,,-0.017267595
J9217,"Leuprolide acetate (for depot suspension), 7.5 mg",Eligard*,Leuprolide Acetate*,285282090.7,1342464,372676,161433,212.5063247,765.4962775,1767.18571,0,224127403,1315786,368004,155959,170.337276,609.035236,1437.091819,0,230053649.2,1310504.5,363132,154470,175.5458674,633.5262361,1489.309569,0,215129149.5,1263721,351816,148433,170.2346875,611.4819949,1449.33505,0,213221138.5,1200907.4,337207,141546,177.5500247,632.3152796,1506.373465,0,181.0035,0.042972071,-0.043935441
J9223,"Injection, lurbinectedin, 0.1 mg",Zepzelca,Lurbinectedin,,,,,,,,,88260767.99,505268,6975,1878,174.681096,12653.87355,46997.21405,0,91837313.21,511076,6992,1885,179.694044,13134.62718,48720.06006,0,105340082.7,560768,7494,1956,187.849668,14056.58963,53854.84798,0,114942755.8,582198.1,7712,1956,197.4289435,14904.40298,58764.19007,0,201.4735,0.05099437,0.041649567
J9227,"Injection, isatuximab-irfc, 10 mg",Sarclisa,Isatuximab-Irfc,5821763.47,91502,964,228,63.62443958,6039.173724,25534.05031,0,28633447.14,437542,5303,623,65.44159678,5399.480886,45960.58931,0,42512757.04,622598.4,7444,777,68.28279199,5711.009812,54713.97302,0,54190478.15,759613.5,8993,911,71.33954064,6025.851012,59484.60829,0,67948016.56,900326,10691,1082,75.4704591,6355.627777,62798.53656,0,77.2395,0.057905033,0.043610057
J9228,"Injection, ipilimumab, 1 mg",Yervoy,Ipilimumab,366039293.3,2612272,17600,6929,140.1229632,20797.68712,52827.1458,0,408091302.7,2870155,20802,7687,142.1844126,19617.88783,53088.50041,0,443655803,2814404,21205,7733,157.6375684,20922.22603,57371.7578,0,459107359.9,2820201,22056,8052,162.792425,20815.53137,57017.80425,0,508639689.9,2981520,23654,8483,170.5974435,21503.3267,59959.88328,0,174.699,0.047944605,0.050426819
J9229,"Injection, inotuzumab ozogamicin, 0.1 mg",Besponsa,Inotuzumab Ozogamicin,23701001.78,10357,769,172,2288.40415,30820.54848,137796.522,0,16830600.75,8114,651,129,2074.266792,25853.45737,130469.7733,0,16719294.65,7227,602,155,2313.448824,27772.9147,107866.4171,0,19346166.76,8104,634,162,2387.236767,30514.45861,119420.7825,0,20718364.76,8140,680,143,2545.253656,30468.18347,144883.6697,0,2599.496,0.066192382,0.026950678
J9245,"Injection, melphalan hydrochloride, not otherwise specified, 50 mg",Alkeran*,Melphalan HCL*,668113.67,1791,340,274,373.0394584,1965.040206,2438.371058,0,368417.43,1717,316,267,214.570431,1165.877943,1379.840562,0,275952.03,1347,239,207,204.8641648,1154.611004,1333.101594,0,276075.11,1525,261,236,181.032859,1057.759042,1169.809788,0,241857.7,1574,306,235,153.6580051,790.3846405,1029.181702,0,156.162,-0.151214835,-0.198875332
J9246,"Injection, melphalan (evomela), 1 mg",Evomela,Melphalan HCL/Betadex Sbes,367602.08,12969,49,44,28.34467422,7502.083265,8354.592727,0,415075.93,21479,81,79,19.32473253,5124.394198,5254.125696,0,612417.94,34809,120,118,17.59366658,5103.482833,5189.982542,0,660794.73,41154,141,140,16.05663435,4686.487447,4719.962357,0,645527.19,39844,147,137,16.20136507,4391.341429,4711.877299,0,16.4475,0.009013765,-0.130499102
J9260,"Injection, methotrexate sodium, 50 mg",Methotrexate (J9260)*,Methotrexate Sodium*,65241.08,28661,19306,2740,2.276301595,3.379316275,23.81061314,0,54968.88,25902,18429,2905,2.122186704,2.982738076,18.92216179,0,51646.5,23810.1,17990,3087,2.169100508,2.870844914,16.7303207,0,48086.04,20836.2,15000,2950,2.307812365,3.205736,16.30035254,0,103558.72,44080.2,27386,4458,2.349325094,3.781447455,23.22986092,0,2.72725,0.017987913,0.007925259
J9261,"Injection, nelarabine, 50 mg",Arranon*,Nelarabine*,541497.09,4239,68,15,127.7417056,7963.1925,36099.806,0,563198.97,4777,89,15,117.8980469,6328.078315,37546.598,0,403824.4,2890,47,12,139.7316263,8592.008511,33652.03333,0,374025,3078,54,12,121.5155945,6926.388889,31168.75,0,89434.99,1180,30,,75.79236441,2981.166333,,0,89.6885,-0.376274587,-0.122346304
J9263,"Injection, oxaliplatin, 0.5 mg",Oxaliplatin,Oxaliplatin,3323009.08,23908580,74411,13962,0.138988141,44.65749795,238.0038018,0,2567585.38,22588639.5,70127,13363,0.11366711,36.61336404,192.1413889,0,1355841.71,21346463,65920,12706,0.063515989,20.56798711,106.7087762,0,1474308.82,20800471,64707,12326,0.070878627,22.78437912,119.6096722,0,1436225.46,20292540,63511,12069,0.070776032,22.61380643,119.0011981,0,0.071,-0.001447471,-0.155252109
J9264,"Injection, paclitaxel protein-bound particles, 1 mg",Abraxane*,Paclitaxel Protein-Bound*,339499319.3,28824722,120978,17959,11.77806049,2806.289733,18904.13271,0,333905536.9,26883943.5,114172,16663,12.42025884,2924.583409,20038.74074,0,324160700.2,24040894,101946,15213,13.4837207,3179.729466,21308.13779,0,283940702.7,23053742,96240,14649,12.31646918,2950.339804,19382.941,0,263102491.1,19666122,82225,13324,13.37846329,3199.787062,19746.50939,0,13.648,0.086225532,0.03236462
J9266,"Injection, pegaspargase, per single dose vial",Oncaspar,Pegaspargase,1382236.68,86,72,42,16072.51954,19197.73167,32910.39714,0,1831045.57,102,88,43,17951.42716,20807.33602,42582.45512,0,1590703.54,73,61,35,21790.45945,26077.10721,45448.67257,0,1489273.13,62,59,29,24020.53436,25241.91746,51354.24586,0,1942321.49,75,74,33,25897.61987,26247.5877,58858.22697,0,26412.0765,0.078145036,0.126662845
J9267,"Injection, paclitaxel, 1 mg",Paclitaxel,Paclitaxel,2617491.81,18066180,115679,19310,0.144883523,22.62719949,135.5511036,0,2610744.04,17102752.6,109171,18448,0.152650518,23.91426331,141.5190828,0,1955615.85,16228878,103503,17330,0.120502221,18.89429147,112.8456924,0,1934624.66,14930367,94397,16290,0.129576497,20.49455661,118.7614893,0,1436827.24,14198704,88539,15291,0.101194253,16.22818464,93.96555098,0,0.1025,-0.219038524,-0.085814745
J9268,"Injection, pentostatin, 10 mg",Nipent,Pentostatin,626974.73,336,295,65,1865.99622,2125.338068,9645.765077,0,618017.87,364,319,64,1697.851291,1937.360094,9656.529219,0,393991.45,194,179,47,2030.883763,2201.069553,8382.796809,0,781403.33,337,313,65,2318.704243,2496.496262,12021.58969,0,424419.76,178,167,53,2384.380674,2541.435689,8007.92,0,2421.92925,0.028324626,0.063203037
J9269,"Injection, tagraxofusp-erzs, 10 micrograms",Elzonris,Tagraxofusp-Erzs,10778975.67,40139,191,20,268.541211,56434.42759,538948.7835,0,7755186.19,27263,199,19,284.4582838,38970.78487,408167.6942,0,9179725.66,30672,211,13,299.2868303,43505.80882,706132.7431,0,7534545.51,23865,192,17,315.7152948,39242.42453,443208.5594,0,15033698.91,46352,262,11,324.3376534,57380.53019,1366699.901,0,329.4425,0.027310551,0.048326603
J9271,"Injection, pembrolizumab, 1 mg",Keytruda,Pembrolizumab,3501098225,77275004.6,355708,58703,45.30699472,9842.618735,59640.87398,0,3966530837,85837941,373954,62830,46.20952915,10607.00203,63131.16086,0,4935971049,94600572,407389,67022,52.17696833,12116.11273,73647.02708,0,5433584763,100720022,431397,71411,53.94741438,12595.32348,76088.90455,0,5988521233,107476784,455858,75361,55.71920754,13136.81285,79464.46084,0,56.97775,0.032842967,0.053076494
J9272,"Injection, dostarlimab-gxly, 10 mg",Jemperli,Dostarlimab-Gxly,,,,,,,,,,,,,,,,,4502156.68,20835,319,79,216.0862337,14113.34382,56989.32506,0,35992091.19,160890,2657,656,223.7062042,13546.13895,54865.99267,0,142196684.4,615952,9109,1770,230.8567622,15610.57025,80337.10981,0,234.66975,0.031964058,0.033612494
J9273,"Injection, tisotumab vedotin-tftv, 1 mg",Tivdak,TIsotumab Vedotin-Tftv,,,,,,,,,,,,,,,,,6726327.71,39071,329,98,172.1565281,20444.76508,68635.99704,1,11221550.31,70312,566,136,159.5965171,19826.06062,82511.39934,0,16220712.85,94018,765,189,172.5277378,21203.54621,85823.87751,0,174.9135,0.081024454,0.001077536
J9274,"Injection, tebentafusp-tebn, 1 microgram",Kimmtrak,Tebentafusp-Tebn,,,,,,,,,,,,,,,,,10129431.24,52247,547,64,193.8758444,18518.15583,158272.3631,0,63236202.97,319378,3230,138,197.9979929,19577.77182,458233.3549,0,87087753.75,418858,4017,174,207.9171312,21679.79929,500504.3319,0,211.792,0.050097166,0.035579122
J9280,"Injection, mitomycin, 5 mg",Mitomycin*,Mitomycin*,8509265.99,141514,20784,7113,60.13020613,409.4142605,1196.297763,0,4653362.89,108249,16216,6279,42.98758317,286.9612044,741.0993614,0,4345827.12,88712,13693,5618,48.9880413,317.3758212,773.5541331,0,3189887.29,56613,9779,4675,56.34549114,326.1976981,682.3288321,0,2899249.93,52319,9026,4291,55.41485751,321.2109384,675.6583384,0,56.762,-0.016516559,-0.020209144
J9281,"Mitomycin pyelocalyceal instillation, 1 mg",Jelmyto,Mitomycin,,,,,,,,,26431754.32,95994,1455,299,275.3479834,18166.15417,88400.51612,0,29464809.48,107123,1703,331,275.0558655,17301.70844,89017.5513,0,38116311.43,132975,1770,390,286.642688,21534.63923,97734.13187,0,35266740.53,121001,1607,377,291.4582568,21945.70039,93545.73085,0,303.83475,0.016799901,0.019134462
J9286,"Injection, glofitamab-gxbm, 2.5 mg",Columvi,Glofitamab-Gxbm,,,,,,,,,,,,,,,,,,,,,,,,,,,,,,,,,41100316.28,15448,1451,280,2660.559055,28325.51088,146786.8439,0,2705.707,,
J9293,"Injection, mitoxantrone hydrochloride, per 5 mg",Mitoxantrone HCL,Mitoxantrone HCL,108206.41,4005,793,248,27.01783021,136.4519672,436.3161694,0,84464.41,3348,664,208,25.2283184,127.2054368,406.0788942,0,99883.85,2941,586,178,33.96254675,170.450256,561.1452247,0,82536.45,1859,351,114,44.39830554,235.1465812,724.0039474,0,52703.57,1099,216,75,47.95593267,243.9980093,702.7142667,0,49.0015,0.080129795,0.154244911
J9294,"Injection, pemetrexed (hospira), not therapeutically equivalent to j9305, 10 mg",Pemetrexed (J9294)*,Pemetrexed*,,,,,,,,,,,,,,,,,,,,,,,,,635268.73,78603,891,314,8.081990891,712.9839843,2023.148822,0,617287.3,169743,1825,565,3.636599447,338.2396164,1092.543894,0,4.18975,-0.550036681,-0.550036681
J9297,"Injection, pemetrexed (sandoz), not therapeutically equivalent to j9305, 10 mg",Pemetrexed Disodium,Pemetrexed Disodium,,,,,,,,,,,,,,,,,,,,,,,,,81681.5,23124,290,112,3.532325722,281.6603448,729.2991071,0,56716.54,44809,574,206,1.265739918,98.80930314,275.3230097,0,1.27975,-0.641669535,-0.641669535
J9298,"Injection, nivolumab and relatlimab-rmbw, 3 mg/1 mg",Opdualag,Nivolumab-Relatlimab-Rmbw,,,,,,,,,,,,,,,,,42513402.1,240968,1560,680,176.4275842,27252.18083,62519.70897,0,253917665.1,1424955,9491,2035,178.1934623,26753.52071,124775.2654,0,362121215,1964260,13021,2535,184.3550319,27810.55333,142848.6055,0,188.778,0.034577978,0.022219719
J9299,"Injection, nivolumab, 1 mg",Opdivo,Nivolumab,1586651124,62075686,175305,25355,25.55994506,9050.803593,62577.44523,0,1573611853,60628423,173365,25426,25.9550187,9076.871644,61889.87071,0,1849938540,64287344.7,181918,26957,28.77609192,10169.07915,68625.53474,0,1910233910,64608748,181559,27383,29.56618058,10521.2846,69759.84773,0,1933800338,62964187,176422,26951,30.71270241,10961.2199,71752.45214,0,31.38225,0.038778151,0.046982756
J9301,"Injection, obinutuzumab, 10 mg",Gazyva,Obinutuzumab,132788036,2292103,23189,4524,57.93283985,5726.337316,29351.90893,0,137669766.8,2365324,24018,4694,58.20334417,5731.941329,29328.88088,0,138720199.7,2171340,22324,4364,63.88690842,6213.949101,31787.39682,0,162395516.5,2413336.5,24749,4758,67.29087156,6561.700127,34131.04591,0,183518021.5,2586136.5,26537,5252,70.96223324,6915.552681,34942.50219,0,72.324,0.05455958,0.052023919
J9303,"Injection, panitumumab, 10 mg",Vectibix,Panitumumab,100556796.2,926023,18483,2686,108.5899554,5440.50188,37437.3776,0,100065715.7,877721,17571,2525,114.006291,5694.935729,39629.98642,0,118238477.6,896519,18220,2551,131.8861927,6489.488341,46349.85401,0,132133361.5,920345,18723,2604,143.5693806,7057.275092,50742.45835,0,136930118.6,898774,18403,2636,152.3521136,7440.641123,51946.17549,0,154.97725,0.061174138,0.088340291
J9304,"Injection, pemetrexed (pemfexy), 10 mg",Pemfexy,Pemetrexed,,,,,,,,,,,,,,,,,18389655.67,239031.4,2790,832,76.93405833,6591.274434,22102.95153,0,55100997.35,794905,9193,2363,69.31771388,5993.799342,23318.23841,0,58480775.69,1036294,11881,2819,56.43261052,4922.209889,20745.22018,0,57.2945,-0.185884713,-0.143542633
J9305,"Injection, pemetrexed, not otherwise specified, 10 mg",Alimta*,Pemetrexed Disodium*,498510122.7,7733021,83820,18520,64.46511948,5947.388723,26917.39324,0,477381476.1,7178617,78939,17337,66.50047997,6047.473062,27535.4142,0,446004779.4,6543681,72075,16239,68.15808708,6188.064925,27465.03969,0,80574518.51,5620566.5,62237,14547,14.33565789,1294.640142,5538.909638,0,23045559.47,5189241,57657,13143,4.441027015,399.7009812,1753.447422,0,4.535,-0.690211147,-0.487681952
J9306,"Injection, pertuzumab, 1 mg",Perjeta,Pertuzumab,303275857.8,26326698,56004,7710,11.5197074,5415.253515,39335.39012,0,299033794.1,24892856,53085,7456,12.0128359,5633.112821,40106.4638,0,317335124.4,23302177,49800,6919,13.61826083,6372.191252,45864.30472,0,308718218.7,21139991,45188,6310,14.60351704,6831.862856,48925.23276,0,297110320,19289667,41163,5766,15.40256346,7217.897627,51527.9778,0,15.727,0.054716026,0.075320412
J9307,"Injection, pralatrexate, 1 mg",Folotyn*,Pralatrexate*,21673584.68,79811,1553,153,271.5613722,13955.94635,141657.4162,0,21749113.36,76936,1457,155,282.6909816,14927.32557,140316.8604,0,20225398.36,64863,1336,131,311.8171895,15138.77123,154392.3539,0,23008390.69,69845,1415,132,329.4207272,16260.34678,174305.9901,0,21273529.66,68594,1459,137,310.1368875,14580.89764,155281.2384,0,315.33,-0.058538635,0.033763889
J9308,"Injection, ramucirumab, 5 mg",Cyramza,Ramucirumab,130155955.6,2397180,17057,3678,54.29544533,7630.647572,35387.69865,0,116423797,2071940,15053,3186,56.19071834,7734.258749,36542.30915,0,122952658.8,1944240,14041,3017,63.23944514,8756.688185,40753.28433,0,133899400.3,2010198,14555,3144,66.61005547,9199.546567,42588.86777,0,137755155.7,1998315.2,14487,3080,68.93564923,9508.880767,44725.69989,0,70.55725,0.034913554,0.061500291
J9309,"Injection, polatuzumab vedotin-piiq, 1 mg",Polivy,Polatuzumab Vedotin-Piiq,48096602.14,435055,2685,823,110.5529235,17913.07342,58440.58583,0,42318868.11,373761,2480,824,113.2244084,17064.05972,51357.84965,0,66197898.55,580231,3924,1223,114.088869,16870.00473,54127.47224,0,118943446.8,1013159,6736,2008,117.3985986,17657.87511,59234.78425,0,201503836.4,1616227,10844,3042,124.6754549,18582.05795,66240.57739,0,127.015,0.061984183,0.03051112
J9311,"Injection, rituximab 10 mg and hyaluronidase",Rituxan Hycela,"Rituximab/Hyaluronidase,human",97461480.72,2333437,16321,4336,41.76735036,5971.538553,22477.27876,0,68338781.28,1878514,13051,3580,36.3791706,5236.286973,19089.04505,0,57526961.24,1550398,10743,2911,37.10464103,5354.832099,19761.92416,0,49559522.1,1354021.7,9421,2643,36.60171923,5260.537321,18751.23803,0,49076760.8,1350634,9453,2622,36.33609164,5191.659875,18717.30008,0,37.02825,-0.007257244,-0.034226417
J9312,"Injection, rituximab, 10 mg",Rituxan,Rituximab,1295906200,15170453.8,180723,56480,85.42303464,7170.676673,22944.51488,0,765560205.6,9456541.3,110130,36383,80.9556244,6951.422915,21041.70095,0,579169245.2,7044601.3,80946,27486,82.21462373,7155.0076,21071.4271,0,483730046.5,6126555.7,70219,23994,78.95627987,6888.876892,20160.45872,0,436980635.1,5729504.8,65209,22261,76.26848224,6701.231963,19629.87445,0,78.26475,-0.034041594,-0.027941221
J9314,"Injection, pemetrexed (teva), not therapeutically equivalent to j9305, 10 mg",Pemetrexed (J9314),Pemetrexed,,,,,,,,,,,,,,,,,,,,,,,,,135730.63,7712,88,46,17.59992609,1542.393523,2950.66587,0,318561.21,27048,305,70,11.77762533,1044.462984,4550.874429,0,8.824666667,-0.330813932,-0.330813932
J9316,"Injection, pertuzumab, trastuzumab, and hyaluronidase-zzxf, per 10 mg",Phesgo,Pertuzumab-Trastuzumab-Hy-Zzxf,,,,,,,,,25073291.9,352649,3403,599,71.09985255,7367.996444,41858.58414,0,58778024.78,844554,7246,1118,69.59652643,8111.789233,52574.26188,0,92589275.74,1381151,11451,1701,67.03776469,8085.693454,54432.26087,0,124792586.1,1936434,15768,2301,64.44453365,7914.293891,54234.06609,0,65.8175,-0.038683137,-0.032229317
J9317,"Injection, sacituzumab govitecan-hziy, 2.5 mg",Trodelvy,Sacituzumab Govitecan-Hziy,,,,,,,,,96029680.51,3209914.8,10881,1376,29.91658237,8825.446238,69789.012,0,156284894.7,5009740,17309,2120,31.19620872,9029.111714,73719.28993,0,230777754.3,7138538.8,25132,3094,32.32843034,9182.625908,74588.8023,0,272318588.4,8065320,28257,3300,33.76413936,9637.20807,82520.78437,0,34.2945,0.044410106,0.041153033
J9319,"Injection, romidepsin, lyophilized, 0.1 mg",Istodax*,Romidepsin*,,,,,,,,,6417223.04,209010,774,190,30.70294742,8290.98584,33774.85811,0,25612146.3,785646,2841,317,32.60011036,9015.187012,80795.4142,0,27982715.84,913718,3218,360,30.62511173,8695.685469,77729.76622,0,25473022.62,849086,3031,339,30.00052129,8404.164507,75141.65965,0,30.53675,-0.020394715,-0.007684952
J9321,"Injection, epcoritamab-bysp, 0.16 mg",Epkinly,Epcoritamab-Bysp,,,,,,,,,,,,,,,,,,,,,,,,,,,,,,,,,53618013.78,1015288,3702,403,52.81064465,14483.52614,133047.1806,0,54.04625,,
J9325,"Injection, talimogene laherparepvec, per 1 million plaque forming units",Imlygic,Talimogene Laherparepvec,20211787.96,424651,2247,447,47.59623305,8995.010218,45216.52788,0,22539700.71,461439,2481,459,48.84654464,9084.92572,49106.10177,0,25777565.72,446876,2255,413,57.68393407,11431.293,62415.41337,0,22883771.09,364358,1907,369,62.80573252,11999.87996,62015.63981,0,29578660.44,443448,2357,444,66.70153082,12549.28317,66618.6046,0,68.42725,0.062029343,0.088029836
J9328,"Injection, temozolomide, 1 mg",Temodar (J9328),Temozolomide,1015270.9,118841,321,17,8.54310297,3162.837695,59721.81765,0,878178.09,94471,289,20,9.295742503,3038.678512,43908.9045,1,467103.77,45343,157,12,10.30156298,2975.183248,38925.31417,0,310591.85,30322,89,,10.24311886,3489.796067,,0,432699.18,42284,146,11,10.23316574,2963.693014,39336.28909,0,10.3995,-0.000971689,0.046161159
J9330,"Injection, temsirolimus, 1 mg",Temsirolimus*,Temsirolimus*,4046048.43,100718,3342,328,40.17204899,1210.666795,12335.51351,0,2719370.98,77560,2727,241,35.06151341,997.2024129,11283.69701,0,1868055.49,57541,1995,183,32.46477277,936.3686667,10207.9535,0,1562399.13,48784,1678,155,32.02687623,931.107944,10079.99439,0,995414.12,33003,1164,96,30.1613223,855.1667698,10368.89708,0,30.704,-0.058249637,-0.069145937
J9331,"Injection, sirolimus protein-bound particles, 1 mg",Fyarro,Sirolimus Protein-Bound,,,,,,,,,,,,,,,,,1762281.31,18326,113,17,96.16290025,15595.40982,103663.6065,0,8104505.38,77664,423,38,104.3534376,19159.58719,213276.4574,0,7674229.08,70343,378,34,109.0972674,20302.19333,225712.62,0,93.851,0.045459257,0.065131331
J9332,"Injection, efgartigimod alfa-fcab, 2mg",Vyvgart,Efgartigimod Alfa-Fcab,,,,,,,,,,,,,,,,,84680123.61,2754878,4923,879,30.73824816,17200.91887,96336.88693,0,297337987.9,9552460,17378,1653,31.12684983,17110.02347,179877.7906,0,416589120.9,13239534,23690,1803,31.46554259,17585.01988,231053.3117,0,32.20975,0.010881048,0.011761283
J9333,"Injection, rozanolixizumab-noli, 1 mg",Rystiggo,Rozanolixizumab-Noli,,,,,,,,,,,,,,,,,,,,,,,,,,,,,,,,,30652021.77,1374110,2104,191,22.30681806,14568.45141,160481.7894,0,22.82433333,,
J9334,"Injection, efgartigimod alfa, 2 mg and hyaluronidase-qvfc",Vyvgart Hytrulo,Efgartigimod-Hyaluronidas-Qvfc,,,,,,,,,,,,,,,,,,,,,,,,,,,,,,,,,150829226,4654564,8659,902,32.4045874,17418.78115,167216.4368,0,33.14166667,,
J9340,"Injection, thiotepa, 15 mg",Thiotepa,Thiotepa,86203.88,224,52,19,384.83875,1657.766923,4537.046316,0,221412.31,546,68,36,405.5170513,3256.063382,6150.341944,0,88754.36,299,115,25,296.8373244,771.7770435,3550.1744,0,169935.98,627,152,49,271.0302711,1117.999868,3468.081225,0,179521.07,802,147,52,223.8417332,1221.231769,3452.328269,0,228.96,-0.174107998,-0.126695765
J9345,"Injection, retifanlimab-dlwr, 1 mg",Zynyz,Retifanlimab-Dlwr,,,,,,,,,,,,,,,,,,,,,,,,,229465.36,8000,16,,28.68317,14341.585,,1,1041751.13,36010,75,24,28.92949542,13890.01507,43406.29708,0,29.4735,0.008587803,0.008587803
J9347,"Injection, tremelimumab-actl, 1 mg",Imjudo,Tremelimumab-Actl,,,,,,,,,,,,,,,,,,,,,,,,,19156122.12,143881,697,520,133.1386501,27483.67593,36838.69639,0,48504942.73,364710,1718,1259,132.9959221,28233.37761,38526.56293,0,135.7125,-0.001072026,-0.001072026
J9349,"Injection, tafasitamab-cxix, 2 mg",Monjuvi,Tafasitamab-Cxix,,,,,,,,,32609272.19,2584966,4864,565,12.61497141,6704.208921,57715.526,0,47897376.83,3758752,7017,699,12.74289361,6825.905206,68522.71363,0,46746004.52,3593877,6728,632,13.00712421,6947.979269,73965.19703,0,43139722.86,3217593,5980,545,13.40745174,7214.000478,79155.45479,0,13.6645,0.030777559,0.020516405
J9350,"Injection, mosunetuzumab-axgb, 1 mg",Lunsumio,Mosunetuzumab-Axgb,,,,,,,,,,,,,,,,,,,,,,,,,11542465.08,17547,588,119,657.8027629,19630.04265,96995.50487,0,25569691.56,41193,1350,210,620.7290452,18940.51227,121760.436,0,632.86,-0.05635993,-0.05635993
J9351,"Injection, topotecan, 0.1 mg",Hycamtin (J9351)*,Topotecan HCL*,498725.58,460923,9353,866,1.082014957,53.32252539,575.8955889,0,388299.69,370715,7476,727,1.047434525,51.9394984,534.1123659,0,268167.72,272446,5613,554,0.984296778,47.77618386,484.0572563,0,216855.88,242114,4786,462,0.895676747,45.31046385,469.3850217,0,192745.79,179223,3667,358,1.075452314,52.56225525,538.3960615,0,1.12675,0.200714786,-0.001519762
J9352,"Injection, trabectedin, 0.1 mg",Yondelis,Trabectedin,9458687.28,32430,1226,306,291.6647327,7715.079348,30910.74275,0,9056752.88,31144,1143,308,290.8024942,7923.668312,29405.04182,0,11938777.2,36991,1364,338,322.7481604,8752.769208,35321.82604,0,12203518.49,37046,1389,346,329.4152807,8785.830446,35270.28465,0,16085534.35,46921,1765,426,342.8216438,9113.617196,37759.47031,0,348.74325,0.040697454,0.041228576
J9353,"Injection, margetuximab-cmkb, 5 mg",Margenza,Margetuximab-Cmkb,,,,,,,,,2339271.58,54118,242,78,43.2253886,9666.411488,29990.66128,0,5879953.01,135373,625,129,43.43519764,9407.924816,45581.03109,0,5363231.29,119882,533,110,44.73758604,10062.34764,48756.64809,0,5279486.03,112793,520,110,46.80685885,10152.85775,47995.32755,0,47.60875,0.046253564,0.026889068
J9354,"Injection, ado-trastuzumab emtansine, 1 mg",Kadcyla,Ado-Trastuzumab Emtansine,175822575.6,6073797,22498,3496,28.94772011,7815.031362,50292.49874,0,182463588.6,6081919.8,22695,3501,30.00098564,8039.814435,52117.56315,0,170555487.1,5006444,18925,2822,34.06719162,9012.178973,60437.80548,0,144605153.7,3956279,14959,2287,36.55079779,9666.766076,63229.18834,0,142171218.2,3689752,13973,2206,38.53137507,10174.70967,64447.51505,0,39.32325,0.054186978,0.074113156
J9355,"Injection, trastuzumab, excludes biosimilar, 10 mg",Herceptin,Trastuzumab,461739444.5,5030672,103691,13208,91.78484395,4453.032997,34959.07363,0,223709770.9,2734506,56471,6944,81.80993967,3961.498307,32216.26885,0,155340135,1839770.5,37518,4520,84.43451779,4140.416201,34367.28651,0,108679973.3,1368264.3,27795,3376,79.42907908,3910.054804,32191.93521,0,92619459.81,1195617,24605,2840,77.46582711,3764.253599,32612.48585,0,79.13375,-0.024717043,-0.041516156
J9356,"Injection, trastuzumab, 10 mg and hyaluronidase-oysk",Herceptin Hylecta,Trastuzumab-Hyaluronidase-Oysk,12683674.32,166540,2767,396,76.15992747,4583.90832,32029.48061,0,19235277.84,265978,4417,597,72.31905586,4354.828581,32219.89588,0,23611908.47,343713,5494,701,68.69658253,4297.762736,33683.17899,0,23286409.13,361651,5806,743,64.3891739,4010.749075,31341.06209,0,26273989.84,411505,6592,920,63.84853122,3985.73875,28558.68461,0,65.0875,-0.008396484,-0.043123041
J9357,"Injection, valrubicin, intravesical, 200 mg",Valrubicin*,Valrubicin*,6511641.87,5078,1268,259,1282.324118,5135.364251,25141.4744,0,4799901.48,3744,911,178,1282.024968,5268.827091,26965.73865,1,5164351.09,3756,924,172,1374.960354,5589.124556,30025.29704,0,1924705.83,1379,380,77,1395.725765,5065.015342,24996.17961,0,2086508.93,1522,404,79,1370.899428,5164.626064,26411.50544,0,1400.602,-0.017787403,0.016838418
J9358,"Injection, fam-trastuzumab deruxtecan-nxki, 1 mg",Enhertu,Fam-Trastuzumab Deruxtecn-Nxki,37181509.47,1547669,4188,864,24.02419992,8878.106368,43034.15448,0,109118974.4,4536106,11566,1904,24.05564914,9434.460867,57310.38571,0,257875574.7,10474847.5,26664,4841,24.6185517,9671.301181,53269.07141,0,464747798.6,18239702,47184,7105,25.48001051,9849.690543,65411.37207,0,581465185,21571940,56172,8410,26.95470065,10351.51294,69139.73663,0,27.5351941,0.057876355,0.029191984
J9359,"Injection, loncastuximab tesirine-lpyl, 0.075 mg",Zynlonta,Loncastuximab Tesirine-Lpyl,,,,,,,,,,,,,,,,,23389056.34,126592,857,254,184.7593556,27291.78103,92082.89898,0,29146424.17,153550,1077,285,189.8171551,27062.60369,102268.155,0,27272264.9,136489,976,243,199.8129146,27942.89437,112231.5428,0,203.47725,0.052659937,0.039940658
J9360,"Injection, vinblastine sulfate, 1 mg",Vinblastine Sulfate,Vinblastine Sulfate,92818.88,23832,2459,483,3.894716348,37.74659618,192.1715942,0,98661.65,26178.8,2575,471,3.768761364,38.31520388,209.4727176,0,100492.36,25649,2697,495,3.917983547,37.26079347,203.0148687,0,92708.71,23672,2426,453,3.916386871,38.21463726,204.654989,0,93958.39,21870,2188,407,4.29622268,42.94259141,230.8559951,0,4.388,0.096986284,0.024832141
J9370,"Vincristine sulfate, 1 mg",Vincasar PFS*,Vincristine Sulfate*,153309.11,30315.5,17511,4363,5.057119625,8.755017418,35.13846207,0,140982.69,28081,16560,4125,5.020572273,8.513447464,34.17762182,0,126745.48,25999,15331,3802,4.875013654,8.267267628,33.33652814,0,127822.71,20993,12538,3193,6.088825323,10.19482453,40.03216724,0,136363.71,17200.1,10511,2667,7.928076581,12.97342879,51.13,0,8.08575,0.302069966,0.118964098
J9380,"Injection, teclistamab-cqyv, 0.5 mg",Tecvayli,Teclistamab-Cqyv,,,,,,,,,,,,,,,,,,,,,,,,,88245815.4,2977826,8957,987,29.63430886,9852.162041,89408.12097,0,199895745.7,6503623,19555,1549,30.73605984,10222.23195,129048.2542,0,31.33475,0.037178224,0.037178224
J9381,"Injection, teplizumab-mzwv, 5 mcg",Tzield,Teplizumab-Mzwv,,,,,,,,,,,,,,,,,,,,,,,,,,,,,,,,,403714.57,11201,29,,36.04272565,13921.19207,,0,36.621,,
J9390,"Injection, vinorelbine tartrate, 10 mg",Navelbine*,Vinorelbine Tartrate*,221016.4,30663,7055,900,7.207918338,31.3276258,245.5737778,0,257234.08,25761,5872,756,9.985407399,43.80689373,340.2567196,0,191493.38,19375,4505,593,9.88352929,42.50685461,322.9230691,0,128442.38,15888.4,3679,473,8.084034893,34.91230769,271.5483721,0,96367.7,12364,2839,368,7.794217082,33.94424093,261.86875,0,7.9265,-0.035850638,0.019742829
J9394,"Injection, fulvestrant (fresenius kabi) not therapeutically equivalent to j9395, 25 mg",Fulvestrant,Fulvestrant,,,,,,,,,,,,,,,,,,,,,,,,,3579401.45,222146,10886,2484,16.11283323,328.807776,1440.98287,1,4506277.07,140697,6980,2044,32.02823848,645.5984341,2204.636531,0,30.88575,0.98774716,0.98774716
J9395,"Injection, fulvestrant, 25 mg",Faslodex*,Fulvestrant*,169176633.4,3073071,153556,20323,55.051326,1101.725973,8324.392729,1,99529826.37,3076780,153458,19829,32.34869779,648.5802394,5019.407251,0,38648983.04,3019717,150702,19238,12.79887587,256.4596558,2008.991737,0,27127869.89,2591804,129237,17199,10.46679066,209.9079203,1577.293441,0,21891999.45,2712410,135166,17770,8.071051003,161.9638034,1231.963953,0,8.2115,-0.228889612,-0.381213861
J9400,"Injection, ziv-aflibercept, 1 mg",Zaltrap,Ziv-Aflibercept,1827499.69,232944,713,140,7.845231858,2563.11317,13053.56921,0,1517399.73,192990,598,109,7.862582155,2537.457743,13921.09844,0,1360530.97,177055,551,95,7.684227895,2469.203212,14321.37863,0,683080.05,97108,322,63,7.034230445,2121.366615,10842.54048,0,254570.79,37673,110,25,6.757380352,2314.279909,10182.8316,0,6.88975,-0.039357552,-0.036629939
P9041,"Infusion, albumin (human), 5%, 50 ml",Albumin (Human)*,Albumin Human*,1874603.19,216437,3329,970,8.66119559,563.1130039,1932.580608,0,1519574.74,173151,2904,930,8.776009033,523.2695386,1633.951333,0,1500858.6,146712,2576,672,10.22996483,582.6314441,2233.420536,0,1575298.24,151128,2987,558,10.42360277,527.3847472,2823.115125,0,1484068.29,142075,3009,578,10.44566806,493.2098006,2567.592197,0,10.615,0.002116858,0.047947664
P9045,"Infusion, albumin (human), 5%, 250 ml",Albuked-5*,Albumin Human*,10243364.21,235891,18545,4504,43.4241417,552.3518043,2274.281574,0,10328014.58,238923,19824,4794,43.22737694,520.9854005,2154.362658,0,10088553.82,197182,16378,3503,51.16366514,615.9820381,2879.975398,0,10055064.72,193780,14480,2806,51.8890738,694.410547,3583.415795,0,9495519.39,182616,14055,3116,51.99719296,675.5972529,3047.342551,0,53.077,0.00208366,0.046073413
P9046,"Infusion, albumin (human), 25%, 20 ml",Albuked-25 (P9046)*,Albumin Human*,606917.39,31818,4119,896,19.07465554,147.3458097,677.3631585,0,464046.88,23998.5,3303,760,19.3364952,140.4925462,610.588,0,482659.7,23535,3301,756,20.50816656,146.2162072,638.4387566,0,735879.54,34974,4442,905,21.04075999,165.6640117,813.1265635,0,957467.64,45829,5840,1091,20.89217832,163.9499384,877.6055362,0,21.231,-0.007061612,0.023014419
P9047,"Infusion, albumin (human), 25%, 50 ml",Albuked-25 (P9047)*,Albumin Human*,15787905.2,339428,84270,19667,46.51326703,187.349059,802.7612346,0,15634280.16,334433,83972,19898,46.74861679,186.1844443,785.7211861,0,16149142.45,315414,82120,17695,51.19982769,196.6529767,912.6387369,0,15275746.03,293581,79005,16047,52.03247496,193.3516364,951.9378096,0,14908461.51,285853,78423,15916,52.15429438,190.1031778,936.696501,0,53.077,0.002341219,0.029030642
Q0138,"Injection, ferumoxytol, for treatment of iron deficiency anemia, 1 mg (non-esrd use)",Feraheme (Q0138)*,Ferumoxytol*,85061348.53,87344299,162983,68610,0.973862628,521.9031956,1239.780623,0,86557906.39,95763866,178909,75175,0.903868129,483.809682,1151.418775,0,77305080.16,95905992,178936,76485,0.806050577,432.0264238,1010.722105,0,44335826.05,88549739,163053,70753,0.500688388,271.9105202,626.6282144,0,28273098.53,81008010,148453,66394,0.349016085,190.4515135,425.838156,0,0.355,-0.302927542,-0.226274455
Q0139,"Injection, ferumoxytol, for treatment of iron deficiency anemia, 1 mg (for esrd on dialysis)",Feraheme (Q0139)*,Ferumoxytol*,519891.98,563030,993,601,0.923382378,523.5568782,865.0448919,0,723714.17,809906,1473,892,0.893577983,491.319871,811.3387556,0,528773.87,713275,1253,744,0.741332403,422.0062809,710.7175672,0,335229.96,655173,1117,629,0.511666323,300.1163474,532.9570111,0,186951.61,537538,838,501,0.347792361,223.0926134,373.1569062,0,0.355,-0.32027506,-0.216598111
Q0162,"Ondansetron 1 mg, oral, fda approved prescription anti-emetic, for use as a complete therapeutic substitute for an iv anti-emetic at the time of chemotherapy treatment, not to exceed a 48 hour dosage regimen",Ondansetron HCL (Q0162)*,Ondansetron HCL*,986.34,40177,1854,446,0.024549867,0.532006473,2.211524664,0,749.27,27842,1603,326,0.026911501,0.467417343,2.298374233,0,1483.44,15995,1285,354,0.092743983,1.154428016,4.190508475,0,1166.19,14732,977,332,0.079160331,1.193643808,3.512620482,0,995.96,10064,915,242,0.098962639,1.088480874,4.11553719,0,0.0145,0.250154434,0.416953283
Q0224,"Injection, pemivibart, for the pre-exposure prophylaxis only, for certain adults and adolescents (12 years of age and older weighing at least 40 kg) with no known sars-cov-2 exposure, and who either have moderate-to-severe immune compromise due to a medical condition or receipt of immunosuppress",Pemgarda (Eua),Pemivibart,,,,,,,,,,,,,,,,,,,,,,,,,,,,,,,,,11966553.62,25439,1507,1152,470.4018877,7940.646065,10387.63335,1,6583.5,,
Q0249,"Injection, tocilizumab, for hospitalized adults and pediatric patients (2 years of age and older) with covid-19 who are receiving systemic corticosteroids and require supplemental oxygen, non-invasive or invasive mechanical ventilation, or extracorporeal membrane oxygenation (ecmo) only, 1 mg",Actemra (Q0249),Tocilizumab,,,,,,,,,20551925.05,2919640,4527,4518,7.039198343,4539.855324,4548.89886,0,14206209.07,2118290,3404,3354,6.706451463,4173.386918,4235.601989,0,1981074.56,321422,519,438,6.163469084,3817.099345,4523.001279,0,1510042.6,242777,442,314,6.219875029,3416.385973,4809.052866,0,7.236666667,0.009151655,-0.040409031
Q2041,"Axicabtagene ciloleucel, up to 200 million autologous anti-cd19 car positive viable t cells, including leukapheresis and dose preparation procedures, per therapeutic dose",Yescarta,Axicabtagene Ciloleucel,,,,,,,,,5913470,16,16,16,369591.875,369591.875,369591.875,1,13657223.74,34,34,34,401683.0512,401683.0512,401683.0512,0,17028954.92,39,66,39,436639.8697,258014.4685,436639.8697,0,16990614.64,37,55,37,459205.8011,308920.2662,459205.8011,0,471853.5785,0.051680877,0.075049142
Q2042,"Tisagenlecleucel, up to 600 million car-positive viable t cells, including leukapheresis and dose preparation procedures, per therapeutic dose",Kymriah,Tisagenlecleucel,14582027.5,34,34,34,428883.1618,428883.1618,428883.1618,0,10889993.06,30,27,27,362999.7687,403333.0763,403333.0763,0,7304258.92,17,17,17,429662.2894,429662.2894,429662.2894,1,8805085.3,19,19,19,463425.5421,463425.5421,463425.5421,1,10678318.77,21,21,21,508491.37,508491.37,508491.37,1,520489.6483,0.097245024,0.043484849
Q2043,"Sipuleucel-t, minimum of 50 million autologous cd54+ cells activated with pap-gm-csf, including leukapheresis and all other preparatory procedures, per infusion",Provenge,Sipuleucel-T/Lactated Ringers,146412891.4,3200,3133,1178,45754.02858,46732.49009,124289.3815,0,153583746.7,3108,3042,1136,49415.61992,50487.75369,135196.9601,0,130118799.7,2476,2430,906,52552.01927,53546.83116,143618.9842,0,110200889.3,2095,2061,761,52601.85646,53469.62119,144810.6298,0,111679073.4,2073,2043,752,53873.16613,54664.2552,148509.4061,0,54852.058,0.024168532,0.041683512
Q2050,"Injection, doxorubicin hydrochloride, liposomal, not otherwise specified, 10 mg",Doxil*,Doxorubicin HCL Peg-Liposomal*,46185364.51,167534.6,25690,7133,275.6765737,1797.795427,6474.886375,0,39771237.14,161708.6,24909,6898,245.9438591,1596.661333,5765.618605,0,23161977.72,150768.4,23191,6399,153.6262089,998.7485542,3619.624585,0,13283787.04,132133.8,20553,5662,100.5328466,646.3186416,2346.12982,0,14543274.6,126502.6,19892,5519,114.9642347,731.1117334,2635.128574,0,117.4315,0.143548986,-0.19639853
Q2054,"Lisocabtagene maraleucel, up to 110 million autologous anti-cd19 car-positive viable t cells, including leukapheresis and dose preparation procedures, per therapeutic dose",Breyanzi,LIsocabtagene Maraleucel,,,,,,,,,,,,,,,,,12004321.02,28,28,28,428725.7507,428725.7507,428725.7507,1,29978087.48,68.9,92,65,435095.6093,325848.777,461201.3459,0,66271183.18,136.2,200,135,486572.5637,331355.9159,490897.6532,0,490257.6043,0.118311822,0.065329673
Q2055,"Idecabtagene vicleucel, up to 510 million autologous b-cell maturation antigen (bcma) directed car-positive t cells, including leukapheresis and dose preparation procedures, per therapeutic dose",Abecma,Idecabtagene Vicleucel,,,,,,,,,,,,,,,,,,,,,,,,,,,,,,,,,8278522.42,16.8,96,17,492769.1917,86234.60854,486971.9071,0,499855.6795,,
Q2056,"Ciltacabtagene autoleucel, up to 100 million autologous b-cell maturation antigen (bcma) directed car-positive t cells, including leukapheresis and dose preparation procedures, per therapeutic dose",Carvykti,Ciltacabtagene Autoleucel,,,,,,,,,,,,,,,,,,,,,,,,,29109653.26,60,60,60,485160.8877,485160.8877,485160.8877,0,101838075.2,202,201,201,504148.8872,506657.0907,506657.0907,0,512375.476,0.039137532,0.039137532
Q3027,"Injection, interferon beta-1a, 1 mcg for intramuscular use",Avonex*,Interferon Beta-1a*,1234576.08,24901,680,27,49.57937754,1815.553059,45725.04,0,855046.83,17178,477,17,49.77569158,1792.551006,50296.87235,0,617585.71,11330,338,11,54.50888879,1827.176657,56144.15546,0,543023.78,10288,326,,52.78224922,1665.717117,,0,526607.78,9677,271,,54.4184954,1943.20214,,0,55.33,0.030999933,0.023555426
Q4074,"Iloprost, inhalation solution, fda-approved final product, non-compounded, administered through dme, unit dose form, up to 20 micrograms",Ventavis,Iloprost Tromethamine,9203733.49,66044,410,52,139.3576024,22448.13046,176994.8748,0,8709123.82,62089,385,42,140.268386,22621.10083,207360.091,0,5644563.3,40727,255,36,138.5951163,22135.54235,156793.425,0,3536415.61,25318,158,22,139.6798961,22382.37728,160746.1641,0,641134.54,4438,30,,144.4647454,21371.15133,,0,147.2645,0.034255819,0.009038652
Q4081,"Injection, epoetin alfa, 100 units (for esrd on dialysis)",Epogen (Q4081)*,Epoetin Alfa*,,,,,,,,,14004.02,3801,28,21,3.684298869,500.1435714,666.8580952,0,4885.39,2500,18,13,1.954156,271.4105556,375.7992308,1,2889.09,4004,23,,0.721550949,125.6126087,,1,4683.52,3327,28,14,1.407730688,167.2685714,334.5371429,1,0.8205,0.950978916,-0.274359398
Q4101,"Apligraf, per square centimeter",Apligraf,"Cult Skin Subst,human-Bovine",1754014.94,57899,1379,500,30.29439092,1271.94702,3508.02988,0,1472151.72,48103,1129,408,30.60415608,1303.943065,3608.215,0,1692734.34,56550,1312,441,29.93341008,1290.193857,3838.399864,0,1355742.28,45365,1056,347,29.88520401,1283.846856,3907.038271,0,1020490.04,33947,802,245,30.06127316,1272.431471,4165.265469,0,30.5565,0.005891516,-0.001929346
Q4102,"Oasis wound matrix, per square centimeter",Wound Matrix,"Porcine Submucosa, Fenestrated",140103.88,13038.8,1406,561,10.74515139,99.64714083,249.7395365,0,117441.65,11500.1,1350,570,10.21222859,86.99381482,206.0379825,0,119485.76,11063,1298,639,10.8004845,92.05374422,186.9886698,0,147160.82,11845,1215,568,12.42387674,121.1200165,259.0859507,0,142661.82,11632,1182,539,12.26459938,120.6952792,264.6787013,0,12.46675,-0.012820262,0.033618341
Q4104,"Integra bilayer matrix wound dressing (bmwd), per square centimeter","Integra bilayer matrix wound dressing (bmwd), per square centimeter",,,,,,,,,,,,,,,,,,,,,,,,,,23006.17,483,15,14,47.63182195,1533.744667,1643.297857,1,54449.44,1121,28,22,48.57220339,1944.622857,2474.974546,1,49.51725,0.019742714,0.019742714
Q4111,"Gammagraft, per square centimeter","Gammagraft, per square centimeter",,667.64,96,16,14,6.954583333,41.7275,47.68857143,1,1915.76,270,31,16,7.095407407,61.79870968,119.735,0,2453.32,355,34,23,6.910760563,72.15647059,106.666087,0,3257.33,457,37,20,7.127636762,88.03594595,162.8665,0,443.3,62,20,16,7.15,22.165,27.70625,1,7.25725,0.003137539,0.006951914
Q4118,"Matristem micromatrix, 1 mg","Matristem micromatrix, 1 mg",,9684.02,2532,60,27,3.824652449,161.4003333,358.6674074,1,,,,,,,,,6782.12,1389,21,11,4.882735781,322.9580952,616.5563636,1,77790.3,32182,124,72,2.417199055,627.341129,1080.420833,0,29956.13,11977,114,62,2.501138015,262.7730702,483.1633871,0,2.55575,0.034725712,-0.100737631
Q4121,"Theraskin, per square centimeter","Theraskin, per square centimeter",,5465991.98,134331.7,2840,777,40.69026135,1924.645063,7034.738713,0,5781729.8,132795.7,3067,869,43.53853175,1885.141767,6653.313924,0,5143847.03,117568.5,2782,895,43.7519151,1848.97449,5747.315117,0,2816372.12,63118.6,1498,582,44.62031984,1880.088198,4839.127354,0,1650216.34,36257.8,901,301,45.51341615,1831.538668,5482.446312,0,46.57275,0.020015462,0.028400404
Q4124,"Oasis ultra tri-layer wound matrix, per square centimeter",Oasis Ultra*,"Porcine Acell Submucosa,meshed*",103118.9,4660.5,314,124,22.12614526,328.4041401,831.6040323,1,124674.67,4270.5,237,107,29.19439644,526.0534599,1165.183832,1,126127.05,3186,181,119,39.58790019,696.8345304,1059.891177,1,24180.36,2562,166,133,9.438079625,145.6648193,181.8072181,0,8952.87,1025,112,94,8.734507317,79.93633929,95.24329787,0,8.81225,-0.07454613,-0.207346898
Q4132,"Grafix core and grafixpl core, per square centimeter","Grafix core and grafixpl core, per square centimeter",,105784.64,920,73,31,114.9833044,1449.104658,3412.407742,0,236374.76,2007,139,60,117.7751669,1700.537842,3939.579333,0,14611169.13,30245.8,1447,274,483.0809279,10097.55987,53325.43478,0,19785908.97,67223,4283,856,294.3324304,4619.637864,23114.37964,0,1452786.58,9679,520,173,150.0967641,2793.820346,8397.610289,0,129.281,-0.490043405,0.068892762
Q4133,"Grafix prime, grafixpl prime, stravix and stravixpl, per square centimeter","Grafix prime, grafixpl prime, stravix and stravixpl, per square centimeter",,20734774.96,152817.2,7387,1380,135.6835157,2806.927705,15025.19925,0,18737692.95,138856,7126,1458,134.9433438,2629.482592,12851.64126,0,17642291.82,133099.2,7008,1460,132.5499464,2517.450317,12083.76152,0,10691765.1,79791,4187,987,133.9971313,2553.56224,10832.58875,0,7766614.56,56843,3695,909,136.6327351,2101.925456,8544.130429,0,139.5425,0.019669106,0.001744389
Q4137,"Amnioexcel, amnioexcel plus or biodexcel, per square centimeter","Amnioexcel, amnioexcel plus or biodexcel, per square centimeter",,1520176.36,18710,840,225,81.2494046,1809.733762,6756.339378,0,1151817.92,13234,623,167,87.03475291,1848.824912,6897.113293,0,2187145.61,22493,835,208,97.23672298,2619.33606,10515.12313,0,1632618.43,16706,551,194,97.72647133,2963.009855,8415.558918,0,1416920.66,13570,431,162,104.4156713,3287.518933,8746.423827,0,107.71425,0.068448189,0.06472236
Q4151,"Amnioband or guardian, per square centimeter","Amnioband or guardian, per square centimeter",,2367367.2,17996,1246,274,131.5496333,1899.973676,8640.026277,0,1296955.33,10261.1,799,193,126.3953504,1623.223192,6719.975803,0,1258963.43,9683,731,187,130.0179108,1722.248194,6732.424759,0,436944.63,3425,319,93,127.5750745,1369.732382,4698.329355,0,147479.43,1104,111,37,133.5864402,1328.643514,3985.930541,0,137.54425,0.047120222,0.003848522
Q4154,"Biovance, per square centimeter","Biovance, per square centimeter",,335208.6,2891,182,57,115.9490142,1841.805495,5880.852632,0,166264.55,1517,135,36,109.6008899,1231.589259,4618.459722,0,308356.7,1229,90,32,250.9004882,3426.185556,9636.146875,1,368367.43,2656,179,64,138.6925565,2057.918603,5755.741094,0,232528.65,1577,145,74,147.45,1603.645862,3142.279054,0,151.00425,0.063142852,0.061926428
Q4158,"Kerecis omega3, per square centimeter","Kerecis omega3, per square centimeter",,11452438.79,80245.5,3529,667,142.7175205,3245.236268,17170.07315,0,20290293.15,113555,5248,1174,178.6825164,3866.290616,17283.04357,1,65398450.24,181746,9722,2204,359.8343306,6726.851496,29672.61808,0,36488536.91,110900.5,6332,1800,329.0204905,5762.561104,20271.40939,0,12772993.71,75006.2,5060,2009,170.2925053,2524.307057,6357.886366,0,81.46,-0.482425836,0.045152252
Q4159,"Affinity, per square centimeter","Affinity, per square centimeter",,112920629.1,135632,13294,3147,832.5515295,8494.104788,35881.99207,0,234391915.2,261481.1,25730,6093,896.4009836,9109.674125,38469.04895,0,70153528.53,137097.6,14066,3418,511.7050082,4987.45404,20524.73041,0,49695745.98,122110.5,12387,3014,406.9735689,4011.927503,16488.30325,0,15441292.68,49139.3,5314,1386,314.2350966,2905.775815,11140.90381,0,309.53275,-0.227873453,-0.216189835
Q4160,"Nushield, per square centimeter","Nushield, per square centimeter",,3712793.69,37976,2439,841,97.76684459,1522.260636,4414.736849,0,3954298.44,41093.5,2878,930,96.22685924,1373.974441,4251.933807,0,2403125.28,26128.1,1743,554,91.9747429,1378.729363,4337.771264,0,1518497.94,16310.8,1139,376,93.09769846,1333.185198,4038.558351,0,905260.11,9523,672,241,95.06039168,1347.113259,3756.266017,0,96.73475,0.021082081,-0.006993708
Q4161,"Bio-connekt wound matrix, per square centimeter","Bio-connekt wound matrix, per square centimeter",,90751.64,882,48,28,102.8930159,1890.659167,3241.13,0,,,,,,,,,,,,,,,,,392910.61,2971,235,96,132.2486065,1671.960043,4092.818854,0,19333839.07,11616,702,242,1664.414521,27541.0813,79891.89698,0,997.095,11.5854976,1.005482607
Q4163,"Woundex, bioskin, per square centimeter","Woundex, bioskin, per square centimeter",,9405388.41,41645,2097,478,225.8467622,4485.163763,19676.54479,1,2615532.31,12280,548,191,212.9912305,4772.869179,13693.88644,0,304459.4,2090,179,46,145.6743541,1700.890503,6618.682609,0,39507.03,258,33,,153.1280233,1197.182727,,0,16135.47,97,12,,166.3450516,1344.6225,,1,175.28425,0.086313583,-0.073599023
Q4164,"Helicoll, per square centimeter","Helicoll, per square centimeter",,,,,,,,,,,,,,,,,,5580090.6,7850,133,64,710.8395669,41955.56842,87188.91563,0,51293291.5,40293,2090,548,1273.007508,24542.24474,93600.8969,0,637329040.6,418832,16135,2421,1521.681821,39499.78559,263250.3265,0,1523.778,0.195343949,0.463107139
Q4166,"Cytal, per square centimeter","Cytal, per square centimeter",,9326.89,727,39,22,12.82928473,239.1510256,423.9495455,0,8998.43,395,19,11,22.78083544,473.601579,818.0390909,1,4881.4,761,17,,6.414454665,287.1411765,,1,37399.07,1284.5,52,28,29.11566368,719.2128846,1335.681071,1,92998.19,5264,222,71,17.66682941,418.9107658,1309.833662,0,19.12725,-0.393219073,0.083275804
Q4170,"Cygnus, per square centimeter","Cygnus, per square centimeter",,363683.73,3037,107,52,119.7509812,3398.913365,6993.917885,0,34506.48,146,22,13,236.3457534,1568.476364,2654.344615,1,233837.42,1089,94,25,214.7267401,2487.632128,9353.4968,0,,,,,,,,,26476.83,472,27,14,56.09497881,980.6233333,1891.202143,0,71.904,,-0.172703424
Q4173,"Palingen or palingen xplus, per square centimeter","Palingen or palingen xplus, per square centimeter",,17253337.3,67355,3232,523,256.1552565,5338.285056,32989.17266,1,30725355.73,87923,4339,983,349.457545,7081.206667,31256.71997,0,59168074.61,131041,7978,1556,451.5233752,7416.404439,38025.75489,0,46350376.93,91030,3623,832,509.1769409,12793.36929,55709.58766,0,5702681.37,14996,705,189,380.280166,8088.909745,30172.9173,0,380.83225,-0.253147314,0.103824682
Q4180,"Revita, per square centimeter","Revita, per square centimeter",,7305131.2,37273,2063,677,195.9898908,3541.023364,10790.4449,0,33316387.35,127662,7561,2286,260.9734091,4406.346694,14574.0977,0,41509276.34,145814.5,7698,2690,284.6718011,5392.215685,15430.95775,0,22961175.58,48581,2951,1213,472.6369482,7780.811786,18929.24615,0,25294564,50641,3232,1394,499.4878458,7826.288366,18145.31133,0,408.9165,0.056810831,0.263492922
Q4186,"Epifix, per square centimeter","Epifix, per square centimeter",,59551301.21,373339.9,28532,6383,159.5096083,2087.175845,9329.672757,0,55200909.93,355696,25407,5717,155.1912586,2172.665404,9655.572841,0,53951093.65,351456.4,26507,6127,153.5072164,2035.352686,8805.466566,0,58952651.38,398149.2,27538,6488,148.0667332,2140.774616,9086.413591,0,26377138.48,174235,14065,4014,151.3882887,1875.374225,6571.285122,0,154.55225,0.022432827,-0.01297908
Q4187,"Epicord, per square centimeter","Epicord, per square centimeter",,2330795.28,8937,1229,371,260.8028735,1896.49738,6282.467062,0,3526527.61,13612,1836,454,259.0749052,1920.766672,7767.68196,1,2220664.23,9931,1285,383,223.6093274,1728.14337,5798.07893,0,2932723.07,12583,1445,482,233.0702591,2029.566138,6084.487697,0,1437687.92,5984.4,667,290,240.2392755,2155.454153,4957.544552,0,245.88225,0.030759036,-0.020323006
Q4188,"Amnioarmor, per square centimeter","Amnioarmor, per square centimeter",,516301.38,1054,84,31,489.8495066,6146.445,16654.88323,0,9620641.6,18519,945,212,519.5011394,10180.57312,45380.38491,0,30937623.57,45801,3467,865,675.479216,8923.456467,35766.03881,0,81811720.09,87146,8224,1533,938.7891595,9947.923163,53367.07116,0,9330194.4,11437,1278,366,815.7903646,7300.621596,25492.33443,0,634.4993333,-0.13101855,0.136001681
Q4190,"Artacent ac, per square centimeter","Artacent ac, per square centimeter",,,,,,,,,,,,,,,,,,5744481.25,7890,644,201,728.0711344,8920.001941,28579.50871,0,31330200.01,55085,3782,921,568.7610059,8284.029617,34017.58959,0,6449228.12,18517,1110,388,348.286878,5810.115423,16621.72196,0,328.64475,-0.387639317,-0.308357535
Q4191,"Restorigin, per square centimeter","Restorigin, per square centimeter",,,,,,,,,,,,,,,,,,3851167.8,7973,314,65,483.0261884,12264.86561,59248.73539,0,2418680.48,3272,223,43,739.2055257,10846.10081,56248.38326,0,731657089,493813.6,29741,5256,1481.646291,24600.9579,139204.1646,0,1447.96275,1.004376645,0.751406392
Q4193,"Coll-e-derm, per square centimeter","Coll-e-derm, per square centimeter",,,,,,,,,,,,,,,,,,,,,,,,,,,,,,,,,,31560894.65,15546,748,176,2030.161755,42193.70943,179323.2651,0,2067,,
Q4194,"Novachor, per square centimeter","Novachor, per square centimeter",,,,,,,,,,315517.1,298,39,23,1058.782215,8090.182051,13718.13478,0,30270932.24,29194,5033,1388,1036.888821,6014.490809,21809.02899,0,78896454.13,78256.5,13415,3430,1008.177648,5881.211639,23001.88167,0,55282338.58,56898,10141,3013,971.6042494,5451.369547,18347.93846,0,860.97,-0.03627674,-0.028235739
Q4196,"Puraply am, per square centimeter","Puraply am, per square centimeter",,62200172.92,635647.5,26627,7134,97.85324873,2335.981257,8718.835565,1,35024437.35,325493.6,13261,3691,107.6040738,2641.1611,9489.145855,0,25920310.37,239849,13261,3889,108.0692868,1954.62713,6665.032237,0,17722138.57,169372.4,9892,3162,104.6341586,1791.562735,5604.724405,0,9941689.21,97408,5290,1950,102.0623482,1879.336335,5098.302159,0,104.25725,-0.024579072,0.01058437
Q4197,"Puraply xt, per square centimeter","Puraply xt, per square centimeter",,45591044.51,178980,5546,1589,254.7270338,8220.527319,28691.65797,0,131736723.2,500938,17139,4325,262.9800957,7686.371619,30459.35796,0,179023961.4,685342.5,25406,6104,261.2182396,7046.522924,29328.95829,0,67473594.39,420100.4,15685,4491,160.6130211,4301.791163,15024.18045,0,28554053.64,264515.1,10115,3138,107.9486715,2822.941536,9099.44348,0,108.61825,-0.32789589,-0.193163446
Q4199,"Cygnus matrix, per square centimeter","Cygnus matrix, per square centimeter",,,,,,,,,,,,,,,,,,2740047.14,6827,335,82,401.3544954,8179.245194,33415.20902,0,1931101.61,6202,407,122,311.3675605,4744.721401,15828.70172,0,274301.34,885,105,28,309.945017,2612.393714,9796.476429,0,312.89525,-0.004568695,-0.121223846
Q4201,"Matrion, per square centimeter","Matrion, per square centimeter",,,,,,,,,,262834.18,1185,175,39,221.8009958,1501.9096,6739.337949,1,925370.64,3287,304,75,281.5243809,3043.982368,12338.2752,0,135267.26,932,119,43,145.1365451,1136.699664,3145.750233,0,100819.11,976,110,34,103.2982684,916.5373636,2965.267941,0,97.914,-0.288268379,-0.224866482
Q4204,"Xwrap, per square centimeter","Xwrap, per square centimeter",,2786216.55,7949,427,116,350.5115801,6525.097307,24019.10819,0,2596120,5707,347,96,454.9009988,7481.613833,27042.91667,1,9632362.24,6691,663,173,1439.599797,14528.44983,55678.39445,0,32234387.42,22694.2,1489,365,1420.379983,21648.34615,88313.39019,0,164112934.6,58447,4132,928,2807.893212,39717.55434,176845.8346,0,2989.2,0.97686059,0.682362402
Q4205,"Membrane graft or membrane wrap, per square centimeter","Membrane graft or membrane wrap, per square centimeter",,2348892.04,6461,278,93,363.549302,8449.251942,25256.90366,0,22246219.46,64125,3134,788,346.9196017,7098.346988,28231.24297,0,12611548.47,36192,2047,571,348.4623251,6160.990948,22086.7749,0,339371274.5,238289.1,12977,3176,1424.199741,26151.75114,106854.9353,0,1442222387,1107240.1,59317,10459,1302.538073,24313.812,137892.9522,0,1332.745,-0.085424582,0.375804666
Q4217,"Woundfix, biowound, woundfix plus, biowound plus, woundfix xplus or biowound xplus, per square centimeter","Woundfix, biowound, woundfix plus, biowound plus, woundfix xplus or biowound xplus, per square centimeter",,14973.18,29,20,,516.3165517,748.659,,1,38519587.47,94909,2731,657,405.8581111,14104.57249,58629.50909,0,154896552.3,256670,9779,2208,603.4852235,15839.71289,70152.42406,1,420203627.4,329558.9,14865,2511,1275.048641,28267.98705,167345.1324,0,9055794.39,13442,442,128,673.6939734,20488.2226,70748.39367,1,562.9785,-0.471632727,0.068775904
Q4221,"Amniowrap2, per square centimeter","Amniowrap2, per square centimeter",,,,,,,,,,1844907,2370,163,60,778.4417722,11318.44785,30748.45,0,2740593.36,2483,175,68,1103.742795,15660.53349,40302.84353,0,26887724.76,19324,1351,373,1391.416102,19902.09087,72085.05298,0,184217168.5,104926,6098,1010,1755.686565,30209.44055,182393.2361,0,1815.25,0.261798366,0.311415415
Q4222,"Progenamatrix, per square centimeter","Progenamatrix, per square centimeter",,,,,,,,,,184324.96,1033,64,14,178.4365537,2880.0775,13166.06857,0,735267.51,4046,312,59,181.7270168,2356.626635,12462.16119,0,1369530.68,11749,623,146,116.565723,2198.283596,9380.347123,0,658451.55,6463,326,93,101.8801718,2019.790031,7080.124194,0,115.605,-0.12598516,-0.170400247
Q4225,"Amniobind or dermabind tl, per square centimeter","Amniobind or dermabind tl, per square centimeter",,,,,,,,,,,,,,,,,,644141.41,557,44,14,1156.447774,14639.5775,46010.10071,1,2789278.31,1922,102,24,1451.237414,27345.86578,116219.9296,0,23969829.75,16224,512,104,1477.430335,46816.07373,230479.1322,0,1537,0.018048681,0.130291583
Q4227,"Amniocore, per square centimeter","Amniocore, per square centimeter",,,,,,,,,,381635.82,831,47,17,459.2488809,8119.911064,22449.16588,0,18098852.52,39662.1,1751,365,456.326128,10336.29499,49585.89732,0,25139721.61,100354.8,3105,629,250.5084123,8096.528699,39967.76091,1,5501051.14,13747,502,137,400.163755,10958.2692,40153.65796,0,724.5956667,0.597406456,-0.044868399
Q4229,"Cogenex amniotic membrane, per square centimeter","Cogenex amniotic membrane, per square centimeter",,,,,,,,,,,,,,,,,,4365223.64,11581,887,312,376.9297677,4921.334431,13991.10141,0,20967189.07,93514.6,5346,2087,224.2130006,3922.033122,10046.56879,0,54466113.66,62994.2,4733,1947,864.6210867,11507.73583,27974.37784,0,646.2956667,2.856248675,0.514546784
Q4232,"Corplex, per square centimeter","Corplex, per square centimeter",,134840.96,370,39,16,364.435027,3457.460513,8427.56,0,3514148.88,7971,1093,379,440.866752,3215.140787,9272.160633,0,7987638.82,15032,1830,448,531.3756533,4364.829956,17829.55094,1,3512496.91,12302,1221,320,285.5224281,2876.737846,10976.55284,0,89867.06,528,42,27,170.2027652,2139.691905,3328.40963,0,176.5075,-0.403890033,-0.173321534
Q4234,"Xcellerate, per square centimeter","Xcellerate, per square centimeter",,393040,1196,92,17,328.6287625,4272.173913,23120,0,2056148.12,5863,428,121,350.69898,4804.084393,16992.95967,0,13599334.29,21488,1836,537,632.8804119,7407.04482,25324.64486,1,41728876.84,51706,4640,1155,807.0412881,8993.292422,36128.8977,0,5582820.63,9002,819,219,620.1755865,6816.630806,25492.33164,0,544.5143333,-0.231544165,0.172066555
Q4236,"Carepatch, per square centimeter","Carepatch, per square centimeter",,,,,,,,,,,,,,,,,,,,,,,,,,481649188.4,398934,20735,3489,1207.340534,23228.80099,138047.9187,0,90134199.68,116019,5209,939,776.8917133,17303.55148,95989.56302,0,691.28,-0.356526438,-0.356526438
Q4238,"Derm-maxx, per square centimeter","Derm-maxx, per square centimeter",,,,,,,,,,,,,,,,,,,,,,,,,,3703441.44,2142,73,31,1728.964258,50732.07452,119465.8529,0,204486907.9,177944,7276,1150,1149.164388,28104.3029,177814.7025,0,1187.40325,-0.335345203,-0.335345203
Q4239,"Amnio-maxx or amnio-maxx lite, per square centimeter","Amnio-maxx or amnio-maxx lite, per square centimeter",,,,,,,,,,206043,313,36,,658.2843451,5723.416667,,0,214639.84,144,23,,1490.554444,9332.166957,,1,376084.8,408,16,14,921.7764706,23505.3,26863.2,1,231657755.9,97017,8091,1858,2387.805807,28631.53577,124681.2465,0,1639.459,1.590439095,0.536485593
Q4248,"Dermacyte amniotic membrane allograft, per square centimeter","Dermacyte amniotic membrane allograft, per square centimeter",,1879735,4133,170,67,454.8112751,11057.26471,28055.74627,0,2630310.3,6046,296,81,435.0496692,8886.183446,32472.96667,0,29882967.01,28257,2183,485,1057.542096,13688.94503,61614.36497,1,73828746.81,71864,5039,1134,1027.339792,14651.46791,65104.715,0,30427218.04,28592,2830,795,1064.186417,10751.66715,38273.23024,0,1094.36975,0.035866055,0.236791871
Q4252,"Vendaje, per square centimeter","Vendaje, per square centimeter",,,,,,,,,,737000,626,43,19,1177.316294,17139.53488,38789.47368,0,30971198.27,28321,1893,490,1093.577143,16360.9077,63206.52708,1,58513.15,356,23,15,164.3627809,2544.05,3900.876667,1,117413.76,586,42,13,200.3647782,2795.565714,9031.827692,0,198.852,0.21903984,-0.445830344
Q4253,"Zenith amniotic membrane, per square centimeter","Zenith amniotic membrane, per square centimeter",,,,,,,,,,1738542.55,2973,151,58,584.7771779,11513.52682,29974.87155,0,468155263.5,521699.6,22332,4090,897.3655788,20963.42753,114463.3896,0,332627601.4,414382.5,15242,3474,802.7066815,21823.09418,95747.72638,0,5951013.75,22975,655,120,259.0212731,9085.517176,49591.78125,0,278.33,-0.677315165,-0.237719156
Q4256,"Mlg-complete, per square centimeter","Mlg-complete, per square centimeter",,,,,,,,,,,,,,,,,,152795.55,256,11,,596.8576172,13890.50455,,1,4784921.59,3986,256,70,1200.431909,18691.09996,68356.02271,1,19239283.21,15365,891,142,1252.1499,21592.91045,135487.9099,0,1016.8205,0.043082819,0.448414258
Q4257,"Relese, per square centimeter","Relese, per square centimeter",,,,,,,,,,,,,,,,,,,,,,,,,,17783115.18,26547,1772,686,669.8728738,10035.61805,25922.90843,0,25416817.63,27675,2073,744,918.4035277,12260.88646,34162.38929,0,544.944,0.371011671,0.371011671
Q4259,"Celera dual layer or celera dual membrane, per square centimeter","Celera dual layer or celera dual membrane, per square centimeter",,,,,,,,,,,,,,,,,,,,,,,,,,27620302.63,28298,1740,412,976.051404,15873.73714,67039.56949,0,21081649.6,17329,1228,352,1216.553154,17167.4671,59891.05,0,1210.484,0.24640275,0.24640275
Q4262,"Dual layer impax membrane, per square centimeter","Dual layer impax membrane, per square centimeter",,,,,,,,,,,,,,,,,,,,,,,,,,1411271027,1198110.8,35828,5064,1177.913617,39390.17044,278687.0116,0,318193133.4,290967,9103,1678,1093.571207,34954.75485,189626.4204,0,705.70625,-0.071603222,-0.071603222
Q4263,"Surgraft tl, per square centimeter","Surgraft tl, per square centimeter",,,,,,,,,,,,,,,,,,,,,,,,,,3607896.73,3640,253,60,991.1804203,14260.46138,60131.61217,0,13088117.31,13716,507,142,954.2226094,25814.82704,92169.84021,0,779.84425,-0.037286664,-0.037286664
Q4265,"Neostim tl, per square centimeter","Neostim tl, per square centimeter",,,,,,,,,,,,,,,,,,,,,,,,,,,,,,,,,,274164180.8,132217.9,6915,1202,2073.578395,39647.74849,228090.0007,0,2114.7,,
Q4266,"Neostim membrane, per square centimeter","Neostim membrane, per square centimeter",,,,,,,,,,,,,,,,,,,,,,,,,,,,,,,,,,25528423.77,16887,1019,174,1511.720481,25052.42765,146715.0791,0,1563.6755,,
Q4267,"Neostim dl, per square centimeter","Neostim dl, per square centimeter",,,,,,,,,,,,,,,,,,,,,,,,,,989925.9,1247,69,32,793.8459503,14346.75217,30935.18438,0,43836592.28,53835,1922,341,814.276814,22807.80035,128553.0565,0,714.67,0.02573656,0.02573656
Q4268,"Surgraft ft, per square centimeter","Surgraft ft, per square centimeter",,,,,,,,,,,,,,,,,,,,,,,,,,1715415.87,1650,56,15,1039.645982,30632.42625,114361.058,0,46038605.7,40559.3,2009,291,1135.093695,22916.18004,158208.267,0,1064.402,0.091807899,0.091807899
Q4271,"Complete ft, per square centimeter","Complete ft, per square centimeter",,,,,,,,,,,,,,,,,,,,,,,,,,6191514.96,3813,88,17,1623.790968,70358.12455,364206.7624,0,1168304316,713832.9,35666,5091,1636.663589,32756.80804,229484.2498,0,1696.466667,0.007927511,0.007927511
Q4276,"Orion, per square centimeter","Orion, per square centimeter",,,,,,,,,,,,,,,,,,,,,,,,,,82759629.3,58776,1957,434,1408.051404,42289.02877,190690.3901,0,235011956.6,176597.3,6760,984,1330.778877,34765.08234,238833.2892,0,901.801,-0.054879052,-0.054879052
Q4278,"Epieffect, per square centimeter","Epieffect, per square centimeter",,,,,,,,,,,,,,,,,,,,,,,,,,9034258.79,17523,1126,353,515.5657587,8023.320417,25592.80111,0,72621239.68,178417,10429,2385,407.0309426,6963.39435,30449.1571,0,412.964,-0.210515951,-0.210515951
Q4279,"Vendaje ac, per square centimeter","Vendaje ac, per square centimeter",,,,,,,,,,,,,,,,,,,,,,,,,,,,,,,,,,14522354.65,6812,297,63,2131.878252,48896.817,230513.5659,1,2385,,
Q4280,"Xcell amnio matrix, per square centimeter","Xcell amnio matrix, per square centimeter",,,,,,,,,,,,,,,,,,,,,,,,,,,,,,,,,,26792574.39,13731,807,211,1951.247134,33200.2161,126979.0256,0,2385,,
Q4281,"Barrera sl or barrera dl, per square centimeter","Barrera sl or barrera dl, per square centimeter",,,,,,,,,,,,,,,,,,,,,,,,,,166670220.3,108564.2,5846,1419,1535.222664,28510.13006,117456.1102,0,124692859.2,93202,4149,1047,1337.877505,30053.71396,119095.3765,1,994.9043333,-0.128544975,-0.128544975
Q4282,"Cygnus dual, per square centimeter","Cygnus dual, per square centimeter",,,,,,,,,,,,,,,,,,,,,,,,,,19953405.68,14650,836,215,1362.007214,23867.71014,92806.53805,0,158045687.9,206763,14246,3107,764.3808992,11094.03958,50867.6176,0,774.3265,-0.438783516,-0.438783516
Q4283,"Biovance tri-layer or biovance 3l, per square centimeter","Biovance tri-layer or biovance 3l, per square centimeter",,,,,,,,,,,,,,,,,,,,,,,,,,12576088.75,8459.2,385,89,1486.675897,32665.16558,141304.368,0,31504799.04,25347.2,1816,358,1242.930148,17348.45762,88002.23196,0,1052.25,-0.163953522,-0.163953522
Q4290,"Membrane wrap-hydro, per square centimeter","Membrane wrap-hydro, per square centimeter",,,,,,,,,,,,,,,,,,,,,,,,,,,,,,,,,,309718502.4,163110.5,9164,1807,1898.826271,33797.30493,171399.2819,0,1961,,
Q4294,"Amnio quad-core, per square centimeter","Amnio quad-core, per square centimeter",,,,,,,,,,,,,,,,,,,,,,,,,,,,,,,,,,247672030.5,112227.5,7380,1400,2206.874701,33559.89574,176908.5932,0,2279,,
Q4295,"Amnio tri-core amniotic, per square centimeter","Amnio tri-core amniotic, per square centimeter",,,,,,,,,,,,,,,,,,,,,,,,,,,,,,,,,,157885019.6,81429,5615,1143,1938.928632,28118.43625,138132.1256,0,2067,,
Q4296,"Rebound matrix, per square centimeter","Rebound matrix, per square centimeter",,,,,,,,,,,,,,,,,,,,,,,,,,,,,,,,,,36803966.23,16428,908,150,2240.319347,40533.00246,245359.7749,0,2279,,
Q4297,"Emerge matrix, per square centimeter","Emerge matrix, per square centimeter",,,,,,,,,,,,,,,,,,,,,,,,,,,,,,,,,,16286658.06,7510,355,102,2168.662858,45877.91003,159673.1182,0,2279,,
Q4299,"Amnicore pro+, per square centimeter","Amnicore pro+, per square centimeter",,,,,,,,,,,,,,,,,,,,,,,,,,,,,,,,,,281359410.9,118852,7385,1474,2367.309014,38098.76925,190881.5542,0,2438,,
Q4301,"Activate matrix, per square centimeter","Activate matrix, per square centimeter",,,,,,,,,,,,,,,,,,,,,,,,,,,,,,,,,,66941090.94,27919,1097,84,2397.689421,61021.96075,796917.7493,0,2385,,
Q4303,"Complete aa, per square centimeter","Complete aa, per square centimeter",,,,,,,,,,,,,,,,,,,,,,,,,,,,,,,,,,232898702.6,70602,4204,548,3298.75503,55399.3108,424997.6325,0,3460.882,,
Q4304,"Grafix plus, per square centimeter","Grafix plus, per square centimeter",,,,,,,,,,,,,,,,,,,,,,,,,,,,,,,,,,40430825.35,34575.2,2871,532,1169.359117,14082.4888,75997.79201,0,1176.9755,,
Q4310,"Procenta, per 100 mg","Procenta, per 100 mg",,,,,,,,,,,,,,,,,,,,,,,,,,,,,,,,,,10760882.42,4207,527,136,2557.851776,20419.13173,79124.13544,0,2923.961,,
Q4332,"Axolotl dualgraft, per square centimeter","Axolotl dualgraft, per square centimeter",,,,,,,,,,,,,,,,,,,,,,,,,,,,,,,,,,31959514.32,18963,1981,461,1685.361721,16133.02086,69326.49527,0,1720.5425,,
Q5101,"Injection, filgrastim-sndz, biosimilar, (zarxio), 1 microgram",Zarxio,Filgrastim-Sndz,28723237.26,61153416,128156,19567,0.46969146,224.1271362,1467.942825,0,18684232.2,55355864,119042,18746,0.337529412,156.9549588,996.7050144,0,13756899.02,51378653,110126,18015,0.267755152,124.9196286,763.6358046,0,3244055.23,15875121.5,39831,6193,0.204348372,81.44548794,523.8261311,0,9367244.84,28261942.5,57172,12437,0.331443773,163.8432247,753.1755922,0,0.338,0.621954556,-0.083464481
Q5103,"Injection, infliximab-dyyb, biosimilar, (inflectra), 10 mg",Inflectra,Infliximab-Dyyb,71265191.26,1603884,32298,6537,44.43288371,2206.489295,10901.81907,0,71993954.76,1914283.9,37215,7268,37.60881798,1934.541308,9905.607424,0,73696298.3,2094344.3,39913,7873,35.18824403,1846.423429,9360.637406,0,34946163.04,1819643.2,33538,6764,19.2049535,1041.987091,5166.493649,0,21096944.8,1733604,31609,6150,12.16941401,667.4347433,3430.397529,0,12.41675,-0.366339835,-0.2765787
Q5104,"Injection, infliximab-abda, biosimilar, (renflexis), 10 mg",Renflexis,Infliximab-Abda,49286216.29,1025372,20796,4483,48.06666877,2369.985396,10994.02549,0,51022399.51,1351258.3,26972,5358,37.75917566,1891.680243,9522.657617,0,88546140.65,1792822.5,35469,7518,49.38923996,2496.437471,11777.88516,0,87091963.03,2365175.8,46367,9036,36.82261717,1878.317835,9638.331455,0,63867860.21,2183943,42914,8121,29.24428898,1488.275626,7864.531488,0,29.79275,-0.205806343,-0.116819929
Q5105,"Injection, epoetin alfa-epbx, biosimilar, (retacrit) (for esrd on dialysis), 100 units",Retacrit (Q5105),Epoetin Alfa-Epbx,1396045.1,1596881,10923,5516,0.874232394,127.8078458,253.0901197,0,1127418.16,1285649,8720,4543,0.876925319,129.2910734,248.1660048,0,7560.31,9315,242,59,0.811627483,31.24095041,128.1408475,0,10773.03,13709,209,66,0.785836312,51.54559809,163.2277273,0,440559.61,603455,3278,1279,0.730062076,134.3989048,344.4563018,0,0.74425,-0.070974369,-0.044054301
Q5106,"Injection, epoetin alfa-epbx, biosimilar, (retacrit) (for non-esrd use), 1000 units",Retacrit (Q5106),Epoetin Alfa-Epbx,68136756.66,8028439.9,207034,31352,8.486923675,329.1090191,2173.282619,0,87251749.98,10088980.1,266216,37266,8.648223023,327.7479565,2341.32319,0,73065603.97,9048753.8,244317,34583,8.074659294,299.0606629,2112.76072,0,53340473.23,6872396.5,190183,29006,7.761553518,280.4691967,1838.946192,0,42430039.04,5816754,164833,25212,7.294453064,257.4122842,1682.930313,0,7.44325,-0.060181309,-0.037145622
Q5107,"Injection, bevacizumab-awwb, biosimilar, (mvasi), 10 mg",Mvasi,Bevacizumab-Awwb,308006313.1,4933668,72175,12306,62.42947703,4267.49308,25028.95442,0,336344276,6625430.8,95180,15239,50.76564622,3533.770498,22071.28263,0,205032451.1,5960833,82976,13204,34.39661052,2470.984996,15528.05597,0,163203025.1,5691540,78131,12502,28.67466892,2088.838299,13054.15335,0,141325402.3,5471400,75604,13212,25.82984287,1869.284724,10696.74556,0,26.38975,-0.099210424,-0.197984029
Q5108,"Injection, pegfilgrastim-jmdb (fulphila), biosimilar, 0.5 mg",Fulphila,Pegfilgrastim-Jmdb,74247739.7,254665,20538,6623,291.5506242,3615.139726,11210.59032,0,75403320.91,330735,26371,8069,227.9871224,2859.327326,9344.816075,0,66298444.38,394087,31263,9550,168.2330155,2120.668022,6942.245485,0,65795869.48,562867,44580,13386,116.8941677,1475.905551,4915.274875,0,105480640,755715,59960,18091,139.5772744,1759.183455,5830.558839,0,142.4665,0.194048234,-0.168187994
Q5110,"Injection, filgrastim-aafi, biosimilar, (nivestym), 1 microgram",Nivestym,Filgrastim-Aafi,4560248.87,7354373,15087,2377,0.620073101,302.2634633,1918.489218,0,4915196.03,11608156,22230,3741,0.423426083,221.1064341,1313.872235,0,4194131.48,11722165,22498,3974,0.357794953,186.4224144,1055.392924,0,6067934.65,18755682,40172,6270,0.32352514,151.0488562,967.7726715,0,5271910.09,19114535,41523,6879,0.275806348,126.9636127,766.3773935,0,0.28075,-0.147496397,-0.183341773
Q5111,"Injection, pegfilgrastim-cbqv (udenyca), biosimilar, 0.5 mg",Udenyca*,Pegfilgrastim-Cbqv*,228110103.2,740575,58394,18134,308.0175583,3906.39626,12579.13881,0,160042879.7,642976.2,50751,15627,248.9094926,3153.492142,10241.4334,0,88617866.06,494544,39533,11446,179.191065,2241.617536,7742.256339,0,67282230.34,490936,39251,11897,137.0488828,1714.153279,5655.394666,0,91015072.16,649449,52151,16032,140.1419852,1745.221993,5677.087834,0,141.753,0.022569337,-0.178706855
Q5112,"Injection, trastuzumab-dttb, biosimilar, (ontruzant), 10 mg",Ontruzant,Trastuzumab-Dttb,552290.37,5925,149,54,93.21356456,3706.646779,10227.59944,0,11340522.38,153408,3825,531,73.92393083,2964.842452,21356.91597,0,31856450.36,478482,11553,1697,66.57815834,2757.418018,18772.21589,0,35649012.17,733495,17352,2405,48.60157489,2054.461282,14822.87408,0,18977485.54,546170.8,12594,1844,34.74643013,1506.867202,10291.47806,0,34.90325,-0.285076045,-0.218628136
Q5113,"Injection, trastuzumab-pkrb, biosimilar, (herzuma), 10 mg",Herzuma,Trastuzumab-Pkrb,2536974.73,26442,604,156,95.94488806,4200.289288,16262.65853,0,7706641.68,111749,2232,329,68.96385364,3452.796452,23424.4428,0,6903289.31,139978,2913,438,49.31695917,2369.821253,15760.9345,0,4533609.22,157258,3224,473,28.82911661,1406.206334,9584.797505,0,7819988.84,146258,3056,430,53.46708447,2558.896872,18186.02056,0,54.79325,0.854620979,-0.135995179
Q5114,"Injection, trastuzumab-dkst, biosimilar, (ogivri), 10 mg",Ogivri,Trastuzumab-Dkst,28856143.52,340194,7515,1298,84.82261157,3839.80619,22231.23538,0,46807920.04,732464,15700,2257,63.90473804,2981.396181,20738.99869,0,37635757.49,762924,16239,2431,49.33093924,2317.615462,15481.59502,0,38003212.92,910546,19968,2940,41.7367304,1903.205775,12926.2629,0,90770180.71,1686570,38452,5243,53.81939719,2360.61013,17312.64175,0,54.247,0.289497205,-0.107502933
Q5115,"Injection, rituximab-abbs, biosimilar, (truxima), 10 mg",Truxima,Rituximab-Abbs,185685185.8,2497697.3,32139,9944,74.34254974,5777.565754,18673.08787,0,233566050.9,3718242,46036,13932,62.81625858,5073.55224,16764.71798,0,195508049.2,3725428,45878,14493,52.4793525,4261.477162,13489.82607,0,174633265.2,4070627,49409,15747,42.90082713,3534.442414,11089.93873,0,126751026.8,3852743.2,46174,15052,32.8989035,2745.073564,8420.87608,0,33.54225,-0.233140578,-0.184383519
Q5116,"Injection, trastuzumab-qyyp, biosimilar, (trazimera), 10 mg",Trazimera,Trastuzumab-Qyyp,11199931.43,134772,3127,775,83.10280644,3581.685779,14451.52443,0,59996201.53,921566.5,21326,2993,65.10241152,2813.289015,20045.50669,0,63971431.2,1345070,31066,4199,47.55992714,2059.210429,15234.92051,0,39207374.28,1563044,36797,4877,25.0839863,1065.504641,8039.240164,0,18608785.53,1248857,28753,3915,14.90065358,647.194572,4753.201923,0,15.2365,-0.405969474,-0.349275128
Q5117,"Injection, trastuzumab-anns, biosimilar, (kanjinti), 10 mg",Kanjinti,Trastuzumab-Anns,176494796.5,2164270.8,49982,6950,81.5493128,3531.167149,25394.93474,0,159309828.7,2528609,58327,7550,63.00295091,2731.322178,21100.63956,0,84560974.15,2095457,47827,6162,40.35443063,1768.059342,13722.97536,0,39011484.34,1445860,32436,4538,26.98150882,1202.721801,8596.62502,0,20532125.76,1135333,25008,3365,18.08467274,821.0223033,6101.671846,0,18.7005,-0.329738271,-0.313765438
Q5118,"Injection, bevacizumab-bvzr, biosimilar, (zirabev), 10 mg",Zirabev,Bevacizumab-Bvzr,33154600.8,534913,7284,1760,61.98129565,4551.702471,18837.84136,0,172471886.3,3124306,41679,7335,55.20326316,4138.100394,23513.5496,0,240472910.7,5556513,74278,12156,43.27766546,3237.471536,19782.24011,0,157233199.3,5414774,73919,12056,29.03781382,2127.101277,13041.90439,0,75813626.66,3617000,50618,8712,20.96036126,1497.760217,8702.206917,0,21.7055,-0.278170134,-0.23742155
Q5119,"Injection, rituximab-pvvr, biosimilar, (ruxience), 10 mg",Ruxience,Rituximab-Pvvr,78149514.75,1088268,14478,5552,71.8109094,5397.81149,14075.92125,0,288501210.7,4590345,61221,16546,62.84957029,4712.455052,17436.31154,0,241495185.5,5177229.1,67269,18701,46.64564401,3589.992203,12913.49048,0,132776021.5,4792651,61325,18106,27.70408725,2165.120611,7333.260879,0,80703615.33,4005524,50211,15510,20.14807934,1607.289545,5203.327874,0,20.6025,-0.272739825,-0.272202086
Q5121,"Injection, infliximab-axxq, biosimilar, (avsola), 10 mg",Avsola,Infliximab-Axxq,180052.5,3495,84,56,51.51716738,2143.482143,3215.223214,0,9946500.22,203951.5,4313,1175,48.7689486,2306.167452,8465.10657,0,16848656.7,420204.5,8439,2004,40.09632619,1996.522894,8407.513323,0,17980956.28,630524.8,12098,2687,28.51744496,1486.27511,6691.833376,0,12486086.61,546388.8,10016,2335,22.85201785,1246.614079,5347.360433,0,23.27675,-0.198665312,-0.183900438
Q5122,"Injection, pegfilgrastim-apgf (nyvepria), biosimilar, 0.5 mg",Nyvepria,Pegfilgrastim-Apgf,,,,,,,,,26671090.62,87098,7266,2086,306.2193233,3670.67033,12785.75773,0,52314801.35,247806,20652,5854,211.1119236,2533.159081,8936.590596,0,33412195.6,289185,24089,6804,115.5391725,1387.031243,4910.669547,0,9511522.38,131516,10928,3535,72.32216901,870.3808913,2690.671112,0,76.0065,-0.37404633,-0.381870292
Q5123,"Injection, rituximab-arrx, biosimilar, (riabni), 10 mg",Riabni,Rituximab-Arrx,,,,,,,,,11960083.07,164384,2226,782,72.75697799,5372.903446,15294.22388,0,28084382.74,521203,6988,1949,53.88377032,4018.944296,14409.63712,0,42878561.61,968152,12878,4234,44.28908024,3329.597889,10127.19925,0,92447259.69,2331225,31075,8580,39.65608626,2974.972154,10774.73889,0,40.4635,-0.104608042,-0.183144822
Q5124,"Injection, ranibizumab-nuna, biosimilar, (byooviz), 0.1 mg",Byooviz,Ranibizumab-Nuna,,,,,,,,,,,,,,,,,1094710.83,4797,854,681,228.2073859,1281.862799,1607.50489,0,32189351.27,149368,26009,6790,215.5036639,1237.623564,4740.699745,0,29305816.68,172686,29810,6422,169.7058052,983.0867722,4563.34735,0,172.77,-0.212515453,-0.137650132
Q5125,"Injection, filgrastim-ayow, biosimilar, (releuko), 1 microgram",Releuko,Filgrastim-Ayow,,,,,,,,,,,,,,,,,,,,,,,,,1794577.13,3281211,7736,1231,0.546925245,231.9773953,1457.820577,0,4697487.73,9929626,22408,3486,0.473078012,209.6344042,1347.529469,0,0.4665,-0.135022535,-0.135022535
Q5126,"Injection, bevacizumab-maly, biosimilar, (alymsys), 10 mg",Alymsys,Bevacizumab-Maly,,,,,,,,,,,,,,,,,,,,,,,,,59629047.93,880196,12413,2651,67.74519304,4803.75799,22493.03958,0,108437929.8,1900473.5,27165,4482,57.05837506,3991.825134,24194.0941,0,54.25575,-0.157750203,-0.157750203
Q5127,"Injection, pegfilgrastim-fpgk (stimufend), biosimilar, 0.5 mg",Stimufend,Pegfilgrastim-Fpgk,,,,,,,,,,,,,,,,,,,,,,,,,10023908.39,29269,2393,889,342.4752602,4188.845963,11275.4875,0,62256489.51,193046,15865,4512,322.4956203,3924.14053,13797.98083,0,328.44825,-0.058338929,-0.058338929
Q5128,"Injection, ranibizumab-eqrn (cimerli), biosimilar, 0.1 mg",Cimerli,Ranibizumab-Eqrn,,,,,,,,,,,,,,,,,,,,,,,,,122397266.8,448845,80538,28055,272.6938403,1519.745546,4362.761246,0,216885671.1,950268,169956,38028,228.2363198,1276.128357,5703.315218,0,230.956,-0.163030894,-0.163030894
Q5129,"Injection, bevacizumab-adcd (vegzelma), biosimilar, 10 mg",Vegzelma,Bevacizumab-Adcd,,,,,,,,,,,,,,,,,,,,,,,,,10481899.17,152682,2153,867,68.65183303,4868.508672,12089.8491,0,98273819.47,1568807,22193,3803,62.64238971,4428.144887,25841.13055,0,64.93625,-0.087535074,-0.087535074
Q5130,"Injection, pegfilgrastim-pbbk (fylnetra), biosimilar, 0.5 mg",Fylnetra,Pegfilgrastim-Pbbk,,,,,,,,,,,,,,,,,,,,,,,,,2346354.48,11044,899,433,212.4551322,2609.960489,5418.832517,0,19665731.95,102574,8318,2428,191.7223853,2364.238032,8099.560111,0,191.90025,-0.097586472,-0.097586472
Q9950,"Injection, sulfur hexafluoride lipid microspheres, per ml",Lumason,Sulfur Hexafluoride Microsphr,511719.58,41538,10608,10351,12.31931196,48.23902526,49.43672882,1,243089.15,13069.4,3451,3327,18.59987069,70.44020574,73.06556958,0,323440.36,16384,4512,4289,19.74123291,71.68447695,75.41160177,0,323787.77,16372.4,4498,4286,19.77643901,71.98483104,75.5454433,0,313879.91,15412,4038,3798,20.36594277,77.73152798,82.64347288,0,18.88275,0.029808388,0.133912431
Q9956,"Injection, octafluoropropane microspheres, per ml",Definity RT*,Perflutren Lipid Microspheres*,426133.33,13343,5035,4798,31.93684554,84.63422642,88.81478324,0,485073.72,15530,6006,5707,31.2346246,80.76485515,84.99627125,0,512080.54,16935,6545,6208,30.23800059,78.23996028,82.48720039,0,668279.49,18428,7043,6652,36.26435262,94.8856297,100.462942,0,709638.46,17066,6640,6326,41.58200281,106.8732621,112.1780683,0,42.33775,0.14663574,0.068201901
Q9957,"Injection, perflutren lipid microspheres, per ml",Definity*,Perflutren Lipid Microspheres*,3155276.49,66650.6,36075,33268,47.34055642,87.46435177,94.84418931,0,3525808.28,76645.9,41584,38224,46.001264,84.78761735,92.24069381,0,3415002.42,75503.5,41673,39002,45.22972339,81.94760204,87.55967438,0,3593090.77,80976.8,44097,42109,44.37185428,81.48152414,85.3283329,0,3790637.12,91022.5,49594,47123,41.64505611,76.43338146,80.44133693,0,42.33775,-0.061453329,-0.031538137
Q9958,"High osmolar contrast material, up to 149 mg/ml iodine concentration, per ml",Cysto-Conray Ii*,Iothalamate Meglumine*,12981.03,180794,1285,1134,0.071800115,10.10196887,11.4471164,0,13139.99,180171,1266,1107,0.07293066,10.37913902,11.86990967,0,10356.44,141119,829,781,0.073387992,12.49268999,13.26048656,0,10082.99,136110,771,719,0.074079715,13.07780804,14.02363004,0,9453.39,126612,768,691,0.07466425,12.30910156,13.68073806,0,0.07575,0.00789062,0.009826798
Q9963,"High osmolar contrast material, 350-399 mg/ml iodine concentration, per ml",Gastrografin*,"Diatrizoate Meglumine, Sodium*",11616.06,50771,1946,1532,0.228793209,5.969198356,7.582284595,0,7732.62,28374,1590,1182,0.272524847,4.863283019,6.541979695,0,8624.12,33960,1785,1415,0.253949352,4.831439776,6.094784452,0,7197.92,20662,804,723,0.348365115,8.952636816,9.955629322,0,7026.71,16646,818,752,0.422126036,8.590110024,9.344029255,0,0.21525,0.211734524,0.165466387
Q9965,"Low osmolar contrast material, 100-199 mg/ml iodine concentration, per ml",Omnipaque,Iohexol,626860.82,884789,35577,20255,0.708486227,17.6198336,30.94844828,0,1854267.27,2515346,69003,23348,0.737181791,26.87227034,79.41867698,0,1286522.26,1699835,71292,24558,0.756851259,18.04581524,52.38709423,0,1843720.32,1505272.4,56347,23258,1.224841643,32.72082489,79.27252214,0,2964639.77,2167762,62790,23589,1.367603902,47.21515799,125.6789084,0,1.45625,0.116555687,0.178710711
Q9966,"Low osmolar contrast material, 200-299 mg/ml iodine concentration, per ml",Iodixanol (Q9966)*,Iodixanol*,1668120.21,5117151.7,310496,153665,0.325986077,5.372437036,10.85556379,0,1209950.87,3740193.5,298267,156636,0.323499538,4.056603211,7.72460271,0,998460.31,2979212.8,270688,150746,0.335142327,3.688602044,6.623461385,0,1814249.03,4190689.2,262346,144372,0.432923785,6.915481959,12.56648817,0,1417934.9,3884017.8,250104,139940,0.365069105,5.669381138,10.13244891,0,0.37225,-0.156735857,0.028712477
Q9967,"Low osmolar contrast material, 300-399 mg/ml iodine concentration, per ml",Iodixanol (Q9967)*,Iodixanol*,10300192.92,92156267.7,1161456,849257,0.111768773,8.868345353,12.12847574,0,11637215.27,98246882.3,1238070,907807,0.118448698,9.399480861,12.81904113,0,10871551.28,92183506.2,1187918,887258,0.117933801,9.151769129,12.25297634,0,14263946.29,96084497.6,1225867,916303,0.148452109,11.63580249,15.56684447,0,12981905.11,98020694.2,1225942,922131,0.132440453,10.58933058,14.07815713,0,0.13275,-0.107857384,0.043338044
Q9991,"Injection, buprenorphine extended-release (sublocade), less than or equal to 100 mg",Sublocade (Q9991),Buprenorphine,391428.18,245,245,65,1597.666041,1597.666041,6021.972,0,667612.33,396,396,88,1685.889722,1685.889722,7586.50375,0,943184.48,562,560,134,1678.264199,1684.258,7038.690149,0,1035349.86,623,623,146,1661.877785,1661.877785,7091.437397,0,1107556.25,709,707,158,1562.138576,1566.557638,7009.849684,1,1916.658,-0.060015971,-0.005606245
Q9992,"Injection, buprenorphine extended-release (sublocade), greater than 100 mg",Sublocade (Q9992),Buprenorphine,615468.43,414,414,121,1486.63872,1486.63872,5086.51595,1,692703.79,438,438,164,1581.515502,1581.515502,4223.803598,1,858600.41,537,533,188,1598.883445,1610.88257,4567.023457,1,1046400.69,649,645,201,1612.32772,1622.326651,5205.973582,1,1177514.28,799,796,238,1473.735019,1479.289297,4947.538992,1,1916.658,-0.085958146,-0.002177045
