strategy_id,product_id,input_name,parameter_id,low,base,high,feasible_at_low,feasible_at_high,threshold,direction,evaluations,note,bracket_low,bracket_high
S0,norepinephrine_1mgml_4ml,capacity_utilization,product.annual_demand_units,500000.0,900000.0,1800000.0,False,False,,infeasible_everywhere,"[{""value"": 500000.0, ""strategy_id"": ""S0"", ""mean_fill"": 0.9954957194662896, ""p_meet"": 0.85, ""mean_cost"": 11772536.465384576, ""mcse_cost"": 4459.471320816283, ""mean_shortage_days"": 8.81120618838992, ""mean_cost_per_unit"": 22.58125864066223, ""capacity_utilization"": 2606817.7, ""feasible"": false, ""n_runs"": 20, ""eligibility"": ""NO_CONCLUSION""}, {""value"": 1800000.0, ""strategy_id"": ""S0"", ""mean_fill"": 0.5841160966588743, ""p_meet"": 0.0, ""mean_cost"": 13158290.51214207, ""mcse_cost"": 24769.283297680653, ""mean_shortage_days"": 249.21411555312156, ""mean_cost_per_unit"": 12.012525196062327, ""capacity_utilization"": 5486413.6, ""feasible"": false, ""n_runs"": 20, ""eligibility"": ""NO_CONCLUSION""}]",feasibility does not change between 500000.0 and 1800000.0; no threshold inside the recorded range,,
S0,norepinephrine_1mgml_4ml,fixed_qa_labor_per_node,product.fixed_qa_labor_usd_per_site_year,1500000.0,3000000.0,6000000.0,False,False,,infeasible_everywhere,"[{""value"": 1500000.0, ""strategy_id"": ""S0"", ""mean_fill"": 0.9877698388553909, ""p_meet"": 0.75, ""mean_cost"": 11206764.05642875, ""mcse_cost"": 12159.199118028793, ""mean_shortage_days"": 22.10302573932092, ""mean_cost_per_unit"": 12.039794713907742, ""capacity_utilization"": 4655638.0, ""feasible"": false, ""n_runs"": 20, ""eligibility"": ""NO_CONCLUSION""}, {""value"": 6000000.0, ""strategy_id"": ""S0"", ""mean_fill"": 0.9877698388553909, ""p_meet"": 0.75, ""mean_cost"": 15885881.576734385, ""mcse_cost"": 12159.199118028753, ""mean_shortage_days"": 22.10302573932092, ""mean_cost_per_unit"": 17.0672598453817, ""capacity_utilization"": 4655638.0, ""feasible"": false, ""n_runs"": 20, ""eligibility"": ""NO_CONCLUSION""}]",feasibility does not change between 1500000.0 and 6000000.0; no threshold inside the recorded range,,
S0,norepinephrine_1mgml_4ml,release_time,global.sterility_incubation_days,14.0,14.0,18.0,False,False,,infeasible_everywhere,"[{""value"": 14.0, ""strategy_id"": ""S0"", ""mean_fill"": 0.9877698388553909, ""p_meet"": 0.75, ""mean_cost"": 12766469.896530628, ""mcse_cost"": 12159.199118028751, ""mean_shortage_days"": 22.10302573932092, ""mean_cost_per_unit"": 13.715616424399062, ""capacity_utilization"": 4655638.0, ""feasible"": false, ""n_runs"": 20, ""eligibility"": ""NO_CONCLUSION""}, {""value"": 18.0, ""strategy_id"": ""S0"", ""mean_fill"": 0.9857481406202261, ""p_meet"": 0.75, ""mean_cost"": 12756077.696141537, ""mcse_cost"": 12592.706001099099, ""mean_shortage_days"": 26.833673329682362, ""mean_cost_per_unit"": 13.733317600196258, ""capacity_utilization"": 4645912.5, ""feasible"": false, ""n_runs"": 20, ""eligibility"": ""NO_CONCLUSION""}]",feasibility does not change between 14.0 and 18.0; no threshold inside the recorded range,,
S0,norepinephrine_1mgml_4ml,shelf_life,product.shelf_life_months,12.0,24.0,30.0,False,False,,infeasible_everywhere,"[{""value"": 12.0, ""strategy_id"": ""S0"", ""mean_fill"": 0.9877698388553909, ""p_meet"": 0.75, ""mean_cost"": 12766469.896530628, ""mcse_cost"": 12159.199118028751, ""mean_shortage_days"": 22.10302573932092, ""mean_cost_per_unit"": 13.715616424399062, ""capacity_utilization"": 4655638.0, ""feasible"": false, ""n_runs"": 20, ""eligibility"": ""NO_CONCLUSION""}, {""value"": 30.0, ""strategy_id"": ""S0"", ""mean_fill"": 0.9877698388553909, ""p_meet"": 0.75, ""mean_cost"": 12766469.896530628, ""mcse_cost"": 12159.199118028751, ""mean_shortage_days"": 22.10302573932092, ""mean_cost_per_unit"": 13.715616424399062, ""capacity_utilization"": 4655638.0, ""feasible"": false, ""n_runs"": 20, ""eligibility"": ""NO_CONCLUSION""}]",feasibility does not change between 12.0 and 30.0; no threshold inside the recorded range,,
S0,norepinephrine_1mgml_4ml,raw_material_lead_time,product.material_lead_time_days,30.0,90.0,240.0,False,False,,infeasible_everywhere,"[{""value"": 30.0, ""strategy_id"": ""S0"", ""mean_fill"": 0.9880729840835901, ""p_meet"": 0.6, ""mean_cost"": 12762980.703264084, ""mcse_cost"": 10044.027601649886, ""mean_shortage_days"": 23.073158543263965, ""mean_cost_per_unit"": 13.705066254742661, ""capacity_utilization"": 4656988.55, ""feasible"": false, ""n_runs"": 20, ""eligibility"": ""NO_CONCLUSION""}, {""value"": 240.0, ""strategy_id"": ""S0"", ""mean_fill"": 0.9832471809679285, ""p_meet"": 0.65, ""mean_cost"": 12751482.857021425, ""mcse_cost"": 9795.241724947095, ""mean_shortage_days"": 30.494174424972613, ""mean_cost_per_unit"": 13.760803679240777, ""capacity_utilization"": 4633733.55, ""feasible"": false, ""n_runs"": 20, ""eligibility"": ""NO_CONCLUSION""}]",feasibility does not change between 30.0 and 240.0; no threshold inside the recorded range,,
S0,norepinephrine_1mgml_4ml,common_cause_dependence,global.common_cause_events_per_year,0.02,0.1,0.3,False,False,,infeasible_everywhere,"[{""value"": 0.02, ""strategy_id"": ""S0"", ""mean_fill"": 0.9939181649805375, ""p_meet"": 0.8, ""mean_cost"": 12782636.44099214, ""mcse_cost"": 8800.46027384117, ""mean_shortage_days"": 13.951909912376777, ""mean_cost_per_unit"": 13.642575093136392, ""capacity_utilization"": 4684895.2, ""feasible"": false, ""n_runs"": 20, ""eligibility"": ""NO_CONCLUSION""}, {""value"": 0.3, ""strategy_id"": ""S0"", ""mean_fill"": 0.9691552170855429, ""p_meet"": 0.65, ""mean_cost"": 12715152.675431285, ""mcse_cost"": 22919.251635624034, ""mean_shortage_days"": 38.655291621029576, ""mean_cost_per_unit"": 13.947152675725041, ""capacity_utilization"": 4566319.15, ""feasible"": false, ""n_runs"": 20, ""eligibility"": ""NO_CONCLUSION""}]",feasibility does not change between 0.02 and 0.3; no threshold inside the recorded range,,
S0,norepinephrine_1mgml_4ml,supplier_concentration,global.supplier_disruptions_per_supplier_year,0.05,0.2,0.6,False,False,,infeasible_everywhere,"[{""value"": 0.05, ""strategy_id"": ""S0"", ""mean_fill"": 0.9901044334779284, ""p_meet"": 0.75, ""mean_cost"": 12770805.155540213, ""mcse_cost"": 10693.870471789194, ""mean_shortage_days"": 20.00273822562979, ""mean_cost_per_unit"": 13.685718827496757, ""capacity_utilization"": 4666754.0, ""feasible"": false, ""n_runs"": 20, ""eligibility"": ""NO_CONCLUSION""}, {""value"": 0.6, ""strategy_id"": ""S0"", ""mean_fill"": 0.9813872020080254, ""p_meet"": 0.5, ""mean_cost"": 12744460.267186113, ""mcse_cost"": 10283.918870338457, ""mean_shortage_days"": 30.59418811610076, ""mean_cost_per_unit"": 13.77994524003709, ""capacity_utilization"": 4625163.75, ""feasible"": false, ""n_runs"": 20, ""eligibility"": ""NO_CONCLUSION""}]",feasibility does not change between 0.05 and 0.6; no threshold inside the recorded range,,
S0,norepinephrine_1mgml_4ml,commissioning_days,global.node_commissioning_days,365.0,730.0,1095.0,False,False,,infeasible_everywhere,"[{""value"": 365.0, ""strategy_id"": ""S0"", ""mean_fill"": 0.9877698388553909, ""p_meet"": 0.75, ""mean_cost"": 12766469.896530628, ""mcse_cost"": 12159.199118028751, ""mean_shortage_days"": 22.10302573932092, ""mean_cost_per_unit"": 13.715616424399062, ""capacity_utilization"": 4655638.0, ""feasible"": false, ""n_runs"": 20, ""eligibility"": ""NO_CONCLUSION""}, {""value"": 1095.0, ""strategy_id"": ""S0"", ""mean_fill"": 0.9877698388553909, ""p_meet"": 0.75, ""mean_cost"": 12766469.896530628, ""mcse_cost"": 12159.199118028751, ""mean_shortage_days"": 22.10302573932092, ""mean_cost_per_unit"": 13.715616424399062, ""capacity_utilization"": 4655638.0, ""feasible"": false, ""n_runs"": 20, ""eligibility"": ""NO_CONCLUSION""}]",feasibility does not change between 365.0 and 1095.0; no threshold inside the recorded range,,
S0,norepinephrine_1mgml_4ml,activation_latency_days,global.reserved_capacity_activation_days,7.0,21.0,60.0,False,False,,infeasible_everywhere,"[{""value"": 7.0, ""strategy_id"": ""S0"", ""mean_fill"": 0.9877698388553909, ""p_meet"": 0.75, ""mean_cost"": 12766469.896530628, ""mcse_cost"": 12159.199118028751, ""mean_shortage_days"": 22.10302573932092, ""mean_cost_per_unit"": 13.715616424399062, ""capacity_utilization"": 4655638.0, ""feasible"": false, ""n_runs"": 20, ""eligibility"": ""NO_CONCLUSION""}, {""value"": 60.0, ""strategy_id"": ""S0"", ""mean_fill"": 0.9877698388553909, ""p_meet"": 0.75, ""mean_cost"": 12766469.896530628, ""mcse_cost"": 12159.199118028751, ""mean_shortage_days"": 22.10302573932092, ""mean_cost_per_unit"": 13.715616424399062, ""capacity_utilization"": 4655638.0, ""feasible"": false, ""n_runs"": 20, ""eligibility"": ""NO_CONCLUSION""}]",feasibility does not change between 7.0 and 60.0; no threshold inside the recorded range,,
S0,norepinephrine_1mgml_4ml,node_capital,product.capital_usd_per_site,15000000.0,40000000.0,100000000.0,False,False,,infeasible_everywhere,"[{""value"": 15000000.0, ""strategy_id"": ""S0"", ""mean_fill"": 0.9877698388553909, ""p_meet"": 0.75, ""mean_cost"": 8576968.914712312, ""mcse_cost"": 12159.199118028753, ""mean_shortage_days"": 22.10302573932092, ""mean_cost_per_unit"": 9.214218455024767, ""capacity_utilization"": 4655638.0, ""feasible"": false, ""n_runs"": 20, ""eligibility"": ""NO_CONCLUSION""}, {""value"": 100000000.0, ""strategy_id"": ""S0"", ""mean_fill"": 0.9877698388553909, ""p_meet"": 0.75, ""mean_cost"": 22821272.252893902, ""mcse_cost"": 12159.199118028671, ""mean_shortage_days"": 22.10302573932092, ""mean_cost_per_unit"": 24.51897155089665, ""capacity_utilization"": 4655638.0, ""feasible"": false, ""n_runs"": 20, ""eligibility"": ""NO_CONCLUSION""}]",feasibility does not change between 15000000.0 and 100000000.0; no threshold inside the recorded range,,
S0,norepinephrine_1mgml_4ml,batches_per_site_year,product.batches_per_site_year_nominal,30.0,45.0,70.0,False,False,,infeasible_everywhere,"[{""value"": 30.0, ""strategy_id"": ""S0"", ""mean_fill"": 0.7454955972854133, ""p_meet"": 0.0, ""mean_cost"": 12179856.513340764, ""mcse_cost"": 14537.612886412096, ""mean_shortage_days"": 270.0269646768894, ""mean_cost_per_unit"": 17.403947036035866, ""capacity_utilization"": 3504977.6, ""feasible"": false, ""n_runs"": 20, ""eligibility"": ""NO_CONCLUSION""}, {""value"": 70.0, ""strategy_id"": ""S0"", ""mean_fill"": 0.996596419671526, ""p_meet"": 0.85, ""mean_cost"": 12801362.153332165, ""mcse_cost"": 7916.694151460686, ""mean_shortage_days"": 8.571173329682365, ""mean_cost_per_unit"": 13.625740436968147, ""capacity_utilization"": 4697602.8, ""feasible"": false, ""n_runs"": 20, ""eligibility"": ""NO_CONCLUSION""}]",feasibility does not change between 30.0 and 70.0; no threshold inside the recorded range,,
S0,norepinephrine_1mgml_4ml,changeover_burden,product.changeover_days,1.0,3.0,10.0,False,False,,infeasible_everywhere,"[{""value"": 1.0, ""strategy_id"": ""S0"", ""mean_fill"": 0.9886464503774952, ""p_meet"": 0.8, ""mean_cost"": 12769033.885050025, ""mcse_cost"": 12175.792809758022, ""mean_shortage_days"": 20.362787513691128, ""mean_cost_per_unit"": 13.703940279404671, ""capacity_utilization"": 4660548.9, ""feasible"": false, ""n_runs"": 20, ""eligibility"": ""NO_CONCLUSION""}, {""value"": 10.0, ""strategy_id"": ""S0"", ""mean_fill"": 0.8226300683991203, ""p_meet"": 0.0, ""mean_cost"": 12338856.584368678, ""mcse_cost"": 13271.812672501748, ""mean_shortage_days"": 247.0638211938664, ""mean_cost_per_unit"": 15.954054661014542, ""capacity_utilization"": 3870790.7, ""feasible"": false, ""n_runs"": 20, ""eligibility"": ""NO_CONCLUSION""}]",feasibility does not change between 1.0 and 10.0; no threshold inside the recorded range,,
S1,norepinephrine_1mgml_4ml,capacity_utilization,product.annual_demand_units,500000.0,900000.0,1800000.0,False,False,,infeasible_everywhere,"[{""value"": 500000.0, ""strategy_id"": ""S1"", ""mean_fill"": 0.9939324112927924, ""p_meet"": 0.65, ""mean_cost"": 11763932.585137581, ""mcse_cost"": 5189.670334202538, ""mean_shortage_days"": 13.051786692223441, ""mean_cost_per_unit"": 22.599104507031594, ""capacity_utilization"": 2602688.35, ""feasible"": false, ""n_runs"": 20, ""eligibility"": ""NO_CONCLUSION""}, {""value"": 1800000.0, ""strategy_id"": ""S1"", ""mean_fill"": 0.5818893211171907, ""p_meet"": 0.0, ""mean_cost"": 13123901.92835468, ""mcse_cost"": 24169.326133079547, ""mean_shortage_days"": 249.71418400876232, ""mean_cost_per_unit"": 12.033394123623117, ""capacity_utilization"": 5462507.4, ""feasible"": false, ""n_runs"": 20, ""eligibility"": ""NO_CONCLUSION""}]",feasibility does not change between 500000.0 and 1800000.0; no threshold inside the recorded range,,
S1,norepinephrine_1mgml_4ml,fixed_qa_labor_per_node,product.fixed_qa_labor_usd_per_site_year,1500000.0,3000000.0,6000000.0,False,False,,infeasible_everywhere,"[{""value"": 1500000.0, ""strategy_id"": ""S1"", ""mean_fill"": 0.98900908912292, ""p_meet"": 0.8, ""mean_cost"": 11194226.73882134, ""mcse_cost"": 12402.718638306818, ""mean_shortage_days"": 21.49294222343921, ""mean_cost_per_unit"": 12.00938807039492, ""capacity_utilization"": 4661858.25, ""feasible"": false, ""n_runs"": 20, ""eligibility"": ""NO_CONCLUSION""}, {""value"": 6000000.0, ""strategy_id"": ""S1"", ""mean_fill"": 0.98900908912292, ""p_meet"": 0.8, ""mean_cost"": 15873344.259126972, ""mcse_cost"": 12402.71863830682, ""mean_shortage_days"": 21.49294222343921, ""mean_cost_per_unit"": 17.029738873810693, ""capacity_utilization"": 4661858.25, ""feasible"": false, ""n_runs"": 20, ""eligibility"": ""NO_CONCLUSION""}]",feasibility does not change between 1500000.0 and 6000000.0; no threshold inside the recorded range,,
S1,norepinephrine_1mgml_4ml,release_time,global.sterility_incubation_days,14.0,14.0,18.0,False,False,,infeasible_everywhere,"[{""value"": 14.0, ""strategy_id"": ""S1"", ""mean_fill"": 0.98900908912292, ""p_meet"": 0.8, ""mean_cost"": 12753932.578923222, ""mcse_cost"": 12402.718638306846, ""mean_shortage_days"": 21.49294222343921, ""mean_cost_per_unit"": 13.68283833820018, ""capacity_utilization"": 4661858.25, ""feasible"": false, ""n_runs"": 20, ""eligibility"": ""NO_CONCLUSION""}, {""value"": 18.0, ""strategy_id"": ""S1"", ""mean_fill"": 0.9878551806388078, ""p_meet"": 0.8, ""mean_cost"": 12746947.722202163, ""mcse_cost"": 12376.029254996514, ""mean_shortage_days"": 23.21317771084337, ""mean_cost_per_unit"": 13.691783220567164, ""capacity_utilization"": 4656376.25, ""feasible"": false, ""n_runs"": 20, ""eligibility"": ""NO_CONCLUSION""}]",feasibility does not change between 14.0 and 18.0; no threshold inside the recorded range,,
S1,norepinephrine_1mgml_4ml,shelf_life,product.shelf_life_months,12.0,24.0,30.0,False,False,,infeasible_everywhere,"[{""value"": 12.0, ""strategy_id"": ""S1"", ""mean_fill"": 0.98900908912292, ""p_meet"": 0.8, ""mean_cost"": 12753932.578923222, ""mcse_cost"": 12402.718638306846, ""mean_shortage_days"": 21.49294222343921, ""mean_cost_per_unit"": 13.68283833820018, ""capacity_utilization"": 4661858.25, ""feasible"": false, ""n_runs"": 20, ""eligibility"": ""NO_CONCLUSION""}, {""value"": 30.0, ""strategy_id"": ""S1"", ""mean_fill"": 0.98900908912292, ""p_meet"": 0.8, ""mean_cost"": 12753932.578923222, ""mcse_cost"": 12402.718638306846, ""mean_shortage_days"": 21.49294222343921, ""mean_cost_per_unit"": 13.68283833820018, ""capacity_utilization"": 4661858.25, ""feasible"": false, ""n_runs"": 20, ""eligibility"": ""NO_CONCLUSION""}]",feasibility does not change between 12.0 and 30.0; no threshold inside the recorded range,,
S1,norepinephrine_1mgml_4ml,raw_material_lead_time,product.material_lead_time_days,30.0,90.0,240.0,False,False,,infeasible_everywhere,"[{""value"": 30.0, ""strategy_id"": ""S1"", ""mean_fill"": 0.9908044332305609, ""p_meet"": 0.75, ""mean_cost"": 12753355.1860892, ""mcse_cost"": 10588.370453001693, ""mean_shortage_days"": 18.83257803943045, ""mean_cost_per_unit"": 13.654452124540502, ""capacity_utilization"": 4670643.8, ""feasible"": false, ""n_runs"": 20, ""eligibility"": ""NO_CONCLUSION""}, {""value"": 240.0, ""strategy_id"": ""S1"", ""mean_fill"": 0.982338241652174, ""p_meet"": 0.65, ""mean_cost"": 12736601.96501397, ""mcse_cost"": 15284.664904210395, ""mean_shortage_days"": 28.573911555312158, ""mean_cost_per_unit"": 13.764264565564408, ""capacity_utilization"": 4629701.85, ""feasible"": false, ""n_runs"": 20, ""eligibility"": ""NO_CONCLUSION""}]",feasibility does not change between 30.0 and 240.0; no threshold inside the recorded range,,
S1,norepinephrine_1mgml_4ml,common_cause_dependence,global.common_cause_events_per_year,0.02,0.1,0.3,False,False,,infeasible_everywhere,"[{""value"": 0.02, ""strategy_id"": ""S1"", ""mean_fill"": 0.995977328623785, ""p_meet"": 0.85, ""mean_cost"": 12774155.299244383, ""mcse_cost"": 7770.833010628229, ""mean_shortage_days"": 10.841484118291346, ""mean_cost_per_unit"": 13.603889670138475, ""capacity_utilization"": 4695059.7, ""feasible"": false, ""n_runs"": 20, ""eligibility"": ""NO_CONCLUSION""}, {""value"": 0.3, ""strategy_id"": ""S1"", ""mean_fill"": 0.9742081495862029, ""p_meet"": 0.7, ""mean_cost"": 12705159.634950224, ""mcse_cost"": 23709.66171469378, ""mean_shortage_days"": 33.5745961117196, ""mean_cost_per_unit"": 13.864657633215199, ""capacity_utilization"": 4590128.05, ""feasible"": false, ""n_runs"": 20, ""eligibility"": ""NO_CONCLUSION""}]",feasibility does not change between 0.02 and 0.3; no threshold inside the recorded range,,
S1,norepinephrine_1mgml_4ml,supplier_concentration,global.supplier_disruptions_per_supplier_year,0.05,0.2,0.6,False,False,,infeasible_everywhere,"[{""value"": 0.05, ""strategy_id"": ""S1"", ""mean_fill"": 0.9909407730798121, ""p_meet"": 0.8, ""mean_cost"": 12757140.923386859, ""mcse_cost"": 10717.413946007337, ""mean_shortage_days"": 19.202628696604602, ""mean_cost_per_unit"": 13.65775402869878, ""capacity_utilization"": 4671093.25, ""feasible"": false, ""n_runs"": 20, ""eligibility"": ""NO_CONCLUSION""}, {""value"": 0.6, ""strategy_id"": ""S1"", ""mean_fill"": 0.9847117390184505, ""p_meet"": 0.5, ""mean_cost"": 12736566.455598634, ""mcse_cost"": 10562.260122695958, ""mean_shortage_days"": 28.813944414019716, ""mean_cost_per_unit"": 13.722107630360687, ""capacity_utilization"": 4641422.45, ""feasible"": false, ""n_runs"": 20, ""eligibility"": ""NO_CONCLUSION""}]",feasibility does not change between 0.05 and 0.6; no threshold inside the recorded range,,
S1,norepinephrine_1mgml_4ml,commissioning_days,global.node_commissioning_days,365.0,730.0,1095.0,False,False,,infeasible_everywhere,"[{""value"": 365.0, ""strategy_id"": ""S1"", ""mean_fill"": 0.98900908912292, ""p_meet"": 0.8, ""mean_cost"": 12753932.578923222, ""mcse_cost"": 12402.718638306846, ""mean_shortage_days"": 21.49294222343921, ""mean_cost_per_unit"": 13.68283833820018, ""capacity_utilization"": 4661858.25, ""feasible"": false, ""n_runs"": 20, ""eligibility"": ""NO_CONCLUSION""}, {""value"": 1095.0, ""strategy_id"": ""S1"", ""mean_fill"": 0.98900908912292, ""p_meet"": 0.8, ""mean_cost"": 12753932.578923222, ""mcse_cost"": 12402.718638306846, ""mean_shortage_days"": 21.49294222343921, ""mean_cost_per_unit"": 13.68283833820018, ""capacity_utilization"": 4661858.25, ""feasible"": false, ""n_runs"": 20, ""eligibility"": ""NO_CONCLUSION""}]",feasibility does not change between 365.0 and 1095.0; no threshold inside the recorded range,,
S1,norepinephrine_1mgml_4ml,activation_latency_days,global.reserved_capacity_activation_days,7.0,21.0,60.0,False,False,,infeasible_everywhere,"[{""value"": 7.0, ""strategy_id"": ""S1"", ""mean_fill"": 0.98900908912292, ""p_meet"": 0.8, ""mean_cost"": 12753932.578923222, ""mcse_cost"": 12402.718638306846, ""mean_shortage_days"": 21.49294222343921, ""mean_cost_per_unit"": 13.68283833820018, ""capacity_utilization"": 4661858.25, ""feasible"": false, ""n_runs"": 20, ""eligibility"": ""NO_CONCLUSION""}, {""value"": 60.0, ""strategy_id"": ""S1"", ""mean_fill"": 0.98900908912292, ""p_meet"": 0.8, ""mean_cost"": 12753932.578923222, ""mcse_cost"": 12402.718638306846, ""mean_shortage_days"": 21.49294222343921, ""mean_cost_per_unit"": 13.68283833820018, ""capacity_utilization"": 4661858.25, ""feasible"": false, ""n_runs"": 20, ""eligibility"": ""NO_CONCLUSION""}]",feasibility does not change between 7.0 and 60.0; no threshold inside the recorded range,,
S1,norepinephrine_1mgml_4ml,node_capital,product.capital_usd_per_site,15000000.0,40000000.0,100000000.0,False,False,,infeasible_everywhere,"[{""value"": 15000000.0, ""strategy_id"": ""S1"", ""mean_fill"": 0.98900908912292, ""p_meet"": 0.8, ""mean_cost"": 8564431.597104903, ""mcse_cost"": 12402.718638306822, ""mean_shortage_days"": 21.49294222343921, ""mean_cost_per_unit"": 9.187810263203481, ""capacity_utilization"": 4661858.25, ""feasible"": false, ""n_runs"": 20, ""eligibility"": ""NO_CONCLUSION""}, {""value"": 100000000.0, ""strategy_id"": ""S1"", ""mean_fill"": 0.98900908912292, ""p_meet"": 0.8, ""mean_cost"": 22808734.935286503, ""mcse_cost"": 12402.718638306833, ""mean_shortage_days"": 21.49294222343921, ""mean_cost_per_unit"": 24.47090571819152, ""capacity_utilization"": 4661858.25, ""feasible"": false, ""n_runs"": 20, ""eligibility"": ""NO_CONCLUSION""}]",feasibility does not change between 15000000.0 and 100000000.0; no threshold inside the recorded range,,
S1,norepinephrine_1mgml_4ml,batches_per_site_year,product.batches_per_site_year_nominal,30.0,45.0,70.0,False,True,48.125,feasible_above,"[{""value"": 30.0, ""strategy_id"": ""S1"", ""mean_fill"": 0.7501873897737649, ""p_meet"": 0.0, ""mean_cost"": 12163731.85511963, ""mcse_cost"": 14902.279437433148, ""mean_shortage_days"": 268.3667374041621, ""mean_cost_per_unit"": 17.272204782224954, ""capacity_utilization"": 3527088.35, ""feasible"": false, ""n_runs"": 20, ""eligibility"": ""NO_CONCLUSION""}, {""value"": 70.0, ""strategy_id"": ""S1"", ""mean_fill"": 0.9972662769440994, ""p_meet"": 0.9, ""mean_cost"": 12795959.35858707, ""mcse_cost"": 6587.925720971843, ""mean_shortage_days"": 7.180983023001095, ""mean_cost_per_unit"": 13.610826399737954, ""capacity_utilization"": 4700646.95, ""feasible"": true, ""n_runs"": 20, ""eligibility"": ""NO_CONCLUSION""}, {""value"": 50.0, ""strategy_id"": ""S1"", ""mean_fill"": 0.9938226853264448, ""p_meet"": 0.9, ""mean_cost"": 12772262.965400703, ""mcse_cost"": 9127.807777521217, ""mean_shortage_days"": 14.46197973713034, ""mean_cost_per_unit"": 13.633820619834276, ""capacity_utilization"": 4684254.2, ""feasible"": true, ""n_runs"": 20, ""eligibility"": ""NO_CONCLUSION""}, {""value"": 40.0, ""strategy_id"": ""S1"", ""mean_fill"": 0.9817759592170736, ""p_meet"": 0.55, ""mean_cost"": 12715691.736171965, ""mcse_cost"": 15563.338435127336, ""mean_shortage_days"": 33.3645673603505, ""mean_cost_per_unit"": 13.749006909490461, ""capacity_utilization"": 4626995.0, ""feasible"": false, ""n_runs"": 20, ""eligibility"": ""NO_CONCLUSION""}, {""value"": 45.0, ""strategy_id"": ""S1"", ""mean_fill"": 0.98900908912292, ""p_meet"": 0.8, ""mean_cost"": 12753932.578923222, ""mcse_cost"": 12402.718638306846, ""mean_shortage_days"": 21.49294222343921, ""mean_cost_per_unit"": 13.68283833820018, ""capacity_utilization"": 4661858.25, ""feasible"": false, ""n_runs"": 20, ""eligibility"": ""NO_CONCLUSION""}, {""value"": 47.5, ""strategy_id"": ""S1"", ""mean_fill"": 0.9897438967145007, ""p_meet"": 0.75, ""mean_cost"": 12758154.507098027, ""mcse_cost"": 11428.33581154597, ""mean_shortage_days"": 19.962732749178535, ""mean_cost_per_unit"": 13.676433286189411, ""capacity_utilization"": 4665260.85, ""feasible"": false, ""n_runs"": 20, ""eligibility"": ""NO_CONCLUSION""}, {""value"": 48.75, ""strategy_id"": ""S1"", ""mean_fill"": 0.9938644552475593, ""p_meet"": 0.9, ""mean_cost"": 12772477.13866428, ""mcse_cost"": 9458.520026069164, ""mean_shortage_days"": 13.97191265060241, ""mean_cost_per_unit"": 13.632921260028024, ""capacity_utilization"": 4684664.3, ""feasible"": true, ""n_runs"": 20, ""eligibility"": ""NO_CONCLUSION""}]",bisection over 5 steps on 20 paired runs,47.5,48.75
S1,norepinephrine_1mgml_4ml,changeover_burden,product.changeover_days,1.0,3.0,10.0,False,False,,infeasible_everywhere,"[{""value"": 1.0, ""strategy_id"": ""S1"", ""mean_fill"": 0.9897620300626789, ""p_meet"": 0.75, ""mean_cost"": 12752864.43429763, ""mcse_cost"": 12252.443645005429, ""mean_shortage_days"": 18.902587623220157, ""mean_cost_per_unit"": 13.671665631352022, ""capacity_utilization"": 4665207.6, ""feasible"": false, ""n_runs"": 20, ""eligibility"": ""NO_CONCLUSION""}, {""value"": 10.0, ""strategy_id"": ""S1"", ""mean_fill"": 0.8189395596868845, ""p_meet"": 0.0, ""mean_cost"": 12307237.865493432, ""mcse_cost"": 13968.9357756326, ""mean_shortage_days"": 245.8836596385542, ""mean_cost_per_unit"": 15.995584673411454, ""capacity_utilization"": 3851553.6, ""feasible"": false, ""n_runs"": 20, ""eligibility"": ""NO_CONCLUSION""}]",feasibility does not change between 1.0 and 10.0; no threshold inside the recorded range,,
S2,norepinephrine_1mgml_4ml,capacity_utilization,product.annual_demand_units,500000.0,900000.0,1800000.0,False,False,,infeasible_everywhere,"[{""value"": 500000.0, ""strategy_id"": ""S2"", ""mean_fill"": 0.9950713892803306, ""p_meet"": 0.85, ""mean_cost"": 33043355.20182805, ""mcse_cost"": 5443.818497435828, ""mean_shortage_days"": 11.961637458926617, ""mean_cost_per_unit"": 63.40678624810454, ""capacity_utilization"": 2605722.6, ""feasible"": false, ""n_runs"": 20, ""eligibility"": ""NO_CONCLUSION""}, {""value"": 1800000.0, ""strategy_id"": ""S2"", ""mean_fill"": 0.9307834035491862, ""p_meet"": 0.0, ""mean_cost"": 36050927.349347755, ""mcse_cost"": 20778.059051002176, ""mean_shortage_days"": 56.817777929901425, ""mean_cost_per_unit"": 20.524744682336586, ""capacity_utilization"": 8783192.5, ""feasible"": false, ""n_runs"": 20, ""eligibility"": ""NO_CONCLUSION""}]",feasibility does not change between 500000.0 and 1800000.0; no threshold inside the recorded range,,
S2,norepinephrine_1mgml_4ml,fixed_qa_labor_per_node,product.fixed_qa_labor_usd_per_site_year,1500000.0,3000000.0,6000000.0,False,False,,infeasible_everywhere,"[{""value"": 1500000.0, ""strategy_id"": ""S2"", ""mean_fill"": 0.9945904168295326, ""p_meet"": 0.8, ""mean_cost"": 29078218.142341454, ""mcse_cost"": 10526.375710102231, ""mean_shortage_days"": 17.082338444687842, ""mean_cost_per_unit"": 31.00573136124897, ""capacity_utilization"": 4689311.65, ""feasible"": false, ""n_runs"": 20, ""eligibility"": ""NO_CONCLUSION""}, {""value"": 6000000.0, ""strategy_id"": ""S2"", ""mean_fill"": 0.9945904168295326, ""p_meet"": 0.8, ""mean_cost"": 44096586.14853903, ""mcse_cost"": 10526.375710102071, ""mean_shortage_days"": 17.082338444687842, ""mean_cost_per_unit"": 47.01990532761079, ""capacity_utilization"": 4689311.65, ""feasible"": false, ""n_runs"": 20, ""eligibility"": ""NO_CONCLUSION""}]",feasibility does not change between 1500000.0 and 6000000.0; no threshold inside the recorded range,,
S2,norepinephrine_1mgml_4ml,release_time,global.sterility_incubation_days,14.0,14.0,18.0,False,False,,infeasible_everywhere,"[{""value"": 14.0, ""strategy_id"": ""S2"", ""mean_fill"": 0.9945904168295326, ""p_meet"": 0.8, ""mean_cost"": 34084340.811073974, ""mcse_cost"": 10526.375710102231, ""mean_shortage_days"": 17.082338444687842, ""mean_cost_per_unit"": 36.343789350036246, ""capacity_utilization"": 4689311.65, ""feasible"": false, ""n_runs"": 20, ""eligibility"": ""NO_CONCLUSION""}, {""value"": 18.0, ""strategy_id"": ""S2"", ""mean_fill"": 0.9905393370669404, ""p_meet"": 0.75, ""mean_cost"": 34069835.33008675, ""mcse_cost"": 10419.965806191483, ""mean_shortage_days"": 23.263184556407445, ""mean_cost_per_unit"": 36.48555720481704, ""capacity_utilization"": 4669256.05, ""feasible"": false, ""n_runs"": 20, ""eligibility"": ""NO_CONCLUSION""}]",feasibility does not change between 14.0 and 18.0; no threshold inside the recorded range,,
S2,norepinephrine_1mgml_4ml,shelf_life,product.shelf_life_months,12.0,24.0,30.0,False,False,,infeasible_everywhere,"[{""value"": 12.0, ""strategy_id"": ""S2"", ""mean_fill"": 0.9945904168295326, ""p_meet"": 0.8, ""mean_cost"": 34084340.811073974, ""mcse_cost"": 10526.375710102231, ""mean_shortage_days"": 17.082338444687842, ""mean_cost_per_unit"": 36.343789350036246, ""capacity_utilization"": 4689311.65, ""feasible"": false, ""n_runs"": 20, ""eligibility"": ""NO_CONCLUSION""}, {""value"": 30.0, ""strategy_id"": ""S2"", ""mean_fill"": 0.9945904168295326, ""p_meet"": 0.8, ""mean_cost"": 34084340.811073974, ""mcse_cost"": 10526.375710102231, ""mean_shortage_days"": 17.082338444687842, ""mean_cost_per_unit"": 36.343789350036246, ""capacity_utilization"": 4689311.65, ""feasible"": false, ""n_runs"": 20, ""eligibility"": ""NO_CONCLUSION""}]",feasibility does not change between 12.0 and 30.0; no threshold inside the recorded range,,
S2,norepinephrine_1mgml_4ml,raw_material_lead_time,product.material_lead_time_days,30.0,90.0,240.0,False,False,,infeasible_everywhere,"[{""value"": 30.0, ""strategy_id"": ""S2"", ""mean_fill"": 0.9918566381217104, ""p_meet"": 0.75, ""mean_cost"": 34063031.14722194, ""mcse_cost"": 11601.473009540547, ""mean_shortage_days"": 19.14262048192771, ""mean_cost_per_unit"": 36.42345886655439, ""capacity_utilization"": 4676268.1, ""feasible"": false, ""n_runs"": 20, ""eligibility"": ""NO_CONCLUSION""}, {""value"": 240.0, ""strategy_id"": ""S2"", ""mean_fill"": 0.9906830227428447, ""p_meet"": 0.75, ""mean_cost"": 34108242.43217819, ""mcse_cost"": 9593.259296086271, ""mean_shortage_days"": 19.722699890470977, ""mean_cost_per_unit"": 36.51373755469443, ""capacity_utilization"": 4670627.75, ""feasible"": false, ""n_runs"": 20, ""eligibility"": ""NO_CONCLUSION""}]",feasibility does not change between 30.0 and 240.0; no threshold inside the recorded range,,
S2,norepinephrine_1mgml_4ml,common_cause_dependence,global.common_cause_events_per_year,0.02,0.1,0.3,False,False,,infeasible_everywhere,"[{""value"": 0.02, ""strategy_id"": ""S2"", ""mean_fill"": 0.9946782627794926, ""p_meet"": 0.85, ""mean_cost"": 34084411.75289803, ""mcse_cost"": 9619.41633583743, ""mean_shortage_days"": 16.61227409638554, ""mean_cost_per_unit"": 36.34333844387636, ""capacity_utilization"": 4689345.25, ""feasible"": false, ""n_runs"": 20, ""eligibility"": ""NO_CONCLUSION""}, {""value"": 0.3, ""strategy_id"": ""S2"", ""mean_fill"": 0.9897193616286961, ""p_meet"": 0.7, ""mean_cost"": 34073686.50725388, ""mcse_cost"": 9061.295236597209, ""mean_shortage_days"": 20.362787513691124, ""mean_cost_per_unit"": 36.5190500338379, ""capacity_utilization"": 4665314.05, ""feasible"": false, ""n_runs"": 20, ""eligibility"": ""NO_CONCLUSION""}]",feasibility does not change between 0.02 and 0.3; no threshold inside the recorded range,,
S2,norepinephrine_1mgml_4ml,supplier_concentration,global.supplier_disruptions_per_supplier_year,0.05,0.2,0.6,False,False,,infeasible_everywhere,"[{""value"": 0.05, ""strategy_id"": ""S2"", ""mean_fill"": 0.9956369509398064, ""p_meet"": 0.85, ""mean_cost"": 34086709.9322605, ""mcse_cost"": 10565.330073894866, ""mean_shortage_days"": 16.032194687842278, ""mean_cost_per_unit"": 36.3082225093728, ""capacity_utilization"": 4694307.25, ""feasible"": false, ""n_runs"": 20, ""eligibility"": ""NO_CONCLUSION""}, {""value"": 0.6, ""strategy_id"": ""S2"", ""mean_fill"": 0.9900432723272623, ""p_meet"": 0.75, ""mean_cost"": 34077482.71891537, ""mcse_cost"": 12459.168247945003, ""mean_shortage_days"": 20.092750547645128, ""mean_cost_per_unit"": 36.51102336490141, ""capacity_utilization"": 4668051.85, ""feasible"": false, ""n_runs"": 20, ""eligibility"": ""NO_CONCLUSION""}]",feasibility does not change between 0.05 and 0.6; no threshold inside the recorded range,,
S2,norepinephrine_1mgml_4ml,commissioning_days,global.node_commissioning_days,365.0,730.0,1095.0,False,False,,infeasible_everywhere,"[{""value"": 365.0, ""strategy_id"": ""S2"", ""mean_fill"": 0.9945904168295326, ""p_meet"": 0.8, ""mean_cost"": 34084340.811073974, ""mcse_cost"": 10526.375710102231, ""mean_shortage_days"": 17.082338444687842, ""mean_cost_per_unit"": 36.343789350036246, ""capacity_utilization"": 4689311.65, ""feasible"": false, ""n_runs"": 20, ""eligibility"": ""NO_CONCLUSION""}, {""value"": 1095.0, ""strategy_id"": ""S2"", ""mean_fill"": 0.9945904168295326, ""p_meet"": 0.8, ""mean_cost"": 34084340.811073974, ""mcse_cost"": 10526.375710102231, ""mean_shortage_days"": 17.082338444687842, ""mean_cost_per_unit"": 36.343789350036246, ""capacity_utilization"": 4689311.65, ""feasible"": false, ""n_runs"": 20, ""eligibility"": ""NO_CONCLUSION""}]",feasibility does not change between 365.0 and 1095.0; no threshold inside the recorded range,,
S2,norepinephrine_1mgml_4ml,activation_latency_days,global.reserved_capacity_activation_days,7.0,21.0,60.0,False,False,,infeasible_everywhere,"[{""value"": 7.0, ""strategy_id"": ""S2"", ""mean_fill"": 0.9945904168295326, ""p_meet"": 0.8, ""mean_cost"": 34084340.811073974, ""mcse_cost"": 10526.375710102231, ""mean_shortage_days"": 17.082338444687842, ""mean_cost_per_unit"": 36.343789350036246, ""capacity_utilization"": 4689311.65, ""feasible"": false, ""n_runs"": 20, ""eligibility"": ""NO_CONCLUSION""}, {""value"": 60.0, ""strategy_id"": ""S2"", ""mean_fill"": 0.9945904168295326, ""p_meet"": 0.8, ""mean_cost"": 34084340.811073974, ""mcse_cost"": 10526.375710102231, ""mean_shortage_days"": 17.082338444687842, ""mean_cost_per_unit"": 36.343789350036246, ""capacity_utilization"": 4689311.65, ""feasible"": false, ""n_runs"": 20, ""eligibility"": ""NO_CONCLUSION""}]",feasibility does not change between 7.0 and 60.0; no threshold inside the recorded range,,
S2,norepinephrine_1mgml_4ml,node_capital,product.capital_usd_per_site,15000000.0,40000000.0,100000000.0,False,False,,infeasible_everywhere,"[{""value"": 15000000.0, ""strategy_id"": ""S2"", ""mean_fill"": 0.9945904168295326, ""p_meet"": 0.8, ""mean_cost"": 21750546.25373756, ""mcse_cost"": 10526.375710102231, ""mean_shortage_days"": 17.082338444687842, ""mean_cost_per_unit"": 23.19219181127277, ""capacity_utilization"": 4689311.65, ""feasible"": false, ""n_runs"": 20, ""eligibility"": ""NO_CONCLUSION""}, {""value"": 100000000.0, ""strategy_id"": ""S2"", ""mean_fill"": 0.9945904168295326, ""p_meet"": 0.8, ""mean_cost"": 63685447.748674765, ""mcse_cost"": 10526.375710102231, ""mean_shortage_days"": 17.082338444687842, ""mean_cost_per_unit"": 67.90762344306148, ""capacity_utilization"": 4689311.65, ""feasible"": false, ""n_runs"": 20, ""eligibility"": ""NO_CONCLUSION""}]",feasibility does not change between 15000000.0 and 100000000.0; no threshold inside the recorded range,,
S2,norepinephrine_1mgml_4ml,batches_per_site_year,product.batches_per_site_year_nominal,30.0,45.0,70.0,False,False,,infeasible_everywhere,"[{""value"": 30.0, ""strategy_id"": ""S2"", ""mean_fill"": 0.959960933827178, ""p_meet"": 0.0, ""mean_cost"": 33992947.83954241, ""mcse_cost"": 11284.019263434213, ""mean_shortage_days"": 49.936835980284776, ""mean_cost_per_unit"": 37.54099959214109, ""capacity_utilization"": 4527714.15, ""feasible"": false, ""n_runs"": 20, ""eligibility"": ""NO_CONCLUSION""}, {""value"": 70.0, ""strategy_id"": ""S2"", ""mean_fill"": 0.9945419265007711, ""p_meet"": 0.85, ""mean_cost"": 34087195.93515941, ""mcse_cost"": 9377.887152672087, ""mean_shortage_days"": 14.211945509309967, ""mean_cost_per_unit"": 36.35427351725096, ""capacity_utilization"": 4688312.55, ""feasible"": false, ""n_runs"": 20, ""eligibility"": ""NO_CONCLUSION""}]",feasibility does not change between 30.0 and 70.0; no threshold inside the recorded range,,
S2,norepinephrine_1mgml_4ml,changeover_burden,product.changeover_days,1.0,3.0,10.0,False,False,,infeasible_everywhere,"[{""value"": 1.0, ""strategy_id"": ""S2"", ""mean_fill"": 0.993102858844393, ""p_meet"": 0.85, ""mean_cost"": 34085324.96061696, ""mcse_cost"": 11496.914186938568, ""mean_shortage_days"": 17.742428806133624, ""mean_cost_per_unit"": 36.407513678850066, ""capacity_utilization"": 4681546.5, ""feasible"": false, ""n_runs"": 20, ""eligibility"": ""NO_CONCLUSION""}, {""value"": 10.0, ""strategy_id"": ""S2"", ""mean_fill"": 0.9649035724848796, ""p_meet"": 0.0, ""mean_cost"": 33992393.1427325, ""mcse_cost"": 12132.808289245902, ""mean_shortage_days"": 56.55774233296823, ""mean_cost_per_unit"": 37.35739178393521, ""capacity_utilization"": 4550329.65, ""feasible"": false, ""n_runs"": 20, ""eligibility"": ""NO_CONCLUSION""}]",feasibility does not change between 1.0 and 10.0; no threshold inside the recorded range,,
S3,norepinephrine_1mgml_4ml,capacity_utilization,product.annual_demand_units,500000.0,900000.0,1800000.0,True,False,642187.5,feasible_below,"[{""value"": 500000.0, ""strategy_id"": ""S3"", ""mean_fill"": 0.9982318107968146, ""p_meet"": 0.95, ""mean_cost"": 16323586.646819014, ""mcse_cost"": 4677.888775186707, ""mean_shortage_days"": 5.830798192771084, ""mean_cost_per_unit"": 31.22292976112086, ""capacity_utilization"": 2614006.05, ""feasible"": true, ""n_runs"": 20, ""eligibility"": ""NO_CONCLUSION""}, {""value"": 1800000.0, ""strategy_id"": ""S3"", ""mean_fill"": 0.9443809899865826, ""p_meet"": 0.0, ""mean_cost"": 19385548.008142974, ""mcse_cost"": 31703.834094718808, ""mean_shortage_days"": 111.4452560240964, ""mean_cost_per_unit"": 10.894566501875222, ""capacity_utilization"": 8905944.3, ""feasible"": false, ""n_runs"": 20, ""eligibility"": ""NO_CONCLUSION""}, {""value"": 1150000.0, ""strategy_id"": ""S3"", ""mean_fill"": 0.9932334789706594, ""p_meet"": 0.8, ""mean_cost"": 17977731.628857948, ""mcse_cost"": 7884.627414583077, ""mean_shortage_days"": 20.31278066812705, ""mean_cost_per_unit"": 15.025285676351427, ""capacity_utilization"": 5982245.45, ""feasible"": false, ""n_runs"": 20, ""eligibility"": ""NO_CONCLUSION""}, {""value"": 825000.0, ""strategy_id"": ""S3"", ""mean_fill"": 0.9938879133327772, ""p_meet"": 0.85, ""mean_cost"": 17147089.130208775, ""mcse_cost"": 6688.814955890747, ""mean_shortage_days"": 21.993010679079955, ""mean_cost_per_unit"": 19.965582187579447, ""capacity_utilization"": 4294123.55, ""feasible"": false, ""n_runs"": 20, ""eligibility"": ""NO_CONCLUSION""}, {""value"": 662500.0, ""strategy_id"": ""S3"", ""mean_fill"": 0.994586156186662, ""p_meet"": 0.75, ""mean_cost"": 16734111.986530086, ""mcse_cost"": 6330.424305758482, ""mean_shortage_days"": 16.022193318729464, ""mean_cost_per_unit"": 24.245881649773896, ""capacity_utilization"": 3450935.75, ""feasible"": false, ""n_runs"": 20, ""eligibility"": ""NO_CONCLUSION""}, {""value"": 581250.0, ""strategy_id"": ""S3"", ""mean_fill"": 0.9990759151241908, ""p_meet"": 1.0, ""mean_cost"": 16528726.61715484, ""mcse_cost"": 5396.2357449943365, ""mean_shortage_days"": 6.1108365279299015, ""mean_cost_per_unit"": 27.174817465630234, ""capacity_utilization"": 3041272.7, ""feasible"": true, ""n_runs"": 20, ""eligibility"": ""NO_CONCLUSION""}, {""value"": 621875.0, ""strategy_id"": ""S3"", ""mean_fill"": 0.9978204731305302, ""p_meet"": 1.0, ""mean_cost"": 16630003.189569945, ""mcse_cost"": 5076.887975358816, ""mean_shortage_days"": 8.841210295728366, ""mean_cost_per_unit"": 25.586022733225583, ""capacity_utilization"": 3249793.9, ""feasible"": true, ""n_runs"": 20, ""eligibility"": ""NO_CONCLUSION""}]",bisection over 5 steps on 20 paired runs,621875.0,662500.0
S3,norepinephrine_1mgml_4ml,fixed_qa_labor_per_node,product.fixed_qa_labor_usd_per_site_year,1500000.0,3000000.0,6000000.0,True,True,,feasible_everywhere,"[{""value"": 1500000.0, ""strategy_id"": ""S3"", ""mean_fill"": 0.9958042001138283, ""p_meet"": 0.9, ""mean_cost"": 14802431.237727951, ""mcse_cost"": 7167.359513648294, ""mean_shortage_days"": 16.72228915662651, ""mean_cost_per_unit"": 15.767950841717237, ""capacity_utilization"": 4693789.85, ""feasible"": true, ""n_runs"": 20, ""eligibility"": ""NO_CONCLUSION""}, {""value"": 6000000.0, ""strategy_id"": ""S3"", ""mean_fill"": 0.9958042001138283, ""p_meet"": 0.9, ""mean_cost"": 22423672.096250962, ""mcse_cost"": 7167.359513648326, ""mean_shortage_days"": 16.72228915662651, ""mean_cost_per_unit"": 23.88648284093464, ""capacity_utilization"": 4693789.85, ""feasible"": true, ""n_runs"": 20, ""eligibility"": ""NO_CONCLUSION""}]",feasibility does not change between 1500000.0 and 6000000.0; no threshold inside the recorded range,,
S3,norepinephrine_1mgml_4ml,release_time,global.sterility_incubation_days,14.0,14.0,18.0,True,False,14.5625,feasible_below,"[{""value"": 14.0, ""strategy_id"": ""S3"", ""mean_fill"": 0.9958042001138283, ""p_meet"": 0.9, ""mean_cost"": 17342844.85723562, ""mcse_cost"": 7167.359513648219, ""mean_shortage_days"": 16.72228915662651, ""mean_cost_per_unit"": 18.474128174789705, ""capacity_utilization"": 4693789.85, ""feasible"": true, ""n_runs"": 20, ""eligibility"": ""NO_CONCLUSION""}, {""value"": 18.0, ""strategy_id"": ""S3"", ""mean_fill"": 0.9935564727844897, ""p_meet"": 0.8, ""mean_cost"": 17337796.898746047, ""mcse_cost"": 7044.473211201807, ""mean_shortage_days"": 20.112753285870753, ""mean_cost_per_unit"": 18.511098054190462, ""capacity_utilization"": 4682977.35, ""feasible"": false, ""n_runs"": 20, ""eligibility"": ""NO_CONCLUSION""}, {""value"": 16.0, ""strategy_id"": ""S3"", ""mean_fill"": 0.9943438370205486, ""p_meet"": 0.85, ""mean_cost"": 17342169.92462974, ""mcse_cost"": 7695.817889374486, ""mean_shortage_days"": 21.542949069003285, ""mean_cost_per_unit"": 18.502147178045156, ""capacity_utilization"": 4686505.95, ""feasible"": false, ""n_runs"": 20, ""eligibility"": ""NO_CONCLUSION""}, {""value"": 15.0, ""strategy_id"": ""S3"", ""mean_fill"": 0.9951294239516975, ""p_meet"": 0.8, ""mean_cost"": 17342420.736402977, ""mcse_cost"": 6068.7943320012155, ""mean_shortage_days"": 17.762431544359256, ""mean_cost_per_unit"": 18.48732248124311, ""capacity_utilization"": 4690354.65, ""feasible"": false, ""n_runs"": 20, ""eligibility"": ""NO_CONCLUSION""}, {""value"": 14.5, ""strategy_id"": ""S3"", ""mean_fill"": 0.9958100326548808, ""p_meet"": 0.95, ""mean_cost"": 17340999.78107573, ""mcse_cost"": 7246.3746660065235, ""mean_shortage_days"": 17.392380887185105, ""mean_cost_per_unit"": 18.472607573179477, ""capacity_utilization"": 4693825.9, ""feasible"": true, ""n_runs"": 20, ""eligibility"": ""NO_CONCLUSION""}, {""value"": 14.75, ""strategy_id"": ""S3"", ""mean_fill"": 0.9931300072385805, ""p_meet"": 0.75, ""mean_cost"": 17338643.676793437, ""mcse_cost"": 7450.853538462759, ""mean_shortage_days"": 21.57295317634173, ""mean_cost_per_unit"": 18.51906147565692, ""capacity_utilization"": 4681278.25, ""feasible"": false, ""n_runs"": 20, ""eligibility"": ""NO_CONCLUSION""}, {""value"": 14.625, ""strategy_id"": ""S3"", ""mean_fill"": 0.9945105913505005, ""p_meet"": 0.8, ""mean_cost"": 17339313.800441165, ""mcse_cost"": 7085.8178131723325, ""mean_shortage_days"": 20.37278888280394, ""mean_cost_per_unit"": 18.494871771639097, ""capacity_utilization"": 4687560.25, ""feasible"": false, ""n_runs"": 20, ""eligibility"": ""NO_CONCLUSION""}]",bisection over 5 steps on 20 paired runs,14.5,14.625
S3,norepinephrine_1mgml_4ml,shelf_life,product.shelf_life_months,12.0,24.0,30.0,True,True,,feasible_everywhere,"[{""value"": 12.0, ""strategy_id"": ""S3"", ""mean_fill"": 0.9958042001138283, ""p_meet"": 0.9, ""mean_cost"": 17342844.85723562, ""mcse_cost"": 7167.359513648219, ""mean_shortage_days"": 16.72228915662651, ""mean_cost_per_unit"": 18.474128174789705, ""capacity_utilization"": 4693789.85, ""feasible"": true, ""n_runs"": 20, ""eligibility"": ""NO_CONCLUSION""}, {""value"": 30.0, ""strategy_id"": ""S3"", ""mean_fill"": 0.9958042001138283, ""p_meet"": 0.9, ""mean_cost"": 17342844.85723562, ""mcse_cost"": 7167.359513648219, ""mean_shortage_days"": 16.72228915662651, ""mean_cost_per_unit"": 18.474128174789705, ""capacity_utilization"": 4693789.85, ""feasible"": true, ""n_runs"": 20, ""eligibility"": ""NO_CONCLUSION""}]",feasibility does not change between 12.0 and 30.0; no threshold inside the recorded range,,
S3,norepinephrine_1mgml_4ml,raw_material_lead_time,product.material_lead_time_days,30.0,90.0,240.0,False,True,85.78125,feasible_above,"[{""value"": 30.0, ""strategy_id"": ""S3"", ""mean_fill"": 0.9920417188510987, ""p_meet"": 0.7, ""mean_cost"": 17323811.27911863, ""mcse_cost"": 8115.631578545032, ""mean_shortage_days"": 20.522809419496166, ""mean_cost_per_unit"": 18.527726019552528, ""capacity_utilization"": 4675167.4, ""feasible"": false, ""n_runs"": 20, ""eligibility"": ""NO_CONCLUSION""}, {""value"": 240.0, ""strategy_id"": ""S3"", ""mean_fill"": 0.9961122121843641, ""p_meet"": 0.95, ""mean_cost"": 17374373.18964693, ""mcse_cost"": 7616.318109906792, ""mean_shortage_days"": 15.692148138006573, ""mean_cost_per_unit"": 18.50139590137609, ""capacity_utilization"": 4695572.1, ""feasible"": true, ""n_runs"": 20, ""eligibility"": ""NO_CONCLUSION""}, {""value"": 135.0, ""strategy_id"": ""S3"", ""mean_fill"": 0.995901369041389, ""p_meet"": 0.95, ""mean_cost"": 17351908.880758297, ""mcse_cost"": 6848.493855622569, ""mean_shortage_days"": 17.062335706462214, ""mean_cost_per_unit"": 18.481498346488994, ""capacity_utilization"": 4694408.85, ""feasible"": true, ""n_runs"": 20, ""eligibility"": ""NO_CONCLUSION""}, {""value"": 82.5, ""strategy_id"": ""S3"", ""mean_fill"": 0.994551041248601, ""p_meet"": 0.8, ""mean_cost"": 17339637.33773167, ""mcse_cost"": 7172.696089234726, ""mean_shortage_days"": 18.592545180722887, ""mean_cost_per_unit"": 18.495266819820586, ""capacity_utilization"": 4687618.3, ""feasible"": false, ""n_runs"": 20, ""eligibility"": ""NO_CONCLUSION""}, {""value"": 108.75, ""strategy_id"": ""S3"", ""mean_fill"": 0.9954872338589862, ""p_meet"": 0.95, ""mean_cost"": 17345302.09856462, ""mcse_cost"": 7232.341690831379, ""mean_shortage_days"": 17.54240142387733, ""mean_cost_per_unit"": 18.48199692185006, ""capacity_utilization"": 4692583.2, ""feasible"": true, ""n_runs"": 20, ""eligibility"": ""NO_CONCLUSION""}, {""value"": 95.625, ""strategy_id"": ""S3"", ""mean_fill"": 0.9959055275927012, ""p_meet"": 0.9, ""mean_cost"": 17344365.61593896, ""mcse_cost"": 7114.144266787576, ""mean_shortage_days"": 16.642278203723983, ""mean_cost_per_unit"": 18.47369343965431, ""capacity_utilization"": 4694327.7, ""feasible"": true, ""n_runs"": 20, ""eligibility"": ""NO_CONCLUSION""}, {""value"": 89.0625, ""strategy_id"": ""S3"", ""mean_fill"": 0.9957460784925184, ""p_meet"": 0.9, ""mean_cost"": 17341900.970558465, ""mcse_cost"": 7180.003013980081, ""mean_shortage_days"": 16.79229874041621, ""mean_cost_per_unit"": 18.474203865930367, ""capacity_utilization"": 4693532.05, ""feasible"": true, ""n_runs"": 20, ""eligibility"": ""NO_CONCLUSION""}]",bisection over 5 steps on 20 paired runs,82.5,89.0625
S3,norepinephrine_1mgml_4ml,common_cause_dependence,global.common_cause_events_per_year,0.02,0.1,0.3,True,True,,feasible_everywhere,"[{""value"": 0.02, ""strategy_id"": ""S3"", ""mean_fill"": 0.9952212807828783, ""p_meet"": 0.9, ""mean_cost"": 17339741.372734636, ""mcse_cost"": 6720.920730575104, ""mean_shortage_days"": 17.992463033953992, ""mean_cost_per_unit"": 18.482665789720013, ""capacity_utilization"": 4690779.55, ""feasible"": true, ""n_runs"": 20, ""eligibility"": ""NO_CONCLUSION""}, {""value"": 0.3, ""strategy_id"": ""S3"", ""mean_fill"": 0.9934398088554639, ""p_meet"": 0.9, ""mean_cost"": 17338385.713480264, ""mcse_cost"": 7806.487289322589, ""mean_shortage_days"": 21.402929901423875, ""mean_cost_per_unit"": 18.516539623053845, ""capacity_utilization"": 4681870.25, ""feasible"": true, ""n_runs"": 20, ""eligibility"": ""NO_CONCLUSION""}]",feasibility does not change between 0.02 and 0.3; no threshold inside the recorded range,,
S3,norepinephrine_1mgml_4ml,supplier_concentration,global.supplier_disruptions_per_supplier_year,0.05,0.2,0.6,True,False,0.38515625000000003,feasible_below,"[{""value"": 0.05, ""strategy_id"": ""S3"", ""mean_fill"": 0.9962997610935664, ""p_meet"": 0.95, ""mean_cost"": 17343231.33531976, ""mcse_cost"": 7225.648239028016, ""mean_shortage_days"": 15.272090635268347, ""mean_cost_per_unit"": 18.465014499017286, ""capacity_utilization"": 4696294.2, ""feasible"": true, ""n_runs"": 20, ""eligibility"": ""NO_CONCLUSION""}, {""value"": 0.6, ""strategy_id"": ""S3"", ""mean_fill"": 0.9930160693652426, ""p_meet"": 0.75, ""mean_cost"": 17338641.035017915, ""mcse_cost"": 8979.809548947651, ""mean_shortage_days"": 21.162897042716317, ""mean_cost_per_unit"": 18.52523594021107, ""capacity_utilization"": 4680122.75, ""feasible"": false, ""n_runs"": 20, ""eligibility"": ""NO_CONCLUSION""}, {""value"": 0.325, ""strategy_id"": ""S3"", ""mean_fill"": 0.9958947574146716, ""p_meet"": 0.9, ""mean_cost"": 17340776.823696602, ""mcse_cost"": 7431.844845453953, ""mean_shortage_days"": 16.292230284775464, ""mean_cost_per_unit"": 18.47294891724853, ""capacity_utilization"": 4693545.15, ""feasible"": true, ""n_runs"": 20, ""eligibility"": ""NO_CONCLUSION""}, {""value"": 0.4625, ""strategy_id"": ""S3"", ""mean_fill"": 0.9951229637265492, ""p_meet"": 0.85, ""mean_cost"": 17341812.896768413, ""mcse_cost"": 7955.274736006459, ""mean_shortage_days"": 18.812575301204816, ""mean_cost_per_unit"": 18.48552679532686, ""capacity_utilization"": 4690778.65, ""feasible"": false, ""n_runs"": 20, ""eligibility"": ""NO_CONCLUSION""}, {""value"": 0.39375000000000004, ""strategy_id"": ""S3"", ""mean_fill"": 0.9951742763824282, ""p_meet"": 0.85, ""mean_cost"": 17342423.44616291, ""mcse_cost"": 5790.162309204924, ""mean_shortage_days"": 18.312506845564073, ""mean_cost_per_unit"": 18.48514798640866, ""capacity_utilization"": 4690831.9, ""feasible"": false, ""n_runs"": 20, ""eligibility"": ""NO_CONCLUSION""}, {""value"": 0.359375, ""strategy_id"": ""S3"", ""mean_fill"": 0.9961945468625348, ""p_meet"": 0.9, ""mean_cost"": 17343872.913526893, ""mcse_cost"": 6965.892475205834, ""mean_shortage_days"": 16.12220700985761, ""mean_cost_per_unit"": 18.467935542410732, ""capacity_utilization"": 4695661.05, ""feasible"": true, ""n_runs"": 20, ""eligibility"": ""NO_CONCLUSION""}, {""value"": 0.3765625, ""strategy_id"": ""S3"", ""mean_fill"": 0.9956916387620808, ""p_meet"": 0.9, ""mean_cost"": 17340878.374151032, ""mcse_cost"": 5911.412883898368, ""mean_shortage_days"": 16.642278203723983, ""mean_cost_per_unit"": 18.4738008009981, ""capacity_utilization"": 4693253.95, ""feasible"": true, ""n_runs"": 20, ""eligibility"": ""NO_CONCLUSION""}]",bisection over 5 steps on 20 paired runs,0.3765625,0.39375000000000004
S3,norepinephrine_1mgml_4ml,commissioning_days,global.node_commissioning_days,365.0,730.0,1095.0,True,True,,feasible_everywhere,"[{""value"": 365.0, ""strategy_id"": ""S3"", ""mean_fill"": 0.9958042001138283, ""p_meet"": 0.9, ""mean_cost"": 17342844.85723562, ""mcse_cost"": 7167.359513648219, ""mean_shortage_days"": 16.72228915662651, ""mean_cost_per_unit"": 18.474128174789705, ""capacity_utilization"": 4693789.85, ""feasible"": true, ""n_runs"": 20, ""eligibility"": ""NO_CONCLUSION""}, {""value"": 1095.0, ""strategy_id"": ""S3"", ""mean_fill"": 0.9958042001138283, ""p_meet"": 0.9, ""mean_cost"": 17342844.85723562, ""mcse_cost"": 7167.359513648219, ""mean_shortage_days"": 16.72228915662651, ""mean_cost_per_unit"": 18.474128174789705, ""capacity_utilization"": 4693789.85, ""feasible"": true, ""n_runs"": 20, ""eligibility"": ""NO_CONCLUSION""}]",feasibility does not change between 365.0 and 1095.0; no threshold inside the recorded range,,
S3,norepinephrine_1mgml_4ml,activation_latency_days,global.reserved_capacity_activation_days,7.0,21.0,60.0,True,False,19.421875,feasible_below,"[{""value"": 7.0, ""strategy_id"": ""S3"", ""mean_fill"": 0.9973074993890174, ""p_meet"": 1.0, ""mean_cost"": 17353721.976739045, ""mcse_cost"": 8978.843998025934, ""mean_shortage_days"": 14.001916757940853, ""mean_cost_per_unit"": 18.45747401262809, ""capacity_utilization"": 4701027.1, ""feasible"": true, ""n_runs"": 20, ""eligibility"": ""NO_CONCLUSION""}, {""value"": 60.0, ""strategy_id"": ""S3"", ""mean_fill"": 0.979810114443942, ""p_meet"": 0.2, ""mean_cost"": 17297773.308082875, ""mcse_cost"": 7879.199182492752, ""mean_shortage_days"": 48.60665388828039, ""mean_cost_per_unit"": 18.726371165664982, ""capacity_utilization"": 4618449.45, ""feasible"": false, ""n_runs"": 20, ""eligibility"": ""NO_CONCLUSION""}, {""value"": 33.5, ""strategy_id"": ""S3"", ""mean_fill"": 0.9902555741594655, ""p_meet"": 0.75, ""mean_cost"": 17328338.331583183, ""mcse_cost"": 7590.849656271458, ""mean_shortage_days"": 25.90354600219058, ""mean_cost_per_unit"": 18.565687520675276, ""capacity_utilization"": 4666731.0, ""feasible"": false, ""n_runs"": 20, ""eligibility"": ""NO_CONCLUSION""}, {""value"": 20.25, ""strategy_id"": ""S3"", ""mean_fill"": 0.9951813319683402, ""p_meet"": 0.85, ""mean_cost"": 17344853.82364762, ""mcse_cost"": 7827.41002474685, ""mean_shortage_days"": 18.722562979189483, ""mean_cost_per_unit"": 18.48845030381293, ""capacity_utilization"": 4690840.2, ""feasible"": false, ""n_runs"": 20, ""eligibility"": ""NO_CONCLUSION""}, {""value"": 13.625, ""strategy_id"": ""S3"", ""mean_fill"": 0.996458486245811, ""p_meet"": 1.0, ""mean_cost"": 17349851.184435003, ""mcse_cost"": 7440.791925442173, ""mean_shortage_days"": 15.202081051478638, ""mean_cost_per_unit"": 18.46843020958465, ""capacity_utilization"": 4697215.0, ""feasible"": true, ""n_runs"": 20, ""eligibility"": ""NO_CONCLUSION""}, {""value"": 16.9375, ""strategy_id"": ""S3"", ""mean_fill"": 0.9954267469307713, ""p_meet"": 0.9, ""mean_cost"": 17346914.7814652, ""mcse_cost"": 7880.903703341695, ""mean_shortage_days"": 15.42211117196057, ""mean_cost_per_unit"": 18.485583093393416, ""capacity_utilization"": 4692079.2, ""feasible"": true, ""n_runs"": 20, ""eligibility"": ""NO_CONCLUSION""}, {""value"": 18.59375, ""strategy_id"": ""S3"", ""mean_fill"": 0.9960819930238095, ""p_meet"": 0.95, ""mean_cost"": 17349373.41625274, ""mcse_cost"": 7885.1002391114325, ""mean_shortage_days"": 15.502122124863089, ""mean_cost_per_unit"": 18.474914449614698, ""capacity_utilization"": 4695412.25, ""feasible"": true, ""n_runs"": 20, ""eligibility"": ""NO_CONCLUSION""}]",bisection over 5 steps on 20 paired runs,18.59375,20.25
S3,norepinephrine_1mgml_4ml,node_capital,product.capital_usd_per_site,15000000.0,40000000.0,100000000.0,True,True,,feasible_everywhere,"[{""value"": 15000000.0, ""strategy_id"": ""S3"", ""mean_fill"": 0.9958042001138283, ""p_meet"": 0.9, ""mean_cost"": 11756102.493372818, ""mcse_cost"": 7167.359513648269, ""mean_shortage_days"": 16.72228915662651, ""mean_cost_per_unit"": 12.522847078394376, ""capacity_utilization"": 4693789.85, ""feasible"": true, ""n_runs"": 20, ""eligibility"": ""NO_CONCLUSION""}, {""value"": 100000000.0, ""strategy_id"": ""S3"", ""mean_fill"": 0.9958042001138283, ""p_meet"": 0.9, ""mean_cost"": 30751026.53050652, ""mcse_cost"": 7167.35951364831, ""mean_shortage_days"": 16.72228915662651, ""mean_cost_per_unit"": 32.757202806138665, ""capacity_utilization"": 4693789.85, ""feasible"": true, ""n_runs"": 20, ""eligibility"": ""NO_CONCLUSION""}]",feasibility does not change between 15000000.0 and 100000000.0; no threshold inside the recorded range,,
S3,norepinephrine_1mgml_4ml,batches_per_site_year,product.batches_per_site_year_nominal,30.0,45.0,70.0,False,False,,infeasible_everywhere,"[{""value"": 30.0, ""strategy_id"": ""S3"", ""mean_fill"": 0.988954951055082, ""p_meet"": 0.6, ""mean_cost"": 17320815.646585543, ""mcse_cost"": 7519.808076457968, ""mean_shortage_days"": 28.963964950711944, ""mean_cost_per_unit"": 18.579008503194444, ""capacity_utilization"": 4661475.75, ""feasible"": false, ""n_runs"": 20, ""eligibility"": ""NO_CONCLUSION""}, {""value"": 70.0, ""strategy_id"": ""S3"", ""mean_fill"": 0.9951220417187419, ""p_meet"": 0.85, ""mean_cost"": 17342623.511280738, ""mcse_cost"": 6380.24378479666, ""mean_shortage_days"": 16.622275465498355, ""mean_cost_per_unit"": 18.48867012408638, ""capacity_utilization"": 4689979.35, ""feasible"": false, ""n_runs"": 20, ""eligibility"": ""NO_CONCLUSION""}]",feasibility does not change between 30.0 and 70.0; no threshold inside the recorded range,,
S3,norepinephrine_1mgml_4ml,changeover_burden,product.changeover_days,1.0,3.0,10.0,False,False,,infeasible_everywhere,"[{""value"": 1.0, ""strategy_id"": ""S3"", ""mean_fill"": 0.9943465937087257, ""p_meet"": 0.75, ""mean_cost"": 17340406.370048575, ""mcse_cost"": 7536.053077262931, ""mean_shortage_days"": 18.61254791894852, ""mean_cost_per_unit"": 18.4976869185824, ""capacity_utilization"": 4687213.3, ""feasible"": false, ""n_runs"": 20, ""eligibility"": ""NO_CONCLUSION""}, {""value"": 10.0, ""strategy_id"": ""S3"", ""mean_fill"": 0.9938624484878231, ""p_meet"": 0.85, ""mean_cost"": 17336563.820722315, ""mcse_cost"": 7446.416222212769, ""mean_shortage_days"": 21.6229600219058, ""mean_cost_per_unit"": 18.506174636522317, ""capacity_utilization"": 4683835.9, ""feasible"": false, ""n_runs"": 20, ""eligibility"": ""NO_CONCLUSION""}]",feasibility does not change between 1.0 and 10.0; no threshold inside the recorded range,,
S4,norepinephrine_1mgml_4ml,capacity_utilization,product.annual_demand_units,500000.0,900000.0,1800000.0,False,False,,infeasible_everywhere,"[{""value"": 500000.0, ""strategy_id"": ""S4"", ""mean_fill"": 0.9945713724235882, ""p_meet"": 0.8, ""mean_cost"": 36799951.10493871, ""mcse_cost"": 22516.403683860735, ""mean_shortage_days"": 30.154127875136915, ""mean_cost_per_unit"": 70.65782135172108, ""capacity_utilization"": 2604391.2, ""feasible"": false, ""n_runs"": 20, ""eligibility"": ""NO_CONCLUSION""}, {""value"": 1800000.0, ""strategy_id"": ""S4"", ""mean_fill"": 0.9069508917701781, ""p_meet"": 0.0, ""mean_cost"": 39322950.25599013, ""mcse_cost"": 27161.583607149245, ""mean_shortage_days"": 111.77530120481927, ""mean_cost_per_unit"": 22.966340154509815, ""capacity_utilization"": 8562879.3, ""feasible"": false, ""n_runs"": 20, ""eligibility"": ""NO_CONCLUSION""}]",feasibility does not change between 500000.0 and 1800000.0; no threshold inside the recorded range,,
S4,norepinephrine_1mgml_4ml,fixed_qa_labor_per_node,product.fixed_qa_labor_usd_per_site_year,1500000.0,3000000.0,6000000.0,False,False,,infeasible_everywhere,"[{""value"": 1500000.0, ""strategy_id"": ""S4"", ""mean_fill"": 0.9886728530666717, ""p_meet"": 0.6, ""mean_cost"": 32691952.62285475, ""mcse_cost"": 26470.798376677383, ""mean_shortage_days"": 36.89505065717414, ""mean_cost_per_unit"": 35.073810952877935, ""capacity_utilization"": 4660518.55, ""feasible"": false, ""n_runs"": 20, ""eligibility"": ""NO_CONCLUSION""}, {""value"": 6000000.0, ""strategy_id"": ""S4"", ""mean_fill"": 0.9886728530666717, ""p_meet"": 0.6, ""mean_cost"": 48148572.709588125, ""mcse_cost"": 26470.798376677467, ""mean_shortage_days"": 36.89505065717414, ""mean_cost_per_unit"": 51.65694463882271, ""capacity_utilization"": 4660518.55, ""feasible"": false, ""n_runs"": 20, ""eligibility"": ""NO_CONCLUSION""}]",feasibility does not change between 1500000.0 and 6000000.0; no threshold inside the recorded range,,
S4,norepinephrine_1mgml_4ml,release_time,global.sterility_incubation_days,14.0,14.0,18.0,False,False,,infeasible_everywhere,"[{""value"": 14.0, ""strategy_id"": ""S4"", ""mean_fill"": 0.9886728530666717, ""p_meet"": 0.6, ""mean_cost"": 37844159.31843255, ""mcse_cost"": 26470.798376677303, ""mean_shortage_days"": 36.89505065717414, ""mean_cost_per_unit"": 40.601522181526185, ""capacity_utilization"": 4660518.55, ""feasible"": false, ""n_runs"": 20, ""eligibility"": ""NO_CONCLUSION""}, {""value"": 18.0, ""strategy_id"": ""S4"", ""mean_fill"": 0.9856247555620407, ""p_meet"": 0.6, ""mean_cost"": 37727651.49391006, ""mcse_cost"": 31463.606640033137, ""mean_shortage_days"": 41.92573932092004, ""mean_cost_per_unit"": 40.60693493397215, ""capacity_utilization"": 4645744.5, ""feasible"": false, ""n_runs"": 20, ""eligibility"": ""NO_CONCLUSION""}]",feasibility does not change between 14.0 and 18.0; no threshold inside the recorded range,,
S4,norepinephrine_1mgml_4ml,shelf_life,product.shelf_life_months,12.0,24.0,30.0,False,False,,infeasible_everywhere,"[{""value"": 12.0, ""strategy_id"": ""S4"", ""mean_fill"": 0.9886260716415685, ""p_meet"": 0.6, ""mean_cost"": 37934406.38764192, ""mcse_cost"": 29988.813667271883, ""mean_shortage_days"": 38.11521768893756, ""mean_cost_per_unit"": 40.70010742201929, ""capacity_utilization"": 4660307.3, ""feasible"": false, ""n_runs"": 20, ""eligibility"": ""NO_CONCLUSION""}, {""value"": 30.0, ""strategy_id"": ""S4"", ""mean_fill"": 0.9886728530666717, ""p_meet"": 0.6, ""mean_cost"": 37789185.81431786, ""mcse_cost"": 25771.08285957743, ""mean_shortage_days"": 36.25496303395399, ""mean_cost_per_unit"": 40.54240565851849, ""capacity_utilization"": 4660527.6, ""feasible"": false, ""n_runs"": 20, ""eligibility"": ""NO_CONCLUSION""}]",feasibility does not change between 12.0 and 30.0; no threshold inside the recorded range,,
S4,norepinephrine_1mgml_4ml,raw_material_lead_time,product.material_lead_time_days,30.0,90.0,240.0,False,False,,infeasible_everywhere,"[{""value"": 30.0, ""strategy_id"": ""S4"", ""mean_fill"": 0.9855374047810797, ""p_meet"": 0.6, ""mean_cost"": 37815155.25300926, ""mcse_cost"": 27310.119938564145, ""mean_shortage_days"": 36.264964403066806, ""mean_cost_per_unit"": 40.708449540272646, ""capacity_utilization"": 4645345.8, ""feasible"": false, ""n_runs"": 20, ""eligibility"": ""NO_CONCLUSION""}, {""value"": 240.0, ""strategy_id"": ""S4"", ""mean_fill"": 0.9910087498904039, ""p_meet"": 0.65, ""mean_cost"": 37880658.350519195, ""mcse_cost"": 31411.050652058315, ""mean_shortage_days"": 35.13480969331872, ""mean_cost_per_unit"": 40.54293139997543, ""capacity_utilization"": 4671927.4, ""feasible"": false, ""n_runs"": 20, ""eligibility"": ""NO_CONCLUSION""}]",feasibility does not change between 30.0 and 240.0; no threshold inside the recorded range,,
S4,norepinephrine_1mgml_4ml,common_cause_dependence,global.common_cause_events_per_year,0.02,0.1,0.3,False,False,,infeasible_everywhere,"[{""value"": 0.02, ""strategy_id"": ""S4"", ""mean_fill"": 0.9883721522991964, ""p_meet"": 0.6, ""mean_cost"": 37836714.82864856, ""mcse_cost"": 29833.80434103039, ""mean_shortage_days"": 35.42484939759035, ""mean_cost_per_unit"": 40.61457068790435, ""capacity_utilization"": 4658231.05, ""feasible"": false, ""n_runs"": 20, ""eligibility"": ""NO_CONCLUSION""}, {""value"": 0.3, ""strategy_id"": ""S4"", ""mean_fill"": 0.9841344917859663, ""p_meet"": 0.5, ""mean_cost"": 37783580.133326724, ""mcse_cost"": 29515.223960264822, ""mean_shortage_days"": 38.705298466593646, ""mean_cost_per_unit"": 40.731331363192496, ""capacity_utilization"": 4638819.8, ""feasible"": false, ""n_runs"": 20, ""eligibility"": ""NO_CONCLUSION""}]",feasibility does not change between 0.02 and 0.3; no threshold inside the recorded range,,
S4,norepinephrine_1mgml_4ml,supplier_concentration,global.supplier_disruptions_per_supplier_year,0.05,0.2,0.6,False,False,,infeasible_everywhere,"[{""value"": 0.05, ""strategy_id"": ""S4"", ""mean_fill"": 0.9918154574093812, ""p_meet"": 0.6, ""mean_cost"": 37858377.83147033, ""mcse_cost"": 27554.53026683298, ""mean_shortage_days"": 34.67474671412924, ""mean_cost_per_unit"": 40.48904616523023, ""capacity_utilization"": 4675458.4, ""feasible"": false, ""n_runs"": 20, ""eligibility"": ""NO_CONCLUSION""}, {""value"": 0.6, ""strategy_id"": ""S4"", ""mean_fill"": 0.9871246870123945, ""p_meet"": 0.55, ""mean_cost"": 37803697.24453737, ""mcse_cost"": 31391.71699182211, ""mean_shortage_days"": 37.035069824753556, ""mean_cost_per_unit"": 40.63174265672615, ""capacity_utilization"": 4653269.15, ""feasible"": false, ""n_runs"": 20, ""eligibility"": ""NO_CONCLUSION""}]",feasibility does not change between 0.05 and 0.6; no threshold inside the recorded range,,
S4,norepinephrine_1mgml_4ml,commissioning_days,global.node_commissioning_days,365.0,730.0,1095.0,False,False,,infeasible_everywhere,"[{""value"": 365.0, ""strategy_id"": ""S4"", ""mean_fill"": 0.9921704051832098, ""p_meet"": 0.7, ""mean_cost"": 39237654.02056892, ""mcse_cost"": 33979.24217515241, ""mean_shortage_days"": 33.21454682365827, ""mean_cost_per_unit"": 41.94459892417695, ""capacity_utilization"": 4677165.8, ""feasible"": false, ""n_runs"": 20, ""eligibility"": ""NO_CONCLUSION""}, {""value"": 1095.0, ""strategy_id"": ""S4"", ""mean_fill"": 0.9817665746125742, ""p_meet"": 0.5, ""mean_cost"": 36404510.47163216, ""mcse_cost"": 22490.36633995822, ""mean_shortage_days"": 40.67556818181818, ""mean_cost_per_unit"": 39.344428440949585, ""capacity_utilization"": 4627466.25, ""feasible"": false, ""n_runs"": 20, ""eligibility"": ""NO_CONCLUSION""}]",feasibility does not change between 365.0 and 1095.0; no threshold inside the recorded range,,
S4,norepinephrine_1mgml_4ml,activation_latency_days,global.reserved_capacity_activation_days,7.0,21.0,60.0,False,False,,infeasible_everywhere,"[{""value"": 7.0, ""strategy_id"": ""S4"", ""mean_fill"": 0.9886728530666717, ""p_meet"": 0.6, ""mean_cost"": 37844159.31843255, ""mcse_cost"": 26470.798376677303, ""mean_shortage_days"": 36.89505065717414, ""mean_cost_per_unit"": 40.601522181526185, ""capacity_utilization"": 4660518.55, ""feasible"": false, ""n_runs"": 20, ""eligibility"": ""NO_CONCLUSION""}, {""value"": 60.0, ""strategy_id"": ""S4"", ""mean_fill"": 0.9886728530666717, ""p_meet"": 0.6, ""mean_cost"": 37844159.31843255, ""mcse_cost"": 26470.798376677303, ""mean_shortage_days"": 36.89505065717414, ""mean_cost_per_unit"": 40.601522181526185, ""capacity_utilization"": 4660518.55, ""feasible"": false, ""n_runs"": 20, ""eligibility"": ""NO_CONCLUSION""}]",feasibility does not change between 7.0 and 60.0; no threshold inside the recorded range,,
S4,norepinephrine_1mgml_4ml,node_capital,product.capital_usd_per_site,15000000.0,40000000.0,100000000.0,False,False,,infeasible_everywhere,"[{""value"": 15000000.0, ""strategy_id"": ""S4"", ""mean_fill"": 0.9886728530666717, ""p_meet"": 0.6, ""mean_cost"": 23743392.917173766, ""mcse_cost"": 26470.79837667736, ""mean_shortage_days"": 36.89505065717414, ""mean_cost_per_unit"": 25.473059879016965, ""capacity_utilization"": 4660518.55, ""feasible"": false, ""n_runs"": 20, ""eligibility"": ""NO_CONCLUSION""}, {""value"": 100000000.0, ""strategy_id"": ""S4"", ""mean_fill"": 0.9886728530666717, ""p_meet"": 0.6, ""mean_cost"": 71685998.68144934, ""mcse_cost"": 26470.798376677507, ""mean_shortage_days"": 36.89505065717414, ""mean_cost_per_unit"": 76.90983170754374, ""capacity_utilization"": 4660518.55, ""feasible"": false, ""n_runs"": 20, ""eligibility"": ""NO_CONCLUSION""}]",feasibility does not change between 15000000.0 and 100000000.0; no threshold inside the recorded range,,
S4,norepinephrine_1mgml_4ml,batches_per_site_year,product.batches_per_site_year_nominal,30.0,45.0,70.0,False,False,,infeasible_everywhere,"[{""value"": 30.0, ""strategy_id"": ""S4"", ""mean_fill"": 0.9552536821512809, ""p_meet"": 0.0, ""mean_cost"": 37673125.93895527, ""mcse_cost"": 28386.564673165612, ""mean_shortage_days"": 70.10959748083243, ""mean_cost_per_unit"": 41.82488687105238, ""capacity_utilization"": 4504739.4, ""feasible"": false, ""n_runs"": 20, ""eligibility"": ""NO_CONCLUSION""}, {""value"": 70.0, ""strategy_id"": ""S4"", ""mean_fill"": 0.9882402908576973, ""p_meet"": 0.6, ""mean_cost"": 37836732.76183006, ""mcse_cost"": 22412.92138978619, ""mean_shortage_days"": 34.70475082146769, ""mean_cost_per_unit"": 40.620402708690605, ""capacity_utilization"": 4657577.1, ""feasible"": false, ""n_runs"": 20, ""eligibility"": ""NO_CONCLUSION""}]",feasibility does not change between 30.0 and 70.0; no threshold inside the recorded range,,
S4,norepinephrine_1mgml_4ml,changeover_burden,product.changeover_days,1.0,3.0,10.0,False,False,,infeasible_everywhere,"[{""value"": 1.0, ""strategy_id"": ""S4"", ""mean_fill"": 0.9891918143974049, ""p_meet"": 0.65, ""mean_cost"": 37946317.02228771, ""mcse_cost"": 32039.24181737303, ""mean_shortage_days"": 35.114806955093094, ""mean_cost_per_unit"": 40.69255556574679, ""capacity_utilization"": 4662640.7, ""feasible"": false, ""n_runs"": 20, ""eligibility"": ""NO_CONCLUSION""}, {""value"": 10.0, ""strategy_id"": ""S4"", ""mean_fill"": 0.9324902897705032, ""p_meet"": 0.0, ""mean_cost"": 37223689.89199402, ""mcse_cost"": 14754.231675875997, ""mean_shortage_days"": 112.65542168674696, ""mean_cost_per_unit"": 42.33710369684097, ""capacity_utilization"": 4397041.3, ""feasible"": false, ""n_runs"": 20, ""eligibility"": ""NO_CONCLUSION""}]",feasibility does not change between 1.0 and 10.0; no threshold inside the recorded range,,
S5,norepinephrine_1mgml_4ml,capacity_utilization,product.annual_demand_units,500000.0,900000.0,1800000.0,False,False,,infeasible_everywhere,"[{""value"": 500000.0, ""strategy_id"": ""S5"", ""mean_fill"": 0.9907276112642418, ""p_meet"": 0.65, ""mean_cost"": 33611352.96850631, ""mcse_cost"": 13935.336823545907, ""mean_shortage_days"": 13.701875684556407, ""mean_cost_per_unit"": 64.78114472228751, ""capacity_utilization"": 2594296.5, ""feasible"": false, ""n_runs"": 20, ""eligibility"": ""NO_CONCLUSION""}, {""value"": 1800000.0, ""strategy_id"": ""S5"", ""mean_fill"": 0.8045775450236118, ""p_meet"": 0.0, ""mean_cost"": 37491625.646190345, ""mcse_cost"": 41454.409854823825, ""mean_shortage_days"": 147.21015197152244, ""mean_cost_per_unit"": 24.68781789957166, ""capacity_utilization"": 7595733.55, ""feasible"": false, ""n_runs"": 20, ""eligibility"": ""NO_CONCLUSION""}]",feasibility does not change between 500000.0 and 1800000.0; no threshold inside the recorded range,,
S5,norepinephrine_1mgml_4ml,fixed_qa_labor_per_node,product.fixed_qa_labor_usd_per_site_year,1500000.0,3000000.0,6000000.0,False,False,,infeasible_everywhere,"[{""value"": 1500000.0, ""strategy_id"": ""S5"", ""mean_fill"": 0.9802525687570389, ""p_meet"": 0.55, ""mean_cost"": 32156041.88923912, ""mcse_cost"": 20143.783137463095, ""mean_shortage_days"": 25.283461117196055, ""mean_cost_per_unit"": 34.799815421966926, ""capacity_utilization"": 4621362.95, ""feasible"": false, ""n_runs"": 20, ""eligibility"": ""NO_CONCLUSION""}, {""value"": 6000000.0, ""strategy_id"": ""S5"", ""mean_fill"": 0.9802525687570389, ""p_meet"": 0.55, ""mean_cost"": 41969289.33680324, ""mcse_cost"": 20143.783137463048, ""mean_shortage_days"": 25.283461117196055, ""mean_cost_per_unit"": 45.4201390511966, ""capacity_utilization"": 4621362.95, ""feasible"": false, ""n_runs"": 20, ""eligibility"": ""NO_CONCLUSION""}]",feasibility does not change between 1500000.0 and 6000000.0; no threshold inside the recorded range,,
S5,norepinephrine_1mgml_4ml,release_time,global.sterility_incubation_days,14.0,14.0,18.0,False,False,,infeasible_everywhere,"[{""value"": 14.0, ""strategy_id"": ""S5"", ""mean_fill"": 0.9802525687570389, ""p_meet"": 0.55, ""mean_cost"": 35427124.3717605, ""mcse_cost"": 20143.78313746285, ""mean_shortage_days"": 25.283461117196055, ""mean_cost_per_unit"": 38.33992329837682, ""capacity_utilization"": 4621362.95, ""feasible"": false, ""n_runs"": 20, ""eligibility"": ""NO_CONCLUSION""}, {""value"": 18.0, ""strategy_id"": ""S5"", ""mean_fill"": 0.9784000531429943, ""p_meet"": 0.55, ""mean_cost"": 35335458.751284376, ""mcse_cost"": 18542.050126453425, ""mean_shortage_days"": 30.064115553121574, ""mean_cost_per_unit"": 38.324016650860415, ""capacity_utilization"": 4611338.35, ""feasible"": false, ""n_runs"": 20, ""eligibility"": ""NO_CONCLUSION""}]",feasibility does not change between 14.0 and 18.0; no threshold inside the recorded range,,
S5,norepinephrine_1mgml_4ml,shelf_life,product.shelf_life_months,12.0,24.0,30.0,False,False,,infeasible_everywhere,"[{""value"": 12.0, ""strategy_id"": ""S5"", ""mean_fill"": 0.9802525687570389, ""p_meet"": 0.55, ""mean_cost"": 35475654.45216889, ""mcse_cost"": 21356.934160060184, ""mean_shortage_days"": 25.283461117196047, ""mean_cost_per_unit"": 38.392265342745944, ""capacity_utilization"": 4621362.95, ""feasible"": false, ""n_runs"": 20, ""eligibility"": ""NO_CONCLUSION""}, {""value"": 30.0, ""strategy_id"": ""S5"", ""mean_fill"": 0.9802525687570389, ""p_meet"": 0.55, ""mean_cost"": 35417381.95923953, ""mcse_cost"": 19386.659299828745, ""mean_shortage_days"": 25.223452902519163, ""mean_cost_per_unit"": 38.329386698602164, ""capacity_utilization"": 4621362.95, ""feasible"": false, ""n_runs"": 20, ""eligibility"": ""NO_CONCLUSION""}]",feasibility does not change between 12.0 and 30.0; no threshold inside the recorded range,,
S5,norepinephrine_1mgml_4ml,raw_material_lead_time,product.material_lead_time_days,30.0,90.0,240.0,False,False,,infeasible_everywhere,"[{""value"": 30.0, ""strategy_id"": ""S5"", ""mean_fill"": 0.9786503867573606, ""p_meet"": 0.55, ""mean_cost"": 35419046.27065956, ""mcse_cost"": 19384.96821225443, ""mean_shortage_days"": 25.783529572836795, ""mean_cost_per_unit"": 38.39326250331408, ""capacity_utilization"": 4613974.8, ""feasible"": false, ""n_runs"": 20, ""eligibility"": ""NO_CONCLUSION""}, {""value"": 240.0, ""strategy_id"": ""S5"", ""mean_fill"": 0.9832644115208893, ""p_meet"": 0.55, ""mean_cost"": 35467990.23547802, ""mcse_cost"": 23944.73127103468, ""mean_shortage_days"": 25.303463855421686, ""mean_cost_per_unit"": 38.25940954579283, ""capacity_utilization"": 4636117.0, ""feasible"": false, ""n_runs"": 20, ""eligibility"": ""NO_CONCLUSION""}]",feasibility does not change between 30.0 and 240.0; no threshold inside the recorded range,,
S5,norepinephrine_1mgml_4ml,common_cause_dependence,global.common_cause_events_per_year,0.02,0.1,0.3,False,False,,infeasible_everywhere,"[{""value"": 0.02, ""strategy_id"": ""S5"", ""mean_fill"": 0.9876672551766541, ""p_meet"": 0.6, ""mean_cost"": 35466071.13784375, ""mcse_cost"": 17655.531544623267, ""mean_shortage_days"": 19.762705366922233, ""mean_cost_per_unit"": 38.091275576169025, ""capacity_utilization"": 4655594.4, ""feasible"": false, ""n_runs"": 20, ""eligibility"": ""NO_CONCLUSION""}, {""value"": 0.3, ""strategy_id"": ""S5"", ""mean_fill"": 0.9769294694689586, ""p_meet"": 0.55, ""mean_cost"": 35339406.657952, ""mcse_cost"": 30329.662346293735, ""mean_shortage_days"": 31.114259309967146, ""mean_cost_per_unit"": 38.400119290777916, ""capacity_utilization"": 4604075.65, ""feasible"": false, ""n_runs"": 20, ""eligibility"": ""NO_CONCLUSION""}]",feasibility does not change between 0.02 and 0.3; no threshold inside the recorded range,,
S5,norepinephrine_1mgml_4ml,supplier_concentration,global.supplier_disruptions_per_supplier_year,0.05,0.2,0.6,False,False,,infeasible_everywhere,"[{""value"": 0.05, ""strategy_id"": ""S5"", ""mean_fill"": 0.9835293097081081, ""p_meet"": 0.6, ""mean_cost"": 35440475.16347884, ""mcse_cost"": 23500.995321765193, ""mean_shortage_days"": 23.88326944140197, ""mean_cost_per_unit"": 38.22471346847665, ""capacity_utilization"": 4637465.0, ""feasible"": false, ""n_runs"": 20, ""eligibility"": ""NO_CONCLUSION""}, {""value"": 0.6, ""strategy_id"": ""S5"", ""mean_fill"": 0.97902436510373, ""p_meet"": 0.45, ""mean_cost"": 35403795.99072262, ""mcse_cost"": 24471.937993911626, ""mean_shortage_days"": 28.65392250821468, ""mean_cost_per_unit"": 38.36328826280066, ""capacity_utilization"": 4616086.9, ""feasible"": false, ""n_runs"": 20, ""eligibility"": ""NO_CONCLUSION""}]",feasibility does not change between 0.05 and 0.6; no threshold inside the recorded range,,
S5,norepinephrine_1mgml_4ml,commissioning_days,global.node_commissioning_days,365.0,730.0,1095.0,False,False,,infeasible_everywhere,"[{""value"": 365.0, ""strategy_id"": ""S5"", ""mean_fill"": 0.9916692662350158, ""p_meet"": 0.7, ""mean_cost"": 36811102.38670769, ""mcse_cost"": 22412.73476553659, ""mean_shortage_days"": 12.521714129244252, ""mean_cost_per_unit"": 39.3631553591027, ""capacity_utilization"": 4675786.65, ""feasible"": false, ""n_runs"": 20, ""eligibility"": ""NO_CONCLUSION""}, {""value"": 1095.0, ""strategy_id"": ""S5"", ""mean_fill"": 0.9706083928858542, ""p_meet"": 0.35, ""mean_cost"": 34001455.41340993, ""mcse_cost"": 18379.900372502398, ""mean_shortage_days"": 35.364841182913466, ""mean_cost_per_unit"": 37.18741783617898, ""capacity_utilization"": 4575399.9, ""feasible"": false, ""n_runs"": 20, ""eligibility"": ""NO_CONCLUSION""}]",feasibility does not change between 365.0 and 1095.0; no threshold inside the recorded range,,
S5,norepinephrine_1mgml_4ml,activation_latency_days,global.reserved_capacity_activation_days,7.0,21.0,60.0,False,False,,infeasible_everywhere,"[{""value"": 7.0, ""strategy_id"": ""S5"", ""mean_fill"": 0.9802525687570389, ""p_meet"": 0.55, ""mean_cost"": 35427124.3717605, ""mcse_cost"": 20143.78313746285, ""mean_shortage_days"": 25.283461117196055, ""mean_cost_per_unit"": 38.33992329837682, ""capacity_utilization"": 4621362.95, ""feasible"": false, ""n_runs"": 20, ""eligibility"": ""NO_CONCLUSION""}, {""value"": 60.0, ""strategy_id"": ""S5"", ""mean_fill"": 0.9802525687570389, ""p_meet"": 0.55, ""mean_cost"": 35427124.3717605, ""mcse_cost"": 20143.78313746285, ""mean_shortage_days"": 25.283461117196055, ""mean_cost_per_unit"": 38.33992329837682, ""capacity_utilization"": 4621362.95, ""feasible"": false, ""n_runs"": 20, ""eligibility"": ""NO_CONCLUSION""}]",feasibility does not change between 7.0 and 60.0; no threshold inside the recorded range,,
S5,norepinephrine_1mgml_4ml,node_capital,product.capital_usd_per_site,15000000.0,40000000.0,100000000.0,False,False,,infeasible_everywhere,"[{""value"": 15000000.0, ""strategy_id"": ""S5"", ""mean_fill"": 0.9802525687570389, ""p_meet"": 0.55, ""mean_cost"": 25115915.12980528, ""mcse_cost"": 20143.78313746291, ""mean_shortage_days"": 25.283461117196055, ""mean_cost_per_unit"": 27.180683735386793, ""capacity_utilization"": 4621362.95, ""feasible"": false, ""n_runs"": 20, ""eligibility"": ""NO_CONCLUSION""}, {""value"": 100000000.0, ""strategy_id"": ""S5"", ""mean_fill"": 0.9802525687570389, ""p_meet"": 0.55, ""mean_cost"": 60174026.55245644, ""mcse_cost"": 20143.78313746296, ""mean_shortage_days"": 25.283461117196055, ""mean_cost_per_unit"": 65.12209824955656, ""capacity_utilization"": 4621362.95, ""feasible"": false, ""n_runs"": 20, ""eligibility"": ""NO_CONCLUSION""}]",feasibility does not change between 15000000.0 and 100000000.0; no threshold inside the recorded range,,
S5,norepinephrine_1mgml_4ml,batches_per_site_year,product.batches_per_site_year_nominal,30.0,45.0,70.0,False,False,,infeasible_everywhere,"[{""value"": 30.0, ""strategy_id"": ""S5"", ""mean_fill"": 0.8997888972918903, ""p_meet"": 0.0, ""mean_cost"": 34949860.842988916, ""mcse_cost"": 21303.53970555979, ""mean_shortage_days"": 108.32482886089812, ""mean_cost_per_unit"": 41.20594218697632, ""capacity_utilization"": 4243287.5, ""feasible"": false, ""n_runs"": 20, ""eligibility"": ""NO_CONCLUSION""}, {""value"": 70.0, ""strategy_id"": ""S5"", ""mean_fill"": 0.987845951286333, ""p_meet"": 0.55, ""mean_cost"": 35472820.39189516, ""mcse_cost"": 17790.676602749216, ""mean_shortage_days"": 17.582406900328586, ""mean_cost_per_unit"": 38.097094271927354, ""capacity_utilization"": 4655690.4, ""feasible"": false, ""n_runs"": 20, ""eligibility"": ""NO_CONCLUSION""}]",feasibility does not change between 30.0 and 70.0; no threshold inside the recorded range,,
S5,norepinephrine_1mgml_4ml,changeover_burden,product.changeover_days,1.0,3.0,10.0,False,False,,infeasible_everywhere,"[{""value"": 1.0, ""strategy_id"": ""S5"", ""mean_fill"": 0.9808368577697696, ""p_meet"": 0.55, ""mean_cost"": 35462154.572973184, ""mcse_cost"": 20301.52637004467, ""mean_shortage_days"": 23.71324616648412, ""mean_cost_per_unit"": 38.35353960063624, ""capacity_utilization"": 4624219.75, ""feasible"": false, ""n_runs"": 20, ""eligibility"": ""NO_CONCLUSION""}, {""value"": 10.0, ""strategy_id"": ""S5"", ""mean_fill"": 0.9263732895366219, ""p_meet"": 0.0, ""mean_cost"": 34814968.99881825, ""mcse_cost"": 15892.555985273966, ""mean_shortage_days"": 100.36373904709748, ""mean_cost_per_unit"": 39.8682357388583, ""capacity_utilization"": 4368049.6, ""feasible"": false, ""n_runs"": 20, ""eligibility"": ""NO_CONCLUSION""}]",feasibility does not change between 1.0 and 10.0; no threshold inside the recorded range,,
S6,norepinephrine_1mgml_4ml,capacity_utilization,product.annual_demand_units,500000.0,900000.0,1800000.0,False,False,,infeasible_everywhere,"[{""value"": 500000.0, ""strategy_id"": ""S6"", ""mean_fill"": 0.9907276112642418, ""p_meet"": 0.65, ""mean_cost"": 35706104.41483343, ""mcse_cost"": 13935.336823545813, ""mean_shortage_days"": 13.701875684556407, ""mean_cost_per_unit"": 68.81852402098987, ""capacity_utilization"": 2594296.5, ""feasible"": false, ""n_runs"": 20, ""eligibility"": ""NO_CONCLUSION""}, {""value"": 1800000.0, ""strategy_id"": ""S6"", ""mean_fill"": 0.8045775450236118, ""p_meet"": 0.0, ""mean_cost"": 39586377.09251745, ""mcse_cost"": 41454.40985482374, ""mean_shortage_days"": 147.21015197152244, ""mean_cost_per_unit"": 26.06732375858648, ""capacity_utilization"": 7595733.55, ""feasible"": false, ""n_runs"": 20, ""eligibility"": ""NO_CONCLUSION""}]",feasibility does not change between 500000.0 and 1800000.0; no threshold inside the recorded range,,
S6,norepinephrine_1mgml_4ml,fixed_qa_labor_per_node,product.fixed_qa_labor_usd_per_site_year,1500000.0,3000000.0,6000000.0,False,False,,infeasible_everywhere,"[{""value"": 1500000.0, ""strategy_id"": ""S6"", ""mean_fill"": 0.9802525687570389, ""p_meet"": 0.55, ""mean_cost"": 34017144.58681488, ""mcse_cost"": 20143.783137462968, ""mean_shortage_days"": 25.283461117196055, ""mean_cost_per_unit"": 36.813981788513935, ""capacity_utilization"": 4621362.95, ""feasible"": false, ""n_runs"": 20, ""eligibility"": ""NO_CONCLUSION""}, {""value"": 6000000.0, ""strategy_id"": ""S6"", ""mean_fill"": 0.9802525687570389, ""p_meet"": 0.55, ""mean_cost"": 44531338.280633055, ""mcse_cost"": 20143.783137463048, ""mean_shortage_days"": 25.283461117196055, ""mean_cost_per_unit"": 48.192899962688, ""capacity_utilization"": 4621362.95, ""feasible"": false, ""n_runs"": 20, ""eligibility"": ""NO_CONCLUSION""}]",feasibility does not change between 1500000.0 and 6000000.0; no threshold inside the recorded range,,
S6,norepinephrine_1mgml_4ml,release_time,global.sterility_incubation_days,14.0,14.0,18.0,False,False,,infeasible_everywhere,"[{""value"": 14.0, ""strategy_id"": ""S6"", ""mean_fill"": 0.9802525687570389, ""p_meet"": 0.55, ""mean_cost"": 37521875.8180876, ""mcse_cost"": 20143.783137463048, ""mean_shortage_days"": 25.283461117196055, ""mean_cost_per_unit"": 40.60695451323862, ""capacity_utilization"": 4621362.95, ""feasible"": false, ""n_runs"": 20, ""eligibility"": ""NO_CONCLUSION""}, {""value"": 18.0, ""strategy_id"": ""S6"", ""mean_fill"": 0.9784000531429943, ""p_meet"": 0.55, ""mean_cost"": 37430210.19761147, ""mcse_cost"": 18542.050126453712, ""mean_shortage_days"": 30.064115553121574, ""mean_cost_per_unit"": 40.59598338073038, ""capacity_utilization"": 4611338.35, ""feasible"": false, ""n_runs"": 20, ""eligibility"": ""NO_CONCLUSION""}]",feasibility does not change between 14.0 and 18.0; no threshold inside the recorded range,,
S6,norepinephrine_1mgml_4ml,shelf_life,product.shelf_life_months,12.0,24.0,30.0,False,False,,infeasible_everywhere,"[{""value"": 12.0, ""strategy_id"": ""S6"", ""mean_fill"": 0.9802525687570389, ""p_meet"": 0.55, ""mean_cost"": 37570405.898495995, ""mcse_cost"": 21356.934160060227, ""mean_shortage_days"": 25.283461117196047, ""mean_cost_per_unit"": 40.659296557607746, ""capacity_utilization"": 4621362.95, ""feasible"": false, ""n_runs"": 20, ""eligibility"": ""NO_CONCLUSION""}, {""value"": 30.0, ""strategy_id"": ""S6"", ""mean_fill"": 0.9802525687570389, ""p_meet"": 0.55, ""mean_cost"": 37512133.40556663, ""mcse_cost"": 19386.65929982879, ""mean_shortage_days"": 25.223452902519163, ""mean_cost_per_unit"": 40.59641791346397, ""capacity_utilization"": 4621362.95, ""feasible"": false, ""n_runs"": 20, ""eligibility"": ""NO_CONCLUSION""}]",feasibility does not change between 12.0 and 30.0; no threshold inside the recorded range,,
S6,norepinephrine_1mgml_4ml,raw_material_lead_time,product.material_lead_time_days,30.0,90.0,240.0,False,False,,infeasible_everywhere,"[{""value"": 30.0, ""strategy_id"": ""S6"", ""mean_fill"": 0.9786503867573606, ""p_meet"": 0.55, ""mean_cost"": 37513797.71698666, ""mcse_cost"": 19384.968212254353, ""mean_shortage_days"": 25.783529572836795, ""mean_cost_per_unit"": 40.66395897597251, ""capacity_utilization"": 4613974.8, ""feasible"": false, ""n_runs"": 20, ""eligibility"": ""NO_CONCLUSION""}, {""value"": 240.0, ""strategy_id"": ""S6"", ""mean_fill"": 0.9832644115208893, ""p_meet"": 0.55, ""mean_cost"": 37562741.68180513, ""mcse_cost"": 23944.731271034732, ""mean_shortage_days"": 25.303463855421686, ""mean_cost_per_unit"": 40.519066760443444, ""capacity_utilization"": 4636117.0, ""feasible"": false, ""n_runs"": 20, ""eligibility"": ""NO_CONCLUSION""}]",feasibility does not change between 30.0 and 240.0; no threshold inside the recorded range,,
S6,norepinephrine_1mgml_4ml,common_cause_dependence,global.common_cause_events_per_year,0.02,0.1,0.3,False,False,,infeasible_everywhere,"[{""value"": 0.02, ""strategy_id"": ""S6"", ""mean_fill"": 0.9876672551766541, ""p_meet"": 0.6, ""mean_cost"": 37560822.58417086, ""mcse_cost"": 17655.531544623133, ""mean_shortage_days"": 19.762705366922233, ""mean_cost_per_unit"": 40.34110708049769, ""capacity_utilization"": 4655594.4, ""feasible"": false, ""n_runs"": 20, ""eligibility"": ""NO_CONCLUSION""}, {""value"": 0.3, ""strategy_id"": ""S6"", ""mean_fill"": 0.9769294694689586, ""p_meet"": 0.55, ""mean_cost"": 37434158.104279116, ""mcse_cost"": 30329.662346293702, ""mean_shortage_days"": 31.114259309967146, ""mean_cost_per_unit"": 40.67636729892193, ""capacity_utilization"": 4604075.65, ""feasible"": false, ""n_runs"": 20, ""eligibility"": ""NO_CONCLUSION""}]",feasibility does not change between 0.02 and 0.3; no threshold inside the recorded range,,
S6,norepinephrine_1mgml_4ml,supplier_concentration,global.supplier_disruptions_per_supplier_year,0.05,0.2,0.6,False,False,,infeasible_everywhere,"[{""value"": 0.05, ""strategy_id"": ""S6"", ""mean_fill"": 0.9835293097081081, ""p_meet"": 0.6, ""mean_cost"": 37535226.60980594, ""mcse_cost"": 23500.995321765004, ""mean_shortage_days"": 23.88326944140197, ""mean_cost_per_unit"": 40.48410960934805, ""capacity_utilization"": 4637465.0, ""feasible"": false, ""n_runs"": 20, ""eligibility"": ""NO_CONCLUSION""}, {""value"": 0.6, ""strategy_id"": ""S6"", ""mean_fill"": 0.97902436510373, ""p_meet"": 0.45, ""mean_cost"": 37498547.43704973, ""mcse_cost"": 24471.937993911586, ""mean_shortage_days"": 28.65392250821468, ""mean_cost_per_unit"": 40.63321482538514, ""capacity_utilization"": 4616086.9, ""feasible"": false, ""n_runs"": 20, ""eligibility"": ""NO_CONCLUSION""}]",feasibility does not change between 0.05 and 0.6; no threshold inside the recorded range,,
S6,norepinephrine_1mgml_4ml,commissioning_days,global.node_commissioning_days,365.0,730.0,1095.0,False,False,,infeasible_everywhere,"[{""value"": 365.0, ""strategy_id"": ""S6"", ""mean_fill"": 0.9916692662350158, ""p_meet"": 0.7, ""mean_cost"": 38961568.78430084, ""mcse_cost"": 22412.73476553661, ""mean_shortage_days"": 12.521714129244252, ""mean_cost_per_unit"": 41.662743462151326, ""capacity_utilization"": 4675786.65, ""feasible"": false, ""n_runs"": 20, ""eligibility"": ""NO_CONCLUSION""}, {""value"": 1095.0, ""strategy_id"": ""S6"", ""mean_fill"": 0.9706083928858542, ""p_meet"": 0.35, ""mean_cost"": 36040491.90847094, ""mcse_cost"": 18379.900372502358, ""mean_shortage_days"": 35.364841182913466, ""mean_cost_per_unit"": 39.41761882231846, ""capacity_utilization"": 4575399.9, ""feasible"": false, ""n_runs"": 20, ""eligibility"": ""NO_CONCLUSION""}]",feasibility does not change between 365.0 and 1095.0; no threshold inside the recorded range,,
S6,norepinephrine_1mgml_4ml,activation_latency_days,global.reserved_capacity_activation_days,7.0,21.0,60.0,False,False,,infeasible_everywhere,"[{""value"": 7.0, ""strategy_id"": ""S6"", ""mean_fill"": 0.9802525687570389, ""p_meet"": 0.55, ""mean_cost"": 37521875.8180876, ""mcse_cost"": 20143.783137463048, ""mean_shortage_days"": 25.283461117196055, ""mean_cost_per_unit"": 40.60695451323862, ""capacity_utilization"": 4621362.95, ""feasible"": false, ""n_runs"": 20, ""eligibility"": ""NO_CONCLUSION""}, {""value"": 60.0, ""strategy_id"": ""S6"", ""mean_fill"": 0.9802525687570389, ""p_meet"": 0.55, ""mean_cost"": 37521875.8180876, ""mcse_cost"": 20143.783137463048, ""mean_shortage_days"": 25.283461117196055, ""mean_cost_per_unit"": 40.60695451323862, ""capacity_utilization"": 4621362.95, ""feasible"": false, ""n_runs"": 20, ""eligibility"": ""NO_CONCLUSION""}]",feasibility does not change between 7.0 and 60.0; no threshold inside the recorded range,,
S6,norepinephrine_1mgml_4ml,node_capital,product.capital_usd_per_site,15000000.0,40000000.0,100000000.0,False,False,,infeasible_everywhere,"[{""value"": 15000000.0, ""strategy_id"": ""S6"", ""mean_fill"": 0.9802525687570389, ""p_meet"": 0.55, ""mean_cost"": 27210666.576132387, ""mcse_cost"": 20143.783137463004, ""mean_shortage_days"": 25.283461117196055, ""mean_cost_per_unit"": 29.44771495024861, ""capacity_utilization"": 4621362.95, ""feasible"": false, ""n_runs"": 20, ""eligibility"": ""NO_CONCLUSION""}, {""value"": 100000000.0, ""strategy_id"": ""S6"", ""mean_fill"": 0.9802525687570389, ""p_meet"": 0.55, ""mean_cost"": 62268777.99878354, ""mcse_cost"": 20143.783137463022, ""mean_shortage_days"": 25.283461117196055, ""mean_cost_per_unit"": 67.38912946441835, ""capacity_utilization"": 4621362.95, ""feasible"": false, ""n_runs"": 20, ""eligibility"": ""NO_CONCLUSION""}]",feasibility does not change between 15000000.0 and 100000000.0; no threshold inside the recorded range,,
S6,norepinephrine_1mgml_4ml,batches_per_site_year,product.batches_per_site_year_nominal,30.0,45.0,70.0,False,False,,infeasible_everywhere,"[{""value"": 30.0, ""strategy_id"": ""S6"", ""mean_fill"": 0.8997888972918903, ""p_meet"": 0.0, ""mean_cost"": 37044612.28931601, ""mcse_cost"": 21303.539705560106, ""mean_shortage_days"": 108.32482886089812, ""mean_cost_per_unit"": 43.67577165453152, ""capacity_utilization"": 4243287.5, ""feasible"": false, ""n_runs"": 20, ""eligibility"": ""NO_CONCLUSION""}, {""value"": 70.0, ""strategy_id"": ""S6"", ""mean_fill"": 0.987845951286333, ""p_meet"": 0.55, ""mean_cost"": 37567571.83822227, ""mcse_cost"": 17790.676602748918, ""mean_shortage_days"": 17.582406900328586, ""mean_cost_per_unit"": 40.346834464372385, ""capacity_utilization"": 4655690.4, ""feasible"": false, ""n_runs"": 20, ""eligibility"": ""NO_CONCLUSION""}]",feasibility does not change between 30.0 and 70.0; no threshold inside the recorded range,,
S6,norepinephrine_1mgml_4ml,changeover_burden,product.changeover_days,1.0,3.0,10.0,False,False,,infeasible_everywhere,"[{""value"": 1.0, ""strategy_id"": ""S6"", ""mean_fill"": 0.9808368577697696, ""p_meet"": 0.55, ""mean_cost"": 37556906.0193003, ""mcse_cost"": 20301.526370044558, ""mean_shortage_days"": 23.71324616648412, ""mean_cost_per_unit"": 40.61914652235966, ""capacity_utilization"": 4624219.75, ""feasible"": false, ""n_runs"": 20, ""eligibility"": ""NO_CONCLUSION""}, {""value"": 10.0, ""strategy_id"": ""S6"", ""mean_fill"": 0.9263732895366219, ""p_meet"": 0.0, ""mean_cost"": 36909720.44514535, ""mcse_cost"": 15892.555985273817, ""mean_shortage_days"": 100.36373904709748, ""mean_cost_per_unit"": 42.26711358781254, ""capacity_utilization"": 4368049.6, ""feasible"": false, ""n_runs"": 20, ""eligibility"": ""NO_CONCLUSION""}]",feasibility does not change between 1.0 and 10.0; no threshold inside the recorded range,,
S7,norepinephrine_1mgml_4ml,capacity_utilization,product.annual_demand_units,500000.0,900000.0,1800000.0,False,False,,infeasible_everywhere,"[{""value"": 500000.0, ""strategy_id"": ""S7"", ""mean_fill"": 0.9837312723724707, ""p_meet"": 0.55, ""mean_cost"": 21237139.34501451, ""mcse_cost"": 34428.68456834513, ""mean_shortage_days"": 18.59254518072289, ""mean_cost_per_unit"": 41.23306771251284, ""capacity_utilization"": 2575643.45, ""feasible"": false, ""n_runs"": 20, ""eligibility"": ""NO_CONCLUSION""}, {""value"": 1800000.0, ""strategy_id"": ""S7"", ""mean_fill"": 0.6572643971922734, ""p_meet"": 0.0, ""mean_cost"": 22926717.758172285, ""mcse_cost"": 113843.66949002729, ""mean_shortage_days"": 240.16287650602402, ""mean_cost_per_unit"": 19.000688411918016, ""capacity_utilization"": 6177674.75, ""feasible"": false, ""n_runs"": 20, ""eligibility"": ""NO_CONCLUSION""}]",feasibility does not change between 500000.0 and 1800000.0; no threshold inside the recorded range,,
S7,norepinephrine_1mgml_4ml,fixed_qa_labor_per_node,product.fixed_qa_labor_usd_per_site_year,1500000.0,3000000.0,6000000.0,False,False,,infeasible_everywhere,"[{""value"": 1500000.0, ""strategy_id"": ""S7"", ""mean_fill"": 0.9627298491676324, ""p_meet"": 0.25, ""mean_cost"": 18881071.65461179, ""mcse_cost"": 46317.45020804433, ""mean_shortage_days"": 62.00848849945235, ""mean_cost_per_unit"": 20.82384854823295, ""capacity_utilization"": 4537303.25, ""feasible"": false, ""n_runs"": 20, ""eligibility"": ""NO_CONCLUSION""}, {""value"": 6000000.0, ""strategy_id"": ""S7"", ""mean_fill"": 0.9627298491676324, ""p_meet"": 0.25, ""mean_cost"": 28877871.747232873, ""mcse_cost"": 46317.45020804433, ""mean_shortage_days"": 62.00848849945235, ""mean_cost_per_unit"": 31.851918054771936, ""capacity_utilization"": 4537303.25, ""feasible"": false, ""n_runs"": 20, ""eligibility"": ""NO_CONCLUSION""}]",feasibility does not change between 1500000.0 and 6000000.0; no threshold inside the recorded range,,
S7,norepinephrine_1mgml_4ml,release_time,global.sterility_incubation_days,14.0,14.0,18.0,False,False,,infeasible_everywhere,"[{""value"": 14.0, ""strategy_id"": ""S7"", ""mean_fill"": 0.9627298491676324, ""p_meet"": 0.25, ""mean_cost"": 22213338.35215215, ""mcse_cost"": 46317.45020804433, ""mean_shortage_days"": 62.00848849945235, ""mean_cost_per_unit"": 24.499871717079277, ""capacity_utilization"": 4537303.25, ""feasible"": false, ""n_runs"": 20, ""eligibility"": ""NO_CONCLUSION""}, {""value"": 18.0, ""strategy_id"": ""S7"", ""mean_fill"": 0.9532030329320857, ""p_meet"": 0.2, ""mean_cost"": 22167678.18373438, ""mcse_cost"": 39948.32037777684, ""mean_shortage_days"": 84.1315169769989, ""mean_cost_per_unit"": 24.709322208562085, ""capacity_utilization"": 4491267.5, ""feasible"": false, ""n_runs"": 20, ""eligibility"": ""NO_CONCLUSION""}]",feasibility does not change between 14.0 and 18.0; no threshold inside the recorded range,,
S7,norepinephrine_1mgml_4ml,shelf_life,product.shelf_life_months,12.0,24.0,30.0,False,False,,infeasible_everywhere,"[{""value"": 12.0, ""strategy_id"": ""S7"", ""mean_fill"": 0.9627298491676324, ""p_meet"": 0.25, ""mean_cost"": 22213338.35215215, ""mcse_cost"": 46317.45020804433, ""mean_shortage_days"": 62.00848849945235, ""mean_cost_per_unit"": 24.499871717079277, ""capacity_utilization"": 4537303.25, ""feasible"": false, ""n_runs"": 20, ""eligibility"": ""NO_CONCLUSION""}, {""value"": 30.0, ""strategy_id"": ""S7"", ""mean_fill"": 0.9627298491676324, ""p_meet"": 0.25, ""mean_cost"": 22213338.35215215, ""mcse_cost"": 46317.45020804433, ""mean_shortage_days"": 62.00848849945235, ""mean_cost_per_unit"": 24.499871717079277, ""capacity_utilization"": 4537303.25, ""feasible"": false, ""n_runs"": 20, ""eligibility"": ""NO_CONCLUSION""}]",feasibility does not change between 12.0 and 30.0; no threshold inside the recorded range,,
S7,norepinephrine_1mgml_4ml,raw_material_lead_time,product.material_lead_time_days,30.0,90.0,240.0,False,False,,infeasible_everywhere,"[{""value"": 30.0, ""strategy_id"": ""S7"", ""mean_fill"": 0.9617376021095145, ""p_meet"": 0.2, ""mean_cost"": 22198755.81839139, ""mcse_cost"": 44597.12372693626, ""mean_shortage_days"": 61.98848576122673, ""mean_cost_per_unit"": 24.522153267534183, ""capacity_utilization"": 4530983.05, ""feasible"": false, ""n_runs"": 20, ""eligibility"": ""NO_CONCLUSION""}, {""value"": 240.0, ""strategy_id"": ""S7"", ""mean_fill"": 0.959461018318636, ""p_meet"": 0.2, ""mean_cost"": 22229215.564438548, ""mcse_cost"": 46783.94459366357, ""mean_shortage_days"": 71.19974671412925, ""mean_cost_per_unit"": 24.617341809504314, ""capacity_utilization"": 4520764.45, ""feasible"": false, ""n_runs"": 20, ""eligibility"": ""NO_CONCLUSION""}]",feasibility does not change between 30.0 and 240.0; no threshold inside the recorded range,,
S7,norepinephrine_1mgml_4ml,common_cause_dependence,global.common_cause_events_per_year,0.02,0.1,0.3,False,False,,infeasible_everywhere,"[{""value"": 0.02, ""strategy_id"": ""S7"", ""mean_fill"": 0.9717364418162193, ""p_meet"": 0.3, ""mean_cost"": 22234228.96220785, ""mcse_cost"": 41943.09551492738, ""mean_shortage_days"": 53.06726451259583, ""mean_cost_per_unit"": 24.28247369556939, ""capacity_utilization"": 4579610.15, ""feasible"": false, ""n_runs"": 20, ""eligibility"": ""NO_CONCLUSION""}, {""value"": 0.3, ""strategy_id"": ""S7"", ""mean_fill"": 0.9384182642755091, ""p_meet"": 0.1, ""mean_cost"": 22157865.941714413, ""mcse_cost"": 51525.91927709814, ""mean_shortage_days"": 79.4908817086528, ""mean_cost_per_unit"": 25.152457636132795, ""capacity_utilization"": 4419147.5, ""feasible"": false, ""n_runs"": 20, ""eligibility"": ""NO_CONCLUSION""}]",feasibility does not change between 0.02 and 0.3; no threshold inside the recorded range,,
S7,norepinephrine_1mgml_4ml,supplier_concentration,global.supplier_disruptions_per_supplier_year,0.05,0.2,0.6,False,False,,infeasible_everywhere,"[{""value"": 0.05, ""strategy_id"": ""S7"", ""mean_fill"": 0.9732795840671609, ""p_meet"": 0.35, ""mean_cost"": 22239334.253481776, ""mcse_cost"": 45375.03151726758, ""mean_shortage_days"": 53.697350766703174, ""mean_cost_per_unit"": 24.25643898264976, ""capacity_utilization"": 4586930.9, ""feasible"": false, ""n_runs"": 20, ""eligibility"": ""NO_CONCLUSION""}, {""value"": 0.6, ""strategy_id"": ""S7"", ""mean_fill"": 0.9277965014033412, ""p_meet"": 0.15, ""mean_cost"": 22122064.471007053, ""mcse_cost"": 47867.45642672956, ""mean_shortage_days"": 90.03232475355969, ""mean_cost_per_unit"": 25.35754932735116, ""capacity_utilization"": 4372616.1, ""feasible"": false, ""n_runs"": 20, ""eligibility"": ""NO_CONCLUSION""}]",feasibility does not change between 0.05 and 0.6; no threshold inside the recorded range,,
S7,norepinephrine_1mgml_4ml,commissioning_days,global.node_commissioning_days,365.0,730.0,1095.0,False,False,,infeasible_everywhere,"[{""value"": 365.0, ""strategy_id"": ""S7"", ""mean_fill"": 0.9627298491676324, ""p_meet"": 0.25, ""mean_cost"": 22213338.35215215, ""mcse_cost"": 46317.45020804433, ""mean_shortage_days"": 62.00848849945235, ""mean_cost_per_unit"": 24.499871717079277, ""capacity_utilization"": 4537303.25, ""feasible"": false, ""n_runs"": 20, ""eligibility"": ""NO_CONCLUSION""}, {""value"": 1095.0, ""strategy_id"": ""S7"", ""mean_fill"": 0.9627298491676324, ""p_meet"": 0.25, ""mean_cost"": 22213338.35215215, ""mcse_cost"": 46317.45020804433, ""mean_shortage_days"": 62.00848849945235, ""mean_cost_per_unit"": 24.499871717079277, ""capacity_utilization"": 4537303.25, ""feasible"": false, ""n_runs"": 20, ""eligibility"": ""NO_CONCLUSION""}]",feasibility does not change between 365.0 and 1095.0; no threshold inside the recorded range,,
S7,norepinephrine_1mgml_4ml,activation_latency_days,global.reserved_capacity_activation_days,7.0,21.0,60.0,False,False,,infeasible_everywhere,"[{""value"": 7.0, ""strategy_id"": ""S7"", ""mean_fill"": 0.9627298491676324, ""p_meet"": 0.25, ""mean_cost"": 22213338.35215215, ""mcse_cost"": 46317.45020804433, ""mean_shortage_days"": 62.00848849945235, ""mean_cost_per_unit"": 24.499871717079277, ""capacity_utilization"": 4537303.25, ""feasible"": false, ""n_runs"": 20, ""eligibility"": ""NO_CONCLUSION""}, {""value"": 60.0, ""strategy_id"": ""S7"", ""mean_fill"": 0.9627298491676324, ""p_meet"": 0.25, ""mean_cost"": 22213338.35215215, ""mcse_cost"": 46317.45020804433, ""mean_shortage_days"": 62.00848849945235, ""mean_cost_per_unit"": 24.499871717079277, ""capacity_utilization"": 4537303.25, ""feasible"": false, ""n_runs"": 20, ""eligibility"": ""NO_CONCLUSION""}]",feasibility does not change between 7.0 and 60.0; no threshold inside the recorded range,,
S7,norepinephrine_1mgml_4ml,node_capital,product.capital_usd_per_site,15000000.0,40000000.0,100000000.0,False,False,,infeasible_everywhere,"[{""value"": 15000000.0, ""strategy_id"": ""S7"", ""mean_fill"": 0.9627298491676324, ""p_meet"": 0.25, ""mean_cost"": 14786199.428575048, ""mcse_cost"": 46317.4502080443, ""mean_shortage_days"": 62.00848849945235, ""mean_cost_per_unit"": 16.30654950146477, ""capacity_utilization"": 4537303.25, ""feasible"": false, ""n_runs"": 20, ""eligibility"": ""NO_CONCLUSION""}, {""value"": 100000000.0, ""strategy_id"": ""S7"", ""mean_fill"": 0.9627298491676324, ""p_meet"": 0.25, ""mean_cost"": 40038471.76873455, ""mcse_cost"": 46317.4502080444, ""mean_shortage_days"": 62.00848849945235, ""mean_cost_per_unit"": 44.16384503455119, ""capacity_utilization"": 4537303.25, ""feasible"": false, ""n_runs"": 20, ""eligibility"": ""NO_CONCLUSION""}]",feasibility does not change between 15000000.0 and 100000000.0; no threshold inside the recorded range,,
S7,norepinephrine_1mgml_4ml,batches_per_site_year,product.batches_per_site_year_nominal,30.0,45.0,70.0,False,False,,infeasible_everywhere,"[{""value"": 30.0, ""strategy_id"": ""S7"", ""mean_fill"": 0.795681384052169, ""p_meet"": 0.0, ""mean_cost"": 21774559.661217134, ""mcse_cost"": 58554.36953634642, ""mean_shortage_days"": 211.93901286966042, ""mean_cost_per_unit"": 29.297315140020732, ""capacity_utilization"": 3747223.4, ""feasible"": false, ""n_runs"": 20, ""eligibility"": ""NO_CONCLUSION""}, {""value"": 70.0, ""strategy_id"": ""S7"", ""mean_fill"": 0.9727326814128157, ""p_meet"": 0.3, ""mean_cost"": 22251719.055874802, ""mcse_cost"": 43875.60788893559, ""mean_shortage_days"": 49.13672645125958, ""mean_cost_per_unit"": 24.271681697205736, ""capacity_utilization"": 4584946.2, ""feasible"": false, ""n_runs"": 20, ""eligibility"": ""NO_CONCLUSION""}]",feasibility does not change between 30.0 and 70.0; no threshold inside the recorded range,,
S7,norepinephrine_1mgml_4ml,changeover_burden,product.changeover_days,1.0,3.0,10.0,False,False,,infeasible_everywhere,"[{""value"": 1.0, ""strategy_id"": ""S7"", ""mean_fill"": 0.9629365110217256, ""p_meet"": 0.2, ""mean_cost"": 22221434.32684582, ""mcse_cost"": 46855.64616622317, ""mean_shortage_days"": 58.61802437020809, ""mean_cost_per_unit"": 24.498206050868802, ""capacity_utilization"": 4538039.15, ""feasible"": false, ""n_runs"": 20, ""eligibility"": ""NO_CONCLUSION""}, {""value"": 10.0, ""strategy_id"": ""S7"", ""mean_fill"": 0.8495007172384085, ""p_meet"": 0.05, ""mean_cost"": 21902085.404476337, ""mcse_cost"": 52432.579672318745, ""mean_shortage_days"": 193.376471796276, ""mean_cost_per_unit"": 27.512331687611066, ""capacity_utilization"": 4000096.0, ""feasible"": false, ""n_runs"": 20, ""eligibility"": ""NO_CONCLUSION""}]",feasibility does not change between 1.0 and 10.0; no threshold inside the recorded range,,
S8,norepinephrine_1mgml_4ml,capacity_utilization,product.annual_demand_units,500000.0,900000.0,1800000.0,True,False,642187.5,feasible_below,"[{""value"": 500000.0, ""strategy_id"": ""S8"", ""mean_fill"": 0.9949298519250274, ""p_meet"": 0.95, ""mean_cost"": 21286232.15288589, ""mcse_cost"": 7225.815809583897, ""mean_shortage_days"": 10.291408817086527, ""mean_cost_per_unit"": 40.84991217474466, ""capacity_utilization"": 2605555.5, ""feasible"": true, ""n_runs"": 20, ""eligibility"": ""NO_CONCLUSION""}, {""value"": 1800000.0, ""strategy_id"": ""S8"", ""mean_fill"": 0.960508608986143, ""p_meet"": 0.0, ""mean_cost"": 24095769.928428095, ""mcse_cost"": 41368.72189508474, ""mean_shortage_days"": 65.71899644030665, ""mean_cost_per_unit"": 13.306568319833536, ""capacity_utilization"": 9054386.45, ""feasible"": false, ""n_runs"": 20, ""eligibility"": ""NO_CONCLUSION""}, {""value"": 1150000.0, ""strategy_id"": ""S8"", ""mean_fill"": 0.9933549615410243, ""p_meet"": 0.8, ""mean_cost"": 22934159.359398335, ""mcse_cost"": 13366.203626730792, ""mean_shortage_days"": 11.93163335158817, ""mean_cost_per_unit"": 19.16599862706755, ""capacity_utilization"": 5983017.5, ""feasible"": false, ""n_runs"": 20, ""eligibility"": ""NO_CONCLUSION""}, {""value"": 825000.0, ""strategy_id"": ""S8"", ""mean_fill"": 0.993986231813136, ""p_meet"": 0.8, ""mean_cost"": 22103535.1747516, ""mcse_cost"": 8498.320535371347, ""mean_shortage_days"": 10.001369112814896, ""mean_cost_per_unit"": 25.73245536526725, ""capacity_utilization"": 4294874.3, ""feasible"": false, ""n_runs"": 20, ""eligibility"": ""NO_CONCLUSION""}, {""value"": 662500.0, ""strategy_id"": ""S8"", ""mean_fill"": 0.9947998310512327, ""p_meet"": 0.85, ""mean_cost"": 21666146.070701595, ""mcse_cost"": 6231.364433834045, ""mean_shortage_days"": 9.561308871851042, ""mean_cost_per_unit"": 31.384335732357165, ""capacity_utilization"": 3451795.85, ""feasible"": false, ""n_runs"": 20, ""eligibility"": ""NO_CONCLUSION""}, {""value"": 581250.0, ""strategy_id"": ""S8"", ""mean_fill"": 0.9956714289122314, ""p_meet"": 0.9, ""mean_cost"": 21502482.55039238, ""mcse_cost"": 10330.4962617726, ""mean_shortage_days"": 8.061103504928806, ""mean_cost_per_unit"": 35.46981446541814, ""capacity_utilization"": 3031110.95, ""feasible"": true, ""n_runs"": 20, ""eligibility"": ""NO_CONCLUSION""}, {""value"": 621875.0, ""strategy_id"": ""S8"", ""mean_fill"": 0.9963239761411021, ""p_meet"": 0.95, ""mean_cost"": 21615745.767239008, ""mcse_cost"": 7743.727368842194, ""mean_shortage_days"": 7.11097343921139, ""mean_cost_per_unit"": 33.30655290089797, ""capacity_utilization"": 3245221.85, ""feasible"": true, ""n_runs"": 20, ""eligibility"": ""NO_CONCLUSION""}]",bisection over 5 steps on 20 paired runs,621875.0,662500.0
S8,norepinephrine_1mgml_4ml,fixed_qa_labor_per_node,product.fixed_qa_labor_usd_per_site_year,1500000.0,3000000.0,6000000.0,True,True,,feasible_everywhere,"[{""value"": 1500000.0, ""strategy_id"": ""S8"", ""mean_fill"": 0.995315548934858, ""p_meet"": 0.9, ""mean_cost"": 19713386.568754606, ""mcse_cost"": 12489.072648987818, ""mean_shortage_days"": 8.541169222343921, ""mean_cost_per_unit"": 21.00939581789246, ""capacity_utilization"": 4691776.5, ""feasible"": true, ""n_runs"": 20, ""eligibility"": ""NO_CONCLUSION""}, {""value"": 6000000.0, ""strategy_id"": ""S8"", ""mean_fill"": 0.995315548934858, ""p_meet"": 0.9, ""mean_cost"": 27512627.638657153, ""mcse_cost"": 12489.072648987894, ""mean_shortage_days"": 8.541169222343921, ""mean_cost_per_unit"": 29.32146694065208, ""capacity_utilization"": 4691776.5, ""feasible"": true, ""n_runs"": 20, ""eligibility"": ""NO_CONCLUSION""}]",feasibility does not change between 1500000.0 and 6000000.0; no threshold inside the recorded range,,
S8,norepinephrine_1mgml_4ml,release_time,global.sterility_incubation_days,14.0,14.0,18.0,True,True,,feasible_everywhere,"[{""value"": 14.0, ""strategy_id"": ""S8"", ""mean_fill"": 0.995315548934858, ""p_meet"": 0.9, ""mean_cost"": 22313133.592055455, ""mcse_cost"": 12489.072648987898, ""mean_shortage_days"": 8.541169222343921, ""mean_cost_per_unit"": 23.780086192145667, ""capacity_utilization"": 4691776.5, ""feasible"": true, ""n_runs"": 20, ""eligibility"": ""NO_CONCLUSION""}, {""value"": 18.0, ""strategy_id"": ""S8"", ""mean_fill"": 0.9942481327785491, ""p_meet"": 0.9, ""mean_cost"": 22301817.924651224, ""mcse_cost"": 9711.146028557647, ""mean_shortage_days"": 9.411288335158819, ""mean_cost_per_unit"": 23.794043372828437, ""capacity_utilization"": 4686645.4, ""feasible"": true, ""n_runs"": 20, ""eligibility"": ""NO_CONCLUSION""}]",feasibility does not change between 14.0 and 18.0; no threshold inside the recorded range,,
S8,norepinephrine_1mgml_4ml,shelf_life,product.shelf_life_months,12.0,24.0,30.0,False,True,21.28125,feasible_above,"[{""value"": 12.0, ""strategy_id"": ""S8"", ""mean_fill"": 0.9840579775186464, ""p_meet"": 0.65, ""mean_cost"": 22735443.952914, ""mcse_cost"": 15536.090627534966, ""mean_shortage_days"": 26.833673329682362, ""mean_cost_per_unit"": 24.510816236397027, ""capacity_utilization"": 4638324.85, ""feasible"": false, ""n_runs"": 20, ""eligibility"": ""NO_CONCLUSION""}, {""value"": 30.0, ""strategy_id"": ""S8"", ""mean_fill"": 0.9952027025530953, ""p_meet"": 0.9, ""mean_cost"": 22298080.953036398, ""mcse_cost"": 8360.055891143393, ""mean_shortage_days"": 8.961226725082145, ""mean_cost_per_unit"": 23.766876260531188, ""capacity_utilization"": 4691235.55, ""feasible"": true, ""n_runs"": 20, ""eligibility"": ""NO_CONCLUSION""}, {""value"": 21.0, ""strategy_id"": ""S8"", ""mean_fill"": 0.994996355099874, ""p_meet"": 0.85, ""mean_cost"": 22339349.330188613, ""mcse_cost"": 9933.213189486401, ""mean_shortage_days"": 9.31127464403067, ""mean_cost_per_unit"": 23.81552448368103, ""capacity_utilization"": 4690249.65, ""feasible"": false, ""n_runs"": 20, ""eligibility"": ""NO_CONCLUSION""}, {""value"": 25.5, ""strategy_id"": ""S8"", ""mean_fill"": 0.9952027025530953, ""p_meet"": 0.9, ""mean_cost"": 22301610.54594065, ""mcse_cost"": 9243.31112241982, ""mean_shortage_days"": 8.961226725082145, ""mean_cost_per_unit"": 23.770674617237866, ""capacity_utilization"": 4691235.55, ""feasible"": true, ""n_runs"": 20, ""eligibility"": ""NO_CONCLUSION""}, {""value"": 23.25, ""strategy_id"": ""S8"", ""mean_fill"": 0.9957027770394731, ""p_meet"": 0.95, ""mean_cost"": 22325700.62114227, ""mcse_cost"": 9888.588216953502, ""mean_shortage_days"": 8.341141840087625, ""mean_cost_per_unit"": 23.784330860808748, ""capacity_utilization"": 4693621.9, ""feasible"": true, ""n_runs"": 20, ""eligibility"": ""NO_CONCLUSION""}, {""value"": 22.125, ""strategy_id"": ""S8"", ""mean_fill"": 0.9951420035258444, ""p_meet"": 0.9, ""mean_cost"": 22327732.463844247, ""mcse_cost"": 13524.990625062166, ""mean_shortage_days"": 9.11124726177437, ""mean_cost_per_unit"": 23.799699078882362, ""capacity_utilization"": 4690966.25, ""feasible"": true, ""n_runs"": 20, ""eligibility"": ""NO_CONCLUSION""}, {""value"": 21.5625, ""strategy_id"": ""S8"", ""mean_fill"": 0.9950086158966069, ""p_meet"": 0.9, ""mean_cost"": 22337288.2424752, ""mcse_cost"": 12440.285748389031, ""mean_shortage_days"": 8.85121166484118, ""mean_cost_per_unit"": 23.813305064284002, ""capacity_utilization"": 4690324.65, ""feasible"": true, ""n_runs"": 20, ""eligibility"": ""NO_CONCLUSION""}]",bisection over 5 steps on 20 paired runs,21.0,21.5625
S8,norepinephrine_1mgml_4ml,raw_material_lead_time,product.material_lead_time_days,30.0,90.0,240.0,True,True,,feasible_everywhere,"[{""value"": 30.0, ""strategy_id"": ""S8"", ""mean_fill"": 0.9952306272013592, ""p_meet"": 0.95, ""mean_cost"": 22314192.227437165, ""mcse_cost"": 10869.005380677201, ""mean_shortage_days"": 8.551170591456735, ""mean_cost_per_unit"": 23.78356972945698, ""capacity_utilization"": 4691370.75, ""feasible"": true, ""n_runs"": 20, ""eligibility"": ""NO_CONCLUSION""}, {""value"": 240.0, ""strategy_id"": ""S8"", ""mean_fill"": 0.9954133933530123, ""p_meet"": 0.9, ""mean_cost"": 22330556.779835805, ""mcse_cost"": 10102.45402049706, ""mean_shortage_days"": 9.241265060240965, ""mean_cost_per_unit"": 23.795076999488685, ""capacity_utilization"": 4692125.9, ""feasible"": true, ""n_runs"": 20, ""eligibility"": ""NO_CONCLUSION""}]",feasibility does not change between 30.0 and 240.0; no threshold inside the recorded range,,
S8,norepinephrine_1mgml_4ml,common_cause_dependence,global.common_cause_events_per_year,0.02,0.1,0.3,True,False,0.190625,feasible_below,"[{""value"": 0.02, ""strategy_id"": ""S8"", ""mean_fill"": 0.995270699768192, ""p_meet"": 0.9, ""mean_cost"": 22323503.393323712, ""mcse_cost"": 11259.886923498576, ""mean_shortage_days"": 8.301136363636363, ""mean_cost_per_unit"": 23.79225332023274, ""capacity_utilization"": 4691562.15, ""feasible"": true, ""n_runs"": 20, ""eligibility"": ""NO_CONCLUSION""}, {""value"": 0.3, ""strategy_id"": ""S8"", ""mean_fill"": 0.9934251226706159, ""p_meet"": 0.8, ""mean_cost"": 22292737.615655467, ""mcse_cost"": 7985.339294708117, ""mean_shortage_days"": 12.181667579408543, ""mean_cost_per_unit"": 23.803918349782325, ""capacity_utilization"": 4682523.9, ""feasible"": false, ""n_runs"": 20, ""eligibility"": ""NO_CONCLUSION""}, {""value"": 0.16, ""strategy_id"": ""S8"", ""mean_fill"": 0.99509482052295, ""p_meet"": 0.9, ""mean_cost"": 22314994.70831612, ""mcse_cost"": 15632.592202863758, ""mean_shortage_days"": 9.351280120481928, ""mean_cost_per_unit"": 23.787192425515777, ""capacity_utilization"": 4690750.0, ""feasible"": true, ""n_runs"": 20, ""eligibility"": ""NO_CONCLUSION""}, {""value"": 0.22999999999999998, ""strategy_id"": ""S8"", ""mean_fill"": 0.9935831615597361, ""p_meet"": 0.8, ""mean_cost"": 22297812.29629625, ""mcse_cost"": 11930.701872375581, ""mean_shortage_days"": 11.351553943044907, ""mean_cost_per_unit"": 23.80472020775078, ""capacity_utilization"": 4683404.75, ""feasible"": false, ""n_runs"": 20, ""eligibility"": ""NO_CONCLUSION""}, {""value"": 0.195, ""strategy_id"": ""S8"", ""mean_fill"": 0.9941441858250878, ""p_meet"": 0.85, ""mean_cost"": 22296251.739136748, ""mcse_cost"": 12307.013948409985, ""mean_shortage_days"": 10.60145125958379, ""mean_cost_per_unit"": 23.789542984761972, ""capacity_utilization"": 4686105.9, ""feasible"": false, ""n_runs"": 20, ""eligibility"": ""NO_CONCLUSION""}, {""value"": 0.1775, ""strategy_id"": ""S8"", ""mean_fill"": 0.995106694090547, ""p_meet"": 0.9, ""mean_cost"": 22303918.505727537, ""mcse_cost"": 12987.643653489295, ""mean_shortage_days"": 9.391285596933187, ""mean_cost_per_unit"": 23.775031127129818, ""capacity_utilization"": 4690805.45, ""feasible"": true, ""n_runs"": 20, ""eligibility"": ""NO_CONCLUSION""}, {""value"": 0.18625, ""strategy_id"": ""S8"", ""mean_fill"": 0.9949488579865011, ""p_meet"": 0.9, ""mean_cost"": 22294896.247943364, ""mcse_cost"": 12033.786274801812, ""mean_shortage_days"": 9.881352683461117, ""mean_cost_per_unit"": 23.76928133263892, ""capacity_utilization"": 4690063.4, ""feasible"": true, ""n_runs"": 20, ""eligibility"": ""NO_CONCLUSION""}]",bisection over 5 steps on 20 paired runs,0.18625,0.195
S8,norepinephrine_1mgml_4ml,supplier_concentration,global.supplier_disruptions_per_supplier_year,0.05,0.2,0.6,True,False,0.28203125,feasible_below,"[{""value"": 0.05, ""strategy_id"": ""S8"", ""mean_fill"": 0.9973030379148307, ""p_meet"": 1.0, ""mean_cost"": 22327495.79265446, ""mcse_cost"": 11199.392232581042, ""mean_shortage_days"": 6.500889923329682, ""mean_cost_per_unit"": 23.747490513077516, ""capacity_utilization"": 4701230.0, ""feasible"": true, ""n_runs"": 20, ""eligibility"": ""NO_CONCLUSION""}, {""value"": 0.6, ""strategy_id"": ""S8"", ""mean_fill"": 0.9925908609061447, ""p_meet"": 0.7, ""mean_cost"": 22294708.677561864, ""mcse_cost"": 13758.171104294084, ""mean_shortage_days"": 13.231811336254106, ""mean_cost_per_unit"": 23.826280172246587, ""capacity_utilization"": 4679153.25, ""feasible"": false, ""n_runs"": 20, ""eligibility"": ""NO_CONCLUSION""}, {""value"": 0.325, ""strategy_id"": ""S8"", ""mean_fill"": 0.994831917904268, ""p_meet"": 0.85, ""mean_cost"": 22307354.9298657, ""mcse_cost"": 9081.212645286529, ""mean_shortage_days"": 10.241401971522453, ""mean_cost_per_unit"": 23.78546694344476, ""capacity_utilization"": 4689574.35, ""feasible"": false, ""n_runs"": 20, ""eligibility"": ""NO_CONCLUSION""}, {""value"": 0.1875, ""strategy_id"": ""S8"", ""mean_fill"": 0.995699324064973, ""p_meet"": 0.9, ""mean_cost"": 22328985.204676744, ""mcse_cost"": 14457.573589161158, ""mean_shortage_days"": 7.971091182913473, ""mean_cost_per_unit"": 23.78793448375683, ""capacity_utilization"": 4693654.65, ""feasible"": true, ""n_runs"": 20, ""eligibility"": ""NO_CONCLUSION""}, {""value"": 0.25625, ""strategy_id"": ""S8"", ""mean_fill"": 0.995387527956378, ""p_meet"": 0.95, ""mean_cost"": 22306997.652558535, ""mcse_cost"": 10592.482083144261, ""mean_shortage_days"": 8.871214403066812, ""mean_cost_per_unit"": 23.77206206468723, ""capacity_utilization"": 4692142.2, ""feasible"": true, ""n_runs"": 20, ""eligibility"": ""NO_CONCLUSION""}, {""value"": 0.290625, ""strategy_id"": ""S8"", ""mean_fill"": 0.9934101574161673, ""p_meet"": 0.8, ""mean_cost"": 22300052.202895306, ""mcse_cost"": 9467.27215032659, ""mean_shortage_days"": 11.521577217962761, ""mean_cost_per_unit"": 23.812409658735213, ""capacity_utilization"": 4682883.25, ""feasible"": false, ""n_runs"": 20, ""eligibility"": ""NO_CONCLUSION""}, {""value"": 0.2734375, ""strategy_id"": ""S8"", ""mean_fill"": 0.9947718505701924, ""p_meet"": 0.9, ""mean_cost"": 22301875.945745796, ""mcse_cost"": 9134.992204417178, ""mean_shortage_days"": 9.841347207009857, ""mean_cost_per_unit"": 23.78117001639444, ""capacity_utilization"": 4689231.2, ""feasible"": true, ""n_runs"": 20, ""eligibility"": ""NO_CONCLUSION""}]",bisection over 5 steps on 20 paired runs,0.2734375,0.290625
S8,norepinephrine_1mgml_4ml,commissioning_days,global.node_commissioning_days,365.0,730.0,1095.0,True,True,,feasible_everywhere,"[{""value"": 365.0, ""strategy_id"": ""S8"", ""mean_fill"": 0.995315548934858, ""p_meet"": 0.9, ""mean_cost"": 22313133.592055455, ""mcse_cost"": 12489.072648987898, ""mean_shortage_days"": 8.541169222343921, ""mean_cost_per_unit"": 23.780086192145667, ""capacity_utilization"": 4691776.5, ""feasible"": true, ""n_runs"": 20, ""eligibility"": ""NO_CONCLUSION""}, {""value"": 1095.0, ""strategy_id"": ""S8"", ""mean_fill"": 0.995315548934858, ""p_meet"": 0.9, ""mean_cost"": 22313133.592055455, ""mcse_cost"": 12489.072648987898, ""mean_shortage_days"": 8.541169222343921, ""mean_cost_per_unit"": 23.780086192145667, ""capacity_utilization"": 4691776.5, ""feasible"": true, ""n_runs"": 20, ""eligibility"": ""NO_CONCLUSION""}]",feasibility does not change between 365.0 and 1095.0; no threshold inside the recorded range,,
S8,norepinephrine_1mgml_4ml,activation_latency_days,global.reserved_capacity_activation_days,7.0,21.0,60.0,True,True,,feasible_everywhere,"[{""value"": 7.0, ""strategy_id"": ""S8"", ""mean_fill"": 0.995315548934858, ""p_meet"": 0.9, ""mean_cost"": 22313133.592055455, ""mcse_cost"": 12489.072648987898, ""mean_shortage_days"": 8.541169222343921, ""mean_cost_per_unit"": 23.780086192145667, ""capacity_utilization"": 4691776.5, ""feasible"": true, ""n_runs"": 20, ""eligibility"": ""NO_CONCLUSION""}, {""value"": 60.0, ""strategy_id"": ""S8"", ""mean_fill"": 0.995315548934858, ""p_meet"": 0.9, ""mean_cost"": 22313133.592055455, ""mcse_cost"": 12489.072648987898, ""mean_shortage_days"": 8.541169222343921, ""mean_cost_per_unit"": 23.780086192145667, ""capacity_utilization"": 4691776.5, ""feasible"": true, ""n_runs"": 20, ""eligibility"": ""NO_CONCLUSION""}]",feasibility does not change between 7.0 and 60.0; no threshold inside the recorded range,,
S8,norepinephrine_1mgml_4ml,node_capital,product.capital_usd_per_site,15000000.0,40000000.0,100000000.0,True,True,,feasible_everywhere,"[{""value"": 15000000.0, ""strategy_id"": ""S8"", ""mean_fill"": 0.995315548934858, ""p_meet"": 0.9, ""mean_cost"": 13934131.628418038, ""mcse_cost"": 12489.072648987918, ""mean_shortage_days"": 8.541169222343921, ""mean_cost_per_unit"": 14.85013267035167, ""capacity_utilization"": 4691776.5, ""feasible"": true, ""n_runs"": 20, ""eligibility"": ""NO_CONCLUSION""}, {""value"": 100000000.0, ""strategy_id"": ""S8"", ""mean_fill"": 0.995315548934858, ""p_meet"": 0.9, ""mean_cost"": 42422738.3047804, ""mcse_cost"": 12489.072648987974, ""mean_shortage_days"": 8.541169222343921, ""mean_cost_per_unit"": 45.2119746444461, ""capacity_utilization"": 4691776.5, ""feasible"": true, ""n_runs"": 20, ""eligibility"": ""NO_CONCLUSION""}]",feasibility does not change between 15000000.0 and 100000000.0; no threshold inside the recorded range,,
S8,norepinephrine_1mgml_4ml,batches_per_site_year,product.batches_per_site_year_nominal,30.0,45.0,70.0,False,True,43.125,feasible_above,"[{""value"": 30.0, ""strategy_id"": ""S8"", ""mean_fill"": 0.9900727754831345, ""p_meet"": 0.65, ""mean_cost"": 22241957.317487277, ""mcse_cost"": 9738.293073571944, ""mean_shortage_days"": 20.092750547645128, ""mean_cost_per_unit"": 23.83021700561529, ""capacity_utilization"": 4666847.0, ""feasible"": false, ""n_runs"": 20, ""eligibility"": ""NO_CONCLUSION""}, {""value"": 70.0, ""strategy_id"": ""S8"", ""mean_fill"": 0.9950862883711574, ""p_meet"": 0.9, ""mean_cost"": 22352218.42042437, ""mcse_cost"": 12014.611862538308, ""mean_shortage_days"": 9.03123630887185, ""mean_cost_per_unit"": 23.82802211348034, ""capacity_utilization"": 4690542.55, ""feasible"": true, ""n_runs"": 20, ""eligibility"": ""NO_CONCLUSION""}, {""value"": 50.0, ""strategy_id"": ""S8"", ""mean_fill"": 0.9948763892640275, ""p_meet"": 0.9, ""mean_cost"": 22315212.016983323, ""mcse_cost"": 13924.826132814707, ""mean_shortage_days"": 9.54130613362541, ""mean_cost_per_unit"": 23.7931523589591, ""capacity_utilization"": 4689564.4, ""feasible"": true, ""n_runs"": 20, ""eligibility"": ""NO_CONCLUSION""}, {""value"": 40.0, ""strategy_id"": ""S8"", ""mean_fill"": 0.9952143124614146, ""p_meet"": 0.85, ""mean_cost"": 22316310.848998807, ""mcse_cost"": 11418.15439346255, ""mean_shortage_days"": 8.611178806133625, ""mean_cost_per_unit"": 23.78668418570948, ""capacity_utilization"": 4691177.55, ""feasible"": false, ""n_runs"": 20, ""eligibility"": ""NO_CONCLUSION""}, {""value"": 45.0, ""strategy_id"": ""S8"", ""mean_fill"": 0.995315548934858, ""p_meet"": 0.9, ""mean_cost"": 22313133.592055455, ""mcse_cost"": 12489.072648987898, ""mean_shortage_days"": 8.541169222343921, ""mean_cost_per_unit"": 23.780086192145667, ""capacity_utilization"": 4691776.5, ""feasible"": true, ""n_runs"": 20, ""eligibility"": ""NO_CONCLUSION""}, {""value"": 42.5, ""strategy_id"": ""S8"", ""mean_fill"": 0.9951458840141776, ""p_meet"": 0.85, ""mean_cost"": 22327770.916752115, ""mcse_cost"": 11016.937411682951, ""mean_shortage_days"": 8.851211664841182, ""mean_cost_per_unit"": 23.800545799138703, ""capacity_utilization"": 4690857.35, ""feasible"": false, ""n_runs"": 20, ""eligibility"": ""NO_CONCLUSION""}, {""value"": 43.75, ""strategy_id"": ""S8"", ""mean_fill"": 0.9952734141654489, ""p_meet"": 0.9, ""mean_cost"": 22314635.07028254, ""mcse_cost"": 10685.571962411143, ""mean_shortage_days"": 8.631181544359256, ""mean_cost_per_unit"": 23.782737826970678, ""capacity_utilization"": 4691579.15, ""feasible"": true, ""n_runs"": 20, ""eligibility"": ""NO_CONCLUSION""}]",bisection over 5 steps on 20 paired runs,42.5,43.75
S8,norepinephrine_1mgml_4ml,changeover_burden,product.changeover_days,1.0,3.0,10.0,True,False,7.609375,feasible_below,"[{""value"": 1.0, ""strategy_id"": ""S8"", ""mean_fill"": 0.9957031905505239, ""p_meet"": 0.9, ""mean_cost"": 22326168.84954942, ""mcse_cost"": 11034.62356417205, ""mean_shortage_days"": 8.60117743702081, ""mean_cost_per_unit"": 23.785423057754645, ""capacity_utilization"": 4693497.9, ""feasible"": true, ""n_runs"": 20, ""eligibility"": ""NO_CONCLUSION""}, {""value"": 10.0, ""strategy_id"": ""S8"", ""mean_fill"": 0.9914152581921216, ""p_meet"": 0.75, ""mean_cost"": 22262907.97573732, ""mcse_cost"": 10179.949911596284, ""mean_shortage_days"": 16.79229874041621, ""mean_cost_per_unit"": 23.821056337129548, ""capacity_utilization"": 4673064.55, ""feasible"": false, ""n_runs"": 20, ""eligibility"": ""NO_CONCLUSION""}, {""value"": 5.5, ""strategy_id"": ""S8"", ""mean_fill"": 0.9945722561678204, ""p_meet"": 0.95, ""mean_cost"": 22299288.643058747, ""mcse_cost"": 11103.989249699212, ""mean_shortage_days"": 9.631318455640745, ""mean_cost_per_unit"": 23.783478148449042, ""capacity_utilization"": 4688236.15, ""feasible"": true, ""n_runs"": 20, ""eligibility"": ""NO_CONCLUSION""}, {""value"": 7.75, ""strategy_id"": ""S8"", ""mean_fill"": 0.9929478777071112, ""p_meet"": 0.8, ""mean_cost"": 22280514.20536844, ""mcse_cost"": 11979.913287501098, ""mean_shortage_days"": 12.481708652792992, ""mean_cost_per_unit"": 23.802673511931253, ""capacity_utilization"": 4680309.8, ""feasible"": false, ""n_runs"": 20, ""eligibility"": ""NO_CONCLUSION""}, {""value"": 6.625, ""strategy_id"": ""S8"", ""mean_fill"": 0.9936223466904164, ""p_meet"": 0.9, ""mean_cost"": 22308078.502588503, ""mcse_cost"": 8058.731521970354, ""mean_shortage_days"": 10.901492332968235, ""mean_cost_per_unit"": 23.816014340622147, ""capacity_utilization"": 4683704.25, ""feasible"": true, ""n_runs"": 20, ""eligibility"": ""NO_CONCLUSION""}, {""value"": 7.1875, ""strategy_id"": ""S8"", ""mean_fill"": 0.9936223466904164, ""p_meet"": 0.9, ""mean_cost"": 22308078.502588503, ""mcse_cost"": 8058.731521970354, ""mean_shortage_days"": 10.901492332968235, ""mean_cost_per_unit"": 23.816014340622147, ""capacity_utilization"": 4683704.25, ""feasible"": true, ""n_runs"": 20, ""eligibility"": ""NO_CONCLUSION""}, {""value"": 7.46875, ""strategy_id"": ""S8"", ""mean_fill"": 0.9936223466904164, ""p_meet"": 0.9, ""mean_cost"": 22308078.502588503, ""mcse_cost"": 8058.731521970354, ""mean_shortage_days"": 10.901492332968235, ""mean_cost_per_unit"": 23.816014340622147, ""capacity_utilization"": 4683704.25, ""feasible"": true, ""n_runs"": 20, ""eligibility"": ""NO_CONCLUSION""}]",bisection over 5 steps on 20 paired runs,7.46875,7.75
S9,norepinephrine_1mgml_4ml,capacity_utilization,product.annual_demand_units,500000.0,900000.0,1800000.0,True,False,1089062.5,feasible_below,"[{""value"": 500000.0, ""strategy_id"": ""S9"", ""mean_fill"": 1.0, ""p_meet"": 1.0, ""mean_cost"": 22136879.426142327, ""mcse_cost"": 4754.488220481552, ""mean_shortage_days"": 0.0, ""mean_cost_per_unit"": 42.2682572730657, ""capacity_utilization"": 2618716.6, ""feasible"": true, ""n_runs"": 20, ""eligibility"": ""NO_CONCLUSION""}, {""value"": 1800000.0, ""strategy_id"": ""S9"", ""mean_fill"": 0.897265578566994, ""p_meet"": 0.0, ""mean_cost"": 24769984.182997815, ""mcse_cost"": 33492.46958233814, ""mean_shortage_days"": 86.67186473165388, ""mean_cost_per_unit"": 14.655771530625483, ""capacity_utilization"": 8457842.1, ""feasible"": false, ""n_runs"": 20, ""eligibility"": ""NO_CONCLUSION""}, {""value"": 1150000.0, ""strategy_id"": ""S9"", ""mean_fill"": 0.9918792181703097, ""p_meet"": 0.7, ""mean_cost"": 23872572.00213839, ""mcse_cost"": 14211.83069072626, ""mean_shortage_days"": 9.381284227820371, ""mean_cost_per_unit"": 19.98490368938545, ""capacity_utilization"": 5974423.85, ""feasible"": false, ""n_runs"": 20, ""eligibility"": ""NO_CONCLUSION""}, {""value"": 825000.0, ""strategy_id"": ""S9"", ""mean_fill"": 0.9998185661052871, ""p_meet"": 1.0, ""mean_cost"": 23029580.694567468, ""mcse_cost"": 6501.801819376404, ""mean_shortage_days"": 0.4000547645125958, ""mean_cost_per_unit"": 26.654917148793476, ""capacity_utilization"": 4320099.05, ""feasible"": true, ""n_runs"": 20, ""eligibility"": ""NO_CONCLUSION""}, {""value"": 987500.0, ""strategy_id"": ""S9"", ""mean_fill"": 0.9989116865525176, ""p_meet"": 0.95, ""mean_cost"": 23464895.989746824, ""mcse_cost"": 9940.536181162179, ""mean_shortage_days"": 1.0801478641840085, ""mean_cost_per_unit"": 22.71073102647828, ""capacity_utilization"": 5166400.7, ""feasible"": true, ""n_runs"": 20, ""eligibility"": ""NO_CONCLUSION""}, {""value"": 1068750.0, ""strategy_id"": ""S9"", ""mean_fill"": 0.9964612774870897, ""p_meet"": 0.9, ""mean_cost"": 23675506.649581946, ""mcse_cost"": 10818.325590623937, ""mean_shortage_days"": 4.730647590361445, ""mean_cost_per_unit"": 21.225784811269136, ""capacity_utilization"": 5577845.25, ""feasible"": true, ""n_runs"": 20, ""eligibility"": ""NO_CONCLUSION""}, {""value"": 1109375.0, ""strategy_id"": ""S9"", ""mean_fill"": 0.9937720932109155, ""p_meet"": 0.75, ""mean_cost"": 23771392.722354192, ""mcse_cost"": 12403.160055581728, ""mean_shortage_days"": 8.021098028477548, ""mean_cost_per_unit"": 20.588010920888593, ""capacity_utilization"": 5774284.25, ""feasible"": false, ""n_runs"": 20, ""eligibility"": ""NO_CONCLUSION""}]",bisection over 5 steps on 20 paired runs,1068750.0,1109375.0
S9,norepinephrine_1mgml_4ml,fixed_qa_labor_per_node,product.fixed_qa_labor_usd_per_site_year,1500000.0,3000000.0,6000000.0,True,True,,feasible_everywhere,"[{""value"": 1500000.0, ""strategy_id"": ""S9"", ""mean_fill"": 0.9999916298244053, ""p_meet"": 1.0, ""mean_cost"": 20356557.411007997, ""mcse_cost"": 7158.630763738355, ""mean_shortage_days"": 0.13001779846659364, ""mean_cost_per_unit"": 21.593821852476726, ""capacity_utilization"": 4713650.1, ""feasible"": true, ""n_runs"": 20, ""eligibility"": ""NO_CONCLUSION""}, {""value"": 6000000.0, ""strategy_id"": ""S9"", ""mean_fill"": 0.9999916298244053, ""p_meet"": 1.0, ""mean_cost"": 28982344.72273784, ""mcse_cost"": 7158.6307637383825, ""mean_shortage_days"": 0.13001779846659364, ""mean_cost_per_unit"": 30.744055104348707, ""capacity_utilization"": 4713650.1, ""feasible"": true, ""n_runs"": 20, ""eligibility"": ""NO_CONCLUSION""}]",feasibility does not change between 1500000.0 and 6000000.0; no threshold inside the recorded range,,
S9,norepinephrine_1mgml_4ml,release_time,global.sterility_incubation_days,14.0,14.0,18.0,True,True,,feasible_everywhere,"[{""value"": 14.0, ""strategy_id"": ""S9"", ""mean_fill"": 0.9999916298244053, ""p_meet"": 1.0, ""mean_cost"": 23231819.848251276, ""mcse_cost"": 7158.630763738475, ""mean_shortage_days"": 0.13001779846659364, ""mean_cost_per_unit"": 24.643899603100717, ""capacity_utilization"": 4713650.1, ""feasible"": true, ""n_runs"": 20, ""eligibility"": ""NO_CONCLUSION""}, {""value"": 18.0, ""strategy_id"": ""S9"", ""mean_fill"": 0.9993854563342739, ""p_meet"": 0.95, ""mean_cost"": 23220887.820716735, ""mcse_cost"": 7723.153991105495, ""mean_shortage_days"": 0.670091730558598, ""mean_cost_per_unit"": 24.647517820127128, ""capacity_utilization"": 4710825.55, ""feasible"": true, ""n_runs"": 20, ""eligibility"": ""NO_CONCLUSION""}]",feasibility does not change between 14.0 and 18.0; no threshold inside the recorded range,,
S9,norepinephrine_1mgml_4ml,shelf_life,product.shelf_life_months,12.0,24.0,30.0,True,True,,feasible_everywhere,"[{""value"": 12.0, ""strategy_id"": ""S9"", ""mean_fill"": 0.9999916298244053, ""p_meet"": 1.0, ""mean_cost"": 23276945.172777344, ""mcse_cost"": 8086.777125317532, ""mean_shortage_days"": 0.13001779846659364, ""mean_cost_per_unit"": 24.691803088405138, ""capacity_utilization"": 4713650.1, ""feasible"": true, ""n_runs"": 20, ""eligibility"": ""NO_CONCLUSION""}, {""value"": 30.0, ""strategy_id"": ""S9"", ""mean_fill"": 0.9999916298244053, ""p_meet"": 1.0, ""mean_cost"": 23230019.723089956, ""mcse_cost"": 7080.990024763362, ""mean_shortage_days"": 0.13001779846659364, ""mean_cost_per_unit"": 24.641994815666642, ""capacity_utilization"": 4713650.1, ""feasible"": true, ""n_runs"": 20, ""eligibility"": ""NO_CONCLUSION""}]",feasibility does not change between 12.0 and 30.0; no threshold inside the recorded range,,
S9,norepinephrine_1mgml_4ml,raw_material_lead_time,product.material_lead_time_days,30.0,90.0,240.0,True,True,,feasible_everywhere,"[{""value"": 30.0, ""strategy_id"": ""S9"", ""mean_fill"": 0.9994946822554314, ""p_meet"": 1.0, ""mean_cost"": 23218027.4853112, ""mcse_cost"": 7214.087338449751, ""mean_shortage_days"": 0.7000958378970428, ""mean_cost_per_unit"": 24.641607187076588, ""capacity_utilization"": 4711314.25, ""feasible"": true, ""n_runs"": 20, ""eligibility"": ""NO_CONCLUSION""}, {""value"": 240.0, ""strategy_id"": ""S9"", ""mean_fill"": 0.999886436958224, ""p_meet"": 1.0, ""mean_cost"": 23260854.28703446, ""mcse_cost"": 6995.50180286229, ""mean_shortage_days"": 0.380052026286966, ""mean_cost_per_unit"": 24.677336741520488, ""capacity_utilization"": 4713160.5, ""feasible"": true, ""n_runs"": 20, ""eligibility"": ""NO_CONCLUSION""}]",feasibility does not change between 30.0 and 240.0; no threshold inside the recorded range,,
S9,norepinephrine_1mgml_4ml,common_cause_dependence,global.common_cause_events_per_year,0.02,0.1,0.3,True,True,,feasible_everywhere,"[{""value"": 0.02, ""strategy_id"": ""S9"", ""mean_fill"": 1.0, ""p_meet"": 1.0, ""mean_cost"": 23238948.45491739, ""mcse_cost"": 7285.396270399453, ""mean_shortage_days"": 0.0, ""mean_cost_per_unit"": 24.651281788484205, ""capacity_utilization"": 4713689.4, ""feasible"": true, ""n_runs"": 20, ""eligibility"": ""NO_CONCLUSION""}, {""value"": 0.3, ""strategy_id"": ""S9"", ""mean_fill"": 0.9988731175591065, ""p_meet"": 0.95, ""mean_cost"": 23213202.328482218, ""mcse_cost"": 7197.249431810349, ""mean_shortage_days"": 1.5002053669222346, ""mean_cost_per_unit"": 24.65213618972932, ""capacity_utilization"": 4708362.8, ""feasible"": true, ""n_runs"": 20, ""eligibility"": ""NO_CONCLUSION""}]",feasibility does not change between 0.02 and 0.3; no threshold inside the recorded range,,
S9,norepinephrine_1mgml_4ml,supplier_concentration,global.supplier_disruptions_per_supplier_year,0.05,0.2,0.6,True,True,,feasible_everywhere,"[{""value"": 0.05, ""strategy_id"": ""S9"", ""mean_fill"": 1.0, ""p_meet"": 1.0, ""mean_cost"": 23241668.877537422, ""mcse_cost"": 7987.310382465618, ""mean_shortage_days"": 0.06000821467688937, ""mean_cost_per_unit"": 24.654111838111312, ""capacity_utilization"": 4713689.4, ""feasible"": true, ""n_runs"": 20, ""eligibility"": ""NO_CONCLUSION""}, {""value"": 0.6, ""strategy_id"": ""S9"", ""mean_fill"": 0.9978061419243929, ""p_meet"": 0.9, ""mean_cost"": 23218663.379722636, ""mcse_cost"": 8540.729299451012, ""mean_shortage_days"": 1.5002053669222342, ""mean_cost_per_unit"": 24.68545247787225, ""capacity_utilization"": 4703427.7, ""feasible"": true, ""n_runs"": 20, ""eligibility"": ""NO_CONCLUSION""}]",feasibility does not change between 0.05 and 0.6; no threshold inside the recorded range,,
S9,norepinephrine_1mgml_4ml,commissioning_days,global.node_commissioning_days,365.0,730.0,1095.0,True,True,,feasible_everywhere,"[{""value"": 365.0, ""strategy_id"": ""S9"", ""mean_fill"": 0.9999916298244053, ""p_meet"": 1.0, ""mean_cost"": 23231819.848251276, ""mcse_cost"": 7158.630763738475, ""mean_shortage_days"": 0.13001779846659364, ""mean_cost_per_unit"": 24.643899603100717, ""capacity_utilization"": 4713650.1, ""feasible"": true, ""n_runs"": 20, ""eligibility"": ""NO_CONCLUSION""}, {""value"": 1095.0, ""strategy_id"": ""S9"", ""mean_fill"": 0.9999916298244053, ""p_meet"": 1.0, ""mean_cost"": 23231819.848251276, ""mcse_cost"": 7158.630763738475, ""mean_shortage_days"": 0.13001779846659364, ""mean_cost_per_unit"": 24.643899603100717, ""capacity_utilization"": 4713650.1, ""feasible"": true, ""n_runs"": 20, ""eligibility"": ""NO_CONCLUSION""}]",feasibility does not change between 365.0 and 1095.0; no threshold inside the recorded range,,
S9,norepinephrine_1mgml_4ml,activation_latency_days,global.reserved_capacity_activation_days,7.0,21.0,60.0,True,True,,feasible_everywhere,"[{""value"": 7.0, ""strategy_id"": ""S9"", ""mean_fill"": 0.9999916298244053, ""p_meet"": 1.0, ""mean_cost"": 23231819.848251276, ""mcse_cost"": 7158.630763738475, ""mean_shortage_days"": 0.13001779846659364, ""mean_cost_per_unit"": 24.643899603100717, ""capacity_utilization"": 4713650.1, ""feasible"": true, ""n_runs"": 20, ""eligibility"": ""NO_CONCLUSION""}, {""value"": 60.0, ""strategy_id"": ""S9"", ""mean_fill"": 0.9999916298244053, ""p_meet"": 1.0, ""mean_cost"": 23231819.848251276, ""mcse_cost"": 7158.630763738475, ""mean_shortage_days"": 0.13001779846659364, ""mean_cost_per_unit"": 24.643899603100717, ""capacity_utilization"": 4713650.1, ""feasible"": true, ""n_runs"": 20, ""eligibility"": ""NO_CONCLUSION""}]",feasibility does not change between 7.0 and 60.0; no threshold inside the recorded range,,
S9,norepinephrine_1mgml_4ml,node_capital,product.capital_usd_per_site,15000000.0,40000000.0,100000000.0,True,True,,feasible_everywhere,"[{""value"": 15000000.0, ""strategy_id"": ""S9"", ""mean_fill"": 0.9999916298244053, ""p_meet"": 1.0, ""mean_cost"": 15094550.104125356, ""mcse_cost"": 7158.630763738351, ""mean_shortage_days"": 0.13001779846659364, ""mean_cost_per_unit"": 16.011885677728294, ""capacity_utilization"": 4713650.1, ""feasible"": true, ""n_runs"": 20, ""eligibility"": ""NO_CONCLUSION""}, {""value"": 100000000.0, ""strategy_id"": ""S9"", ""mean_fill"": 0.9999916298244053, ""p_meet"": 1.0, ""mean_cost"": 42761267.23415049, ""mcse_cost"": 7158.63076373861, ""mean_shortage_days"": 0.13001779846659364, ""mean_cost_per_unit"": 45.360733023991365, ""capacity_utilization"": 4713650.1, ""feasible"": true, ""n_runs"": 20, ""eligibility"": ""NO_CONCLUSION""}]",feasibility does not change between 15000000.0 and 100000000.0; no threshold inside the recorded range,,
S9,norepinephrine_1mgml_4ml,batches_per_site_year,product.batches_per_site_year_nominal,30.0,45.0,70.0,False,True,35.625,feasible_above,"[{""value"": 30.0, ""strategy_id"": ""S9"", ""mean_fill"": 0.9829254089465447, ""p_meet"": 0.65, ""mean_cost"": 23160329.28002953, ""mcse_cost"": 14418.572170348694, ""mean_shortage_days"": 14.581996166484117, ""mean_cost_per_unit"": 25.01099376184961, ""capacity_utilization"": 4633445.4, ""feasible"": false, ""n_runs"": 20, ""eligibility"": ""NO_CONCLUSION""}, {""value"": 70.0, ""strategy_id"": ""S9"", ""mean_fill"": 1.0, ""p_meet"": 1.0, ""mean_cost"": 23243835.285191562, ""mcse_cost"": 7602.522266437047, ""mean_shortage_days"": 0.0, ""mean_cost_per_unit"": 24.656417876459376, ""capacity_utilization"": 4713689.4, ""feasible"": true, ""n_runs"": 20, ""eligibility"": ""NO_CONCLUSION""}, {""value"": 50.0, ""strategy_id"": ""S9"", ""mean_fill"": 1.0, ""p_meet"": 1.0, ""mean_cost"": 23234336.99986749, ""mcse_cost"": 7581.257391847706, ""mean_shortage_days"": 0.0, ""mean_cost_per_unit"": 24.646364409285916, ""capacity_utilization"": 4713689.4, ""feasible"": true, ""n_runs"": 20, ""eligibility"": ""NO_CONCLUSION""}, {""value"": 40.0, ""strategy_id"": ""S9"", ""mean_fill"": 0.9980769772976892, ""p_meet"": 0.9, ""mean_cost"": 23221916.836785335, ""mcse_cost"": 7726.751024916414, ""mean_shortage_days"": 1.8802573932092002, ""mean_cost_per_unit"": 24.68178440996521, ""capacity_utilization"": 4704689.95, ""feasible"": true, ""n_runs"": 20, ""eligibility"": ""NO_CONCLUSION""}, {""value"": 35.0, ""strategy_id"": ""S9"", ""mean_fill"": 0.9946126294126862, ""p_meet"": 0.85, ""mean_cost"": 23203459.778351307, ""mcse_cost"": 10884.185948347787, ""mean_shortage_days"": 6.020824205914567, ""mean_cost_per_unit"": 24.751026312750206, ""capacity_utilization"": 4688500.75, ""feasible"": false, ""n_runs"": 20, ""eligibility"": ""NO_CONCLUSION""}, {""value"": 37.5, ""strategy_id"": ""S9"", ""mean_fill"": 0.99823653774862, ""p_meet"": 0.9, ""mean_cost"": 23219334.027818497, ""mcse_cost"": 8031.2701757734, ""mean_shortage_days"": 1.6702286418400873, ""mean_cost_per_unit"": 24.67502767276237, ""capacity_utilization"": 4705456.6, ""feasible"": true, ""n_runs"": 20, ""eligibility"": ""NO_CONCLUSION""}, {""value"": 36.25, ""strategy_id"": ""S9"", ""mean_fill"": 0.9951774933318912, ""p_meet"": 0.9, ""mean_cost"": 23204580.78490075, ""mcse_cost"": 10769.464441514272, ""mean_shortage_days"": 5.330729737130339, ""mean_cost_per_unit"": 24.737938719941816, ""capacity_utilization"": 4691164.55, ""feasible"": true, ""n_runs"": 20, ""eligibility"": ""NO_CONCLUSION""}]",bisection over 5 steps on 20 paired runs,35.0,36.25
S9,norepinephrine_1mgml_4ml,changeover_burden,product.changeover_days,1.0,3.0,10.0,True,False,8.453125,feasible_below,"[{""value"": 1.0, ""strategy_id"": ""S9"", ""mean_fill"": 1.0, ""p_meet"": 1.0, ""mean_cost"": 23238071.35956829, ""mcse_cost"": 7863.003381476764, ""mean_shortage_days"": 0.07000958378970426, ""mean_cost_per_unit"": 24.65031993654968, ""capacity_utilization"": 4713689.4, ""feasible"": true, ""n_runs"": 20, ""eligibility"": ""NO_CONCLUSION""}, {""value"": 10.0, ""strategy_id"": ""S9"", ""mean_fill"": 0.9902475905587554, ""p_meet"": 0.65, ""mean_cost"": 23184777.37277531, ""mcse_cost"": 10222.034493542376, ""mean_shortage_days"": 9.981366374589266, ""mean_cost_per_unit"": 24.841329776597423, ""capacity_utilization"": 4667767.3, ""feasible"": false, ""n_runs"": 20, ""eligibility"": ""NO_CONCLUSION""}, {""value"": 5.5, ""strategy_id"": ""S9"", ""mean_fill"": 0.9999486732108706, ""p_meet"": 1.0, ""mean_cost"": 23226304.718302768, ""mcse_cost"": 7687.137852641654, ""mean_shortage_days"": 0.39005339539978096, ""mean_cost_per_unit"": 24.639098111299905, ""capacity_utilization"": 4713449.35, ""feasible"": true, ""n_runs"": 20, ""eligibility"": ""NO_CONCLUSION""}, {""value"": 7.75, ""strategy_id"": ""S9"", ""mean_fill"": 0.9984303226745812, ""p_meet"": 0.9, ""mean_cost"": 23215592.242565893, ""mcse_cost"": 7760.991265354176, ""mean_shortage_days"": 1.340183461117196, ""mean_cost_per_unit"": 24.666007355476992, ""capacity_utilization"": 4706353.65, ""feasible"": true, ""n_runs"": 20, ""eligibility"": ""NO_CONCLUSION""}, {""value"": 8.875, ""strategy_id"": ""S9"", ""mean_fill"": 0.9961853382527673, ""p_meet"": 0.85, ""mean_cost"": 23204554.31452481, ""mcse_cost"": 9229.535553077229, ""mean_shortage_days"": 5.70078039430449, ""mean_cost_per_unit"": 24.71125539284494, ""capacity_utilization"": 4695856.0, ""feasible"": false, ""n_runs"": 20, ""eligibility"": ""NO_CONCLUSION""}, {""value"": 8.3125, ""strategy_id"": ""S9"", ""mean_fill"": 0.9984303226745812, ""p_meet"": 0.9, ""mean_cost"": 23215592.242565893, ""mcse_cost"": 7760.991265354176, ""mean_shortage_days"": 1.340183461117196, ""mean_cost_per_unit"": 24.666007355476992, ""capacity_utilization"": 4706353.65, ""feasible"": true, ""n_runs"": 20, ""eligibility"": ""NO_CONCLUSION""}, {""value"": 8.59375, ""strategy_id"": ""S9"", ""mean_fill"": 0.9961853382527673, ""p_meet"": 0.85, ""mean_cost"": 23204554.31452481, ""mcse_cost"": 9229.535553077229, ""mean_shortage_days"": 5.70078039430449, ""mean_cost_per_unit"": 24.71125539284494, ""capacity_utilization"": 4695856.0, ""feasible"": false, ""n_runs"": 20, ""eligibility"": ""NO_CONCLUSION""}]",bisection over 5 steps on 20 paired runs,8.3125,8.59375
S10,norepinephrine_1mgml_4ml,capacity_utilization,product.annual_demand_units,500000.0,900000.0,1800000.0,True,False,601562.5,feasible_below,"[{""value"": 500000.0, ""strategy_id"": ""S10"", ""mean_fill"": 0.9934901711165128, ""p_meet"": 0.9, ""mean_cost"": 16567746.733571475, ""mcse_cost"": 7007.237788762117, ""mean_shortage_days"": 13.181804490690032, ""mean_cost_per_unit"": 31.840237639174966, ""capacity_utilization"": 2601809.2, ""feasible"": true, ""n_runs"": 20, ""eligibility"": ""NO_CONCLUSION""}, {""value"": 1800000.0, ""strategy_id"": ""S10"", ""mean_fill"": 0.7670708669785798, ""p_meet"": 0.0, ""mean_cost"": 18444698.38878358, ""mcse_cost"": 28121.215722791927, ""mean_shortage_days"": 256.3050862541073, ""mean_cost_per_unit"": 12.810377784352733, ""capacity_utilization"": 7209416.0, ""feasible"": false, ""n_runs"": 20, ""eligibility"": ""NO_CONCLUSION""}, {""value"": 1150000.0, ""strategy_id"": ""S10"", ""mean_fill"": 0.9900466506698532, ""p_meet"": 0.7, ""mean_cost"": 18032107.25017845, ""mcse_cost"": 12777.398993615543, ""mean_shortage_days"": 25.793530941949616, ""mean_cost_per_unit"": 15.119686494709352, ""capacity_utilization"": 5963150.95, ""feasible"": false, ""n_runs"": 20, ""eligibility"": ""NO_CONCLUSION""}, {""value"": 825000.0, ""strategy_id"": ""S10"", ""mean_fill"": 0.9929833670313861, ""p_meet"": 0.85, ""mean_cost"": 17338569.038326252, ""mcse_cost"": 8064.657945745119, ""mean_shortage_days"": 13.991915388828039, ""mean_cost_per_unit"": 20.20513554436557, ""capacity_utilization"": 4290678.15, ""feasible"": false, ""n_runs"": 20, ""eligibility"": ""NO_CONCLUSION""}, {""value"": 662500.0, ""strategy_id"": ""S10"", ""mean_fill"": 0.9930460289403575, ""p_meet"": 0.85, ""mean_cost"": 16962330.319341827, ""mcse_cost"": 9605.620951029372, ""mean_shortage_days"": 13.041785323110625, ""mean_cost_per_unit"": 24.613112165664056, ""capacity_utilization"": 3445747.85, ""feasible"": false, ""n_runs"": 20, ""eligibility"": ""NO_CONCLUSION""}, {""value"": 581250.0, ""strategy_id"": ""S10"", ""mean_fill"": 0.9940155221970526, ""p_meet"": 0.9, ""mean_cost"": 16815419.00631564, ""mcse_cost"": 9276.200419651454, ""mean_shortage_days"": 11.801615553121575, ""mean_cost_per_unit"": 27.78415661006598, ""capacity_utilization"": 3026140.6, ""feasible"": true, ""n_runs"": 20, ""eligibility"": ""NO_CONCLUSION""}, {""value"": 621875.0, ""strategy_id"": ""S10"", ""mean_fill"": 0.9936730429034192, ""p_meet"": 0.85, ""mean_cost"": 16892165.6761155, ""mcse_cost"": 12056.652882689299, ""mean_shortage_days"": 11.111521084337348, ""mean_cost_per_unit"": 26.096394755324514, ""capacity_utilization"": 3236514.8, ""feasible"": false, ""n_runs"": 20, ""eligibility"": ""NO_CONCLUSION""}]",bisection over 5 steps on 20 paired runs,581250.0,621875.0
S10,norepinephrine_1mgml_4ml,fixed_qa_labor_per_node,product.fixed_qa_labor_usd_per_site_year,1500000.0,3000000.0,6000000.0,True,True,,feasible_everywhere,"[{""value"": 1500000.0, ""strategy_id"": ""S10"", ""mean_fill"": 0.993740539429351, ""p_meet"": 0.9, ""mean_cost"": 15523279.201607358, ""mcse_cost"": 9209.9872768343, ""mean_shortage_days"": 13.761883899233293, ""mean_cost_per_unit"": 16.56960498509323, ""capacity_utilization"": 4684480.35, ""feasible"": true, ""n_runs"": 20, ""eligibility"": ""NO_CONCLUSION""}, {""value"": 6000000.0, ""strategy_id"": ""S10"", ""mean_fill"": 0.993740539429351, ""p_meet"": 0.9, ""mean_cost"": 21402670.569471244, ""mcse_cost"": 9209.98727683437, ""mean_shortage_days"": 13.761883899233293, ""mean_cost_per_unit"": 22.845493852047902, ""capacity_utilization"": 4684480.35, ""feasible"": true, ""n_runs"": 20, ""eligibility"": ""NO_CONCLUSION""}]",feasibility does not change between 1500000.0 and 6000000.0; no threshold inside the recorded range,,
S10,norepinephrine_1mgml_4ml,release_time,global.sterility_incubation_days,14.0,14.0,18.0,True,False,15.5625,feasible_below,"[{""value"": 14.0, ""strategy_id"": ""S10"", ""mean_fill"": 0.993740539429351, ""p_meet"": 0.9, ""mean_cost"": 17483076.324228656, ""mcse_cost"": 9209.987276834316, ""mean_shortage_days"": 13.761883899233293, ""mean_cost_per_unit"": 18.661567940744785, ""capacity_utilization"": 4684480.35, ""feasible"": true, ""n_runs"": 20, ""eligibility"": ""NO_CONCLUSION""}, {""value"": 18.0, ""strategy_id"": ""S10"", ""mean_fill"": 0.9930157683304408, ""p_meet"": 0.8, ""mean_cost"": 17470163.793608546, ""mcse_cost"": 10178.14583443118, ""mean_shortage_days"": 14.46197973713034, ""mean_cost_per_unit"": 18.661503459334277, ""capacity_utilization"": 4680920.8, ""feasible"": false, ""n_runs"": 20, ""eligibility"": ""NO_CONCLUSION""}, {""value"": 16.0, ""strategy_id"": ""S10"", ""mean_fill"": 0.9936913714248188, ""p_meet"": 0.85, ""mean_cost"": 17476007.116642393, ""mcse_cost"": 9534.536973863114, ""mean_shortage_days"": 13.881900328587074, ""mean_cost_per_unit"": 18.655065867776745, ""capacity_utilization"": 4684168.15, ""feasible"": false, ""n_runs"": 20, ""eligibility"": ""NO_CONCLUSION""}, {""value"": 15.0, ""strategy_id"": ""S10"", ""mean_fill"": 0.9940248803890877, ""p_meet"": 0.9, ""mean_cost"": 17478468.534884825, ""mcse_cost"": 7794.534368257128, ""mean_shortage_days"": 13.48184556407448, ""mean_cost_per_unit"": 18.652097331990106, ""capacity_utilization"": 4685617.0, ""feasible"": true, ""n_runs"": 20, ""eligibility"": ""NO_CONCLUSION""}, {""value"": 15.5, ""strategy_id"": ""S10"", ""mean_fill"": 0.9938354456627545, ""p_meet"": 0.9, ""mean_cost"": 17471925.53857387, ""mcse_cost"": 9036.5158167249, ""mean_shortage_days"": 13.291819550930995, ""mean_cost_per_unit"": 18.648504938860373, ""capacity_utilization"": 4684712.15, ""feasible"": true, ""n_runs"": 20, ""eligibility"": ""NO_CONCLUSION""}, {""value"": 15.75, ""strategy_id"": ""S10"", ""mean_fill"": 0.9928814359757041, ""p_meet"": 0.85, ""mean_cost"": 17473469.37511288, ""mcse_cost"": 8230.965720608852, ""mean_shortage_days"": 14.81202765607886, ""mean_cost_per_unit"": 18.667801313766873, ""capacity_utilization"": 4680331.95, ""feasible"": false, ""n_runs"": 20, ""eligibility"": ""NO_CONCLUSION""}, {""value"": 15.625, ""strategy_id"": ""S10"", ""mean_fill"": 0.9935732491978986, ""p_meet"": 0.85, ""mean_cost"": 17471174.62583112, ""mcse_cost"": 8561.340787970228, ""mean_shortage_days"": 14.001916757940856, ""mean_cost_per_unit"": 18.65215052154425, ""capacity_utilization"": 4683606.65, ""feasible"": false, ""n_runs"": 20, ""eligibility"": ""NO_CONCLUSION""}]",bisection over 5 steps on 20 paired runs,15.5,15.625
S10,norepinephrine_1mgml_4ml,shelf_life,product.shelf_life_months,12.0,24.0,30.0,False,True,16.78125,feasible_above,"[{""value"": 12.0, ""strategy_id"": ""S10"", ""mean_fill"": 0.9904229205897319, ""p_meet"": 0.6, ""mean_cost"": 17567591.19018119, ""mcse_cost"": 8658.05371322212, ""mean_shortage_days"": 22.04301752464403, ""mean_cost_per_unit"": 18.814375967603144, ""capacity_utilization"": 4668695.85, ""feasible"": false, ""n_runs"": 20, ""eligibility"": ""NO_CONCLUSION""}, {""value"": 30.0, ""strategy_id"": ""S10"", ""mean_fill"": 0.993740539429351, ""p_meet"": 0.9, ""mean_cost"": 17483076.324228656, ""mcse_cost"": 9209.987276834316, ""mean_shortage_days"": 13.761883899233293, ""mean_cost_per_unit"": 18.661567940744785, ""capacity_utilization"": 4684480.35, ""feasible"": true, ""n_runs"": 20, ""eligibility"": ""NO_CONCLUSION""}, {""value"": 21.0, ""strategy_id"": ""S10"", ""mean_fill"": 0.993740539429351, ""p_meet"": 0.9, ""mean_cost"": 17483076.324228656, ""mcse_cost"": 9209.987276834316, ""mean_shortage_days"": 13.761883899233293, ""mean_cost_per_unit"": 18.661567940744785, ""capacity_utilization"": 4684480.35, ""feasible"": true, ""n_runs"": 20, ""eligibility"": ""NO_CONCLUSION""}, {""value"": 16.5, ""strategy_id"": ""S10"", ""mean_fill"": 0.9931941120291391, ""p_meet"": 0.85, ""mean_cost"": 17521453.473890588, ""mcse_cost"": 8733.223046693465, ""mean_shortage_days"": 16.12220700985761, ""mean_cost_per_unit"": 18.71271620631485, ""capacity_utilization"": 4681838.55, ""feasible"": false, ""n_runs"": 20, ""eligibility"": ""NO_CONCLUSION""}, {""value"": 18.75, ""strategy_id"": ""S10"", ""mean_fill"": 0.9943881938164603, ""p_meet"": 1.0, ""mean_cost"": 17486832.208879404, ""mcse_cost"": 10279.344470932543, ""mean_shortage_days"": 13.851896221248632, ""mean_cost_per_unit"": 18.653324784123736, ""capacity_utilization"": 4687537.1, ""feasible"": true, ""n_runs"": 20, ""eligibility"": ""NO_CONCLUSION""}, {""value"": 17.625, ""strategy_id"": ""S10"", ""mean_fill"": 0.9944881248506701, ""p_meet"": 0.9, ""mean_cost"": 17495417.84201599, ""mcse_cost"": 9317.396994339031, ""mean_shortage_days"": 13.01178121577218, ""mean_cost_per_unit"": 18.66066702376899, ""capacity_utilization"": 4687985.0, ""feasible"": true, ""n_runs"": 20, ""eligibility"": ""NO_CONCLUSION""}, {""value"": 17.0625, ""strategy_id"": ""S10"", ""mean_fill"": 0.9942728911425498, ""p_meet"": 0.9, ""mean_cost"": 17508872.766232193, ""mcse_cost"": 7677.501231118831, ""mean_shortage_days"": 14.331961938663747, ""mean_cost_per_unit"": 18.679107656710134, ""capacity_utilization"": 4686962.5, ""feasible"": true, ""n_runs"": 20, ""eligibility"": ""NO_CONCLUSION""}]",bisection over 5 steps on 20 paired runs,16.5,17.0625
S10,norepinephrine_1mgml_4ml,raw_material_lead_time,product.material_lead_time_days,30.0,90.0,240.0,False,True,59.53125,feasible_above,"[{""value"": 30.0, ""strategy_id"": ""S10"", ""mean_fill"": 0.9923728846972498, ""p_meet"": 0.8, ""mean_cost"": 17450802.713878397, ""mcse_cost"": 9522.83739912935, ""mean_shortage_days"": 15.952183734939757, ""mean_cost_per_unit"": 18.652582156298543, ""capacity_utilization"": 4677957.6, ""feasible"": false, ""n_runs"": 20, ""eligibility"": ""NO_CONCLUSION""}, {""value"": 240.0, ""strategy_id"": ""S10"", ""mean_fill"": 0.9935128095429985, ""p_meet"": 0.9, ""mean_cost"": 17546268.027864818, ""mcse_cost"": 8703.992268945012, ""mean_shortage_days"": 13.301820920043813, ""mean_cost_per_unit"": 18.73292211621672, ""capacity_utilization"": 4683232.35, ""feasible"": true, ""n_runs"": 20, ""eligibility"": ""NO_CONCLUSION""}, {""value"": 135.0, ""strategy_id"": ""S10"", ""mean_fill"": 0.9940913174187731, ""p_meet"": 0.95, ""mean_cost"": 17496464.57888574, ""mcse_cost"": 11711.812058353093, ""mean_shortage_days"": 13.48184556407448, ""mean_cost_per_unit"": 18.669063042406368, ""capacity_utilization"": 4686125.8, ""feasible"": true, ""n_runs"": 20, ""eligibility"": ""NO_CONCLUSION""}, {""value"": 82.5, ""strategy_id"": ""S10"", ""mean_fill"": 0.9937931941519874, ""p_meet"": 0.9, ""mean_cost"": 17480830.393295445, ""mcse_cost"": 10483.411443470335, ""mean_shortage_days"": 13.411835980284774, ""mean_cost_per_unit"": 18.65813804878129, ""capacity_utilization"": 4684731.25, ""feasible"": true, ""n_runs"": 20, ""eligibility"": ""NO_CONCLUSION""}, {""value"": 56.25, ""strategy_id"": ""S10"", ""mean_fill"": 0.9928659517429208, ""p_meet"": 0.85, ""mean_cost"": 17461323.121000756, ""mcse_cost"": 9228.628771510992, ""mean_shortage_days"": 14.431975629791893, ""mean_cost_per_unit"": 18.654606878690533, ""capacity_utilization"": 4680310.4, ""feasible"": false, ""n_runs"": 20, ""eligibility"": ""NO_CONCLUSION""}, {""value"": 69.375, ""strategy_id"": ""S10"", ""mean_fill"": 0.9930962384717181, ""p_meet"": 0.9, ""mean_cost"": 17465670.98245344, ""mcse_cost"": 10263.79052339741, ""mean_shortage_days"": 14.351964676889375, ""mean_cost_per_unit"": 18.654859089390072, ""capacity_utilization"": 4681391.25, ""feasible"": true, ""n_runs"": 20, ""eligibility"": ""NO_CONCLUSION""}, {""value"": 62.8125, ""strategy_id"": ""S10"", ""mean_fill"": 0.9940249677933772, ""p_meet"": 0.95, ""mean_cost"": 17461538.304253303, ""mcse_cost"": 9134.888378025615, ""mean_shortage_days"": 13.431838718510406, ""mean_cost_per_unit"": 18.633037072918547, ""capacity_utilization"": 4685778.8, ""feasible"": true, ""n_runs"": 20, ""eligibility"": ""NO_CONCLUSION""}]",bisection over 5 steps on 20 paired runs,56.25,62.8125
S10,norepinephrine_1mgml_4ml,common_cause_dependence,global.common_cause_events_per_year,0.02,0.1,0.3,True,False,0.138125,feasible_below,"[{""value"": 0.02, ""strategy_id"": ""S10"", ""mean_fill"": 0.9943354115165054, ""p_meet"": 0.95, ""mean_cost"": 17495262.24219123, ""mcse_cost"": 7891.930410648393, ""mean_shortage_days"": 12.251677163198247, ""mean_cost_per_unit"": 18.66344587564283, ""capacity_utilization"": 4687281.75, ""feasible"": true, ""n_runs"": 20, ""eligibility"": ""NO_CONCLUSION""}, {""value"": 0.3, ""strategy_id"": ""S10"", ""mean_fill"": 0.983706624073918, ""p_meet"": 0.6, ""mean_cost"": 17417475.390833475, ""mcse_cost"": 16031.963631424476, ""mean_shortage_days"": 25.943551478641844, ""mean_cost_per_unit"": 18.78698819956113, ""capacity_utilization"": 4636101.2, ""feasible"": false, ""n_runs"": 20, ""eligibility"": ""NO_CONCLUSION""}, {""value"": 0.16, ""strategy_id"": ""S10"", ""mean_fill"": 0.9909965848735716, ""p_meet"": 0.8, ""mean_cost"": 17450322.14070907, ""mcse_cost"": 11004.972378811688, ""mean_shortage_days"": 17.862445235487407, ""mean_cost_per_unit"": 18.68015008967776, ""capacity_utilization"": 4671334.05, ""feasible"": false, ""n_runs"": 20, ""eligibility"": ""NO_CONCLUSION""}, {""value"": 0.09, ""strategy_id"": ""S10"", ""mean_fill"": 0.9937271084687402, ""p_meet"": 0.9, ""mean_cost"": 17483495.712641176, ""mcse_cost"": 8994.728116960147, ""mean_shortage_days"": 13.73187979189485, ""mean_cost_per_unit"": 18.662233625949042, ""capacity_utilization"": 4684406.3, ""feasible"": true, ""n_runs"": 20, ""eligibility"": ""NO_CONCLUSION""}, {""value"": 0.125, ""strategy_id"": ""S10"", ""mean_fill"": 0.9937438504617466, ""p_meet"": 0.9, ""mean_cost"": 17471484.30971131, ""mcse_cost"": 8760.744381793851, ""mean_shortage_days"": 13.941908543263963, ""mean_cost_per_unit"": 18.649220746046865, ""capacity_utilization"": 4684471.25, ""feasible"": true, ""n_runs"": 20, ""eligibility"": ""NO_CONCLUSION""}, {""value"": 0.14250000000000002, ""strategy_id"": ""S10"", ""mean_fill"": 0.9912118952199502, ""p_meet"": 0.85, ""mean_cost"": 17462045.195020758, ""mcse_cost"": 8999.076438481427, ""mean_shortage_days"": 17.562404162102954, ""mean_cost_per_unit"": 18.688686980769585, ""capacity_utilization"": 4672344.35, ""feasible"": false, ""n_runs"": 20, ""eligibility"": ""NO_CONCLUSION""}, {""value"": 0.13375, ""strategy_id"": ""S10"", ""mean_fill"": 0.9937963384998423, ""p_meet"": 0.9, ""mean_cost"": 17473640.18426958, ""mcse_cost"": 6981.153691576031, ""mean_shortage_days"": 13.651868838992332, ""mean_cost_per_unit"": 18.65060185330053, ""capacity_utilization"": 4684722.15, ""feasible"": true, ""n_runs"": 20, ""eligibility"": ""NO_CONCLUSION""}]",bisection over 5 steps on 20 paired runs,0.13375,0.14250000000000002
S10,norepinephrine_1mgml_4ml,supplier_concentration,global.supplier_disruptions_per_supplier_year,0.05,0.2,0.6,True,False,0.45390625,feasible_below,"[{""value"": 0.05, ""strategy_id"": ""S10"", ""mean_fill"": 0.9940776259319778, ""p_meet"": 0.95, ""mean_cost"": 17483015.117728353, ""mcse_cost"": 8460.578494667663, ""mean_shortage_days"": 13.241812705366922, ""mean_cost_per_unit"": 18.655235513116967, ""capacity_utilization"": 4686078.55, ""feasible"": true, ""n_runs"": 20, ""eligibility"": ""NO_CONCLUSION""}, {""value"": 0.6, ""strategy_id"": ""S10"", ""mean_fill"": 0.9909649625597836, ""p_meet"": 0.8, ""mean_cost"": 17472393.321623452, ""mcse_cost"": 8887.974495992443, ""mean_shortage_days"": 16.872309693318734, ""mean_cost_per_unit"": 18.70309697950865, ""capacity_utilization"": 4671421.6, ""feasible"": false, ""n_runs"": 20, ""eligibility"": ""NO_CONCLUSION""}, {""value"": 0.325, ""strategy_id"": ""S10"", ""mean_fill"": 0.9931308684530705, ""p_meet"": 0.9, ""mean_cost"": 17482255.473239306, ""mcse_cost"": 10075.4676133252, ""mean_shortage_days"": 14.692011226725082, ""mean_cost_per_unit"": 18.67209322331608, ""capacity_utilization"": 4681582.5, ""feasible"": true, ""n_runs"": 20, ""eligibility"": ""NO_CONCLUSION""}, {""value"": 0.4625, ""strategy_id"": ""S10"", ""mean_fill"": 0.9923027276962342, ""p_meet"": 0.85, ""mean_cost"": 17475978.083623525, ""mcse_cost"": 7188.802985120692, ""mean_shortage_days"": 15.63213992332968, ""mean_cost_per_unit"": 18.6809971988325, ""capacity_utilization"": 4677635.35, ""feasible"": false, ""n_runs"": 20, ""eligibility"": ""NO_CONCLUSION""}, {""value"": 0.39375000000000004, ""strategy_id"": ""S10"", ""mean_fill"": 0.9930315145277857, ""p_meet"": 0.9, ""mean_cost"": 17476539.78558602, ""mcse_cost"": 9036.733532329385, ""mean_shortage_days"": 15.022056407447968, ""mean_cost_per_unit"": 18.667938391389505, ""capacity_utilization"": 4681122.1, ""feasible"": true, ""n_runs"": 20, ""eligibility"": ""NO_CONCLUSION""}, {""value"": 0.42812500000000003, ""strategy_id"": ""S10"", ""mean_fill"": 0.9931287532239083, ""p_meet"": 0.9, ""mean_cost"": 17482468.056698225, ""mcse_cost"": 7299.053622318263, ""mean_shortage_days"": 14.672008488499452, ""mean_cost_per_unit"": 18.67250271414492, ""capacity_utilization"": 4681574.55, ""feasible"": true, ""n_runs"": 20, ""eligibility"": ""NO_CONCLUSION""}, {""value"": 0.4453125, ""strategy_id"": ""S10"", ""mean_fill"": 0.9927388242820159, ""p_meet"": 0.9, ""mean_cost"": 17478546.265558183, ""mcse_cost"": 6206.2422143163885, ""mean_shortage_days"": 15.20208105147864, ""mean_cost_per_unit"": 18.675456260451373, ""capacity_utilization"": 4679664.5, ""feasible"": true, ""n_runs"": 20, ""eligibility"": ""NO_CONCLUSION""}]",bisection over 5 steps on 20 paired runs,0.4453125,0.4625
S10,norepinephrine_1mgml_4ml,commissioning_days,global.node_commissioning_days,365.0,730.0,1095.0,True,True,,feasible_everywhere,"[{""value"": 365.0, ""strategy_id"": ""S10"", ""mean_fill"": 0.993740539429351, ""p_meet"": 0.9, ""mean_cost"": 17483076.324228656, ""mcse_cost"": 9209.987276834316, ""mean_shortage_days"": 13.761883899233293, ""mean_cost_per_unit"": 18.661567940744785, ""capacity_utilization"": 4684480.35, ""feasible"": true, ""n_runs"": 20, ""eligibility"": ""NO_CONCLUSION""}, {""value"": 1095.0, ""strategy_id"": ""S10"", ""mean_fill"": 0.993740539429351, ""p_meet"": 0.9, ""mean_cost"": 17483076.324228656, ""mcse_cost"": 9209.987276834316, ""mean_shortage_days"": 13.761883899233293, ""mean_cost_per_unit"": 18.661567940744785, ""capacity_utilization"": 4684480.35, ""feasible"": true, ""n_runs"": 20, ""eligibility"": ""NO_CONCLUSION""}]",feasibility does not change between 365.0 and 1095.0; no threshold inside the recorded range,,
S10,norepinephrine_1mgml_4ml,activation_latency_days,global.reserved_capacity_activation_days,7.0,21.0,60.0,True,True,,feasible_everywhere,"[{""value"": 7.0, ""strategy_id"": ""S10"", ""mean_fill"": 0.993740539429351, ""p_meet"": 0.9, ""mean_cost"": 17483076.324228656, ""mcse_cost"": 9209.987276834316, ""mean_shortage_days"": 13.761883899233293, ""mean_cost_per_unit"": 18.661567940744785, ""capacity_utilization"": 4684480.35, ""feasible"": true, ""n_runs"": 20, ""eligibility"": ""NO_CONCLUSION""}, {""value"": 60.0, ""strategy_id"": ""S10"", ""mean_fill"": 0.993740539429351, ""p_meet"": 0.9, ""mean_cost"": 17483076.324228656, ""mcse_cost"": 9209.987276834316, ""mean_shortage_days"": 13.761883899233293, ""mean_cost_per_unit"": 18.661567940744785, ""capacity_utilization"": 4684480.35, ""feasible"": true, ""n_runs"": 20, ""eligibility"": ""NO_CONCLUSION""}]",feasibility does not change between 7.0 and 60.0; no threshold inside the recorded range,,
S10,norepinephrine_1mgml_4ml,node_capital,product.capital_usd_per_site,15000000.0,40000000.0,100000000.0,True,True,,feasible_everywhere,"[{""value"": 15000000.0, ""strategy_id"": ""S10"", ""mean_fill"": 0.993740539429351, ""p_meet"": 0.9, ""mean_cost"": 11666121.393585516, ""mcse_cost"": 9209.987276834376, ""mean_shortage_days"": 13.761883899233293, ""mean_cost_per_unit"": 12.452326132427473, ""capacity_utilization"": 4684480.35, ""feasible"": true, ""n_runs"": 20, ""eligibility"": ""NO_CONCLUSION""}, {""value"": 100000000.0, ""strategy_id"": ""S10"", ""mean_fill"": 0.993740539429351, ""p_meet"": 0.9, ""mean_cost"": 31443768.15777403, ""mcse_cost"": 9209.987276834316, ""mean_shortage_days"": 13.761883899233293, ""mean_cost_per_unit"": 33.56374828070831, ""capacity_utilization"": 4684480.35, ""feasible"": true, ""n_runs"": 20, ""eligibility"": ""NO_CONCLUSION""}]",feasibility does not change between 15000000.0 and 100000000.0; no threshold inside the recorded range,,
S10,norepinephrine_1mgml_4ml,batches_per_site_year,product.batches_per_site_year_nominal,30.0,45.0,70.0,False,False,,infeasible_everywhere,"[{""value"": 30.0, ""strategy_id"": ""S10"", ""mean_fill"": 0.9506049021192643, ""p_meet"": 0.0, ""mean_cost"": 17220342.40971702, ""mcse_cost"": 16977.806280167246, ""mean_shortage_days"": 91.64254518072286, ""mean_cost_per_unit"": 19.236803689420743, ""capacity_utilization"": 4479752.0, ""feasible"": false, ""n_runs"": 20, ""eligibility"": ""NO_CONCLUSION""}, {""value"": 70.0, ""strategy_id"": ""S10"", ""mean_fill"": 0.9937194861190436, ""p_meet"": 0.85, ""mean_cost"": 17597370.096564084, ""mcse_cost"": 9311.122109522406, ""mean_shortage_days"": 12.941771631982473, ""mean_cost_per_unit"": 18.784364423502062, ""capacity_utilization"": 4684162.45, ""feasible"": false, ""n_runs"": 20, ""eligibility"": ""NO_CONCLUSION""}]",feasibility does not change between 30.0 and 70.0; no threshold inside the recorded range,,
S10,norepinephrine_1mgml_4ml,changeover_burden,product.changeover_days,1.0,3.0,10.0,True,False,7.609375,feasible_below,"[{""value"": 1.0, ""strategy_id"": ""S10"", ""mean_fill"": 0.9955112558009059, ""p_meet"": 0.9, ""mean_cost"": 17490678.580581237, ""mcse_cost"": 9217.031573695649, ""mean_shortage_days"": 11.87162513691128, ""mean_cost_per_unit"": 18.636106812562964, ""capacity_utilization"": 4692932.65, ""feasible"": true, ""n_runs"": 20, ""eligibility"": ""NO_CONCLUSION""}, {""value"": 10.0, ""strategy_id"": ""S10"", ""mean_fill"": 0.9850332153879714, ""p_meet"": 0.35, ""mean_cost"": 17407569.6340963, ""mcse_cost"": 8862.061650433898, ""mean_shortage_days"": 36.264964403066806, ""mean_cost_per_unit"": 18.74603586355482, ""capacity_utilization"": 4643307.75, ""feasible"": false, ""n_runs"": 20, ""eligibility"": ""NO_CONCLUSION""}, {""value"": 5.5, ""strategy_id"": ""S10"", ""mean_fill"": 0.9933504943639424, ""p_meet"": 0.9, ""mean_cost"": 17472193.22187465, ""mcse_cost"": 8054.425050478893, ""mean_shortage_days"": 13.731879791894851, ""mean_cost_per_unit"": 18.65766616416202, ""capacity_utilization"": 4682550.75, ""feasible"": true, ""n_runs"": 20, ""eligibility"": ""NO_CONCLUSION""}, {""value"": 7.75, ""strategy_id"": ""S10"", ""mean_fill"": 0.9917889297413884, ""p_meet"": 0.85, ""mean_cost"": 17452270.245535515, ""mcse_cost"": 6918.574350777719, ""mean_shortage_days"": 18.69255887185104, ""mean_cost_per_unit"": 18.66588579761834, ""capacity_utilization"": 4675160.65, ""feasible"": false, ""n_runs"": 20, ""eligibility"": ""NO_CONCLUSION""}, {""value"": 6.625, ""strategy_id"": ""S10"", ""mean_fill"": 0.9930696069516788, ""p_meet"": 0.9, ""mean_cost"": 17457444.65101072, ""mcse_cost"": 9117.112554092635, ""mean_shortage_days"": 15.38210569550931, ""mean_cost_per_unit"": 18.64658347600345, ""capacity_utilization"": 4681279.35, ""feasible"": true, ""n_runs"": 20, ""eligibility"": ""NO_CONCLUSION""}, {""value"": 7.1875, ""strategy_id"": ""S10"", ""mean_fill"": 0.9930696069516788, ""p_meet"": 0.9, ""mean_cost"": 17457444.65101072, ""mcse_cost"": 9117.112554092635, ""mean_shortage_days"": 15.38210569550931, ""mean_cost_per_unit"": 18.64658347600345, ""capacity_utilization"": 4681279.35, ""feasible"": true, ""n_runs"": 20, ""eligibility"": ""NO_CONCLUSION""}, {""value"": 7.46875, ""strategy_id"": ""S10"", ""mean_fill"": 0.9930696069516788, ""p_meet"": 0.9, ""mean_cost"": 17457444.65101072, ""mcse_cost"": 9117.112554092635, ""mean_shortage_days"": 15.38210569550931, ""mean_cost_per_unit"": 18.64658347600345, ""capacity_utilization"": 4681279.35, ""feasible"": true, ""n_runs"": 20, ""eligibility"": ""NO_CONCLUSION""}]",bisection over 5 steps on 20 paired runs,7.46875,7.75
S11,norepinephrine_1mgml_4ml,capacity_utilization,product.annual_demand_units,500000.0,900000.0,1800000.0,True,False,1089062.5,feasible_below,"[{""value"": 500000.0, ""strategy_id"": ""S11"", ""mean_fill"": 0.9991838627127434, ""p_meet"": 1.0, ""mean_cost"": 14055483.065018615, ""mcse_cost"": 10479.721468355052, ""mean_shortage_days"": 3.560487404162102, ""mean_cost_per_unit"": 26.858777783382124, ""capacity_utilization"": 2616680.8, ""feasible"": true, ""n_runs"": 20, ""eligibility"": ""NO_CONCLUSION""}, {""value"": 1800000.0, ""strategy_id"": ""S11"", ""mean_fill"": 0.8508698022820905, ""p_meet"": 0.0, ""mean_cost"": 16062940.493454073, ""mcse_cost"": 35176.751760961575, ""mean_shortage_days"": 220.1001300657174, ""mean_cost_per_unit"": 10.052167727386916, ""capacity_utilization"": 8002914.75, ""feasible"": false, ""n_runs"": 20, ""eligibility"": ""NO_CONCLUSION""}, {""value"": 1150000.0, ""strategy_id"": ""S11"", ""mean_fill"": 0.9919389046902598, ""p_meet"": 0.8, ""mean_cost"": 15316598.003674597, ""mcse_cost"": 15730.886808755566, ""mean_shortage_days"": 23.843263964950708, ""mean_cost_per_unit"": 12.82053338687671, ""capacity_utilization"": 5973503.35, ""feasible"": false, ""n_runs"": 20, ""eligibility"": ""NO_CONCLUSION""}, {""value"": 825000.0, ""strategy_id"": ""S11"", ""mean_fill"": 0.9960780103946251, ""p_meet"": 0.9, ""mean_cost"": 14708227.877827797, ""mcse_cost"": 9513.726979831486, ""mean_shortage_days"": 10.281407447973715, ""mean_cost_per_unit"": 17.087909947702535, ""capacity_utilization"": 4303792.55, ""feasible"": true, ""n_runs"": 20, ""eligibility"": ""NO_CONCLUSION""}, {""value"": 987500.0, ""strategy_id"": ""S11"", ""mean_fill"": 0.995863167175423, ""p_meet"": 0.95, ""mean_cost"": 15062582.042425472, ""mcse_cost"": 13318.486757653362, ""mean_shortage_days"": 10.021371851040525, ""mean_cost_per_unit"": 14.621591188558105, ""capacity_utilization"": 5150777.4, ""feasible"": true, ""n_runs"": 20, ""eligibility"": ""NO_CONCLUSION""}, {""value"": 1068750.0, ""strategy_id"": ""S11"", ""mean_fill"": 0.9945873555605547, ""p_meet"": 0.95, ""mean_cost"": 15212434.778063685, ""mcse_cost"": 17269.92981190768, ""mean_shortage_days"": 14.101930449069005, ""mean_cost_per_unit"": 13.662874971909023, ""capacity_utilization"": 5567114.55, ""feasible"": true, ""n_runs"": 20, ""eligibility"": ""NO_CONCLUSION""}, {""value"": 1109375.0, ""strategy_id"": ""S11"", ""mean_fill"": 0.9936023514310687, ""p_meet"": 0.85, ""mean_cost"": 15276242.79432049, ""mcse_cost"": 15627.708719659226, ""mean_shortage_days"": 16.69228504928806, ""mean_cost_per_unit"": 13.232165914862236, ""capacity_utilization"": 5772618.95, ""feasible"": false, ""n_runs"": 20, ""eligibility"": ""NO_CONCLUSION""}]",bisection over 5 steps on 20 paired runs,1068750.0,1109375.0
S11,norepinephrine_1mgml_4ml,fixed_qa_labor_per_node,product.fixed_qa_labor_usd_per_site_year,1500000.0,3000000.0,6000000.0,True,True,,feasible_everywhere,"[{""value"": 1500000.0, ""strategy_id"": ""S11"", ""mean_fill"": 0.9953988117645212, ""p_meet"": 0.95, ""mean_cost"": 13047649.694938734, ""mcse_cost"": 8739.1106732786, ""mean_shortage_days"": 11.941634720700986, ""mean_cost_per_unit"": 13.904593473004997, ""capacity_utilization"": 4691961.85, ""feasible"": true, ""n_runs"": 20, ""eligibility"": ""NO_CONCLUSION""}, {""value"": 6000000.0, ""strategy_id"": ""S11"", ""mean_fill"": 0.9953988117645212, ""p_meet"": 0.95, ""mean_cost"": 18502138.604867447, ""mcse_cost"": 8739.11067327863, ""mean_shortage_days"": 11.941634720700986, ""mean_cost_per_unit"": 19.71743534456009, ""capacity_utilization"": 4691961.85, ""feasible"": true, ""n_runs"": 20, ""eligibility"": ""NO_CONCLUSION""}]",feasibility does not change between 1500000.0 and 6000000.0; no threshold inside the recorded range,,
S11,norepinephrine_1mgml_4ml,release_time,global.sterility_incubation_days,14.0,14.0,18.0,True,True,,feasible_everywhere,"[{""value"": 14.0, ""strategy_id"": ""S11"", ""mean_fill"": 0.9953988117645212, ""p_meet"": 0.95, ""mean_cost"": 14865812.664914897, ""mcse_cost"": 8739.11067327861, ""mean_shortage_days"": 11.941634720700986, ""mean_cost_per_unit"": 15.84220743018995, ""capacity_utilization"": 4691961.85, ""feasible"": true, ""n_runs"": 20, ""eligibility"": ""NO_CONCLUSION""}, {""value"": 18.0, ""strategy_id"": ""S11"", ""mean_fill"": 0.9951393621392608, ""p_meet"": 1.0, ""mean_cost"": 14860694.71607114, ""mcse_cost"": 11149.195617335727, ""mean_shortage_days"": 11.861623767798466, ""mean_cost_per_unit"": 15.84104477774628, ""capacity_utilization"": 4690679.5, ""feasible"": true, ""n_runs"": 20, ""eligibility"": ""NO_CONCLUSION""}]",feasibility does not change between 14.0 and 18.0; no threshold inside the recorded range,,
S11,norepinephrine_1mgml_4ml,shelf_life,product.shelf_life_months,12.0,24.0,30.0,False,True,12.28125,feasible_above,"[{""value"": 12.0, ""strategy_id"": ""S11"", ""mean_fill"": 0.9942931207362802, ""p_meet"": 0.85, ""mean_cost"": 15033955.679558799, ""mcse_cost"": 8999.632513136168, ""mean_shortage_days"": 15.7121508762322, ""mean_cost_per_unit"": 16.03842990780467, ""capacity_utilization"": 4686968.15, ""feasible"": false, ""n_runs"": 20, ""eligibility"": ""NO_CONCLUSION""}, {""value"": 30.0, ""strategy_id"": ""S11"", ""mean_fill"": 0.9953988117645212, ""p_meet"": 0.95, ""mean_cost"": 14865812.664914897, ""mcse_cost"": 8739.11067327861, ""mean_shortage_days"": 11.941634720700986, ""mean_cost_per_unit"": 15.84220743018995, ""capacity_utilization"": 4691961.85, ""feasible"": true, ""n_runs"": 20, ""eligibility"": ""NO_CONCLUSION""}, {""value"": 21.0, ""strategy_id"": ""S11"", ""mean_fill"": 0.9958270040296687, ""p_meet"": 0.95, ""mean_cost"": 14887792.554864386, ""mcse_cost"": 9969.290374323966, ""mean_shortage_days"": 12.07165251916758, ""mean_cost_per_unit"": 15.857708410646044, ""capacity_utilization"": 4694290.25, ""feasible"": true, ""n_runs"": 20, ""eligibility"": ""NO_CONCLUSION""}, {""value"": 16.5, ""strategy_id"": ""S11"", ""mean_fill"": 0.9964917761435069, ""p_meet"": 1.0, ""mean_cost"": 14927560.20999224, ""mcse_cost"": 13318.214566785597, ""mean_shortage_days"": 10.161391018619934, ""mean_cost_per_unit"": 15.889459102135973, ""capacity_utilization"": 4697442.0, ""feasible"": true, ""n_runs"": 20, ""eligibility"": ""NO_CONCLUSION""}, {""value"": 14.25, ""strategy_id"": ""S11"", ""mean_fill"": 0.9959947788016187, ""p_meet"": 0.95, ""mean_cost"": 14953781.224124486, ""mcse_cost"": 8390.891693136646, ""mean_shortage_days"": 10.671460843373493, ""mean_cost_per_unit"": 15.925586740605578, ""capacity_utilization"": 4695122.5, ""feasible"": true, ""n_runs"": 20, ""eligibility"": ""NO_CONCLUSION""}, {""value"": 13.125, ""strategy_id"": ""S11"", ""mean_fill"": 0.9958116759955866, ""p_meet"": 0.95, ""mean_cost"": 14986548.67503666, ""mcse_cost"": 9569.005219775605, ""mean_shortage_days"": 11.981640197152243, ""mean_cost_per_unit"": 15.963384875072487, ""capacity_utilization"": 4694238.35, ""feasible"": true, ""n_runs"": 20, ""eligibility"": ""NO_CONCLUSION""}, {""value"": 12.5625, ""strategy_id"": ""S11"", ""mean_fill"": 0.994528492260207, ""p_meet"": 0.9, ""mean_cost"": 15009674.071145799, ""mcse_cost"": 11491.79560825541, ""mean_shortage_days"": 15.32209748083242, ""mean_cost_per_unit"": 16.00964544575373, ""capacity_utilization"": 4687817.85, ""feasible"": true, ""n_runs"": 20, ""eligibility"": ""NO_CONCLUSION""}]",bisection over 5 steps on 20 paired runs,12.0,12.5625
S11,norepinephrine_1mgml_4ml,raw_material_lead_time,product.material_lead_time_days,30.0,90.0,240.0,True,True,,feasible_everywhere,"[{""value"": 30.0, ""strategy_id"": ""S11"", ""mean_fill"": 0.9956790643870617, ""p_meet"": 0.95, ""mean_cost"": 14862132.00655585, ""mcse_cost"": 10977.895784114751, ""mean_shortage_days"": 11.711603231106242, ""mean_cost_per_unit"": 15.833674206868602, ""capacity_utilization"": 4693290.3, ""feasible"": true, ""n_runs"": 20, ""eligibility"": ""NO_CONCLUSION""}, {""value"": 240.0, ""strategy_id"": ""S11"", ""mean_fill"": 0.9964464517187646, ""p_meet"": 0.95, ""mean_cost"": 14911785.94213869, ""mcse_cost"": 11069.596122296552, ""mean_shortage_days"": 10.441429353778751, ""mean_cost_per_unit"": 15.873651617247749, ""capacity_utilization"": 4697104.6, ""feasible"": true, ""n_runs"": 20, ""eligibility"": ""NO_CONCLUSION""}]",feasibility does not change between 30.0 and 240.0; no threshold inside the recorded range,,
S11,norepinephrine_1mgml_4ml,common_cause_dependence,global.common_cause_events_per_year,0.02,0.1,0.3,True,False,0.173125,feasible_below,"[{""value"": 0.02, ""strategy_id"": ""S11"", ""mean_fill"": 0.9966850709955588, ""p_meet"": 1.0, ""mean_cost"": 14873060.952854041, ""mcse_cost"": 8724.20674817111, ""mean_shortage_days"": 9.271269167579408, ""mean_cost_per_unit"": 15.828365278849475, ""capacity_utilization"": 4698355.85, ""feasible"": true, ""n_runs"": 20, ""eligibility"": ""NO_CONCLUSION""}, {""value"": 0.3, ""strategy_id"": ""S11"", ""mean_fill"": 0.9896716452703229, ""p_meet"": 0.8, ""mean_cost"": 14817946.075227996, ""mcse_cost"": 16164.304676633928, ""mean_shortage_days"": 18.732564348302304, ""mean_cost_per_unit"": 15.88537950708307, ""capacity_utilization"": 4664565.95, ""feasible"": false, ""n_runs"": 20, ""eligibility"": ""NO_CONCLUSION""}, {""value"": 0.16, ""strategy_id"": ""S11"", ""mean_fill"": 0.994239536865184, ""p_meet"": 0.9, ""mean_cost"": 14853069.539284742, ""mcse_cost"": 10766.944451030558, ""mean_shortage_days"": 13.041785323110625, ""mean_cost_per_unit"": 15.847075272995804, ""capacity_utilization"": 4686432.9, ""feasible"": true, ""n_runs"": 20, ""eligibility"": ""NO_CONCLUSION""}, {""value"": 0.22999999999999998, ""strategy_id"": ""S11"", ""mean_fill"": 0.9893129234909808, ""p_meet"": 0.8, ""mean_cost"": 14824815.94917817, ""mcse_cost"": 15466.01439412153, ""mean_shortage_days"": 17.092339813800656, ""mean_cost_per_unit"": 15.899718179719192, ""capacity_utilization"": 4662724.55, ""feasible"": false, ""n_runs"": 20, ""eligibility"": ""NO_CONCLUSION""}, {""value"": 0.195, ""strategy_id"": ""S11"", ""mean_fill"": 0.9940615057323349, ""p_meet"": 0.85, ""mean_cost"": 14842481.721450802, ""mcse_cost"": 11193.37172784352, ""mean_shortage_days"": 14.351964676889375, ""mean_cost_per_unit"": 15.839417003322012, ""capacity_utilization"": 4685319.55, ""feasible"": false, ""n_runs"": 20, ""eligibility"": ""NO_CONCLUSION""}, {""value"": 0.1775, ""strategy_id"": ""S11"", ""mean_fill"": 0.9939364200732703, ""p_meet"": 0.85, ""mean_cost"": 14846924.662651088, ""mcse_cost"": 11214.82981437987, ""mean_shortage_days"": 13.571857886089813, ""mean_cost_per_unit"": 15.846211277781274, ""capacity_utilization"": 4684732.3, ""feasible"": false, ""n_runs"": 20, ""eligibility"": ""NO_CONCLUSION""}, {""value"": 0.16875, ""strategy_id"": ""S11"", ""mean_fill"": 0.9941698067000507, ""p_meet"": 0.9, ""mean_cost"": 14851599.253240546, ""mcse_cost"": 11189.684391027116, ""mean_shortage_days"": 13.041785323110625, ""mean_cost_per_unit"": 15.846583932212866, ""capacity_utilization"": 4686105.5, ""feasible"": true, ""n_runs"": 20, ""eligibility"": ""NO_CONCLUSION""}]",bisection over 5 steps on 20 paired runs,0.16875,0.1775
S11,norepinephrine_1mgml_4ml,supplier_concentration,global.supplier_disruptions_per_supplier_year,0.05,0.2,0.6,True,False,0.47109375000000003,feasible_below,"[{""value"": 0.05, ""strategy_id"": ""S11"", ""mean_fill"": 0.9956502072698225, ""p_meet"": 0.95, ""mean_cost"": 14876628.119813344, ""mcse_cost"": 10936.384612077994, ""mean_shortage_days"": 11.201533406352684, ""mean_cost_per_unit"": 15.849496708927692, ""capacity_utilization"": 4693139.25, ""feasible"": true, ""n_runs"": 20, ""eligibility"": ""NO_CONCLUSION""}, {""value"": 0.6, ""strategy_id"": ""S11"", ""mean_fill"": 0.9940717517839166, ""p_meet"": 0.75, ""mean_cost"": 14824811.173865601, ""mcse_cost"": 16286.202731265032, ""mean_shortage_days"": 15.222083789704271, ""mean_cost_per_unit"": 15.818518539992123, ""capacity_utilization"": 4686105.65, ""feasible"": false, ""n_runs"": 20, ""eligibility"": ""NO_CONCLUSION""}, {""value"": 0.325, ""strategy_id"": ""S11"", ""mean_fill"": 0.9956041370422044, ""p_meet"": 0.95, ""mean_cost"": 14841901.488789003, ""mcse_cost"": 10335.996428918823, ""mean_shortage_days"": 12.021645673603505, ""mean_cost_per_unit"": 15.81232839222711, ""capacity_utilization"": 4693235.15, ""feasible"": true, ""n_runs"": 20, ""eligibility"": ""NO_CONCLUSION""}, {""value"": 0.4625, ""strategy_id"": ""S11"", ""mean_fill"": 0.9951792613632012, ""p_meet"": 0.9, ""mean_cost"": 14837418.827106666, ""mcse_cost"": 11914.678170449886, ""mean_shortage_days"": 12.791751095290252, ""mean_cost_per_unit"": 15.814403797696531, ""capacity_utilization"": 4691273.75, ""feasible"": true, ""n_runs"": 20, ""eligibility"": ""NO_CONCLUSION""}, {""value"": 0.53125, ""strategy_id"": ""S11"", ""mean_fill"": 0.9944874460329742, ""p_meet"": 0.85, ""mean_cost"": 14832710.612382034, ""mcse_cost"": 15565.220334503756, ""mean_shortage_days"": 13.541853778751369, ""mean_cost_per_unit"": 15.821990275617628, ""capacity_utilization"": 4687588.25, ""feasible"": false, ""n_runs"": 20, ""eligibility"": ""NO_CONCLUSION""}, {""value"": 0.496875, ""strategy_id"": ""S11"", ""mean_fill"": 0.9943046235520594, ""p_meet"": 0.8, ""mean_cost"": 14832744.38439725, ""mcse_cost"": 14465.878726506646, ""mean_shortage_days"": 14.151937294633077, ""mean_cost_per_unit"": 15.824374729101512, ""capacity_utilization"": 4686870.7, ""feasible"": false, ""n_runs"": 20, ""eligibility"": ""NO_CONCLUSION""}, {""value"": 0.47968750000000004, ""strategy_id"": ""S11"", ""mean_fill"": 0.9947894769886876, ""p_meet"": 0.85, ""mean_cost"": 14833118.434370702, ""mcse_cost"": 12294.03556232257, ""mean_shortage_days"": 13.331825027382257, ""mean_cost_per_unit"": 15.816040485350772, ""capacity_utilization"": 4689443.8, ""feasible"": false, ""n_runs"": 20, ""eligibility"": ""NO_CONCLUSION""}]",bisection over 5 steps on 20 paired runs,0.4625,0.47968750000000004
S11,norepinephrine_1mgml_4ml,commissioning_days,global.node_commissioning_days,365.0,730.0,1095.0,True,True,,feasible_everywhere,"[{""value"": 365.0, ""strategy_id"": ""S11"", ""mean_fill"": 0.9953988117645212, ""p_meet"": 0.95, ""mean_cost"": 14865812.664914897, ""mcse_cost"": 8739.11067327861, ""mean_shortage_days"": 11.941634720700986, ""mean_cost_per_unit"": 15.84220743018995, ""capacity_utilization"": 4691961.85, ""feasible"": true, ""n_runs"": 20, ""eligibility"": ""NO_CONCLUSION""}, {""value"": 1095.0, ""strategy_id"": ""S11"", ""mean_fill"": 0.9953988117645212, ""p_meet"": 0.95, ""mean_cost"": 14865812.664914897, ""mcse_cost"": 8739.11067327861, ""mean_shortage_days"": 11.941634720700986, ""mean_cost_per_unit"": 15.84220743018995, ""capacity_utilization"": 4691961.85, ""feasible"": true, ""n_runs"": 20, ""eligibility"": ""NO_CONCLUSION""}]",feasibility does not change between 365.0 and 1095.0; no threshold inside the recorded range,,
S11,norepinephrine_1mgml_4ml,activation_latency_days,global.reserved_capacity_activation_days,7.0,21.0,60.0,True,True,,feasible_everywhere,"[{""value"": 7.0, ""strategy_id"": ""S11"", ""mean_fill"": 0.9953988117645212, ""p_meet"": 0.95, ""mean_cost"": 14865812.664914897, ""mcse_cost"": 8739.11067327861, ""mean_shortage_days"": 11.941634720700986, ""mean_cost_per_unit"": 15.84220743018995, ""capacity_utilization"": 4691961.85, ""feasible"": true, ""n_runs"": 20, ""eligibility"": ""NO_CONCLUSION""}, {""value"": 60.0, ""strategy_id"": ""S11"", ""mean_fill"": 0.9953988117645212, ""p_meet"": 0.95, ""mean_cost"": 14865812.664914897, ""mcse_cost"": 8739.11067327861, ""mean_shortage_days"": 11.941634720700986, ""mean_cost_per_unit"": 15.84220743018995, ""capacity_utilization"": 4691961.85, ""feasible"": true, ""n_runs"": 20, ""eligibility"": ""NO_CONCLUSION""}]",feasibility does not change between 7.0 and 60.0; no threshold inside the recorded range,,
S11,norepinephrine_1mgml_4ml,node_capital,product.capital_usd_per_site,15000000.0,40000000.0,100000000.0,True,True,,feasible_everywhere,"[{""value"": 15000000.0, ""strategy_id"": ""S11"", ""mean_fill"": 0.9953988117645212, ""p_meet"": 0.95, ""mean_cost"": 9871022.298136601, ""mcse_cost"": 8739.11067327853, ""mean_shortage_days"": 11.941634720700986, ""mean_cost_per_unit"": 10.519265709509401, ""capacity_utilization"": 4691961.85, ""feasible"": true, ""n_runs"": 20, ""eligibility"": ""NO_CONCLUSION""}, {""value"": 100000000.0, ""strategy_id"": ""S11"", ""mean_fill"": 0.9953988117645212, ""p_meet"": 0.95, ""mean_cost"": 26853309.545182277, ""mcse_cost"": 8739.110673278588, ""mean_shortage_days"": 11.941634720700986, ""mean_cost_per_unit"": 28.617267559822704, ""capacity_utilization"": 4691961.85, ""feasible"": true, ""n_runs"": 20, ""eligibility"": ""NO_CONCLUSION""}]",feasibility does not change between 15000000.0 and 100000000.0; no threshold inside the recorded range,,
S11,norepinephrine_1mgml_4ml,batches_per_site_year,product.batches_per_site_year_nominal,30.0,45.0,70.0,False,True,36.875,feasible_above,"[{""value"": 30.0, ""strategy_id"": ""S11"", ""mean_fill"": 0.9797781199510149, ""p_meet"": 0.4, ""mean_cost"": 14510421.35454079, ""mcse_cost"": 11733.725635705512, ""mean_shortage_days"": 52.92724534501643, ""mean_cost_per_unit"": 15.719936058871955, ""capacity_utilization"": 4616592.6, ""feasible"": false, ""n_runs"": 20, ""eligibility"": ""NO_CONCLUSION""}, {""value"": 70.0, ""strategy_id"": ""S11"", ""mean_fill"": 0.9962011380908928, ""p_meet"": 1.0, ""mean_cost"": 15106834.985849898, ""mcse_cost"": 9323.677466617195, ""mean_shortage_days"": 8.611178806133626, ""mean_cost_per_unit"": 16.085760702506892, ""capacity_utilization"": 4695841.5, ""feasible"": true, ""n_runs"": 20, ""eligibility"": ""NO_CONCLUSION""}, {""value"": 50.0, ""strategy_id"": ""S11"", ""mean_fill"": 0.9969932877496269, ""p_meet"": 1.0, ""mean_cost"": 14932680.663507262, ""mcse_cost"": 11081.914930627907, ""mean_shortage_days"": 8.201122672508216, ""mean_cost_per_unit"": 15.886838097440892, ""capacity_utilization"": 4699830.4, ""feasible"": true, ""n_runs"": 20, ""eligibility"": ""NO_CONCLUSION""}, {""value"": 40.0, ""strategy_id"": ""S11"", ""mean_fill"": 0.9962497606861289, ""p_meet"": 0.95, ""mean_cost"": 14809133.588543892, ""mcse_cost"": 11922.579758461497, ""mean_shortage_days"": 10.921495071193867, ""mean_cost_per_unit"": 15.767059119394986, ""capacity_utilization"": 4696266.1, ""feasible"": true, ""n_runs"": 20, ""eligibility"": ""NO_CONCLUSION""}, {""value"": 35.0, ""strategy_id"": ""S11"", ""mean_fill"": 0.993999202892498, ""p_meet"": 0.85, ""mean_cost"": 14689650.149386486, ""mcse_cost"": 12468.474441785458, ""mean_shortage_days"": 18.242497261774368, ""mean_cost_per_unit"": 15.678792331237934, ""capacity_utilization"": 4684631.95, ""feasible"": false, ""n_runs"": 20, ""eligibility"": ""NO_CONCLUSION""}, {""value"": 37.5, ""strategy_id"": ""S11"", ""mean_fill"": 0.995096996371792, ""p_meet"": 0.9, ""mean_cost"": 14758092.612865228, ""mcse_cost"": 11739.255201590295, ""mean_shortage_days"": 13.62186473165389, ""mean_cost_per_unit"": 15.731333288919918, ""capacity_utilization"": 4690512.5, ""feasible"": true, ""n_runs"": 20, ""eligibility"": ""NO_CONCLUSION""}, {""value"": 36.25, ""strategy_id"": ""S11"", ""mean_fill"": 0.9942863526983293, ""p_meet"": 0.85, ""mean_cost"": 14735367.83057836, ""mcse_cost"": 13338.167282472104, ""mean_shortage_days"": 15.38210569550931, ""mean_cost_per_unit"": 15.720874842586914, ""capacity_utilization"": 4686416.4, ""feasible"": false, ""n_runs"": 20, ""eligibility"": ""NO_CONCLUSION""}]",bisection over 5 steps on 20 paired runs,36.25,37.5
S11,norepinephrine_1mgml_4ml,changeover_burden,product.changeover_days,1.0,3.0,10.0,True,False,9.578125,feasible_below,"[{""value"": 1.0, ""strategy_id"": ""S11"", ""mean_fill"": 0.9949649700204033, ""p_meet"": 0.95, ""mean_cost"": 14877800.483965706, ""mcse_cost"": 11394.837730933868, ""mean_shortage_days"": 11.291545728368016, ""mean_cost_per_unit"": 15.863239955834356, ""capacity_utilization"": 4689577.25, ""feasible"": true, ""n_runs"": 20, ""eligibility"": ""NO_CONCLUSION""}, {""value"": 10.0, ""strategy_id"": ""S11"", ""mean_fill"": 0.9897345617574892, ""p_meet"": 0.7, ""mean_cost"": 14717350.81664972, ""mcse_cost"": 11193.54493556802, ""mean_shortage_days"": 26.423617196056956, ""mean_cost_per_unit"": 15.776203197992292, ""capacity_utilization"": 4664469.35, ""feasible"": false, ""n_runs"": 20, ""eligibility"": ""NO_CONCLUSION""}, {""value"": 5.5, ""strategy_id"": ""S11"", ""mean_fill"": 0.9961912767592958, ""p_meet"": 1.0, ""mean_cost"": 14866827.762552354, ""mcse_cost"": 12151.343888297879, ""mean_shortage_days"": 9.721330777656078, ""mean_cost_per_unit"": 15.829526520088, ""capacity_utilization"": 4696007.7, ""feasible"": true, ""n_runs"": 20, ""eligibility"": ""NO_CONCLUSION""}, {""value"": 7.75, ""strategy_id"": ""S11"", ""mean_fill"": 0.9947814850628174, ""p_meet"": 0.95, ""mean_cost"": 14820878.536542613, ""mcse_cost"": 9623.88858916057, ""mean_shortage_days"": 12.801752464403066, ""mean_cost_per_unit"": 15.805444580577262, ""capacity_utilization"": 4688779.45, ""feasible"": true, ""n_runs"": 20, ""eligibility"": ""NO_CONCLUSION""}, {""value"": 8.875, ""strategy_id"": ""S11"", ""mean_fill"": 0.9923549452565064, ""p_meet"": 0.95, ""mean_cost"": 14777947.313995373, ""mcse_cost"": 11882.729232483069, ""mean_shortage_days"": 19.002601314348304, ""mean_cost_per_unit"": 15.799409915317288, ""capacity_utilization"": 4676960.2, ""feasible"": true, ""n_runs"": 20, ""eligibility"": ""NO_CONCLUSION""}, {""value"": 9.4375, ""strategy_id"": ""S11"", ""mean_fill"": 0.9923549452565064, ""p_meet"": 0.95, ""mean_cost"": 14777947.313995373, ""mcse_cost"": 11882.729232483069, ""mean_shortage_days"": 19.002601314348304, ""mean_cost_per_unit"": 15.799409915317288, ""capacity_utilization"": 4676960.2, ""feasible"": true, ""n_runs"": 20, ""eligibility"": ""NO_CONCLUSION""}, {""value"": 9.71875, ""strategy_id"": ""S11"", ""mean_fill"": 0.9897345617574892, ""p_meet"": 0.7, ""mean_cost"": 14717350.81664972, ""mcse_cost"": 11193.54493556802, ""mean_shortage_days"": 26.423617196056956, ""mean_cost_per_unit"": 15.776203197992292, ""capacity_utilization"": 4664469.35, ""feasible"": false, ""n_runs"": 20, ""eligibility"": ""NO_CONCLUSION""}]",bisection over 5 steps on 20 paired runs,9.4375,9.71875
S12,norepinephrine_1mgml_4ml,capacity_utilization,product.annual_demand_units,500000.0,900000.0,1800000.0,True,False,926562.5,feasible_below,"[{""value"": 500000.0, ""strategy_id"": ""S12"", ""mean_fill"": 1.0, ""p_meet"": 1.0, ""mean_cost"": 17371055.98831302, ""mcse_cost"": 5144.7628051071015, ""mean_shortage_days"": 0.0, ""mean_cost_per_unit"": 33.16827305469874, ""capacity_utilization"": 2618716.6, ""feasible"": true, ""n_runs"": 20, ""eligibility"": ""NO_CONCLUSION""}, {""value"": 1800000.0, ""strategy_id"": ""S12"", ""mean_fill"": 0.6218542573743451, ""p_meet"": 0.0, ""mean_cost"": 18889716.20997636, ""mcse_cost"": 28654.49938173497, ""mean_shortage_days"": 260.215621577218, ""mean_cost_per_unit"": 16.194793946707566, ""capacity_utilization"": 5840562.1, ""feasible"": false, ""n_runs"": 20, ""eligibility"": ""NO_CONCLUSION""}, {""value"": 1150000.0, ""strategy_id"": ""S12"", ""mean_fill"": 0.9526771127633479, ""p_meet"": 0.25, ""mean_cost"": 18734557.514167976, ""mcse_cost"": 27582.939637157553, ""mean_shortage_days"": 54.487458926615545, ""mean_cost_per_unit"": 16.342914418441573, ""capacity_utilization"": 5738181.5, ""feasible"": false, ""n_runs"": 20, ""eligibility"": ""NO_CONCLUSION""}, {""value"": 825000.0, ""strategy_id"": ""S12"", ""mean_fill"": 0.9991884071937429, ""p_meet"": 0.95, ""mean_cost"": 18279039.71738723, ""mcse_cost"": 10046.339959550523, ""mean_shortage_days"": 1.350184830230011, ""mean_cost_per_unit"": 21.16975818552811, ""capacity_utilization"": 4317342.45, ""feasible"": true, ""n_runs"": 20, ""eligibility"": ""NO_CONCLUSION""}, {""value"": 987500.0, ""strategy_id"": ""S12"", ""mean_fill"": 0.9927384447491759, ""p_meet"": 0.8, ""mean_cost"": 18636413.807172637, ""mcse_cost"": 19284.77226376001, ""mean_shortage_days"": 9.17125547645126, ""mean_cost_per_unit"": 18.15186884219228, ""capacity_utilization"": 5134210.95, ""feasible"": false, ""n_runs"": 20, ""eligibility"": ""NO_CONCLUSION""}, {""value"": 906250.0, ""strategy_id"": ""S12"", ""mean_fill"": 0.996118985446822, ""p_meet"": 0.9, ""mean_cost"": 18475755.404950023, ""mcse_cost"": 13850.386076137798, ""mean_shortage_days"": 4.950677710843373, ""mean_cost_per_unit"": 19.540683791377504, ""capacity_utilization"": 4727870.3, ""feasible"": true, ""n_runs"": 20, ""eligibility"": ""NO_CONCLUSION""}, {""value"": 946875.0, ""strategy_id"": ""S12"", ""mean_fill"": 0.995443930979764, ""p_meet"": 0.85, ""mean_cost"": 18557766.399817932, ""mcse_cost"": 16907.13056280502, ""mean_shortage_days"": 5.260720153340635, ""mean_cost_per_unit"": 18.79808812233833, ""capacity_utilization"": 4936465.0, ""feasible"": false, ""n_runs"": 20, ""eligibility"": ""NO_CONCLUSION""}]",bisection over 5 steps on 20 paired runs,906250.0,946875.0
S12,norepinephrine_1mgml_4ml,fixed_qa_labor_per_node,product.fixed_qa_labor_usd_per_site_year,1500000.0,3000000.0,6000000.0,True,True,,feasible_everywhere,"[{""value"": 1500000.0, ""strategy_id"": ""S12"", ""mean_fill"": 0.9964091997528, ""p_meet"": 0.9, ""mean_cost"": 17384112.441703286, ""mcse_cost"": 12042.929687631018, ""mean_shortage_days"": 4.650636637458926, ""mean_cost_per_unit"": 18.508229190505617, ""capacity_utilization"": 4696639.7, ""feasible"": true, ""n_runs"": 20, ""eligibility"": ""NO_CONCLUSION""}, {""value"": 6000000.0, ""strategy_id"": ""S12"", ""mean_fill"": 0.9964091997528, ""p_meet"": 0.9, ""mean_cost"": 20619191.16735335, ""mcse_cost"": 12042.929687630969, ""mean_shortage_days"": 4.650636637458926, ""mean_cost_per_unit"": 21.95261825055102, ""capacity_utilization"": 4696639.7, ""feasible"": true, ""n_runs"": 20, ""eligibility"": ""NO_CONCLUSION""}]",feasibility does not change between 1500000.0 and 6000000.0; no threshold inside the recorded range,,
S12,norepinephrine_1mgml_4ml,release_time,global.sterility_incubation_days,14.0,14.0,18.0,True,False,17.4375,feasible_below,"[{""value"": 14.0, ""strategy_id"": ""S12"", ""mean_fill"": 0.9964091997528, ""p_meet"": 0.9, ""mean_cost"": 18462472.016919974, ""mcse_cost"": 12042.929687631078, ""mean_shortage_days"": 4.650636637458926, ""mean_cost_per_unit"": 19.656358877187422, ""capacity_utilization"": 4696639.7, ""feasible"": true, ""n_runs"": 20, ""eligibility"": ""NO_CONCLUSION""}, {""value"": 18.0, ""strategy_id"": ""S12"", ""mean_fill"": 0.9970861915561053, ""p_meet"": 0.85, ""mean_cost"": 18446370.808677904, ""mcse_cost"": 12275.38677955606, ""mean_shortage_days"": 3.3404572836801747, ""mean_cost_per_unit"": 19.625246817475386, ""capacity_utilization"": 4699911.3, ""feasible"": false, ""n_runs"": 20, ""eligibility"": ""NO_CONCLUSION""}, {""value"": 16.0, ""strategy_id"": ""S12"", ""mean_fill"": 0.9962292513795749, ""p_meet"": 0.9, ""mean_cost"": 18461229.05643773, ""mcse_cost"": 12528.471983172785, ""mean_shortage_days"": 4.72064622124863, ""mean_cost_per_unit"": 19.658685961104304, ""capacity_utilization"": 4695791.75, ""feasible"": true, ""n_runs"": 20, ""eligibility"": ""NO_CONCLUSION""}, {""value"": 17.0, ""strategy_id"": ""S12"", ""mean_fill"": 0.9961464499554088, ""p_meet"": 0.9, ""mean_cost"": 18449569.497985736, ""mcse_cost"": 13448.708708855309, ""mean_shortage_days"": 5.040690032858707, ""mean_cost_per_unit"": 19.647922449213176, ""capacity_utilization"": 4695401.35, ""feasible"": true, ""n_runs"": 20, ""eligibility"": ""NO_CONCLUSION""}, {""value"": 17.5, ""strategy_id"": ""S12"", ""mean_fill"": 0.9971331539916944, ""p_meet"": 0.85, ""mean_cost"": 18452403.81409455, ""mcse_cost"": 11272.142881756616, ""mean_shortage_days"": 3.2104394852135814, ""mean_cost_per_unit"": 19.630738958617304, ""capacity_utilization"": 4700131.8, ""feasible"": false, ""n_runs"": 20, ""eligibility"": ""NO_CONCLUSION""}, {""value"": 17.25, ""strategy_id"": ""S12"", ""mean_fill"": 0.9972239622575649, ""p_meet"": 0.9, ""mean_cost"": 18452031.598459776, ""mcse_cost"": 12460.037954430523, ""mean_shortage_days"": 3.270447699890471, ""mean_cost_per_unit"": 19.628478015231355, ""capacity_utilization"": 4700561.2, ""feasible"": true, ""n_runs"": 20, ""eligibility"": ""NO_CONCLUSION""}, {""value"": 17.375, ""strategy_id"": ""S12"", ""mean_fill"": 0.9972170297075496, ""p_meet"": 0.9, ""mean_cost"": 18456139.278884888, ""mcse_cost"": 11350.857472269585, ""mean_shortage_days"": 3.2104394852135814, ""mean_cost_per_unit"": 19.633034071796402, ""capacity_utilization"": 4700528.65, ""feasible"": true, ""n_runs"": 20, ""eligibility"": ""NO_CONCLUSION""}]",bisection over 5 steps on 20 paired runs,17.375,17.5
S12,norepinephrine_1mgml_4ml,shelf_life,product.shelf_life_months,12.0,24.0,30.0,True,True,,feasible_everywhere,"[{""value"": 12.0, ""strategy_id"": ""S12"", ""mean_fill"": 0.9964091997528, ""p_meet"": 0.9, ""mean_cost"": 18524902.617295567, ""mcse_cost"": 15833.21071576926, ""mean_shortage_days"": 4.650636637458926, ""mean_cost_per_unit"": 19.722751324175512, ""capacity_utilization"": 4696639.7, ""feasible"": true, ""n_runs"": 20, ""eligibility"": ""NO_CONCLUSION""}, {""value"": 30.0, ""strategy_id"": ""S12"", ""mean_fill"": 0.9964091997528, ""p_meet"": 0.9, ""mean_cost"": 18446170.782366768, ""mcse_cost"": 11557.52271551708, ""mean_shortage_days"": 4.650636637458926, ""mean_cost_per_unit"": 19.63901958607997, ""capacity_utilization"": 4696639.7, ""feasible"": true, ""n_runs"": 20, ""eligibility"": ""NO_CONCLUSION""}]",feasibility does not change between 12.0 and 30.0; no threshold inside the recorded range,,
S12,norepinephrine_1mgml_4ml,raw_material_lead_time,product.material_lead_time_days,30.0,90.0,240.0,False,True,33.28125,feasible_above,"[{""value"": 30.0, ""strategy_id"": ""S12"", ""mean_fill"": 0.9970471843254145, ""p_meet"": 0.85, ""mean_cost"": 18434789.405238055, ""mcse_cost"": 11109.140560800737, ""mean_shortage_days"": 3.450472343921139, ""mean_cost_per_unit"": 19.61349118154884, ""capacity_utilization"": 4699707.1, ""feasible"": false, ""n_runs"": 20, ""eligibility"": ""NO_CONCLUSION""}, {""value"": 240.0, ""strategy_id"": ""S12"", ""mean_fill"": 0.9983848192257339, ""p_meet"": 0.95, ""mean_cost"": 18528789.9959535, ""mcse_cost"": 10425.639210769845, ""mean_shortage_days"": 2.010275191675794, ""mean_cost_per_unit"": 19.686780667271357, ""capacity_utilization"": 4706042.65, ""feasible"": true, ""n_runs"": 20, ""eligibility"": ""NO_CONCLUSION""}, {""value"": 135.0, ""strategy_id"": ""S12"", ""mean_fill"": 0.9980786390726898, ""p_meet"": 0.95, ""mean_cost"": 18482041.10600175, ""mcse_cost"": 11036.72109524699, ""mean_shortage_days"": 2.39032721796276, ""mean_cost_per_unit"": 19.643225986109037, ""capacity_utilization"": 4704576.45, ""feasible"": true, ""n_runs"": 20, ""eligibility"": ""NO_CONCLUSION""}, {""value"": 82.5, ""strategy_id"": ""S12"", ""mean_fill"": 0.9971688244135093, ""p_meet"": 0.9, ""mean_cost"": 18461777.087501768, ""mcse_cost"": 11499.786027949973, ""mean_shortage_days"": 2.9304011500547644, ""mean_cost_per_unit"": 19.64010501405202, ""capacity_utilization"": 4700304.65, ""feasible"": true, ""n_runs"": 20, ""eligibility"": ""NO_CONCLUSION""}, {""value"": 56.25, ""strategy_id"": ""S12"", ""mean_fill"": 0.9974747838179621, ""p_meet"": 0.95, ""mean_cost"": 18448397.997076698, ""mcse_cost"": 12054.518511605735, ""mean_shortage_days"": 3.300451807228916, ""mean_cost_per_unit"": 19.619538836785406, ""capacity_utilization"": 4701689.2, ""feasible"": true, ""n_runs"": 20, ""eligibility"": ""NO_CONCLUSION""}, {""value"": 43.125, ""strategy_id"": ""S12"", ""mean_fill"": 0.996721826947325, ""p_meet"": 0.95, ""mean_cost"": 18445676.648662996, ""mcse_cost"": 11688.655205605965, ""mean_shortage_days"": 4.960679079956188, ""mean_cost_per_unit"": 19.63202418469509, ""capacity_utilization"": 4698099.9, ""feasible"": true, ""n_runs"": 20, ""eligibility"": ""NO_CONCLUSION""}, {""value"": 36.5625, ""strategy_id"": ""S12"", ""mean_fill"": 0.9975599803336085, ""p_meet"": 0.9, ""mean_cost"": 18440497.101102486, ""mcse_cost"": 11893.793741809235, ""mean_shortage_days"": 3.1004244249726174, ""mean_cost_per_unit"": 19.609321075015405, ""capacity_utilization"": 4702139.1, ""feasible"": true, ""n_runs"": 20, ""eligibility"": ""NO_CONCLUSION""}]",bisection over 5 steps on 20 paired runs,30.0,36.5625
S12,norepinephrine_1mgml_4ml,common_cause_dependence,global.common_cause_events_per_year,0.02,0.1,0.3,True,False,0.138125,feasible_below,"[{""value"": 0.02, ""strategy_id"": ""S12"", ""mean_fill"": 0.9999460812198091, ""p_meet"": 1.0, ""mean_cost"": 18497075.955479365, ""mcse_cost"": 5682.780869596806, ""mean_shortage_days"": 0.7501026834611172, ""mean_cost_per_unit"": 19.622363247988254, ""capacity_utilization"": 4713431.2, ""feasible"": true, ""n_runs"": 20, ""eligibility"": ""NO_CONCLUSION""}, {""value"": 0.3, ""strategy_id"": ""S12"", ""mean_fill"": 0.9884543472022003, ""p_meet"": 0.85, ""mean_cost"": 18370396.416994732, ""mcse_cost"": 26399.662423659676, ""mean_shortage_days"": 8.821207557502738, ""mean_cost_per_unit"": 19.725453220000702, ""capacity_utilization"": 4658606.0, ""feasible"": false, ""n_runs"": 20, ""eligibility"": ""NO_CONCLUSION""}, {""value"": 0.16, ""strategy_id"": ""S12"", ""mean_fill"": 0.9926615189361472, ""p_meet"": 0.85, ""mean_cost"": 18424946.92484588, ""mcse_cost"": 17178.441294117703, ""mean_shortage_days"": 5.74078587075575, ""mean_cost_per_unit"": 19.699271101404253, ""capacity_utilization"": 4678754.85, ""feasible"": false, ""n_runs"": 20, ""eligibility"": ""NO_CONCLUSION""}, {""value"": 0.09, ""strategy_id"": ""S12"", ""mean_fill"": 0.9964091997528, ""p_meet"": 0.9, ""mean_cost"": 18466901.54058704, ""mcse_cost"": 10970.382275624115, ""mean_shortage_days"": 4.650636637458926, ""mean_cost_per_unit"": 19.66112363985748, ""capacity_utilization"": 4696639.7, ""feasible"": true, ""n_runs"": 20, ""eligibility"": ""NO_CONCLUSION""}, {""value"": 0.125, ""strategy_id"": ""S12"", ""mean_fill"": 0.9967661883591001, ""p_meet"": 0.9, ""mean_cost"": 18456537.617788035, ""mcse_cost"": 12540.39924559574, ""mean_shortage_days"": 3.9005339539978094, ""mean_cost_per_unit"": 19.643006877503662, ""capacity_utilization"": 4698306.85, ""feasible"": true, ""n_runs"": 20, ""eligibility"": ""NO_CONCLUSION""}, {""value"": 0.14250000000000002, ""strategy_id"": ""S12"", ""mean_fill"": 0.9926615189361472, ""p_meet"": 0.85, ""mean_cost"": 18441058.708445363, ""mcse_cost"": 16966.603582183274, ""mean_shortage_days"": 5.74078587075575, ""mean_cost_per_unit"": 19.71623728790501, ""capacity_utilization"": 4678754.85, ""feasible"": false, ""n_runs"": 20, ""eligibility"": ""NO_CONCLUSION""}, {""value"": 0.13375, ""strategy_id"": ""S12"", ""mean_fill"": 0.9967739357903358, ""p_meet"": 0.9, ""mean_cost"": 18455639.199838847, ""mcse_cost"": 13129.105472593807, ""mean_shortage_days"": 3.740512048192771, ""mean_cost_per_unit"": 19.64185839875272, ""capacity_utilization"": 4698343.95, ""feasible"": true, ""n_runs"": 20, ""eligibility"": ""NO_CONCLUSION""}]",bisection over 5 steps on 20 paired runs,0.13375,0.14250000000000002
S12,norepinephrine_1mgml_4ml,supplier_concentration,global.supplier_disruptions_per_supplier_year,0.05,0.2,0.6,True,False,0.5570312500000001,feasible_below,"[{""value"": 0.05, ""strategy_id"": ""S12"", ""mean_fill"": 0.9994152489056323, ""p_meet"": 1.0, ""mean_cost"": 18479629.50671856, ""mcse_cost"": 11670.18114830326, ""mean_shortage_days"": 1.3501848302300108, ""mean_cost_per_unit"": 19.61417901039176, ""capacity_utilization"": 4710952.85, ""feasible"": true, ""n_runs"": 20, ""eligibility"": ""NO_CONCLUSION""}, {""value"": 0.6, ""strategy_id"": ""S12"", ""mean_fill"": 0.9943182396600074, ""p_meet"": 0.85, ""mean_cost"": 18421223.35353693, ""mcse_cost"": 17673.561761667443, ""mean_shortage_days"": 4.090559967141292, ""mean_cost_per_unit"": 19.65561500182354, ""capacity_utilization"": 4686994.1, ""feasible"": false, ""n_runs"": 20, ""eligibility"": ""NO_CONCLUSION""}, {""value"": 0.325, ""strategy_id"": ""S12"", ""mean_fill"": 0.9971665827217231, ""p_meet"": 0.9, ""mean_cost"": 18456052.474455304, ""mcse_cost"": 10123.029213036962, ""mean_shortage_days"": 2.700369660460022, ""mean_cost_per_unit"": 19.63493363316315, ""capacity_utilization"": 4700318.5, ""feasible"": true, ""n_runs"": 20, ""eligibility"": ""NO_CONCLUSION""}, {""value"": 0.4625, ""strategy_id"": ""S12"", ""mean_fill"": 0.9957059050350772, ""p_meet"": 0.9, ""mean_cost"": 18443117.62789291, ""mcse_cost"": 14956.25460559559, ""mean_shortage_days"": 2.8103847207009856, ""mean_cost_per_unit"": 19.651419786742018, ""capacity_utilization"": 4693579.75, ""feasible"": true, ""n_runs"": 20, ""eligibility"": ""NO_CONCLUSION""}, {""value"": 0.53125, ""strategy_id"": ""S12"", ""mean_fill"": 0.9955517710758081, ""p_meet"": 0.9, ""mean_cost"": 18436496.359362278, ""mcse_cost"": 16000.459106188819, ""mean_shortage_days"": 3.810521631982475, ""mean_cost_per_unit"": 19.647375267848837, ""capacity_utilization"": 4692851.35, ""feasible"": true, ""n_runs"": 20, ""eligibility"": ""NO_CONCLUSION""}, {""value"": 0.565625, ""strategy_id"": ""S12"", ""mean_fill"": 0.9943182396600074, ""p_meet"": 0.85, ""mean_cost"": 18430773.10037061, ""mcse_cost"": 17223.241188984604, ""mean_shortage_days"": 4.090559967141292, ""mean_cost_per_unit"": 19.66582033306634, ""capacity_utilization"": 4686994.1, ""feasible"": false, ""n_runs"": 20, ""eligibility"": ""NO_CONCLUSION""}, {""value"": 0.5484375, ""strategy_id"": ""S12"", ""mean_fill"": 0.9955517710758081, ""p_meet"": 0.9, ""mean_cost"": 18433553.176040865, ""mcse_cost"": 16742.850509077747, ""mean_shortage_days"": 3.810521631982475, ""mean_cost_per_unit"": 19.64419977371575, ""capacity_utilization"": 4692851.35, ""feasible"": true, ""n_runs"": 20, ""eligibility"": ""NO_CONCLUSION""}]",bisection over 5 steps on 20 paired runs,0.5484375,0.565625
S12,norepinephrine_1mgml_4ml,commissioning_days,global.node_commissioning_days,365.0,730.0,1095.0,True,True,,feasible_everywhere,"[{""value"": 365.0, ""strategy_id"": ""S12"", ""mean_fill"": 0.9964091997528, ""p_meet"": 0.9, ""mean_cost"": 18462472.016919974, ""mcse_cost"": 12042.929687631078, ""mean_shortage_days"": 4.650636637458926, ""mean_cost_per_unit"": 19.656358877187422, ""capacity_utilization"": 4696639.7, ""feasible"": true, ""n_runs"": 20, ""eligibility"": ""NO_CONCLUSION""}, {""value"": 1095.0, ""strategy_id"": ""S12"", ""mean_fill"": 0.9964091997528, ""p_meet"": 0.9, ""mean_cost"": 18462472.016919974, ""mcse_cost"": 12042.929687631078, ""mean_shortage_days"": 4.650636637458926, ""mean_cost_per_unit"": 19.656358877187422, ""capacity_utilization"": 4696639.7, ""feasible"": true, ""n_runs"": 20, ""eligibility"": ""NO_CONCLUSION""}]",feasibility does not change between 365.0 and 1095.0; no threshold inside the recorded range,,
S12,norepinephrine_1mgml_4ml,activation_latency_days,global.reserved_capacity_activation_days,7.0,21.0,60.0,True,True,,feasible_everywhere,"[{""value"": 7.0, ""strategy_id"": ""S12"", ""mean_fill"": 0.9964091997528, ""p_meet"": 0.9, ""mean_cost"": 18462472.016919974, ""mcse_cost"": 12042.929687631078, ""mean_shortage_days"": 4.650636637458926, ""mean_cost_per_unit"": 19.656358877187422, ""capacity_utilization"": 4696639.7, ""feasible"": true, ""n_runs"": 20, ""eligibility"": ""NO_CONCLUSION""}, {""value"": 60.0, ""strategy_id"": ""S12"", ""mean_fill"": 0.9964091997528, ""p_meet"": 0.9, ""mean_cost"": 18462472.016919974, ""mcse_cost"": 12042.929687631078, ""mean_shortage_days"": 4.650636637458926, ""mean_cost_per_unit"": 19.656358877187422, ""capacity_utilization"": 4696639.7, ""feasible"": true, ""n_runs"": 20, ""eligibility"": ""NO_CONCLUSION""}]",feasibility does not change between 7.0 and 60.0; no threshold inside the recorded range,,
S12,norepinephrine_1mgml_4ml,node_capital,product.capital_usd_per_site,15000000.0,40000000.0,100000000.0,True,True,,feasible_everywhere,"[{""value"": 15000000.0, ""strategy_id"": ""S12"", ""mean_fill"": 0.9964091997528, ""p_meet"": 0.9, ""mean_cost"": 11714890.596017005, ""mcse_cost"": 12042.929687630993, ""mean_shortage_days"": 4.650636637458926, ""mean_cost_per_unit"": 12.47220739312929, ""capacity_utilization"": 4696639.7, ""feasible"": true, ""n_runs"": 20, ""eligibility"": ""NO_CONCLUSION""}, {""value"": 100000000.0, ""strategy_id"": ""S12"", ""mean_fill"": 0.9964091997528, ""p_meet"": 0.9, ""mean_cost"": 34656667.42708686, ""mcse_cost"": 12042.929687631096, ""mean_shortage_days"": 4.650636637458926, ""mean_cost_per_unit"": 36.89832243892667, ""capacity_utilization"": 4696639.7, ""feasible"": true, ""n_runs"": 20, ""eligibility"": ""NO_CONCLUSION""}]",feasibility does not change between 15000000.0 and 100000000.0; no threshold inside the recorded range,,
S12,norepinephrine_1mgml_4ml,batches_per_site_year,product.batches_per_site_year_nominal,30.0,45.0,70.0,False,True,44.375,feasible_above,"[{""value"": 30.0, ""strategy_id"": ""S12"", ""mean_fill"": 0.8270246005491699, ""p_meet"": 0.0, ""mean_cost"": 17794574.651378155, ""mcse_cost"": 19095.17485486759, ""mean_shortage_days"": 185.68541894852135, ""mean_cost_per_unit"": 22.90043452660775, ""capacity_utilization"": 3892618.65, ""feasible"": false, ""n_runs"": 20, ""eligibility"": ""NO_CONCLUSION""}, {""value"": 70.0, ""strategy_id"": ""S12"", ""mean_fill"": 1.0, ""p_meet"": 1.0, ""mean_cost"": 18513968.34023889, ""mcse_cost"": 8602.437271543236, ""mean_shortage_days"": 0.0, ""mean_cost_per_unit"": 19.639031535399205, ""capacity_utilization"": 4713689.4, ""feasible"": true, ""n_runs"": 20, ""eligibility"": ""NO_CONCLUSION""}, {""value"": 50.0, ""strategy_id"": ""S12"", ""mean_fill"": 0.999738600171829, ""p_meet"": 1.0, ""mean_cost"": 18490582.685434658, ""mcse_cost"": 9997.574291142597, ""mean_shortage_days"": 0.7801067907995618, ""mean_cost_per_unit"": 19.61944005138698, ""capacity_utilization"": 4712467.35, ""feasible"": true, ""n_runs"": 20, ""eligibility"": ""NO_CONCLUSION""}, {""value"": 40.0, ""strategy_id"": ""S12"", ""mean_fill"": 0.9829238153949478, ""p_meet"": 0.55, ""mean_cost"": 18320020.697667193, ""mcse_cost"": 22783.76989035349, ""mean_shortage_days"": 20.35278614457831, ""mean_cost_per_unit"": 19.778976128715204, ""capacity_utilization"": 4632841.2, ""feasible"": false, ""n_runs"": 20, ""eligibility"": ""NO_CONCLUSION""}, {""value"": 45.0, ""strategy_id"": ""S12"", ""mean_fill"": 0.9964091997528, ""p_meet"": 0.9, ""mean_cost"": 18462472.016919974, ""mcse_cost"": 12042.929687631078, ""mean_shortage_days"": 4.650636637458926, ""mean_cost_per_unit"": 19.656358877187422, ""capacity_utilization"": 4696639.7, ""feasible"": true, ""n_runs"": 20, ""eligibility"": ""NO_CONCLUSION""}, {""value"": 42.5, ""strategy_id"": ""S12"", ""mean_fill"": 0.9937985041525726, ""p_meet"": 0.85, ""mean_cost"": 18418025.94361844, ""mcse_cost"": 16903.423046158292, ""mean_shortage_days"": 7.230989868565169, ""mean_cost_per_unit"": 19.662499510111623, ""capacity_utilization"": 4684421.2, ""feasible"": false, ""n_runs"": 20, ""eligibility"": ""NO_CONCLUSION""}, {""value"": 43.75, ""strategy_id"": ""S12"", ""mean_fill"": 0.9955124659721035, ""p_meet"": 0.85, ""mean_cost"": 18425155.224343453, ""mcse_cost"": 13959.408359168689, ""mean_shortage_days"": 6.530894030668127, ""mean_cost_per_unit"": 19.634347746413248, ""capacity_utilization"": 4692500.05, ""feasible"": false, ""n_runs"": 20, ""eligibility"": ""NO_CONCLUSION""}]",bisection over 5 steps on 20 paired runs,43.75,45.0
S12,norepinephrine_1mgml_4ml,changeover_burden,product.changeover_days,1.0,3.0,10.0,True,False,8.453125,feasible_below,"[{""value"": 1.0, ""strategy_id"": ""S12"", ""mean_fill"": 0.9965952549052917, ""p_meet"": 0.9, ""mean_cost"": 18466541.268543053, ""mcse_cost"": 12553.691107840641, ""mean_shortage_days"": 4.35059556407448, ""mean_cost_per_unit"": 19.656881833374744, ""capacity_utilization"": 4697518.2, ""feasible"": true, ""n_runs"": 20, ""eligibility"": ""NO_CONCLUSION""}, {""value"": 10.0, ""strategy_id"": ""S12"", ""mean_fill"": 0.9852115285586839, ""p_meet"": 0.6, ""mean_cost"": 18345515.338105064, ""mcse_cost"": 18372.47474521183, ""mean_shortage_days"": 18.542538335158817, ""mean_cost_per_unit"": 19.759358874415042, ""capacity_utilization"": 4643713.05, ""feasible"": false, ""n_runs"": 20, ""eligibility"": ""NO_CONCLUSION""}, {""value"": 5.5, ""strategy_id"": ""S12"", ""mean_fill"": 0.9962761455657043, ""p_meet"": 0.9, ""mean_cost"": 18461451.26013023, ""mcse_cost"": 12702.397807593363, ""mean_shortage_days"": 4.690642113910186, ""mean_cost_per_unit"": 19.657993236157516, ""capacity_utilization"": 4696010.75, ""feasible"": true, ""n_runs"": 20, ""eligibility"": ""NO_CONCLUSION""}, {""value"": 7.75, ""strategy_id"": ""S12"", ""mean_fill"": 0.9960497944350971, ""p_meet"": 0.9, ""mean_cost"": 18441640.056725636, ""mcse_cost"": 13288.702114603857, ""mean_shortage_days"": 5.210713307776561, ""mean_cost_per_unit"": 19.64146603289482, ""capacity_utilization"": 4694944.0, ""feasible"": true, ""n_runs"": 20, ""eligibility"": ""NO_CONCLUSION""}, {""value"": 8.875, ""strategy_id"": ""S12"", ""mean_fill"": 0.993501536130401, ""p_meet"": 0.8, ""mean_cost"": 18404207.941870455, ""mcse_cost"": 14356.845079348002, ""mean_shortage_days"": 9.701328039430448, ""mean_cost_per_unit"": 19.653544543856214, ""capacity_utilization"": 4682946.55, ""feasible"": false, ""n_runs"": 20, ""eligibility"": ""NO_CONCLUSION""}, {""value"": 8.3125, ""strategy_id"": ""S12"", ""mean_fill"": 0.9960497944350971, ""p_meet"": 0.9, ""mean_cost"": 18441640.056725636, ""mcse_cost"": 13288.702114603857, ""mean_shortage_days"": 5.210713307776561, ""mean_cost_per_unit"": 19.64146603289482, ""capacity_utilization"": 4694944.0, ""feasible"": true, ""n_runs"": 20, ""eligibility"": ""NO_CONCLUSION""}, {""value"": 8.59375, ""strategy_id"": ""S12"", ""mean_fill"": 0.993501536130401, ""p_meet"": 0.8, ""mean_cost"": 18404207.941870455, ""mcse_cost"": 14356.845079348002, ""mean_shortage_days"": 9.701328039430448, ""mean_cost_per_unit"": 19.653544543856214, ""capacity_utilization"": 4682946.55, ""feasible"": false, ""n_runs"": 20, ""eligibility"": ""NO_CONCLUSION""}]",bisection over 5 steps on 20 paired runs,8.3125,8.59375
S13,norepinephrine_1mgml_4ml,capacity_utilization,product.annual_demand_units,500000.0,900000.0,1800000.0,True,False,885937.5,feasible_below,"[{""value"": 500000.0, ""strategy_id"": ""S13"", ""mean_fill"": 0.9995651367733354, ""p_meet"": 1.0, ""mean_cost"": 17748824.02480656, ""mcse_cost"": 11424.856930974238, ""mean_shortage_days"": 2.8403888280394303, ""mean_cost_per_unit"": 33.901872300790124, ""capacity_utilization"": 2617765.5, ""feasible"": true, ""n_runs"": 20, ""eligibility"": ""NO_CONCLUSION""}, {""value"": 1800000.0, ""strategy_id"": ""S13"", ""mean_fill"": 0.7960095773263656, ""p_meet"": 0.0, ""mean_cost"": 19994505.53821699, ""mcse_cost"": 35504.22905158961, ""mean_shortage_days"": 256.5151150054764, ""mean_cost_per_unit"": 13.346093480919189, ""capacity_utilization"": 7501722.55, ""feasible"": false, ""n_runs"": 20, ""eligibility"": ""NO_CONCLUSION""}, {""value"": 1150000.0, ""strategy_id"": ""S13"", ""mean_fill"": 0.991731387055532, ""p_meet"": 0.7, ""mean_cost"": 19225444.247727863, ""mcse_cost"": 13711.948669723171, ""mean_shortage_days"": 26.90368291347206, ""mean_cost_per_unit"": 16.092674640846933, ""capacity_utilization"": 5973195.35, ""feasible"": false, ""n_runs"": 20, ""eligibility"": ""NO_CONCLUSION""}, {""value"": 825000.0, ""strategy_id"": ""S13"", ""mean_fill"": 0.998133299281799, ""p_meet"": 1.0, ""mean_cost"": 18480967.931604594, ""mcse_cost"": 10738.503479089188, ""mean_shortage_days"": 8.21112404162103, ""mean_cost_per_unit"": 21.424935774305496, ""capacity_utilization"": 4313035.6, ""feasible"": true, ""n_runs"": 20, ""eligibility"": ""NO_CONCLUSION""}, {""value"": 987500.0, ""strategy_id"": ""S13"", ""mean_fill"": 0.9954379632624442, ""p_meet"": 0.85, ""mean_cost"": 18838761.381564997, ""mcse_cost"": 9519.458249390358, ""mean_shortage_days"": 18.722562979189483, ""mean_cost_per_unit"": 18.294880840099175, ""capacity_utilization"": 5148534.15, ""feasible"": false, ""n_runs"": 20, ""eligibility"": ""NO_CONCLUSION""}, {""value"": 906250.0, ""strategy_id"": ""S13"", ""mean_fill"": 0.9958361127102311, ""p_meet"": 0.8, ""mean_cost"": 18635334.654400352, ""mcse_cost"": 9370.78355355725, ""mean_shortage_days"": 14.581996166484117, ""mean_cost_per_unit"": 19.708983752537595, ""capacity_utilization"": 4727560.75, ""feasible"": false, ""n_runs"": 20, ""eligibility"": ""NO_CONCLUSION""}, {""value"": 865625.0, ""strategy_id"": ""S13"", ""mean_fill"": 0.9974489995824533, ""p_meet"": 0.95, ""mean_cost"": 18558566.450847846, ""mcse_cost"": 12366.171269577426, ""mean_shortage_days"": 9.901355421686748, ""mean_cost_per_unit"": 20.515763434420503, ""capacity_utilization"": 4523032.9, ""feasible"": true, ""n_runs"": 20, ""eligibility"": ""NO_CONCLUSION""}]",bisection over 5 steps on 20 paired runs,865625.0,906250.0
S13,norepinephrine_1mgml_4ml,fixed_qa_labor_per_node,product.fixed_qa_labor_usd_per_site_year,1500000.0,3000000.0,6000000.0,True,True,,feasible_everywhere,"[{""value"": 1500000.0, ""strategy_id"": ""S13"", ""mean_fill"": 0.9966602301042929, ""p_meet"": 0.95, ""mean_cost"": 16668270.725405673, ""mcse_cost"": 10557.994146822708, ""mean_shortage_days"": 11.571584063526833, ""mean_cost_per_unit"": 17.73645798335973, ""capacity_utilization"": 4699049.15, ""feasible"": true, ""n_runs"": 20, ""eligibility"": ""NO_CONCLUSION""}, {""value"": 6000000.0, ""strategy_id"": ""S13"", ""mean_fill"": 0.9966602301042929, ""p_meet"": 0.95, ""mean_cost"": 22557648.066890858, ""mcse_cost"": 10557.994146822746, ""mean_shortage_days"": 11.571584063526833, ""mean_cost_per_unit"": 24.00340850064867, ""capacity_utilization"": 4699049.15, ""feasible"": true, ""n_runs"": 20, ""eligibility"": ""NO_CONCLUSION""}]",feasibility does not change between 1500000.0 and 6000000.0; no threshold inside the recorded range,,
S13,norepinephrine_1mgml_4ml,release_time,global.sterility_incubation_days,14.0,14.0,18.0,True,False,15.6875,feasible_below,"[{""value"": 14.0, ""strategy_id"": ""S13"", ""mean_fill"": 0.9966602301042929, ""p_meet"": 0.95, ""mean_cost"": 18631396.50590071, ""mcse_cost"": 10557.994146822746, ""mean_shortage_days"": 11.571584063526833, ""mean_cost_per_unit"": 19.825441489122685, ""capacity_utilization"": 4699049.15, ""feasible"": true, ""n_runs"": 20, ""eligibility"": ""NO_CONCLUSION""}, {""value"": 18.0, ""strategy_id"": ""S13"", ""mean_fill"": 0.9948682348049195, ""p_meet"": 0.8, ""mean_cost"": 18610855.495030086, ""mcse_cost"": 9099.97518464792, ""mean_shortage_days"": 15.802163198247536, ""mean_cost_per_unit"": 19.839988509623858, ""capacity_utilization"": 4690347.65, ""feasible"": false, ""n_runs"": 20, ""eligibility"": ""NO_CONCLUSION""}, {""value"": 16.0, ""strategy_id"": ""S13"", ""mean_fill"": 0.995627089815267, ""p_meet"": 0.8, ""mean_cost"": 18623229.034015354, ""mcse_cost"": 10141.874171147527, ""mean_shortage_days"": 14.521987951807224, ""mean_cost_per_unit"": 19.836976338745856, ""capacity_utilization"": 4694082.65, ""feasible"": false, ""n_runs"": 20, ""eligibility"": ""NO_CONCLUSION""}, {""value"": 15.0, ""strategy_id"": ""S13"", ""mean_fill"": 0.9959993656026329, ""p_meet"": 0.9, ""mean_cost"": 18621061.508905392, ""mcse_cost"": 10390.723008841727, ""mean_shortage_days"": 14.60199890470975, ""mean_cost_per_unit"": 19.828157519136862, ""capacity_utilization"": 4695743.0, ""feasible"": true, ""n_runs"": 20, ""eligibility"": ""NO_CONCLUSION""}, {""value"": 15.5, ""strategy_id"": ""S13"", ""mean_fill"": 0.9956523632385622, ""p_meet"": 0.9, ""mean_cost"": 18624413.661764644, ""mcse_cost"": 6386.157410146997, ""mean_shortage_days"": 13.851896221248632, ""mean_cost_per_unit"": 19.84025499369432, ""capacity_utilization"": 4693639.15, ""feasible"": true, ""n_runs"": 20, ""eligibility"": ""NO_CONCLUSION""}, {""value"": 15.75, ""strategy_id"": ""S13"", ""mean_fill"": 0.9954148812781428, ""p_meet"": 0.85, ""mean_cost"": 18620189.415542386, ""mcse_cost"": 9632.031941226996, ""mean_shortage_days"": 14.762020810514784, ""mean_cost_per_unit"": 19.839063243342768, ""capacity_utilization"": 4692719.95, ""feasible"": false, ""n_runs"": 20, ""eligibility"": ""NO_CONCLUSION""}, {""value"": 15.625, ""strategy_id"": ""S13"", ""mean_fill"": 0.9953244211074596, ""p_meet"": 0.9, ""mean_cost"": 18625696.611516885, ""mcse_cost"": 7955.567834385845, ""mean_shortage_days"": 14.962048192771082, ""mean_cost_per_unit"": 19.846975330940086, ""capacity_utilization"": 4692390.55, ""feasible"": true, ""n_runs"": 20, ""eligibility"": ""NO_CONCLUSION""}]",bisection over 5 steps on 20 paired runs,15.625,15.75
S13,norepinephrine_1mgml_4ml,shelf_life,product.shelf_life_months,12.0,24.0,30.0,True,True,,feasible_everywhere,"[{""value"": 12.0, ""strategy_id"": ""S13"", ""mean_fill"": 0.9966460830955353, ""p_meet"": 0.95, ""mean_cost"": 18642970.32208219, ""mcse_cost"": 13396.054877691728, ""mean_shortage_days"": 11.861623767798466, ""mean_cost_per_unit"": 19.83789215348609, ""capacity_utilization"": 4698974.45, ""feasible"": true, ""n_runs"": 20, ""eligibility"": ""NO_CONCLUSION""}, {""value"": 30.0, ""strategy_id"": ""S13"", ""mean_fill"": 0.9967135614833242, ""p_meet"": 0.95, ""mean_cost"": 18628002.024175376, ""mcse_cost"": 10060.470505089776, ""mean_shortage_days"": 11.491573110624316, ""mean_cost_per_unit"": 19.820692240797083, ""capacity_utilization"": 4699297.3, ""feasible"": true, ""n_runs"": 20, ""eligibility"": ""NO_CONCLUSION""}]",feasibility does not change between 12.0 and 30.0; no threshold inside the recorded range,,
S13,norepinephrine_1mgml_4ml,raw_material_lead_time,product.material_lead_time_days,30.0,90.0,240.0,True,True,,feasible_everywhere,"[{""value"": 30.0, ""strategy_id"": ""S13"", ""mean_fill"": 0.9967766556793913, ""p_meet"": 0.95, ""mean_cost"": 18598151.97523374, ""mcse_cost"": 11692.081588124702, ""mean_shortage_days"": 11.731605969331872, ""mean_cost_per_unit"": 19.7869134326509, ""capacity_utilization"": 4699687.9, ""feasible"": true, ""n_runs"": 20, ""eligibility"": ""NO_CONCLUSION""}, {""value"": 240.0, ""strategy_id"": ""S13"", ""mean_fill"": 0.9968866639989157, ""p_meet"": 0.95, ""mean_cost"": 18695160.949905165, ""mcse_cost"": 10624.28372837506, ""mean_shortage_days"": 10.981503285870755, ""mean_cost_per_unit"": 19.888898465859693, ""capacity_utilization"": 4700151.6, ""feasible"": true, ""n_runs"": 20, ""eligibility"": ""NO_CONCLUSION""}]",feasibility does not change between 30.0 and 240.0; no threshold inside the recorded range,,
S13,norepinephrine_1mgml_4ml,common_cause_dependence,global.common_cause_events_per_year,0.02,0.1,0.3,True,False,0.155625,feasible_below,"[{""value"": 0.02, ""strategy_id"": ""S13"", ""mean_fill"": 0.9972727251264445, ""p_meet"": 1.0, ""mean_cost"": 18639041.99515541, ""mcse_cost"": 9238.259705645563, ""mean_shortage_days"": 9.911356790799562, ""mean_cost_per_unit"": 19.82600351757716, ""capacity_utilization"": 4700863.0, ""feasible"": true, ""n_runs"": 20, ""eligibility"": ""NO_CONCLUSION""}, {""value"": 0.3, ""strategy_id"": ""S13"", ""mean_fill"": 0.9883776254018452, ""p_meet"": 0.8, ""mean_cost"": 18597228.74885764, ""mcse_cost"": 12557.379409357804, ""mean_shortage_days"": 22.243044906900327, ""mean_cost_per_unit"": 19.963206130058747, ""capacity_utilization"": 4658579.25, ""feasible"": false, ""n_runs"": 20, ""eligibility"": ""NO_CONCLUSION""}, {""value"": 0.16, ""strategy_id"": ""S13"", ""mean_fill"": 0.9905157642808561, ""p_meet"": 0.85, ""mean_cost"": 18608588.590605468, ""mcse_cost"": 13012.842820091777, ""mean_shortage_days"": 19.052608159912374, ""mean_cost_per_unit"": 19.930601577228146, ""capacity_utilization"": 4668980.95, ""feasible"": false, ""n_runs"": 20, ""eligibility"": ""NO_CONCLUSION""}, {""value"": 0.09, ""strategy_id"": ""S13"", ""mean_fill"": 0.996806076640374, ""p_meet"": 0.95, ""mean_cost"": 18631168.090787217, ""mcse_cost"": 9394.982389864488, ""mean_shortage_days"": 11.151526560788607, ""mean_cost_per_unit"": 19.82238289668588, ""capacity_utilization"": 4699742.05, ""feasible"": true, ""n_runs"": 20, ""eligibility"": ""NO_CONCLUSION""}, {""value"": 0.125, ""strategy_id"": ""S13"", ""mean_fill"": 0.9969323425288635, ""p_meet"": 1.0, ""mean_cost"": 18635203.596984405, ""mcse_cost"": 9376.572556058647, ""mean_shortage_days"": 12.491710021905806, ""mean_cost_per_unit"": 19.826642416432996, ""capacity_utilization"": 4699550.95, ""feasible"": true, ""n_runs"": 20, ""eligibility"": ""NO_CONCLUSION""}, {""value"": 0.14250000000000002, ""strategy_id"": ""S13"", ""mean_fill"": 0.9920103621950507, ""p_meet"": 0.9, ""mean_cost"": 18610892.456238896, ""mcse_cost"": 12570.004147352978, ""mean_shortage_days"": 17.722426067907996, ""mean_cost_per_unit"": 19.902740684797028, ""capacity_utilization"": 4676124.65, ""feasible"": true, ""n_runs"": 20, ""eligibility"": ""NO_CONCLUSION""}, {""value"": 0.15125, ""strategy_id"": ""S13"", ""mean_fill"": 0.9924367761538038, ""p_meet"": 0.9, ""mean_cost"": 18610571.32698635, ""mcse_cost"": 12308.757691174354, ""mean_shortage_days"": 16.252224808324204, ""mean_cost_per_unit"": 19.893972343533655, ""capacity_utilization"": 4678141.7, ""feasible"": true, ""n_runs"": 20, ""eligibility"": ""NO_CONCLUSION""}]",bisection over 5 steps on 20 paired runs,0.15125,0.16
S13,norepinephrine_1mgml_4ml,supplier_concentration,global.supplier_disruptions_per_supplier_year,0.05,0.2,0.6,True,True,,feasible_everywhere,"[{""value"": 0.05, ""strategy_id"": ""S13"", ""mean_fill"": 0.9972250416116601, ""p_meet"": 0.95, ""mean_cost"": 18633703.75403402, ""mcse_cost"": 10827.085681881246, ""mean_shortage_days"": 10.391422508214678, ""mean_cost_per_unit"": 19.816796157772934, ""capacity_utilization"": 4701750.4, ""feasible"": true, ""n_runs"": 20, ""eligibility"": ""NO_CONCLUSION""}, {""value"": 0.6, ""strategy_id"": ""S13"", ""mean_fill"": 0.9965243198591646, ""p_meet"": 0.95, ""mean_cost"": 18630127.296026148, ""mcse_cost"": 9537.63596831773, ""mean_shortage_days"": 11.631592278203724, ""mean_cost_per_unit"": 19.82700024463119, ""capacity_utilization"": 4698449.6, ""feasible"": true, ""n_runs"": 20, ""eligibility"": ""NO_CONCLUSION""}]",feasibility does not change between 0.05 and 0.6; no threshold inside the recorded range,,
S13,norepinephrine_1mgml_4ml,commissioning_days,global.node_commissioning_days,365.0,730.0,1095.0,True,True,,feasible_everywhere,"[{""value"": 365.0, ""strategy_id"": ""S13"", ""mean_fill"": 0.9966602301042929, ""p_meet"": 0.95, ""mean_cost"": 18631396.50590071, ""mcse_cost"": 10557.994146822746, ""mean_shortage_days"": 11.571584063526833, ""mean_cost_per_unit"": 19.825441489122685, ""capacity_utilization"": 4699049.15, ""feasible"": true, ""n_runs"": 20, ""eligibility"": ""NO_CONCLUSION""}, {""value"": 1095.0, ""strategy_id"": ""S13"", ""mean_fill"": 0.9966602301042929, ""p_meet"": 0.95, ""mean_cost"": 18631396.50590071, ""mcse_cost"": 10557.994146822746, ""mean_shortage_days"": 11.571584063526833, ""mean_cost_per_unit"": 19.825441489122685, ""capacity_utilization"": 4699049.15, ""feasible"": true, ""n_runs"": 20, ""eligibility"": ""NO_CONCLUSION""}]",feasibility does not change between 365.0 and 1095.0; no threshold inside the recorded range,,
S13,norepinephrine_1mgml_4ml,activation_latency_days,global.reserved_capacity_activation_days,7.0,21.0,60.0,True,True,,feasible_everywhere,"[{""value"": 7.0, ""strategy_id"": ""S13"", ""mean_fill"": 0.9973134870318582, ""p_meet"": 0.95, ""mean_cost"": 18627598.31595672, ""mcse_cost"": 10817.521389312307, ""mean_shortage_days"": 10.001369112814896, ""mean_cost_per_unit"": 19.8112848453703, ""capacity_utilization"": 4701375.3, ""feasible"": true, ""n_runs"": 20, ""eligibility"": ""NO_CONCLUSION""}, {""value"": 60.0, ""strategy_id"": ""S13"", ""mean_fill"": 0.9963855276711262, ""p_meet"": 0.9, ""mean_cost"": 18617148.139785357, ""mcse_cost"": 10612.121833269808, ""mean_shortage_days"": 13.031783953997808, ""mean_cost_per_unit"": 19.819188205271445, ""capacity_utilization"": 4696939.65, ""feasible"": true, ""n_runs"": 20, ""eligibility"": ""NO_CONCLUSION""}]",feasibility does not change between 7.0 and 60.0; no threshold inside the recorded range,,
S13,norepinephrine_1mgml_4ml,node_capital,product.capital_usd_per_site,15000000.0,40000000.0,100000000.0,True,True,,feasible_everywhere,"[{""value"": 15000000.0, ""strategy_id"": ""S13"", ""mean_fill"": 0.9966602301042929, ""p_meet"": 0.95, ""mean_cost"": 12233553.127429366, ""mcse_cost"": 10557.994146822655, ""mean_shortage_days"": 11.571584063526833, ""mean_cost_per_unit"": 13.017426728748466, ""capacity_utilization"": 4699049.15, ""feasible"": true, ""n_runs"": 20, ""eligibility"": ""NO_CONCLUSION""}, {""value"": 100000000.0, ""strategy_id"": ""S13"", ""mean_fill"": 0.9966602301042929, ""p_meet"": 0.95, ""mean_cost"": 33986220.61423592, ""mcse_cost"": 10557.994146822697, ""mean_shortage_days"": 11.571584063526833, ""mean_cost_per_unit"": 36.164676914025044, ""capacity_utilization"": 4699049.15, ""feasible"": true, ""n_runs"": 20, ""eligibility"": ""NO_CONCLUSION""}]",feasibility does not change between 15000000.0 and 100000000.0; no threshold inside the recorded range,,
S13,norepinephrine_1mgml_4ml,batches_per_site_year,product.batches_per_site_year_nominal,30.0,45.0,70.0,False,True,38.125,feasible_above,"[{""value"": 30.0, ""strategy_id"": ""S13"", ""mean_fill"": 0.9731130605801599, ""p_meet"": 0.3, ""mean_cost"": 18480267.485045385, ""mcse_cost"": 15953.2485034957, ""mean_shortage_days"": 59.69817223439212, ""mean_cost_per_unit"": 20.15059180879959, ""capacity_utilization"": 4587451.85, ""feasible"": false, ""n_runs"": 20, ""eligibility"": ""NO_CONCLUSION""}, {""value"": 70.0, ""strategy_id"": ""S13"", ""mean_fill"": 0.9975937948808997, ""p_meet"": 0.95, ""mean_cost"": 18774530.236911464, ""mcse_cost"": 14831.921265052142, ""mean_shortage_days"": 7.711055585980286, ""mean_cost_per_unit"": 19.96262719677033, ""capacity_utilization"": 4702340.65, ""feasible"": true, ""n_runs"": 20, ""eligibility"": ""NO_CONCLUSION""}, {""value"": 50.0, ""strategy_id"": ""S13"", ""mean_fill"": 0.9961377377474573, ""p_meet"": 0.9, ""mean_cost"": 18656943.92065472, ""mcse_cost"": 9028.296382024771, ""mean_shortage_days"": 12.30168400876232, ""mean_cost_per_unit"": 19.866918432197053, ""capacity_utilization"": 4695629.8, ""feasible"": true, ""n_runs"": 20, ""eligibility"": ""NO_CONCLUSION""}, {""value"": 40.0, ""strategy_id"": ""S13"", ""mean_fill"": 0.996434098802388, ""p_meet"": 1.0, ""mean_cost"": 18595339.180488292, ""mcse_cost"": 9968.721730280644, ""mean_shortage_days"": 15.232085158817085, ""mean_cost_per_unit"": 19.79521779830393, ""capacity_utilization"": 4697063.45, ""feasible"": true, ""n_runs"": 20, ""eligibility"": ""NO_CONCLUSION""}, {""value"": 35.0, ""strategy_id"": ""S13"", ""mean_fill"": 0.9896075942810219, ""p_meet"": 0.65, ""mean_cost"": 18543309.85014959, ""mcse_cost"": 11944.731882722155, ""mean_shortage_days"": 29.384022453450164, ""mean_cost_per_unit"": 19.87078371865103, ""capacity_utilization"": 4665986.15, ""feasible"": false, ""n_runs"": 20, ""eligibility"": ""NO_CONCLUSION""}, {""value"": 37.5, ""strategy_id"": ""S13"", ""mean_fill"": 0.9935839339583239, ""p_meet"": 0.8, ""mean_cost"": 18572345.142098114, ""mcse_cost"": 8799.08942070005, ""mean_shortage_days"": 20.602820372398686, ""mean_cost_per_unit"": 19.828878773179575, ""capacity_utilization"": 4683031.45, ""feasible"": false, ""n_runs"": 20, ""eligibility"": ""NO_CONCLUSION""}, {""value"": 38.75, ""strategy_id"": ""S13"", ""mean_fill"": 0.9948179450978619, ""p_meet"": 0.9, ""mean_cost"": 18582606.765998688, ""mcse_cost"": 8894.668172991294, ""mean_shortage_days"": 19.77270673603505, ""mean_cost_per_unit"": 19.81411806918975, ""capacity_utilization"": 4689150.7, ""feasible"": true, ""n_runs"": 20, ""eligibility"": ""NO_CONCLUSION""}]",bisection over 5 steps on 20 paired runs,37.5,38.75
S13,norepinephrine_1mgml_4ml,changeover_burden,product.changeover_days,1.0,3.0,10.0,True,False,7.609375,feasible_below,"[{""value"": 1.0, ""strategy_id"": ""S13"", ""mean_fill"": 0.9975459807113036, ""p_meet"": 0.95, ""mean_cost"": 18627936.800085597, ""mcse_cost"": 10410.380352746139, ""mean_shortage_days"": 9.72133077765608, ""mean_cost_per_unit"": 19.808261617744115, ""capacity_utilization"": 4702279.05, ""feasible"": true, ""n_runs"": 20, ""eligibility"": ""NO_CONCLUSION""}, {""value"": 10.0, ""strategy_id"": ""S13"", ""mean_fill"": 0.9946454114870408, ""p_meet"": 0.8, ""mean_cost"": 18598993.53262784, ""mcse_cost"": 8863.415653875532, ""mean_shortage_days"": 19.922727272727265, ""mean_cost_per_unit"": 19.83404062146523, ""capacity_utilization"": 4688693.1, ""feasible"": false, ""n_runs"": 20, ""eligibility"": ""NO_CONCLUSION""}, {""value"": 5.5, ""strategy_id"": ""S13"", ""mean_fill"": 0.9962591131046865, ""p_meet"": 0.9, ""mean_cost"": 18613735.521223146, ""mcse_cost"": 9741.580917583333, ""mean_shortage_days"": 13.761883899233293, ""mean_cost_per_unit"": 19.813953099638844, ""capacity_utilization"": 4697221.2, ""feasible"": true, ""n_runs"": 20, ""eligibility"": ""NO_CONCLUSION""}, {""value"": 7.75, ""strategy_id"": ""S13"", ""mean_fill"": 0.995265625782201, ""p_meet"": 0.8, ""mean_cost"": 18609335.73327944, ""mcse_cost"": 8660.55158099339, ""mean_shortage_days"": 16.072200164293534, ""mean_cost_per_unit"": 19.832241386341362, ""capacity_utilization"": 4691714.4, ""feasible"": false, ""n_runs"": 20, ""eligibility"": ""NO_CONCLUSION""}, {""value"": 6.625, ""strategy_id"": ""S13"", ""mean_fill"": 0.9958728121906685, ""p_meet"": 0.9, ""mean_cost"": 18605452.11053609, ""mcse_cost"": 10090.940437471358, ""mean_shortage_days"": 16.302231653888278, ""mean_cost_per_unit"": 19.814227040818984, ""capacity_utilization"": 4694957.25, ""feasible"": true, ""n_runs"": 20, ""eligibility"": ""NO_CONCLUSION""}, {""value"": 7.1875, ""strategy_id"": ""S13"", ""mean_fill"": 0.9958728121906685, ""p_meet"": 0.9, ""mean_cost"": 18605452.11053609, ""mcse_cost"": 10090.940437471358, ""mean_shortage_days"": 16.302231653888278, ""mean_cost_per_unit"": 19.814227040818984, ""capacity_utilization"": 4694957.25, ""feasible"": true, ""n_runs"": 20, ""eligibility"": ""NO_CONCLUSION""}, {""value"": 7.46875, ""strategy_id"": ""S13"", ""mean_fill"": 0.9958728121906685, ""p_meet"": 0.9, ""mean_cost"": 18605452.11053609, ""mcse_cost"": 10090.940437471358, ""mean_shortage_days"": 16.302231653888278, ""mean_cost_per_unit"": 19.814227040818984, ""capacity_utilization"": 4694957.25, ""feasible"": true, ""n_runs"": 20, ""eligibility"": ""NO_CONCLUSION""}]",bisection over 5 steps on 20 paired runs,7.46875,7.75
S14,norepinephrine_1mgml_4ml,capacity_utilization,product.annual_demand_units,500000.0,900000.0,1800000.0,False,False,,infeasible_everywhere,"[{""value"": 500000.0, ""strategy_id"": ""S14"", ""mean_fill"": 0.9906475841533258, ""p_meet"": 0.65, ""mean_cost"": 22654053.351468526, ""mcse_cost"": 6614.967804688485, ""mean_shortage_days"": 13.541853778751369, ""mean_cost_per_unit"": 43.663937285997974, ""capacity_utilization"": 2594327.65, ""feasible"": false, ""n_runs"": 20, ""eligibility"": ""NO_CONCLUSION""}, {""value"": 1800000.0, ""strategy_id"": ""S14"", ""mean_fill"": 0.9456055084310678, ""p_meet"": 0.0, ""mean_cost"": 25510312.354186237, ""mcse_cost"": 33281.42192580877, ""mean_shortage_days"": 73.96012458926616, ""mean_cost_per_unit"": 14.309547536924459, ""capacity_utilization"": 8913935.1, ""feasible"": false, ""n_runs"": 20, ""eligibility"": ""NO_CONCLUSION""}]",feasibility does not change between 500000.0 and 1800000.0; no threshold inside the recorded range,,
S14,norepinephrine_1mgml_4ml,fixed_qa_labor_per_node,product.fixed_qa_labor_usd_per_site_year,1500000.0,3000000.0,6000000.0,True,True,,feasible_everywhere,"[{""value"": 1500000.0, ""strategy_id"": ""S14"", ""mean_fill"": 0.9925539056110082, ""p_meet"": 0.9, ""mean_cost"": 20690761.242437903, ""mcse_cost"": 9263.831112506386, ""mean_shortage_days"": 12.571720974808326, ""mean_cost_per_unit"": 22.112405567108258, ""capacity_utilization"": 4678754.55, ""feasible"": true, ""n_runs"": 20, ""eligibility"": ""NO_CONCLUSION""}, {""value"": 6000000.0, ""strategy_id"": ""S14"", ""mean_fill"": 0.9925539056110082, ""p_meet"": 0.9, ""mean_cost"": 29659888.47282508, ""mcse_cost"": 9263.8311125064, ""mean_shortage_days"": 12.571720974808326, ""mean_cost_per_unit"": 31.697897161226944, ""capacity_utilization"": 4678754.55, ""feasible"": true, ""n_runs"": 20, ""eligibility"": ""NO_CONCLUSION""}]",feasibility does not change between 1500000.0 and 6000000.0; no threshold inside the recorded range,,
S14,norepinephrine_1mgml_4ml,release_time,global.sterility_incubation_days,14.0,14.0,18.0,True,False,15.0625,feasible_below,"[{""value"": 14.0, ""strategy_id"": ""S14"", ""mean_fill"": 0.9925539056110082, ""p_meet"": 0.9, ""mean_cost"": 23680470.319233626, ""mcse_cost"": 9263.831112506368, ""mean_shortage_days"": 12.571720974808326, ""mean_cost_per_unit"": 25.30756943181448, ""capacity_utilization"": 4678754.55, ""feasible"": true, ""n_runs"": 20, ""eligibility"": ""NO_CONCLUSION""}, {""value"": 18.0, ""strategy_id"": ""S14"", ""mean_fill"": 0.9902191258466297, ""p_meet"": 0.75, ""mean_cost"": 23665056.875078063, ""mcse_cost"": 12073.92090856268, ""mean_shortage_days"": 15.522124863088715, ""mean_cost_per_unit"": 25.350971696910925, ""capacity_utilization"": 4667645.2, ""feasible"": false, ""n_runs"": 20, ""eligibility"": ""NO_CONCLUSION""}, {""value"": 16.0, ""strategy_id"": ""S14"", ""mean_fill"": 0.9919061307644986, ""p_meet"": 0.8, ""mean_cost"": 23666985.618529383, ""mcse_cost"": 10306.74415194867, ""mean_shortage_days"": 13.651868838992332, ""mean_cost_per_unit"": 25.309877746738056, ""capacity_utilization"": 4675684.45, ""feasible"": false, ""n_runs"": 20, ""eligibility"": ""NO_CONCLUSION""}, {""value"": 15.0, ""strategy_id"": ""S14"", ""mean_fill"": 0.9932958074630077, ""p_meet"": 0.9, ""mean_cost"": 23678819.319069244, ""mcse_cost"": 9940.941554685596, ""mean_shortage_days"": 12.401697699890471, ""mean_cost_per_unit"": 25.28772040331025, ""capacity_utilization"": 4682162.75, ""feasible"": true, ""n_runs"": 20, ""eligibility"": ""NO_CONCLUSION""}, {""value"": 15.5, ""strategy_id"": ""S14"", ""mean_fill"": 0.992232247004073, ""p_meet"": 0.85, ""mean_cost"": 23667093.466219854, ""mcse_cost"": 9480.005604362445, ""mean_shortage_days"": 12.781749726177438, ""mean_cost_per_unit"": 25.30258347783583, ""capacity_utilization"": 4677140.0, ""feasible"": false, ""n_runs"": 20, ""eligibility"": ""NO_CONCLUSION""}, {""value"": 15.25, ""strategy_id"": ""S14"", ""mean_fill"": 0.9923045895044498, ""p_meet"": 0.85, ""mean_cost"": 23689700.146573044, ""mcse_cost"": 10044.743084080676, ""mean_shortage_days"": 13.081790799561883, ""mean_cost_per_unit"": 25.324732159711324, ""capacity_utilization"": 4677472.5, ""feasible"": false, ""n_runs"": 20, ""eligibility"": ""NO_CONCLUSION""}, {""value"": 15.125, ""strategy_id"": ""S14"", ""mean_fill"": 0.9925228268444146, ""p_meet"": 0.85, ""mean_cost"": 23687941.20999933, ""mcse_cost"": 9648.794354126154, ""mean_shortage_days"": 12.641730558598029, ""mean_cost_per_unit"": 25.317253060518357, ""capacity_utilization"": 4678490.7, ""feasible"": false, ""n_runs"": 20, ""eligibility"": ""NO_CONCLUSION""}]",bisection over 5 steps on 20 paired runs,15.0,15.125
S14,norepinephrine_1mgml_4ml,shelf_life,product.shelf_life_months,12.0,24.0,30.0,False,True,19.59375,feasible_above,"[{""value"": 12.0, ""strategy_id"": ""S14"", ""mean_fill"": 0.9879573387233161, ""p_meet"": 0.75, ""mean_cost"": 23934787.33808925, ""mcse_cost"": 10151.636848339227, ""mean_shortage_days"": 22.173035323110625, ""mean_cost_per_unit"": 25.70027215277644, ""capacity_utilization"": 4656930.55, ""feasible"": false, ""n_runs"": 20, ""eligibility"": ""NO_CONCLUSION""}, {""value"": 30.0, ""strategy_id"": ""S14"", ""mean_fill"": 0.9925539056110082, ""p_meet"": 0.9, ""mean_cost"": 23680470.319233626, ""mcse_cost"": 9263.831112506368, ""mean_shortage_days"": 12.571720974808326, ""mean_cost_per_unit"": 25.30756943181448, ""capacity_utilization"": 4678754.55, ""feasible"": true, ""n_runs"": 20, ""eligibility"": ""NO_CONCLUSION""}, {""value"": 21.0, ""strategy_id"": ""S14"", ""mean_fill"": 0.9924715497336161, ""p_meet"": 0.9, ""mean_cost"": 23681320.899869427, ""mcse_cost"": 10138.464062199575, ""mean_shortage_days"": 12.931770262869659, ""mean_cost_per_unit"": 25.310591022123056, ""capacity_utilization"": 4678370.75, ""feasible"": true, ""n_runs"": 20, ""eligibility"": ""NO_CONCLUSION""}, {""value"": 16.5, ""strategy_id"": ""S14"", ""mean_fill"": 0.9925936185661414, ""p_meet"": 0.85, ""mean_cost"": 23719992.65401936, ""mcse_cost"": 9511.087675996481, ""mean_shortage_days"": 14.26195235487404, ""mean_cost_per_unit"": 25.348880406359434, ""capacity_utilization"": 4678926.75, ""feasible"": false, ""n_runs"": 20, ""eligibility"": ""NO_CONCLUSION""}, {""value"": 18.75, ""strategy_id"": ""S14"", ""mean_fill"": 0.9926393820177346, ""p_meet"": 0.8, ""mean_cost"": 23694730.320146527, ""mcse_cost"": 8312.495337126085, ""mean_shortage_days"": 12.881763417305583, ""mean_cost_per_unit"": 25.32057527058282, ""capacity_utilization"": 4679150.4, ""feasible"": false, ""n_runs"": 20, ""eligibility"": ""NO_CONCLUSION""}, {""value"": 19.875, ""strategy_id"": ""S14"", ""mean_fill"": 0.9924826833175604, ""p_meet"": 0.9, ""mean_cost"": 23694585.08520453, ""mcse_cost"": 9321.855537635585, ""mean_shortage_days"": 12.791751095290252, ""mean_cost_per_unit"": 25.32481572666689, ""capacity_utilization"": 4678427.25, ""feasible"": true, ""n_runs"": 20, ""eligibility"": ""NO_CONCLUSION""}, {""value"": 19.3125, ""strategy_id"": ""S14"", ""mean_fill"": 0.9922424083515796, ""p_meet"": 0.85, ""mean_cost"": 23697279.005293056, ""mcse_cost"": 7969.034979304943, ""mean_shortage_days"": 13.001779846659366, ""mean_cost_per_unit"": 25.333592376982406, ""capacity_utilization"": 4677266.55, ""feasible"": false, ""n_runs"": 20, ""eligibility"": ""NO_CONCLUSION""}]",bisection over 5 steps on 20 paired runs,19.3125,19.875
S14,norepinephrine_1mgml_4ml,raw_material_lead_time,product.material_lead_time_days,30.0,90.0,240.0,True,True,,feasible_everywhere,"[{""value"": 30.0, ""strategy_id"": ""S14"", ""mean_fill"": 0.9932542949695969, ""p_meet"": 0.95, ""mean_cost"": 23661617.13548808, ""mcse_cost"": 12151.796927809171, ""mean_shortage_days"": 12.431701807228913, ""mean_cost_per_unit"": 25.270733133106063, ""capacity_utilization"": 4682179.1, ""feasible"": true, ""n_runs"": 20, ""eligibility"": ""NO_CONCLUSION""}, {""value"": 240.0, ""strategy_id"": ""S14"", ""mean_fill"": 0.9950538329577631, ""p_meet"": 0.95, ""mean_cost"": 23719315.130537145, ""mcse_cost"": 9223.072376516202, ""mean_shortage_days"": 10.831482749178534, ""mean_cost_per_unit"": 25.28435788523357, ""capacity_utilization"": 4690517.3, ""feasible"": true, ""n_runs"": 20, ""eligibility"": ""NO_CONCLUSION""}]",feasibility does not change between 30.0 and 240.0; no threshold inside the recorded range,,
S14,norepinephrine_1mgml_4ml,common_cause_dependence,global.common_cause_events_per_year,0.02,0.1,0.3,True,False,0.138125,feasible_below,"[{""value"": 0.02, ""strategy_id"": ""S14"", ""mean_fill"": 0.9928464802727778, ""p_meet"": 0.9, ""mean_cost"": 23692711.694517516, ""mcse_cost"": 7386.277445777423, ""mean_shortage_days"": 12.271679901423877, ""mean_cost_per_unit"": 25.313169634242847, ""capacity_utilization"": 4680128.55, ""feasible"": true, ""n_runs"": 20, ""eligibility"": ""NO_CONCLUSION""}, {""value"": 0.3, ""strategy_id"": ""S14"", ""mean_fill"": 0.9898908205633804, ""p_meet"": 0.7, ""mean_cost"": 23665733.764874272, ""mcse_cost"": 9749.885851910707, ""mean_shortage_days"": 16.892312431544358, ""mean_cost_per_unit"": 25.360280174791136, ""capacity_utilization"": 4665798.9, ""feasible"": false, ""n_runs"": 20, ""eligibility"": ""NO_CONCLUSION""}, {""value"": 0.16, ""strategy_id"": ""S14"", ""mean_fill"": 0.9920907114791959, ""p_meet"": 0.75, ""mean_cost"": 23688357.415106215, ""mcse_cost"": 10212.136723282327, ""mean_shortage_days"": 13.231811336254106, ""mean_cost_per_unit"": 25.327875309674315, ""capacity_utilization"": 4676583.4, ""feasible"": false, ""n_runs"": 20, ""eligibility"": ""NO_CONCLUSION""}, {""value"": 0.09, ""strategy_id"": ""S14"", ""mean_fill"": 0.9925539056110082, ""p_meet"": 0.9, ""mean_cost"": 23684547.02974169, ""mcse_cost"": 9640.828187641599, ""mean_shortage_days"": 12.56171960569551, ""mean_cost_per_unit"": 25.31185539952776, ""capacity_utilization"": 4678754.55, ""feasible"": true, ""n_runs"": 20, ""eligibility"": ""NO_CONCLUSION""}, {""value"": 0.125, ""strategy_id"": ""S14"", ""mean_fill"": 0.9928753375943803, ""p_meet"": 0.9, ""mean_cost"": 23683563.83431251, ""mcse_cost"": 11535.357401420315, ""mean_shortage_days"": 12.371693592552027, ""mean_cost_per_unit"": 25.30269626797599, ""capacity_utilization"": 4680323.2, ""feasible"": true, ""n_runs"": 20, ""eligibility"": ""NO_CONCLUSION""}, {""value"": 0.14250000000000002, ""strategy_id"": ""S14"", ""mean_fill"": 0.9926232117883342, ""p_meet"": 0.85, ""mean_cost"": 23688972.31779098, ""mcse_cost"": 10530.761547495786, ""mean_shortage_days"": 12.511712760131434, ""mean_cost_per_unit"": 25.314926871436725, ""capacity_utilization"": 4679089.7, ""feasible"": false, ""n_runs"": 20, ""eligibility"": ""NO_CONCLUSION""}, {""value"": 0.13375, ""strategy_id"": ""S14"", ""mean_fill"": 0.9928323059189307, ""p_meet"": 0.9, ""mean_cost"": 23686727.41741368, ""mcse_cost"": 11485.724357541683, ""mean_shortage_days"": 12.451704545454545, ""mean_cost_per_unit"": 25.3071181485166, ""capacity_utilization"": 4680119.3, ""feasible"": true, ""n_runs"": 20, ""eligibility"": ""NO_CONCLUSION""}]",bisection over 5 steps on 20 paired runs,0.13375,0.14250000000000002
S14,norepinephrine_1mgml_4ml,supplier_concentration,global.supplier_disruptions_per_supplier_year,0.05,0.2,0.6,True,False,0.28203125,feasible_below,"[{""value"": 0.05, ""strategy_id"": ""S14"", ""mean_fill"": 0.9941219857234431, ""p_meet"": 0.95, ""mean_cost"": 23681826.908491958, ""mcse_cost"": 10401.391284825204, ""mean_shortage_days"": 10.841484118291346, ""mean_cost_per_unit"": 25.269220402682613, ""capacity_utilization"": 4686201.65, ""feasible"": true, ""n_runs"": 20, ""eligibility"": ""NO_CONCLUSION""}, {""value"": 0.6, ""strategy_id"": ""S14"", ""mean_fill"": 0.9906091960504291, ""p_meet"": 0.75, ""mean_cost"": 23661313.039060645, ""mcse_cost"": 14288.002497777421, ""mean_shortage_days"": 15.892175520262867, ""mean_cost_per_unit"": 25.33790499177709, ""capacity_utilization"": 4669780.3, ""feasible"": false, ""n_runs"": 20, ""eligibility"": ""NO_CONCLUSION""}, {""value"": 0.325, ""strategy_id"": ""S14"", ""mean_fill"": 0.992068868518771, ""p_meet"": 0.85, ""mean_cost"": 23679840.77499781, ""mcse_cost"": 9753.488757944086, ""mean_shortage_days"": 13.461842825848851, ""mean_cost_per_unit"": 25.31973983679887, ""capacity_utilization"": 4676486.75, ""feasible"": false, ""n_runs"": 20, ""eligibility"": ""NO_CONCLUSION""}, {""value"": 0.1875, ""strategy_id"": ""S14"", ""mean_fill"": 0.9927816740899003, ""p_meet"": 0.9, ""mean_cost"": 23680769.7539543, ""mcse_cost"": 10612.511161832392, ""mean_shortage_days"": 12.311685377875138, ""mean_cost_per_unit"": 25.302179406872135, ""capacity_utilization"": 4679874.75, ""feasible"": true, ""n_runs"": 20, ""eligibility"": ""NO_CONCLUSION""}, {""value"": 0.25625, ""strategy_id"": ""S14"", ""mean_fill"": 0.9930684371112711, ""p_meet"": 0.9, ""mean_cost"": 23675213.279730357, ""mcse_cost"": 10452.45818204, ""mean_shortage_days"": 12.411699069003287, ""mean_cost_per_unit"": 25.28868819859073, ""capacity_utilization"": 4681191.4, ""feasible"": true, ""n_runs"": 20, ""eligibility"": ""NO_CONCLUSION""}, {""value"": 0.290625, ""strategy_id"": ""S14"", ""mean_fill"": 0.9908060023569056, ""p_meet"": 0.85, ""mean_cost"": 23674861.908639375, ""mcse_cost"": 10434.792043520205, ""mean_shortage_days"": 14.44197699890471, ""mean_cost_per_unit"": 25.347380203117847, ""capacity_utilization"": 4670562.3, ""feasible"": false, ""n_runs"": 20, ""eligibility"": ""NO_CONCLUSION""}, {""value"": 0.2734375, ""strategy_id"": ""S14"", ""mean_fill"": 0.9922039700395944, ""p_meet"": 0.9, ""mean_cost"": 23673476.13828505, ""mcse_cost"": 10617.084927373462, ""mean_shortage_days"": 12.711740142387733, ""mean_cost_per_unit"": 25.30936237154139, ""capacity_utilization"": 4677086.6, ""feasible"": true, ""n_runs"": 20, ""eligibility"": ""NO_CONCLUSION""}]",bisection over 5 steps on 20 paired runs,0.2734375,0.290625
S14,norepinephrine_1mgml_4ml,commissioning_days,global.node_commissioning_days,365.0,730.0,1095.0,True,True,,feasible_everywhere,"[{""value"": 365.0, ""strategy_id"": ""S14"", ""mean_fill"": 0.9925539056110082, ""p_meet"": 0.9, ""mean_cost"": 23680470.319233626, ""mcse_cost"": 9263.831112506368, ""mean_shortage_days"": 12.571720974808326, ""mean_cost_per_unit"": 25.30756943181448, ""capacity_utilization"": 4678754.55, ""feasible"": true, ""n_runs"": 20, ""eligibility"": ""NO_CONCLUSION""}, {""value"": 1095.0, ""strategy_id"": ""S14"", ""mean_fill"": 0.9925539056110082, ""p_meet"": 0.9, ""mean_cost"": 23680470.319233626, ""mcse_cost"": 9263.831112506368, ""mean_shortage_days"": 12.571720974808326, ""mean_cost_per_unit"": 25.30756943181448, ""capacity_utilization"": 4678754.55, ""feasible"": true, ""n_runs"": 20, ""eligibility"": ""NO_CONCLUSION""}]",feasibility does not change between 365.0 and 1095.0; no threshold inside the recorded range,,
S14,norepinephrine_1mgml_4ml,activation_latency_days,global.reserved_capacity_activation_days,7.0,21.0,60.0,True,True,,feasible_everywhere,"[{""value"": 7.0, ""strategy_id"": ""S14"", ""mean_fill"": 0.9925539056110082, ""p_meet"": 0.9, ""mean_cost"": 23680470.319233626, ""mcse_cost"": 9263.831112506368, ""mean_shortage_days"": 12.571720974808326, ""mean_cost_per_unit"": 25.30756943181448, ""capacity_utilization"": 4678754.55, ""feasible"": true, ""n_runs"": 20, ""eligibility"": ""NO_CONCLUSION""}, {""value"": 60.0, ""strategy_id"": ""S14"", ""mean_fill"": 0.9925539056110082, ""p_meet"": 0.9, ""mean_cost"": 23680470.319233626, ""mcse_cost"": 9263.831112506368, ""mean_shortage_days"": 12.571720974808326, ""mean_cost_per_unit"": 25.30756943181448, ""capacity_utilization"": 4678754.55, ""feasible"": true, ""n_runs"": 20, ""eligibility"": ""NO_CONCLUSION""}]",feasibility does not change between 7.0 and 60.0; no threshold inside the recorded range,,
S14,norepinephrine_1mgml_4ml,node_capital,product.capital_usd_per_site,15000000.0,40000000.0,100000000.0,True,True,,feasible_everywhere,"[{""value"": 15000000.0, ""strategy_id"": ""S14"", ""mean_fill"": 0.9925539056110082, ""p_meet"": 0.9, ""mean_cost"": 15301468.355596205, ""mcse_cost"": 9263.83111250641, ""mean_shortage_days"": 12.571720974808326, ""mean_cost_per_unit"": 16.35275690363014, ""capacity_utilization"": 4678754.55, ""feasible"": true, ""n_runs"": 20, ""eligibility"": ""NO_CONCLUSION""}, {""value"": 100000000.0, ""strategy_id"": ""S14"", ""mean_fill"": 0.9925539056110082, ""p_meet"": 0.9, ""mean_cost"": 43790075.03195858, ""mcse_cost"": 9263.831112506396, ""mean_shortage_days"": 12.571720974808326, ""mean_cost_per_unit"": 46.79911949945173, ""capacity_utilization"": 4678754.55, ""feasible"": true, ""n_runs"": 20, ""eligibility"": ""NO_CONCLUSION""}]",feasibility does not change between 15000000.0 and 100000000.0; no threshold inside the recorded range,,
S14,norepinephrine_1mgml_4ml,batches_per_site_year,product.batches_per_site_year_nominal,30.0,45.0,70.0,False,False,,infeasible_everywhere,"[{""value"": 30.0, ""strategy_id"": ""S14"", ""mean_fill"": 0.9831019098986765, ""p_meet"": 0.35, ""mean_cost"": 23623828.89038181, ""mcse_cost"": 8596.612513668246, ""mean_shortage_days"": 34.394708378970435, ""mean_cost_per_unit"": 25.490823582736574, ""capacity_utilization"": 4634043.7, ""feasible"": false, ""n_runs"": 20, ""eligibility"": ""NO_CONCLUSION""}, {""value"": 70.0, ""strategy_id"": ""S14"", ""mean_fill"": 0.9926037932121318, ""p_meet"": 0.8, ""mean_cost"": 23690510.323257662, ""mcse_cost"": 9311.089391583473, ""mean_shortage_days"": 11.171529299014237, ""mean_cost_per_unit"": 25.31745724414945, ""capacity_utilization"": 4678791.0, ""feasible"": false, ""n_runs"": 20, ""eligibility"": ""NO_CONCLUSION""}]",feasibility does not change between 30.0 and 70.0; no threshold inside the recorded range,,
S14,norepinephrine_1mgml_4ml,changeover_burden,product.changeover_days,1.0,3.0,10.0,True,False,4.515625,feasible_below,"[{""value"": 1.0, ""strategy_id"": ""S14"", ""mean_fill"": 0.9941930222377356, ""p_meet"": 0.9, ""mean_cost"": 23676963.01017346, ""mcse_cost"": 8783.33880353185, ""mean_shortage_days"": 11.011507393209198, ""mean_cost_per_unit"": 25.2614387461882, ""capacity_utilization"": 4686614.3, ""feasible"": true, ""n_runs"": 20, ""eligibility"": ""NO_CONCLUSION""}, {""value"": 10.0, ""strategy_id"": ""S14"", ""mean_fill"": 0.9867293450199117, ""p_meet"": 0.55, ""mean_cost"": 23624112.559574798, ""mcse_cost"": 9598.528386436888, ""mean_shortage_days"": 24.953415936473164, ""mean_cost_per_unit"": 25.396533648463883, ""capacity_utilization"": 4651128.75, ""feasible"": false, ""n_runs"": 20, ""eligibility"": ""NO_CONCLUSION""}, {""value"": 5.5, ""strategy_id"": ""S14"", ""mean_fill"": 0.9917319094922421, ""p_meet"": 0.8, ""mean_cost"": 23677665.847613666, ""mcse_cost"": 8564.26270557787, ""mean_shortage_days"": 13.491846933187293, ""mean_cost_per_unit"": 25.32587307669827, ""capacity_utilization"": 4674829.3, ""feasible"": false, ""n_runs"": 20, ""eligibility"": ""NO_CONCLUSION""}, {""value"": 3.25, ""strategy_id"": ""S14"", ""mean_fill"": 0.9925539056110082, ""p_meet"": 0.9, ""mean_cost"": 23680470.319233626, ""mcse_cost"": 9263.831112506368, ""mean_shortage_days"": 12.571720974808326, ""mean_cost_per_unit"": 25.30756943181448, ""capacity_utilization"": 4678754.55, ""feasible"": true, ""n_runs"": 20, ""eligibility"": ""NO_CONCLUSION""}, {""value"": 4.375, ""strategy_id"": ""S14"", ""mean_fill"": 0.9933482801626969, ""p_meet"": 0.9, ""mean_cost"": 23680680.139498346, ""mcse_cost"": 7332.9388073928385, ""mean_shortage_days"": 11.841621029572837, ""mean_cost_per_unit"": 25.28830683875328, ""capacity_utilization"": 4682360.4, ""feasible"": true, ""n_runs"": 20, ""eligibility"": ""NO_CONCLUSION""}, {""value"": 4.9375, ""strategy_id"": ""S14"", ""mean_fill"": 0.9917319094922421, ""p_meet"": 0.8, ""mean_cost"": 23677665.847613666, ""mcse_cost"": 8564.26270557787, ""mean_shortage_days"": 13.491846933187293, ""mean_cost_per_unit"": 25.32587307669827, ""capacity_utilization"": 4674829.3, ""feasible"": false, ""n_runs"": 20, ""eligibility"": ""NO_CONCLUSION""}, {""value"": 4.65625, ""strategy_id"": ""S14"", ""mean_fill"": 0.9917319094922421, ""p_meet"": 0.8, ""mean_cost"": 23677665.847613666, ""mcse_cost"": 8564.26270557787, ""mean_shortage_days"": 13.491846933187293, ""mean_cost_per_unit"": 25.32587307669827, ""capacity_utilization"": 4674829.3, ""feasible"": false, ""n_runs"": 20, ""eligibility"": ""NO_CONCLUSION""}]",bisection over 5 steps on 20 paired runs,4.375,4.65625
S15,norepinephrine_1mgml_4ml,capacity_utilization,product.annual_demand_units,500000.0,900000.0,1800000.0,True,False,682812.5,feasible_below,"[{""value"": 500000.0, ""strategy_id"": ""S15"", ""mean_fill"": 0.9968779236656964, ""p_meet"": 0.95, ""mean_cost"": 11693545.000825092, ""mcse_cost"": 4966.685160924504, ""mean_shortage_days"": 9.751334884994524, ""mean_cost_per_unit"": 22.394487541236902, ""capacity_utilization"": 2610871.8, ""feasible"": true, ""n_runs"": 20, ""eligibility"": ""NO_CONCLUSION""}, {""value"": 1800000.0, ""strategy_id"": ""S15"", ""mean_fill"": 0.6218729235057865, ""p_meet"": 0.0, ""mean_cost"": 12874062.556484912, ""mcse_cost"": 23183.640080725578, ""mean_shortage_days"": 247.0738225629792, ""mean_cost_per_unit"": 11.03847665885964, ""capacity_utilization"": 5839671.9, ""feasible"": false, ""n_runs"": 20, ""eligibility"": ""NO_CONCLUSION""}, {""value"": 1150000.0, ""strategy_id"": ""S15"", ""mean_fill"": 0.9305781978842272, ""p_meet"": 0.05, ""mean_cost"": 12805373.247841597, ""mcse_cost"": 25707.347322442984, ""mean_shortage_days"": 120.19645399780943, ""mean_cost_per_unit"": 11.454279248575169, ""capacity_utilization"": 5599407.3, ""feasible"": false, ""n_runs"": 20, ""eligibility"": ""NO_CONCLUSION""}, {""value"": 825000.0, ""strategy_id"": ""S15"", ""mean_fill"": 0.9883562016997622, ""p_meet"": 0.65, ""mean_cost"": 12412803.35643638, ""mcse_cost"": 12888.447446579365, ""mean_shortage_days"": 22.303053121577214, ""mean_cost_per_unit"": 14.534842834578166, ""capacity_utilization"": 4270536.15, ""feasible"": false, ""n_runs"": 20, ""eligibility"": ""NO_CONCLUSION""}, {""value"": 662500.0, ""strategy_id"": ""S15"", ""mean_fill"": 0.9969906595481695, ""p_meet"": 0.95, ""mean_cost"": 12084386.820012828, ""mcse_cost"": 9686.970302605214, ""mean_shortage_days"": 9.451293811610075, ""mean_cost_per_unit"": 17.464163428210373, ""capacity_utilization"": 3459754.0, ""feasible"": true, ""n_runs"": 20, ""eligibility"": ""NO_CONCLUSION""}, {""value"": 743750.0, ""strategy_id"": ""S15"", ""mean_fill"": 0.9943891383452526, ""p_meet"": 0.8, ""mean_cost"": 12271973.048748184, ""mcse_cost"": 7779.497902069261, ""mean_shortage_days"": 15.532126232201534, ""mean_cost_per_unit"": 15.83889352191668, ""capacity_utilization"": 3873808.05, ""feasible"": false, ""n_runs"": 20, ""eligibility"": ""NO_CONCLUSION""}, {""value"": 703125.0, ""strategy_id"": ""S15"", ""mean_fill"": 0.9944022209040432, ""p_meet"": 0.8, ""mean_cost"": 12154163.06447928, ""mcse_cost"": 6025.932831236064, ""mean_shortage_days"": 14.541990690032856, ""mean_cost_per_unit"": 16.594309777644156, ""capacity_utilization"": 3661993.8, ""feasible"": false, ""n_runs"": 20, ""eligibility"": ""NO_CONCLUSION""}]",bisection over 5 steps on 20 paired runs,662500.0,703125.0
S15,norepinephrine_1mgml_4ml,fixed_qa_labor_per_node,product.fixed_qa_labor_usd_per_site_year,1500000.0,3000000.0,6000000.0,True,True,,feasible_everywhere,"[{""value"": 1500000.0, ""strategy_id"": ""S15"", ""mean_fill"": 0.9937616416249337, ""p_meet"": 0.9, ""mean_cost"": 11025509.474054568, ""mcse_cost"": 16050.252061058645, ""mean_shortage_days"": 15.702149507119383, ""mean_cost_per_unit"": 11.769929441002267, ""capacity_utilization"": 4683922.95, ""feasible"": true, ""n_runs"": 20, ""eligibility"": ""NO_CONCLUSION""}, {""value"": 6000000.0, ""strategy_id"": ""S15"", ""mean_fill"": 0.9937616416249337, ""p_meet"": 0.9, ""mean_cost"": 15704626.994360203, ""mcse_cost"": 16050.252061058525, ""mean_shortage_days"": 15.702149507119383, ""mean_cost_per_unit"": 16.765346812205543, ""capacity_utilization"": 4683922.95, ""feasible"": true, ""n_runs"": 20, ""eligibility"": ""NO_CONCLUSION""}]",feasibility does not change between 1500000.0 and 6000000.0; no threshold inside the recorded range,,
S15,norepinephrine_1mgml_4ml,release_time,global.sterility_incubation_days,14.0,14.0,18.0,True,False,14.3125,feasible_below,"[{""value"": 14.0, ""strategy_id"": ""S15"", ""mean_fill"": 0.9937616416249337, ""p_meet"": 0.9, ""mean_cost"": 12585215.314156448, ""mcse_cost"": 16050.252061058525, ""mean_shortage_days"": 15.702149507119383, ""mean_cost_per_unit"": 13.435068564736692, ""capacity_utilization"": 4683922.95, ""feasible"": true, ""n_runs"": 20, ""eligibility"": ""NO_CONCLUSION""}, {""value"": 18.0, ""strategy_id"": ""S15"", ""mean_fill"": 0.9929179044594626, ""p_meet"": 0.8, ""mean_cost"": 12574998.928149676, ""mcse_cost"": 14206.772229037248, ""mean_shortage_days"": 20.352786144578314, ""mean_cost_per_unit"": 13.431042211393711, ""capacity_utilization"": 4681569.7, ""feasible"": false, ""n_runs"": 20, ""eligibility"": ""NO_CONCLUSION""}, {""value"": 16.0, ""strategy_id"": ""S15"", ""mean_fill"": 0.9929059313489468, ""p_meet"": 0.85, ""mean_cost"": 12581200.268901918, ""mcse_cost"": 16076.02814259899, ""mean_shortage_days"": 17.642415115005477, ""mean_cost_per_unit"": 13.44150027255228, ""capacity_utilization"": 4680484.7, ""feasible"": false, ""n_runs"": 20, ""eligibility"": ""NO_CONCLUSION""}, {""value"": 15.0, ""strategy_id"": ""S15"", ""mean_fill"": 0.993965620367152, ""p_meet"": 0.85, ""mean_cost"": 12584878.650035497, ""mcse_cost"": 15628.327127866423, ""mean_shortage_days"": 14.872035870755749, ""mean_cost_per_unit"": 13.433145317920713, ""capacity_utilization"": 4684475.55, ""feasible"": false, ""n_runs"": 20, ""eligibility"": ""NO_CONCLUSION""}, {""value"": 14.5, ""strategy_id"": ""S15"", ""mean_fill"": 0.9936412502315057, ""p_meet"": 0.85, ""mean_cost"": 12585711.877686799, ""mcse_cost"": 16149.132156225925, ""mean_shortage_days"": 16.77229600219058, ""mean_cost_per_unit"": 13.435926915675418, ""capacity_utilization"": 4683753.7, ""feasible"": false, ""n_runs"": 20, ""eligibility"": ""NO_CONCLUSION""}, {""value"": 14.25, ""strategy_id"": ""S15"", ""mean_fill"": 0.9939952857580361, ""p_meet"": 0.9, ""mean_cost"": 12584378.416928621, ""mcse_cost"": 16276.376479832972, ""mean_shortage_days"": 16.34223713033954, ""mean_cost_per_unit"": 13.43032489569985, ""capacity_utilization"": 4685195.95, ""feasible"": true, ""n_runs"": 20, ""eligibility"": ""NO_CONCLUSION""}, {""value"": 14.375, ""strategy_id"": ""S15"", ""mean_fill"": 0.9934025409584766, ""p_meet"": 0.85, ""mean_cost"": 12585341.39659909, ""mcse_cost"": 16460.322814978048, ""mean_shortage_days"": 16.64227820372399, ""mean_cost_per_unit"": 13.438664227968768, ""capacity_utilization"": 4682687.2, ""feasible"": false, ""n_runs"": 20, ""eligibility"": ""NO_CONCLUSION""}]",bisection over 5 steps on 20 paired runs,14.25,14.375
S15,norepinephrine_1mgml_4ml,shelf_life,product.shelf_life_months,12.0,24.0,30.0,False,True,22.40625,feasible_above,"[{""value"": 12.0, ""strategy_id"": ""S15"", ""mean_fill"": 0.9841827442841445, ""p_meet"": 0.65, ""mean_cost"": 12677591.117106754, ""mcse_cost"": 17667.72744710422, ""mean_shortage_days"": 34.604737130339544, ""mean_cost_per_unit"": 13.667402143186248, ""capacity_utilization"": 4639272.9, ""feasible"": false, ""n_runs"": 20, ""eligibility"": ""NO_CONCLUSION""}, {""value"": 30.0, ""strategy_id"": ""S15"", ""mean_fill"": 0.9937616416249337, ""p_meet"": 0.9, ""mean_cost"": 12585215.314156448, ""mcse_cost"": 16050.252061058525, ""mean_shortage_days"": 15.702149507119383, ""mean_cost_per_unit"": 13.435068564736692, ""capacity_utilization"": 4683922.95, ""feasible"": true, ""n_runs"": 20, ""eligibility"": ""NO_CONCLUSION""}, {""value"": 21.0, ""strategy_id"": ""S15"", ""mean_fill"": 0.9925076374276884, ""p_meet"": 0.8, ""mean_cost"": 12592914.512408746, ""mcse_cost"": 15385.912021631153, ""mean_shortage_days"": 17.57240553121577, ""mean_cost_per_unit"": 13.460679945655476, ""capacity_utilization"": 4678104.65, ""feasible"": false, ""n_runs"": 20, ""eligibility"": ""NO_CONCLUSION""}, {""value"": 25.5, ""strategy_id"": ""S15"", ""mean_fill"": 0.9937616416249337, ""p_meet"": 0.9, ""mean_cost"": 12585215.314156448, ""mcse_cost"": 16050.252061058525, ""mean_shortage_days"": 15.702149507119383, ""mean_cost_per_unit"": 13.435068564736692, ""capacity_utilization"": 4683922.95, ""feasible"": true, ""n_runs"": 20, ""eligibility"": ""NO_CONCLUSION""}, {""value"": 23.25, ""strategy_id"": ""S15"", ""mean_fill"": 0.9937605712299815, ""p_meet"": 0.9, ""mean_cost"": 12585215.47849465, ""mcse_cost"": 16050.170669921297, ""mean_shortage_days"": 15.7121508762322, ""mean_cost_per_unit"": 13.435083393362357, ""capacity_utilization"": 4683917.95, ""feasible"": true, ""n_runs"": 20, ""eligibility"": ""NO_CONCLUSION""}, {""value"": 22.125, ""strategy_id"": ""S15"", ""mean_fill"": 0.992527747482684, ""p_meet"": 0.8, ""mean_cost"": 12590695.628725555, ""mcse_cost"": 17209.58440934342, ""mean_shortage_days"": 18.102478094194957, ""mean_cost_per_unit"": 13.45681308798705, ""capacity_utilization"": 4678402.9, ""feasible"": false, ""n_runs"": 20, ""eligibility"": ""NO_CONCLUSION""}, {""value"": 22.6875, ""strategy_id"": ""S15"", ""mean_fill"": 0.9935090480882153, ""p_meet"": 0.9, ""mean_cost"": 12582193.18802907, ""mcse_cost"": 16124.992130280085, ""mean_shortage_days"": 16.53226314348302, ""mean_cost_per_unit"": 13.435061293919901, ""capacity_utilization"": 4682804.4, ""feasible"": true, ""n_runs"": 20, ""eligibility"": ""NO_CONCLUSION""}]",bisection over 5 steps on 20 paired runs,22.125,22.6875
S15,norepinephrine_1mgml_4ml,raw_material_lead_time,product.material_lead_time_days,30.0,90.0,240.0,False,False,,infeasible_everywhere,"[{""value"": 30.0, ""strategy_id"": ""S15"", ""mean_fill"": 0.9937790771773534, ""p_meet"": 0.8, ""mean_cost"": 12609427.18038587, ""mcse_cost"": 13262.814309942707, ""mean_shortage_days"": 14.612000273822565, ""mean_cost_per_unit"": 13.45881333319159, ""capacity_utilization"": 4684616.15, ""feasible"": false, ""n_runs"": 20, ""eligibility"": ""NO_CONCLUSION""}, {""value"": 240.0, ""strategy_id"": ""S15"", ""mean_fill"": 0.9861939772434738, ""p_meet"": 0.7, ""mean_cost"": 12539395.583851945, ""mcse_cost"": 17165.284937346918, ""mean_shortage_days"": 26.28359802847755, ""mean_cost_per_unit"": 13.490565300916114, ""capacity_utilization"": 4648157.7, ""feasible"": false, ""n_runs"": 20, ""eligibility"": ""NO_CONCLUSION""}]",feasibility does not change between 30.0 and 240.0; no threshold inside the recorded range,,
S15,norepinephrine_1mgml_4ml,common_cause_dependence,global.common_cause_events_per_year,0.02,0.1,0.3,True,False,0.111875,feasible_below,"[{""value"": 0.02, ""strategy_id"": ""S15"", ""mean_fill"": 0.996956466495259, ""p_meet"": 0.9, ""mean_cost"": 12623824.870036867, ""mcse_cost"": 9139.347269015678, ""mean_shortage_days"": 10.081380065717415, ""mean_cost_per_unit"": 13.430000847356634, ""capacity_utilization"": 4699942.95, ""feasible"": true, ""n_runs"": 20, ""eligibility"": ""NO_CONCLUSION""}, {""value"": 0.3, ""strategy_id"": ""S15"", ""mean_fill"": 0.976420187933727, ""p_meet"": 0.65, ""mean_cost"": 12508828.00700545, ""mcse_cost"": 30844.163532416187, ""mean_shortage_days"": 32.64446878422781, ""mean_cost_per_unit"": 13.626534368761781, ""capacity_utilization"": 4600831.95, ""feasible"": false, ""n_runs"": 20, ""eligibility"": ""NO_CONCLUSION""}, {""value"": 0.16, ""strategy_id"": ""S15"", ""mean_fill"": 0.9890758683995824, ""p_meet"": 0.75, ""mean_cost"": 12554593.462044626, ""mcse_cost"": 13071.030987477712, ""mean_shortage_days"": 21.622960021905804, ""mean_cost_per_unit"": 13.466020305166612, ""capacity_utilization"": 4661434.0, ""feasible"": false, ""n_runs"": 20, ""eligibility"": ""NO_CONCLUSION""}, {""value"": 0.09, ""strategy_id"": ""S15"", ""mean_fill"": 0.9948971013301501, ""p_meet"": 0.95, ""mean_cost"": 12593572.501769867, ""mcse_cost"": 13112.090186475067, ""mean_shortage_days"": 14.95204682365827, ""mean_cost_per_unit"": 13.42662366362139, ""capacity_utilization"": 4689849.9, ""feasible"": true, ""n_runs"": 20, ""eligibility"": ""NO_CONCLUSION""}, {""value"": 0.125, ""strategy_id"": ""S15"", ""mean_fill"": 0.9930987965434781, ""p_meet"": 0.85, ""mean_cost"": 12582737.675262261, ""mcse_cost"": 13380.902112062797, ""mean_shortage_days"": 17.662417853231105, ""mean_cost_per_unit"": 13.440594737024446, ""capacity_utilization"": 4680664.4, ""feasible"": false, ""n_runs"": 20, ""eligibility"": ""NO_CONCLUSION""}, {""value"": 0.1075, ""strategy_id"": ""S15"", ""mean_fill"": 0.9930570021744224, ""p_meet"": 0.9, ""mean_cost"": 12584459.318273595, ""mcse_cost"": 16604.762925421794, ""mean_shortage_days"": 16.052197426067906, ""mean_cost_per_unit"": 13.44459769215367, ""capacity_utilization"": 4680558.05, ""feasible"": true, ""n_runs"": 20, ""eligibility"": ""NO_CONCLUSION""}, {""value"": 0.11624999999999999, ""strategy_id"": ""S15"", ""mean_fill"": 0.993554175974354, ""p_meet"": 0.85, ""mean_cost"": 12582919.185177216, ""mcse_cost"": 13765.854317642026, ""mean_shortage_days"": 17.252361719605695, ""mean_cost_per_unit"": 13.434626869091776, ""capacity_utilization"": 4682784.6, ""feasible"": false, ""n_runs"": 20, ""eligibility"": ""NO_CONCLUSION""}]",bisection over 5 steps on 20 paired runs,0.1075,0.11624999999999999
S15,norepinephrine_1mgml_4ml,supplier_concentration,global.supplier_disruptions_per_supplier_year,0.05,0.2,0.6,False,False,,infeasible_everywhere,"[{""value"": 0.05, ""strategy_id"": ""S15"", ""mean_fill"": 0.9943236223692293, ""p_meet"": 0.85, ""mean_cost"": 12595317.812356053, ""mcse_cost"": 16082.057929794079, ""mean_shortage_days"": 14.161938663745891, ""mean_cost_per_unit"": 13.43757244457305, ""capacity_utilization"": 4686850.3, ""feasible"": false, ""n_runs"": 20, ""eligibility"": ""NO_CONCLUSION""}, {""value"": 0.6, ""strategy_id"": ""S15"", ""mean_fill"": 0.9757863031829522, ""p_meet"": 0.45, ""mean_cost"": 12498880.979501493, ""mcse_cost"": 26030.71259973728, ""mean_shortage_days"": 39.335384720700986, ""mean_cost_per_unit"": 13.596163349674466, ""capacity_utilization"": 4599851.3, ""feasible"": false, ""n_runs"": 20, ""eligibility"": ""NO_CONCLUSION""}]",feasibility does not change between 0.05 and 0.6; no threshold inside the recorded range,,
S15,norepinephrine_1mgml_4ml,commissioning_days,global.node_commissioning_days,365.0,730.0,1095.0,True,True,,feasible_everywhere,"[{""value"": 365.0, ""strategy_id"": ""S15"", ""mean_fill"": 0.9937616416249337, ""p_meet"": 0.9, ""mean_cost"": 12585215.314156448, ""mcse_cost"": 16050.252061058525, ""mean_shortage_days"": 15.702149507119383, ""mean_cost_per_unit"": 13.435068564736692, ""capacity_utilization"": 4683922.95, ""feasible"": true, ""n_runs"": 20, ""eligibility"": ""NO_CONCLUSION""}, {""value"": 1095.0, ""strategy_id"": ""S15"", ""mean_fill"": 0.9937616416249337, ""p_meet"": 0.9, ""mean_cost"": 12585215.314156448, ""mcse_cost"": 16050.252061058525, ""mean_shortage_days"": 15.702149507119383, ""mean_cost_per_unit"": 13.435068564736692, ""capacity_utilization"": 4683922.95, ""feasible"": true, ""n_runs"": 20, ""eligibility"": ""NO_CONCLUSION""}]",feasibility does not change between 365.0 and 1095.0; no threshold inside the recorded range,,
S15,norepinephrine_1mgml_4ml,activation_latency_days,global.reserved_capacity_activation_days,7.0,21.0,60.0,True,True,,feasible_everywhere,"[{""value"": 7.0, ""strategy_id"": ""S15"", ""mean_fill"": 0.9937616416249337, ""p_meet"": 0.9, ""mean_cost"": 12585215.314156448, ""mcse_cost"": 16050.252061058525, ""mean_shortage_days"": 15.702149507119383, ""mean_cost_per_unit"": 13.435068564736692, ""capacity_utilization"": 4683922.95, ""feasible"": true, ""n_runs"": 20, ""eligibility"": ""NO_CONCLUSION""}, {""value"": 60.0, ""strategy_id"": ""S15"", ""mean_fill"": 0.9937616416249337, ""p_meet"": 0.9, ""mean_cost"": 12585215.314156448, ""mcse_cost"": 16050.252061058525, ""mean_shortage_days"": 15.702149507119383, ""mean_cost_per_unit"": 13.435068564736692, ""capacity_utilization"": 4683922.95, ""feasible"": true, ""n_runs"": 20, ""eligibility"": ""NO_CONCLUSION""}]",feasibility does not change between 7.0 and 60.0; no threshold inside the recorded range,,
S15,norepinephrine_1mgml_4ml,node_capital,product.capital_usd_per_site,15000000.0,40000000.0,100000000.0,True,True,,feasible_everywhere,"[{""value"": 15000000.0, ""strategy_id"": ""S15"", ""mean_fill"": 0.9937616416249337, ""p_meet"": 0.9, ""mean_cost"": 8395714.33233813, ""mcse_cost"": 16050.252061058567, ""mean_shortage_days"": 15.702149507119383, ""mean_cost_per_unit"": 8.96236492127672, ""capacity_utilization"": 4683922.95, ""feasible"": true, ""n_runs"": 20, ""eligibility"": ""NO_CONCLUSION""}, {""value"": 100000000.0, ""strategy_id"": ""S15"", ""mean_fill"": 0.9937616416249337, ""p_meet"": 0.9, ""mean_cost"": 22640017.670519732, ""mcse_cost"": 16050.252061058434, ""mean_shortage_days"": 15.702149507119383, ""mean_cost_per_unit"": 24.169557309039906, ""capacity_utilization"": 4683922.95, ""feasible"": true, ""n_runs"": 20, ""eligibility"": ""NO_CONCLUSION""}]",feasibility does not change between 15000000.0 and 100000000.0; no threshold inside the recorded range,,
S15,norepinephrine_1mgml_4ml,batches_per_site_year,product.batches_per_site_year_nominal,30.0,45.0,70.0,False,True,60.625,feasible_above,"[{""value"": 30.0, ""strategy_id"": ""S15"", ""mean_fill"": 0.7846269219956836, ""p_meet"": 0.0, ""mean_cost"": 11997465.789808279, ""mcse_cost"": 16366.660216571934, ""mean_shortage_days"": 231.32166621029575, ""mean_cost_per_unit"": 16.28088418323714, ""capacity_utilization"": 3691415.6, ""feasible"": false, ""n_runs"": 20, ""eligibility"": ""NO_CONCLUSION""}, {""value"": 70.0, ""strategy_id"": ""S15"", ""mean_fill"": 0.9972427114622219, ""p_meet"": 0.9, ""mean_cost"": 12656257.308756474, ""mcse_cost"": 9229.144377608993, ""mean_shortage_days"": 8.89121714129244, ""mean_cost_per_unit"": 13.460535126266816, ""capacity_utilization"": 4701334.3, ""feasible"": true, ""n_runs"": 20, ""eligibility"": ""NO_CONCLUSION""}, {""value"": 50.0, ""strategy_id"": ""S15"", ""mean_fill"": 0.9952650585341576, ""p_meet"": 0.85, ""mean_cost"": 12608160.203953419, ""mcse_cost"": 13500.477759697837, ""mean_shortage_days"": 13.001779846659366, ""mean_cost_per_unit"": 13.437571231632594, ""capacity_utilization"": 4691532.65, ""feasible"": false, ""n_runs"": 20, ""eligibility"": ""NO_CONCLUSION""}, {""value"": 60.0, ""strategy_id"": ""S15"", ""mean_fill"": 0.9948748475540302, ""p_meet"": 0.85, ""mean_cost"": 12638477.473136213, ""mcse_cost"": 11736.147285190038, ""mean_shortage_days"": 11.52157721796276, ""mean_cost_per_unit"": 13.473482753266278, ""capacity_utilization"": 4690310.1, ""feasible"": false, ""n_runs"": 20, ""eligibility"": ""NO_CONCLUSION""}, {""value"": 65.0, ""strategy_id"": ""S15"", ""mean_fill"": 0.995408819730325, ""p_meet"": 0.9, ""mean_cost"": 12648936.08749069, ""mcse_cost"": 9949.415076247984, ""mean_shortage_days"": 11.171529299014239, ""mean_cost_per_unit"": 13.477701060548899, ""capacity_utilization"": 4692658.15, ""feasible"": true, ""n_runs"": 20, ""eligibility"": ""NO_CONCLUSION""}, {""value"": 62.5, ""strategy_id"": ""S15"", ""mean_fill"": 0.996166902283423, ""p_meet"": 0.9, ""mean_cost"": 12651538.846694326, ""mcse_cost"": 11149.455081924089, ""mean_shortage_days"": 9.411288335158817, ""mean_cost_per_unit"": 13.469873794181883, ""capacity_utilization"": 4696378.55, ""feasible"": true, ""n_runs"": 20, ""eligibility"": ""NO_CONCLUSION""}, {""value"": 61.25, ""strategy_id"": ""S15"", ""mean_fill"": 0.9961380095395895, ""p_meet"": 0.9, ""mean_cost"": 12651006.443212433, ""mcse_cost"": 11019.301166509074, ""mean_shortage_days"": 9.501300657174152, ""mean_cost_per_unit"": 13.469738307800233, ""capacity_utilization"": 4696246.7, ""feasible"": true, ""n_runs"": 20, ""eligibility"": ""NO_CONCLUSION""}]",bisection over 5 steps on 20 paired runs,60.0,61.25
S15,norepinephrine_1mgml_4ml,changeover_burden,product.changeover_days,1.0,3.0,10.0,False,False,,infeasible_everywhere,"[{""value"": 1.0, ""strategy_id"": ""S15"", ""mean_fill"": 0.9929870241272278, ""p_meet"": 0.8, ""mean_cost"": 12592772.207741566, ""mcse_cost"": 16437.45486323272, ""mean_shortage_days"": 15.442113910186203, ""mean_cost_per_unit"": 13.453906285379404, ""capacity_utilization"": 4680315.75, ""feasible"": false, ""n_runs"": 20, ""eligibility"": ""NO_CONCLUSION""}, {""value"": 10.0, ""strategy_id"": ""S15"", ""mean_fill"": 0.8552032594185475, ""p_meet"": 0.0, ""mean_cost"": 12135814.75088336, ""mcse_cost"": 12975.28768256439, ""mean_shortage_days"": 201.33756161007665, ""mean_cost_per_unit"": 15.089106638936437, ""capacity_utilization"": 4025698.7, ""feasible"": false, ""n_runs"": 20, ""eligibility"": ""NO_CONCLUSION""}]",feasibility does not change between 1.0 and 10.0; no threshold inside the recorded range,,
S16,norepinephrine_1mgml_4ml,capacity_utilization,product.annual_demand_units,500000.0,900000.0,1800000.0,True,False,926562.5,feasible_below,"[{""value"": 500000.0, ""strategy_id"": ""S16"", ""mean_fill"": 1.0, ""p_meet"": 1.0, ""mean_cost"": 14902970.71603533, ""mcse_cost"": 7612.965899508381, ""mean_shortage_days"": 0.0, ""mean_cost_per_unit"": 28.456033882632408, ""capacity_utilization"": 2618716.6, ""feasible"": true, ""n_runs"": 20, ""eligibility"": ""NO_CONCLUSION""}, {""value"": 1800000.0, ""strategy_id"": ""S16"", ""mean_fill"": 0.8148256792067228, ""p_meet"": 0.0, ""mean_cost"": 17213741.84931928, ""mcse_cost"": 27327.69527287248, ""mean_shortage_days"": 185.56540251916755, ""mean_cost_per_unit"": 11.213858122109393, ""capacity_utilization"": 7679973.05, ""feasible"": false, ""n_runs"": 20, ""eligibility"": ""NO_CONCLUSION""}, {""value"": 1150000.0, ""strategy_id"": ""S16"", ""mean_fill"": 0.9826589503717484, ""p_meet"": 0.55, ""mean_cost"": 16339504.288085062, ""mcse_cost"": 20434.93340869702, ""mean_shortage_days"": 18.20249178532311, ""mean_cost_per_unit"": 13.810315252705015, ""capacity_utilization"": 5917606.6, ""feasible"": false, ""n_runs"": 20, ""eligibility"": ""NO_CONCLUSION""}, {""value"": 825000.0, ""strategy_id"": ""S16"", ""mean_fill"": 0.998963114879069, ""p_meet"": 0.95, ""mean_cost"": 15717922.640411455, ""mcse_cost"": 9728.399030594574, ""mean_shortage_days"": 0.7100972070098577, ""mean_cost_per_unit"": 18.20778699876769, ""capacity_utilization"": 4316355.4, ""feasible"": true, ""n_runs"": 20, ""eligibility"": ""NO_CONCLUSION""}, {""value"": 987500.0, ""strategy_id"": ""S16"", ""mean_fill"": 0.9963233238540694, ""p_meet"": 0.85, ""mean_cost"": 16096775.819438037, ""mcse_cost"": 15941.577900960852, ""mean_shortage_days"": 4.070557228915662, ""mean_cost_per_unit"": 15.620064649986706, ""capacity_utilization"": 5152869.6, ""feasible"": false, ""n_runs"": 20, ""eligibility"": ""NO_CONCLUSION""}, {""value"": 906250.0, ""strategy_id"": ""S16"", ""mean_fill"": 0.9982792001500149, ""p_meet"": 0.95, ""mean_cost"": 15912283.204686139, ""mcse_cost"": 15408.475532240069, ""mean_shortage_days"": 1.810247809419496, ""mean_cost_per_unit"": 16.791769511850845, ""capacity_utilization"": 4738188.5, ""feasible"": true, ""n_runs"": 20, ""eligibility"": ""NO_CONCLUSION""}, {""value"": 946875.0, ""strategy_id"": ""S16"", ""mean_fill"": 0.9944036515583428, ""p_meet"": 0.75, ""mean_cost"": 15990146.153205764, ""mcse_cost"": 16154.326565427506, ""mean_shortage_days"": 4.980681818181818, ""mean_cost_per_unit"": 16.21379050309158, ""capacity_utilization"": 4931289.05, ""feasible"": false, ""n_runs"": 20, ""eligibility"": ""NO_CONCLUSION""}]",bisection over 5 steps on 20 paired runs,906250.0,946875.0
S16,norepinephrine_1mgml_4ml,fixed_qa_labor_per_node,product.fixed_qa_labor_usd_per_site_year,1500000.0,3000000.0,6000000.0,True,True,,feasible_everywhere,"[{""value"": 1500000.0, ""strategy_id"": ""S16"", ""mean_fill"": 0.9979964623391556, ""p_meet"": 0.9, ""mean_cost"": 13987515.152780673, ""mcse_cost"": 14168.854344694873, ""mean_shortage_days"": 1.740238225629792, ""mean_cost_per_unit"": 14.867292150294432, ""capacity_utilization"": 4704166.25, ""feasible"": true, ""n_runs"": 20, ""eligibility"": ""NO_CONCLUSION""}, {""value"": 6000000.0, ""strategy_id"": ""S16"", ""mean_fill"": 0.9979964623391556, ""p_meet"": 0.9, ""mean_cost"": 19719765.997694407, ""mcse_cost"": 14168.854344694952, ""mean_shortage_days"": 1.740238225629792, ""mean_cost_per_unit"": 20.960237721064537, ""capacity_utilization"": 4704166.25, ""feasible"": true, ""n_runs"": 20, ""eligibility"": ""NO_CONCLUSION""}]",feasibility does not change between 1500000.0 and 6000000.0; no threshold inside the recorded range,,
S16,norepinephrine_1mgml_4ml,release_time,global.sterility_incubation_days,14.0,14.0,18.0,True,True,,feasible_everywhere,"[{""value"": 14.0, ""strategy_id"": ""S16"", ""mean_fill"": 0.9979964623391556, ""p_meet"": 0.9, ""mean_cost"": 15898265.43441849, ""mcse_cost"": 14168.854344694886, ""mean_shortage_days"": 1.740238225629792, ""mean_cost_per_unit"": 16.898274007217697, ""capacity_utilization"": 4704166.25, ""feasible"": true, ""n_runs"": 20, ""eligibility"": ""NO_CONCLUSION""}, {""value"": 18.0, ""strategy_id"": ""S16"", ""mean_fill"": 0.9967989110013461, ""p_meet"": 0.9, ""mean_cost"": 15833463.42613534, ""mcse_cost"": 13632.644339606451, ""mean_shortage_days"": 3.690505202628697, ""mean_cost_per_unit"": 16.851223977580535, ""capacity_utilization"": 4698195.15, ""feasible"": true, ""n_runs"": 20, ""eligibility"": ""NO_CONCLUSION""}]",feasibility does not change between 14.0 and 18.0; no threshold inside the recorded range,,
S16,norepinephrine_1mgml_4ml,shelf_life,product.shelf_life_months,12.0,24.0,30.0,True,True,,feasible_everywhere,"[{""value"": 12.0, ""strategy_id"": ""S16"", ""mean_fill"": 0.9979964623391556, ""p_meet"": 0.9, ""mean_cost"": 15904380.159679655, ""mcse_cost"": 14562.012662731233, ""mean_shortage_days"": 1.740238225629792, ""mean_cost_per_unit"": 16.90478830373672, ""capacity_utilization"": 4704166.25, ""feasible"": true, ""n_runs"": 20, ""eligibility"": ""NO_CONCLUSION""}, {""value"": 30.0, ""strategy_id"": ""S16"", ""mean_fill"": 0.9979964623391556, ""p_meet"": 0.9, ""mean_cost"": 15897210.297184672, ""mcse_cost"": 14077.23658691131, ""mean_shortage_days"": 1.740238225629792, ""mean_cost_per_unit"": 16.89714601401645, ""capacity_utilization"": 4704166.25, ""feasible"": true, ""n_runs"": 20, ""eligibility"": ""NO_CONCLUSION""}]",feasibility does not change between 12.0 and 30.0; no threshold inside the recorded range,,
S16,norepinephrine_1mgml_4ml,raw_material_lead_time,product.material_lead_time_days,30.0,90.0,240.0,False,False,,infeasible_everywhere,"[{""value"": 30.0, ""strategy_id"": ""S16"", ""mean_fill"": 0.9965396722887258, ""p_meet"": 0.85, ""mean_cost"": 15871767.664631024, ""mcse_cost"": 13751.83833162315, ""mean_shortage_days"": 2.090286144578313, ""mean_cost_per_unit"": 16.895177860144635, ""capacity_utilization"": 4697296.7, ""feasible"": false, ""n_runs"": 20, ""eligibility"": ""NO_CONCLUSION""}, {""value"": 240.0, ""strategy_id"": ""S16"", ""mean_fill"": 0.9968526688600633, ""p_meet"": 0.85, ""mean_cost"": 15936550.120905897, ""mcse_cost"": 15176.158115082646, ""mean_shortage_days"": 2.330319003285871, ""mean_cost_per_unit"": 16.958702354996205, ""capacity_utilization"": 4698767.6, ""feasible"": false, ""n_runs"": 20, ""eligibility"": ""NO_CONCLUSION""}]",feasibility does not change between 30.0 and 240.0; no threshold inside the recorded range,,
S16,norepinephrine_1mgml_4ml,common_cause_dependence,global.common_cause_events_per_year,0.02,0.1,0.3,True,False,0.138125,feasible_below,"[{""value"": 0.02, ""strategy_id"": ""S16"", ""mean_fill"": 1.0, ""p_meet"": 1.0, ""mean_cost"": 15942524.782102937, ""mcse_cost"": 9734.862637187554, ""mean_shortage_days"": 0.0, ""mean_cost_per_unit"": 16.911515326462577, ""capacity_utilization"": 4713689.4, ""feasible"": true, ""n_runs"": 20, ""eligibility"": ""NO_CONCLUSION""}, {""value"": 0.3, ""strategy_id"": ""S16"", ""mean_fill"": 0.9927333562332059, ""p_meet"": 0.8, ""mean_cost"": 15825371.07518644, ""mcse_cost"": 16591.104617516885, ""mean_shortage_days"": 6.210850219058051, ""mean_cost_per_unit"": 16.91176862328586, ""capacity_utilization"": 4678783.7, ""feasible"": false, ""n_runs"": 20, ""eligibility"": ""NO_CONCLUSION""}, {""value"": 0.16, ""strategy_id"": ""S16"", ""mean_fill"": 0.9964827829166006, ""p_meet"": 0.85, ""mean_cost"": 15867839.840875113, ""mcse_cost"": 13342.968337992012, ""mean_shortage_days"": 3.020413472070098, ""mean_cost_per_unit"": 16.892052686280685, ""capacity_utilization"": 4696958.35, ""feasible"": false, ""n_runs"": 20, ""eligibility"": ""NO_CONCLUSION""}, {""value"": 0.09, ""strategy_id"": ""S16"", ""mean_fill"": 0.9976013185277072, ""p_meet"": 0.9, ""mean_cost"": 15901790.366629278, ""mcse_cost"": 14569.491015290208, ""mean_shortage_days"": 1.7602409638554217, ""mean_cost_per_unit"": 16.908816474946583, ""capacity_utilization"": 4702279.3, ""feasible"": true, ""n_runs"": 20, ""eligibility"": ""NO_CONCLUSION""}, {""value"": 0.125, ""strategy_id"": ""S16"", ""mean_fill"": 0.9977611293907295, ""p_meet"": 0.9, ""mean_cost"": 15890492.15846706, ""mcse_cost"": 14068.637676373348, ""mean_shortage_days"": 1.6802300109529025, ""mean_cost_per_unit"": 16.893932160264757, ""capacity_utilization"": 4703019.8, ""feasible"": true, ""n_runs"": 20, ""eligibility"": ""NO_CONCLUSION""}, {""value"": 0.14250000000000002, ""strategy_id"": ""S16"", ""mean_fill"": 0.9963107840378775, ""p_meet"": 0.85, ""mean_cost"": 15885507.15139632, ""mcse_cost"": 14720.7978319331, ""mean_shortage_days"": 3.0704203176341727, ""mean_cost_per_unit"": 16.913684349931696, ""capacity_utilization"": 4696141.3, ""feasible"": false, ""n_runs"": 20, ""eligibility"": ""NO_CONCLUSION""}, {""value"": 0.13375, ""strategy_id"": ""S16"", ""mean_fill"": 0.9977611293907295, ""p_meet"": 0.9, ""mean_cost"": 15890490.559404304, ""mcse_cost"": 14068.651166597201, ""mean_shortage_days"": 1.6802300109529025, ""mean_cost_per_unit"": 16.89393046400828, ""capacity_utilization"": 4703019.8, ""feasible"": true, ""n_runs"": 20, ""eligibility"": ""NO_CONCLUSION""}]",bisection over 5 steps on 20 paired runs,0.13375,0.14250000000000002
S16,norepinephrine_1mgml_4ml,supplier_concentration,global.supplier_disruptions_per_supplier_year,0.05,0.2,0.6,True,False,0.43671875000000004,feasible_below,"[{""value"": 0.05, ""strategy_id"": ""S16"", ""mean_fill"": 0.9991442476827768, ""p_meet"": 0.95, ""mean_cost"": 15920527.065256521, ""mcse_cost"": 14499.01525658339, ""mean_shortage_days"": 0.7601040525739321, ""mean_cost_per_unit"": 16.902437458907748, ""capacity_utilization"": 4709637.65, ""feasible"": true, ""n_runs"": 20, ""eligibility"": ""NO_CONCLUSION""}, {""value"": 0.6, ""strategy_id"": ""S16"", ""mean_fill"": 0.9934629794078585, ""p_meet"": 0.85, ""mean_cost"": 15814870.15827995, ""mcse_cost"": 21292.336520258323, ""mean_shortage_days"": 4.850664019715223, ""mean_cost_per_unit"": 16.889241729537567, ""capacity_utilization"": 4682949.9, ""feasible"": false, ""n_runs"": 20, ""eligibility"": ""NO_CONCLUSION""}, {""value"": 0.325, ""strategy_id"": ""S16"", ""mean_fill"": 0.9972237438424099, ""p_meet"": 0.9, ""mean_cost"": 15871520.408063363, ""mcse_cost"": 13254.350198138834, ""mean_shortage_days"": 2.2303053121577214, ""mean_cost_per_unit"": 16.88325117018052, ""capacity_utilization"": 4700399.3, ""feasible"": true, ""n_runs"": 20, ""eligibility"": ""NO_CONCLUSION""}, {""value"": 0.4625, ""strategy_id"": ""S16"", ""mean_fill"": 0.9952658709813991, ""p_meet"": 0.85, ""mean_cost"": 15839247.254323632, ""mcse_cost"": 19206.34425431744, ""mean_shortage_days"": 3.2104394852135814, ""mean_cost_per_unit"": 16.883168522263244, ""capacity_utilization"": 4691486.75, ""feasible"": false, ""n_runs"": 20, ""eligibility"": ""NO_CONCLUSION""}, {""value"": 0.39375000000000004, ""strategy_id"": ""S16"", ""mean_fill"": 0.9956543794821877, ""p_meet"": 0.9, ""mean_cost"": 15850980.99817102, ""mcse_cost"": 15582.25603145038, ""mean_shortage_days"": 3.3104531763417304, ""mean_cost_per_unit"": 16.890007958961057, ""capacity_utilization"": 4693294.25, ""feasible"": true, ""n_runs"": 20, ""eligibility"": ""NO_CONCLUSION""}, {""value"": 0.42812500000000003, ""strategy_id"": ""S16"", ""mean_fill"": 0.9962790105075952, ""p_meet"": 0.9, ""mean_cost"": 15841734.653430661, ""mcse_cost"": 17630.845911408454, ""mean_shortage_days"": 2.770379244249726, ""mean_cost_per_unit"": 16.868653048784715, ""capacity_utilization"": 4696211.3, ""feasible"": true, ""n_runs"": 20, ""eligibility"": ""NO_CONCLUSION""}, {""value"": 0.4453125, ""strategy_id"": ""S16"", ""mean_fill"": 0.9952658709813991, ""p_meet"": 0.85, ""mean_cost"": 15836525.577961773, ""mcse_cost"": 19259.23532895747, ""mean_shortage_days"": 3.2104394852135814, ""mean_cost_per_unit"": 16.88024973982528, ""capacity_utilization"": 4691486.75, ""feasible"": false, ""n_runs"": 20, ""eligibility"": ""NO_CONCLUSION""}]",bisection over 5 steps on 20 paired runs,0.42812500000000003,0.4453125
S16,norepinephrine_1mgml_4ml,commissioning_days,global.node_commissioning_days,365.0,730.0,1095.0,True,True,,feasible_everywhere,"[{""value"": 365.0, ""strategy_id"": ""S16"", ""mean_fill"": 0.9979964623391556, ""p_meet"": 0.9, ""mean_cost"": 15898265.43441849, ""mcse_cost"": 14168.854344694886, ""mean_shortage_days"": 1.740238225629792, ""mean_cost_per_unit"": 16.898274007217697, ""capacity_utilization"": 4704166.25, ""feasible"": true, ""n_runs"": 20, ""eligibility"": ""NO_CONCLUSION""}, {""value"": 1095.0, ""strategy_id"": ""S16"", ""mean_fill"": 0.9979964623391556, ""p_meet"": 0.9, ""mean_cost"": 15898265.43441849, ""mcse_cost"": 14168.854344694886, ""mean_shortage_days"": 1.740238225629792, ""mean_cost_per_unit"": 16.898274007217697, ""capacity_utilization"": 4704166.25, ""feasible"": true, ""n_runs"": 20, ""eligibility"": ""NO_CONCLUSION""}]",feasibility does not change between 365.0 and 1095.0; no threshold inside the recorded range,,
S16,norepinephrine_1mgml_4ml,activation_latency_days,global.reserved_capacity_activation_days,7.0,21.0,60.0,True,True,,feasible_everywhere,"[{""value"": 7.0, ""strategy_id"": ""S16"", ""mean_fill"": 0.9988722315307109, ""p_meet"": 1.0, ""mean_cost"": 15899186.416812832, ""mcse_cost"": 14180.31871505834, ""mean_shortage_days"": 1.4601998904709748, ""mean_cost_per_unit"": 16.884468817920055, ""capacity_utilization"": 4708353.1, ""feasible"": true, ""n_runs"": 20, ""eligibility"": ""NO_CONCLUSION""}, {""value"": 60.0, ""strategy_id"": ""S16"", ""mean_fill"": 0.9979387880288633, ""p_meet"": 0.9, ""mean_cost"": 15897521.653553057, ""mcse_cost"": 14238.5757570041, ""mean_shortage_days"": 2.1902998357064627, ""mean_cost_per_unit"": 16.89847195244492, ""capacity_utilization"": 4703890.15, ""feasible"": true, ""n_runs"": 20, ""eligibility"": ""NO_CONCLUSION""}]",feasibility does not change between 7.0 and 60.0; no threshold inside the recorded range,,
S16,norepinephrine_1mgml_4ml,node_capital,product.capital_usd_per_site,15000000.0,40000000.0,100000000.0,True,True,,feasible_everywhere,"[{""value"": 15000000.0, ""strategy_id"": ""S16"", ""mean_fill"": 0.9979964623391556, ""p_meet"": 0.9, ""mean_cost"": 10654160.708780687, ""mcse_cost"": 14168.854344694946, ""mean_shortage_days"": 1.740238225629792, ""mean_cost_per_unit"": 11.324190540671445, ""capacity_utilization"": 4704166.25, ""feasible"": true, ""n_runs"": 20, ""eligibility"": ""NO_CONCLUSION""}, {""value"": 100000000.0, ""strategy_id"": ""S16"", ""mean_fill"": 0.9979964623391556, ""p_meet"": 0.9, ""mean_cost"": 28484116.775949378, ""mcse_cost"": 14168.854344695032, ""mean_shortage_days"": 1.740238225629792, ""mean_cost_per_unit"": 30.276074326928875, ""capacity_utilization"": 4704166.25, ""feasible"": true, ""n_runs"": 20, ""eligibility"": ""NO_CONCLUSION""}]",feasibility does not change between 15000000.0 and 100000000.0; no threshold inside the recorded range,,
S16,norepinephrine_1mgml_4ml,batches_per_site_year,product.batches_per_site_year_nominal,30.0,45.0,70.0,False,True,43.125,feasible_above,"[{""value"": 30.0, ""strategy_id"": ""S16"", ""mean_fill"": 0.9369026516766283, ""p_meet"": 0.0, ""mean_cost"": 15366160.490693871, ""mcse_cost"": 15134.081595702186, ""mean_shortage_days"": 77.70063663745893, ""mean_cost_per_unit"": 17.421634991794324, ""capacity_utilization"": 4412953.35, ""feasible"": false, ""n_runs"": 20, ""eligibility"": ""NO_CONCLUSION""}, {""value"": 70.0, ""strategy_id"": ""S16"", ""mean_fill"": 1.0, ""p_meet"": 1.0, ""mean_cost"": 16233412.780426765, ""mcse_cost"": 11338.914265629364, ""mean_shortage_days"": 0.0, ""mean_cost_per_unit"": 17.219921306003087, ""capacity_utilization"": 4713689.4, ""feasible"": true, ""n_runs"": 20, ""eligibility"": ""NO_CONCLUSION""}, {""value"": 50.0, ""strategy_id"": ""S16"", ""mean_fill"": 0.9990522207058042, ""p_meet"": 0.95, ""mean_cost"": 15970489.423420321, ""mcse_cost"": 12383.098066184073, ""mean_shortage_days"": 0.8101108981380065, ""mean_cost_per_unit"": 16.95696267911705, ""capacity_utilization"": 4709173.9, ""feasible"": true, ""n_runs"": 20, ""eligibility"": ""NO_CONCLUSION""}, {""value"": 40.0, ""strategy_id"": ""S16"", ""mean_fill"": 0.9967177908185537, ""p_meet"": 0.8, ""mean_cost"": 15806991.75387606, ""mcse_cost"": 16125.039009872697, ""mean_shortage_days"": 3.830524370208105, ""mean_cost_per_unit"": 16.82322281033499, ""capacity_utilization"": 4698166.4, ""feasible"": false, ""n_runs"": 20, ""eligibility"": ""NO_CONCLUSION""}, {""value"": 45.0, ""strategy_id"": ""S16"", ""mean_fill"": 0.9979964623391556, ""p_meet"": 0.9, ""mean_cost"": 15898265.43441849, ""mcse_cost"": 14168.854344694886, ""mean_shortage_days"": 1.740238225629792, ""mean_cost_per_unit"": 16.898274007217697, ""capacity_utilization"": 4704166.25, ""feasible"": true, ""n_runs"": 20, ""eligibility"": ""NO_CONCLUSION""}, {""value"": 42.5, ""strategy_id"": ""S16"", ""mean_fill"": 0.9975901870626542, ""p_meet"": 0.85, ""mean_cost"": 15846457.796922937, ""mcse_cost"": 15375.456259372118, ""mean_shortage_days"": 3.680503833515881, ""mean_cost_per_unit"": 16.85029504709062, ""capacity_utilization"": 4702287.9, ""feasible"": false, ""n_runs"": 20, ""eligibility"": ""NO_CONCLUSION""}, {""value"": 43.75, ""strategy_id"": ""S16"", ""mean_fill"": 0.9983692668313571, ""p_meet"": 0.95, ""mean_cost"": 15881569.00740042, ""mcse_cost"": 14738.335591140556, ""mean_shortage_days"": 1.9702697152245345, ""mean_cost_per_unit"": 16.874140668626602, ""capacity_utilization"": 4705943.45, ""feasible"": true, ""n_runs"": 20, ""eligibility"": ""NO_CONCLUSION""}]",bisection over 5 steps on 20 paired runs,42.5,43.75
S16,norepinephrine_1mgml_4ml,changeover_burden,product.changeover_days,1.0,3.0,10.0,True,False,6.484375,feasible_below,"[{""value"": 1.0, ""strategy_id"": ""S16"", ""mean_fill"": 0.9988272837232758, ""p_meet"": 1.0, ""mean_cost"": 15920947.18266558, ""mcse_cost"": 13044.605222328202, ""mean_shortage_days"": 1.6902313800657176, ""mean_cost_per_unit"": 16.90824909153444, ""capacity_utilization"": 4708130.7, ""feasible"": true, ""n_runs"": 20, ""eligibility"": ""NO_CONCLUSION""}, {""value"": 10.0, ""strategy_id"": ""S16"", ""mean_fill"": 0.967865351730054, ""p_meet"": 0.3, ""mean_cost"": 15623639.90618608, ""mcse_cost"": 13376.717777883754, ""mean_shortage_days"": 42.59583105147865, ""mean_cost_per_unit"": 17.13769111244841, ""capacity_utilization"": 4560196.65, ""feasible"": false, ""n_runs"": 20, ""eligibility"": ""NO_CONCLUSION""}, {""value"": 5.5, ""strategy_id"": ""S16"", ""mean_fill"": 0.9976730667104755, ""p_meet"": 0.9, ""mean_cost"": 15871094.915458273, ""mcse_cost"": 13575.613831389142, ""mean_shortage_days"": 2.3403203723986854, ""mean_cost_per_unit"": 16.874928360985393, ""capacity_utilization"": 4702630.3, ""feasible"": true, ""n_runs"": 20, ""eligibility"": ""NO_CONCLUSION""}, {""value"": 7.75, ""strategy_id"": ""S16"", ""mean_fill"": 0.9928896147653058, ""p_meet"": 0.7, ""mean_cost"": 15758437.207634736, ""mcse_cost"": 12928.787334305673, ""mean_shortage_days"": 9.181256845564075, ""mean_cost_per_unit"": 16.837061494875208, ""capacity_utilization"": 4679888.35, ""feasible"": false, ""n_runs"": 20, ""eligibility"": ""NO_CONCLUSION""}, {""value"": 6.625, ""strategy_id"": ""S16"", ""mean_fill"": 0.9957685822503451, ""p_meet"": 0.8, ""mean_cost"": 15824830.085919153, ""mcse_cost"": 14435.347258312606, ""mean_shortage_days"": 4.750650328587075, ""mean_cost_per_unit"": 16.857666709467146, ""capacity_utilization"": 4693474.65, ""feasible"": false, ""n_runs"": 20, ""eligibility"": ""NO_CONCLUSION""}, {""value"": 6.0625, ""strategy_id"": ""S16"", ""mean_fill"": 0.998014758946959, ""p_meet"": 0.95, ""mean_cost"": 15855854.51520974, ""mcse_cost"": 11877.393703152185, ""mean_shortage_days"": 2.3103162650602407, ""mean_cost_per_unit"": 16.853170504669897, ""capacity_utilization"": 4704268.65, ""feasible"": true, ""n_runs"": 20, ""eligibility"": ""NO_CONCLUSION""}, {""value"": 6.34375, ""strategy_id"": ""S16"", ""mean_fill"": 0.998014758946959, ""p_meet"": 0.95, ""mean_cost"": 15855854.51520974, ""mcse_cost"": 11877.393703152185, ""mean_shortage_days"": 2.3103162650602407, ""mean_cost_per_unit"": 16.853170504669897, ""capacity_utilization"": 4704268.65, ""feasible"": true, ""n_runs"": 20, ""eligibility"": ""NO_CONCLUSION""}]",bisection over 5 steps on 20 paired runs,6.34375,6.625
S17,norepinephrine_1mgml_4ml,capacity_utilization,product.annual_demand_units,500000.0,900000.0,1800000.0,True,False,967187.5,feasible_below,"[{""value"": 500000.0, ""strategy_id"": ""S17"", ""mean_fill"": 1.0, ""p_meet"": 1.0, ""mean_cost"": 17499493.157263286, ""mcse_cost"": 15223.87458260697, ""mean_shortage_days"": 0.2100287513691128, ""mean_cost_per_unit"": 33.4137014243647, ""capacity_utilization"": 2618716.6, ""feasible"": true, ""n_runs"": 20, ""eligibility"": ""NO_CONCLUSION""}, {""value"": 1800000.0, ""strategy_id"": ""S17"", ""mean_fill"": 0.976527602717641, ""p_meet"": 0.35, ""mean_cost"": 20144360.478576254, ""mcse_cost"": 16030.39891606543, ""mean_shortage_days"": 52.95724945235487, ""mean_cost_per_unit"": 10.944702988328189, ""capacity_utilization"": 9203937.45, ""feasible"": false, ""n_runs"": 20, ""eligibility"": ""NO_CONCLUSION""}, {""value"": 1150000.0, ""strategy_id"": ""S17"", ""mean_fill"": 0.994116782882057, ""p_meet"": 0.85, ""mean_cost"": 18752006.27224018, ""mcse_cost"": 9991.733444927879, ""mean_shortage_days"": 18.28250273822563, ""mean_cost_per_unit"": 15.659207232110784, ""capacity_utilization"": 5987385.25, ""feasible"": false, ""n_runs"": 20, ""eligibility"": ""NO_CONCLUSION""}, {""value"": 825000.0, ""strategy_id"": ""S17"", ""mean_fill"": 0.9988733195831261, ""p_meet"": 1.0, ""mean_cost"": 18064091.96650768, ""mcse_cost"": 8375.925236211937, ""mean_shortage_days"": 4.2705846111719605, ""mean_cost_per_unit"": 20.928660578999864, ""capacity_utilization"": 4315754.9, ""feasible"": true, ""n_runs"": 20, ""eligibility"": ""NO_CONCLUSION""}, {""value"": 987500.0, ""strategy_id"": ""S17"", ""mean_fill"": 0.9936356489087501, ""p_meet"": 0.85, ""mean_cost"": 18381789.513673168, ""mcse_cost"": 6667.877390163823, ""mean_shortage_days"": 18.78257119386637, ""mean_cost_per_unit"": 17.886842136969843, ""capacity_utilization"": 5138389.45, ""feasible"": false, ""n_runs"": 20, ""eligibility"": ""NO_CONCLUSION""}, {""value"": 906250.0, ""strategy_id"": ""S17"", ""mean_fill"": 0.9969206968284305, ""p_meet"": 0.95, ""mean_cost"": 18210581.4154658, ""mcse_cost"": 6523.849970179906, ""mean_shortage_days"": 10.071378696604597, ""mean_cost_per_unit"": 19.243464570289873, ""capacity_utilization"": 4731670.0, ""feasible"": true, ""n_runs"": 20, ""eligibility"": ""NO_CONCLUSION""}, {""value"": 946875.0, ""strategy_id"": ""S17"", ""mean_fill"": 0.9943561597346138, ""p_meet"": 0.9, ""mean_cost"": 18288051.48301837, ""mcse_cost"": 6586.552192687691, ""mean_shortage_days"": 13.851896221248632, ""mean_cost_per_unit"": 18.544183569836804, ""capacity_utilization"": 4930907.2, ""feasible"": true, ""n_runs"": 20, ""eligibility"": ""NO_CONCLUSION""}]",bisection over 5 steps on 20 paired runs,946875.0,987500.0
S17,norepinephrine_1mgml_4ml,fixed_qa_labor_per_node,product.fixed_qa_labor_usd_per_site_year,1500000.0,3000000.0,6000000.0,True,True,,feasible_everywhere,"[{""value"": 1500000.0, ""strategy_id"": ""S17"", ""mean_fill"": 0.9967427184153201, ""p_meet"": 1.0, ""mean_cost"": 15631381.759845871, ""mcse_cost"": 7329.410750856615, ""mean_shortage_days"": 10.741470427163197, ""mean_cost_per_unit"": 16.636056318451814, ""capacity_utilization"": 4697981.35, ""feasible"": true, ""n_runs"": 20, ""eligibility"": ""NO_CONCLUSION""}, {""value"": 6000000.0, ""strategy_id"": ""S17"", ""mean_fill"": 0.9967427184153201, ""p_meet"": 1.0, ""mean_cost"": 23341116.90819683, ""mcse_cost"": 7329.4107508567095, ""mean_shortage_days"": 10.741470427163197, ""mean_cost_per_unit"": 24.841495044578835, ""capacity_utilization"": 4697981.35, ""feasible"": true, ""n_runs"": 20, ""eligibility"": ""NO_CONCLUSION""}]",feasibility does not change between 1500000.0 and 6000000.0; no threshold inside the recorded range,,
S17,norepinephrine_1mgml_4ml,release_time,global.sterility_incubation_days,14.0,14.0,18.0,True,True,,feasible_everywhere,"[{""value"": 14.0, ""strategy_id"": ""S17"", ""mean_fill"": 0.9967427184153201, ""p_meet"": 1.0, ""mean_cost"": 18201293.475963444, ""mcse_cost"": 7329.410750856576, ""mean_shortage_days"": 10.741470427163197, ""mean_cost_per_unit"": 19.371202560494776, ""capacity_utilization"": 4697981.35, ""feasible"": true, ""n_runs"": 20, ""eligibility"": ""NO_CONCLUSION""}, {""value"": 18.0, ""strategy_id"": ""S17"", ""mean_fill"": 0.9957610237270123, ""p_meet"": 0.95, ""mean_cost"": 18188511.47746603, ""mcse_cost"": 6374.8561399433365, ""mean_shortage_days"": 13.351827765607885, ""mean_cost_per_unit"": 19.379530621184998, ""capacity_utilization"": 4692777.4, ""feasible"": true, ""n_runs"": 20, ""eligibility"": ""NO_CONCLUSION""}]",feasibility does not change between 14.0 and 18.0; no threshold inside the recorded range,,
S17,norepinephrine_1mgml_4ml,shelf_life,product.shelf_life_months,12.0,24.0,30.0,True,True,,feasible_everywhere,"[{""value"": 12.0, ""strategy_id"": ""S17"", ""mean_fill"": 0.9958826745255882, ""p_meet"": 0.95, ""mean_cost"": 18274884.06440023, ""mcse_cost"": 6223.937155795097, ""mean_shortage_days"": 13.121796276013143, ""mean_cost_per_unit"": 19.468700966002803, ""capacity_utilization"": 4693442.7, ""feasible"": true, ""n_runs"": 20, ""eligibility"": ""NO_CONCLUSION""}, {""value"": 30.0, ""strategy_id"": ""S17"", ""mean_fill"": 0.9967427184153201, ""p_meet"": 1.0, ""mean_cost"": 18201293.475963444, ""mcse_cost"": 7329.410750856576, ""mean_shortage_days"": 10.741470427163197, ""mean_cost_per_unit"": 19.371202560494776, ""capacity_utilization"": 4697981.35, ""feasible"": true, ""n_runs"": 20, ""eligibility"": ""NO_CONCLUSION""}]",feasibility does not change between 12.0 and 30.0; no threshold inside the recorded range,,
S17,norepinephrine_1mgml_4ml,raw_material_lead_time,product.material_lead_time_days,30.0,90.0,240.0,True,True,,feasible_everywhere,"[{""value"": 30.0, ""strategy_id"": ""S17"", ""mean_fill"": 0.9968577603379106, ""p_meet"": 1.0, ""mean_cost"": 18162641.47348208, ""mcse_cost"": 8494.62410048199, ""mean_shortage_days"": 9.97136500547645, ""mean_cost_per_unit"": 19.32791002629399, ""capacity_utilization"": 4698567.75, ""feasible"": true, ""n_runs"": 20, ""eligibility"": ""NO_CONCLUSION""}, {""value"": 240.0, ""strategy_id"": ""S17"", ""mean_fill"": 0.9970655134081283, ""p_meet"": 1.0, ""mean_cost"": 18295290.98810805, ""mcse_cost"": 7404.240824447805, ""mean_shortage_days"": 9.81134309967141, ""mean_cost_per_unit"": 19.465164721184756, ""capacity_utilization"": 4699579.15, ""feasible"": true, ""n_runs"": 20, ""eligibility"": ""NO_CONCLUSION""}]",feasibility does not change between 30.0 and 240.0; no threshold inside the recorded range,,
S17,norepinephrine_1mgml_4ml,common_cause_dependence,global.common_cause_events_per_year,0.02,0.1,0.3,True,True,,feasible_everywhere,"[{""value"": 0.02, ""strategy_id"": ""S17"", ""mean_fill"": 0.9973167112934913, ""p_meet"": 1.0, ""mean_cost"": 18206523.762197353, ""mcse_cost"": 7374.030800565195, ""mean_shortage_days"": 9.161254107338445, ""mean_cost_per_unit"": 19.365875571548205, ""capacity_utilization"": 4700773.05, ""feasible"": true, ""n_runs"": 20, ""eligibility"": ""NO_CONCLUSION""}, {""value"": 0.3, ""strategy_id"": ""S17"", ""mean_fill"": 0.9964659874941232, ""p_meet"": 0.95, ""mean_cost"": 18195118.600961767, ""mcse_cost"": 6297.277593716707, ""mean_shortage_days"": 9.64131982475356, ""mean_cost_per_unit"": 19.36940132854256, ""capacity_utilization"": 4696895.55, ""feasible"": true, ""n_runs"": 20, ""eligibility"": ""NO_CONCLUSION""}]",feasibility does not change between 0.02 and 0.3; no threshold inside the recorded range,,
S17,norepinephrine_1mgml_4ml,supplier_concentration,global.supplier_disruptions_per_supplier_year,0.05,0.2,0.6,True,True,,feasible_everywhere,"[{""value"": 0.05, ""strategy_id"": ""S17"", ""mean_fill"": 0.9970655134081283, ""p_meet"": 1.0, ""mean_cost"": 18201839.064002015, ""mcse_cost"": 7604.598299863204, ""mean_shortage_days"": 9.81134309967141, ""mean_cost_per_unit"": 19.365724851126878, ""capacity_utilization"": 4699579.15, ""feasible"": true, ""n_runs"": 20, ""eligibility"": ""NO_CONCLUSION""}, {""value"": 0.6, ""strategy_id"": ""S17"", ""mean_fill"": 0.9965601612306157, ""p_meet"": 1.0, ""mean_cost"": 18194648.032454167, ""mcse_cost"": 7326.960129045003, ""mean_shortage_days"": 11.351553943044907, ""mean_cost_per_unit"": 19.369084276438276, ""capacity_utilization"": 4696921.65, ""feasible"": true, ""n_runs"": 20, ""eligibility"": ""NO_CONCLUSION""}]",feasibility does not change between 0.05 and 0.6; no threshold inside the recorded range,,
S17,norepinephrine_1mgml_4ml,commissioning_days,global.node_commissioning_days,365.0,730.0,1095.0,True,True,,feasible_everywhere,"[{""value"": 365.0, ""strategy_id"": ""S17"", ""mean_fill"": 0.9967427184153201, ""p_meet"": 1.0, ""mean_cost"": 18201293.475963444, ""mcse_cost"": 7329.410750856576, ""mean_shortage_days"": 10.741470427163197, ""mean_cost_per_unit"": 19.371202560494776, ""capacity_utilization"": 4697981.35, ""feasible"": true, ""n_runs"": 20, ""eligibility"": ""NO_CONCLUSION""}, {""value"": 1095.0, ""strategy_id"": ""S17"", ""mean_fill"": 0.9967427184153201, ""p_meet"": 1.0, ""mean_cost"": 18201293.475963444, ""mcse_cost"": 7329.410750856576, ""mean_shortage_days"": 10.741470427163197, ""mean_cost_per_unit"": 19.371202560494776, ""capacity_utilization"": 4697981.35, ""feasible"": true, ""n_runs"": 20, ""eligibility"": ""NO_CONCLUSION""}]",feasibility does not change between 365.0 and 1095.0; no threshold inside the recorded range,,
S17,norepinephrine_1mgml_4ml,activation_latency_days,global.reserved_capacity_activation_days,7.0,21.0,60.0,True,True,,feasible_everywhere,"[{""value"": 7.0, ""strategy_id"": ""S17"", ""mean_fill"": 0.9967427184153201, ""p_meet"": 1.0, ""mean_cost"": 18201293.475963444, ""mcse_cost"": 7329.410750856576, ""mean_shortage_days"": 10.741470427163197, ""mean_cost_per_unit"": 19.371202560494776, ""capacity_utilization"": 4697981.35, ""feasible"": true, ""n_runs"": 20, ""eligibility"": ""NO_CONCLUSION""}, {""value"": 60.0, ""strategy_id"": ""S17"", ""mean_fill"": 0.9967427184153201, ""p_meet"": 1.0, ""mean_cost"": 18201293.475963444, ""mcse_cost"": 7329.410750856576, ""mean_shortage_days"": 10.741470427163197, ""mean_cost_per_unit"": 19.371202560494776, ""capacity_utilization"": 4697981.35, ""feasible"": true, ""n_runs"": 20, ""eligibility"": ""NO_CONCLUSION""}]",feasibility does not change between 7.0 and 60.0; no threshold inside the recorded range,,
S17,norepinephrine_1mgml_4ml,node_capital,product.capital_usd_per_site,15000000.0,40000000.0,100000000.0,True,True,,feasible_everywhere,"[{""value"": 15000000.0, ""strategy_id"": ""S17"", ""mean_fill"": 0.9967427184153201, ""p_meet"": 1.0, ""mean_cost"": 12180906.80171664, ""mcse_cost"": 7329.41075085659, ""mean_shortage_days"": 10.741470427163197, ""mean_cost_per_unit"": 12.963730317600673, ""capacity_utilization"": 4697981.35, ""feasible"": true, ""n_runs"": 20, ""eligibility"": ""NO_CONCLUSION""}, {""value"": 100000000.0, ""strategy_id"": ""S17"", ""mean_fill"": 0.9967427184153201, ""p_meet"": 1.0, ""mean_cost"": 32650221.49415514, ""mcse_cost"": 7329.410750856482, ""mean_shortage_days"": 10.741470427163197, ""mean_cost_per_unit"": 34.74913594343995, ""capacity_utilization"": 4697981.35, ""feasible"": true, ""n_runs"": 20, ""eligibility"": ""NO_CONCLUSION""}]",feasibility does not change between 15000000.0 and 100000000.0; no threshold inside the recorded range,,
S17,norepinephrine_1mgml_4ml,batches_per_site_year,product.batches_per_site_year_nominal,30.0,45.0,70.0,True,True,,feasible_everywhere,"[{""value"": 30.0, ""strategy_id"": ""S17"", ""mean_fill"": 0.9955889273481926, ""p_meet"": 0.95, ""mean_cost"": 18097153.8451808, ""mcse_cost"": 7067.530514425857, ""mean_shortage_days"": 14.22194687842278, ""mean_cost_per_unit"": 19.281810686083556, ""capacity_utilization"": 4692789.85, ""feasible"": true, ""n_runs"": 20, ""eligibility"": ""NO_CONCLUSION""}, {""value"": 70.0, ""strategy_id"": ""S17"", ""mean_fill"": 0.9968995569328409, ""p_meet"": 1.0, ""mean_cost"": 18342265.898624655, ""mcse_cost"": 7527.383059834743, ""mean_shortage_days"": 9.641319824753559, ""mean_cost_per_unit"": 19.52158075271828, ""capacity_utilization"": 4697962.7, ""feasible"": true, ""n_runs"": 20, ""eligibility"": ""NO_CONCLUSION""}]",feasibility does not change between 30.0 and 70.0; no threshold inside the recorded range,,
S17,norepinephrine_1mgml_4ml,changeover_burden,product.changeover_days,1.0,3.0,10.0,True,True,,feasible_everywhere,"[{""value"": 1.0, ""strategy_id"": ""S17"", ""mean_fill"": 0.9974768688922213, ""p_meet"": 0.95, ""mean_cost"": 18207197.09080697, ""mcse_cost"": 6898.620171770698, ""mean_shortage_days"": 9.311274644030668, ""mean_cost_per_unit"": 19.363460943986365, ""capacity_utilization"": 4701388.55, ""feasible"": true, ""n_runs"": 20, ""eligibility"": ""NO_CONCLUSION""}, {""value"": 10.0, ""strategy_id"": ""S17"", ""mean_fill"": 0.9930265065668626, ""p_meet"": 0.9, ""mean_cost"": 18159259.625023387, ""mcse_cost"": 7537.761834694585, ""mean_shortage_days"": 19.562677984665935, ""mean_cost_per_unit"": 19.40106521792409, ""capacity_utilization"": 4680080.2, ""feasible"": true, ""n_runs"": 20, ""eligibility"": ""NO_CONCLUSION""}]",feasibility does not change between 1.0 and 10.0; no threshold inside the recorded range,,
S18,norepinephrine_1mgml_4ml,capacity_utilization,product.annual_demand_units,500000.0,900000.0,1800000.0,True,False,967187.5,feasible_below,"[{""value"": 500000.0, ""strategy_id"": ""S18"", ""mean_fill"": 0.9953897607356901, ""p_meet"": 0.95, ""mean_cost"": 21628808.75344213, ""mcse_cost"": 7006.481047455443, ""mean_shortage_days"": 9.451293811610075, ""mean_cost_per_unit"": 41.481085940509786, ""capacity_utilization"": 2607191.7, ""feasible"": true, ""n_runs"": 20, ""eligibility"": ""NO_CONCLUSION""}, {""value"": 1800000.0, ""strategy_id"": ""S18"", ""mean_fill"": 0.8928289412216056, ""p_meet"": 0.0, ""mean_cost"": 24198692.65665493, ""mcse_cost"": 36123.03530471416, ""mean_shortage_days"": 112.83544633077763, ""mean_cost_per_unit"": 14.370563825461653, ""capacity_utilization"": 8421922.15, ""feasible"": false, ""n_runs"": 20, ""eligibility"": ""NO_CONCLUSION""}, {""value"": 1150000.0, ""strategy_id"": ""S18"", ""mean_fill"": 0.9918884404009208, ""p_meet"": 0.75, ""mean_cost"": 23291752.479752224, ""mcse_cost"": 13347.637949636202, ""mean_shortage_days"": 16.952320646221246, ""mean_cost_per_unit"": 19.48916043819971, ""capacity_utilization"": 5975790.25, ""feasible"": false, ""n_runs"": 20, ""eligibility"": ""NO_CONCLUSION""}, {""value"": 825000.0, ""strategy_id"": ""S18"", ""mean_fill"": 0.9966874555973737, ""p_meet"": 1.0, ""mean_cost"": 22473516.757598568, ""mcse_cost"": 8539.187971656924, ""mean_shortage_days"": 8.851211664841184, ""mean_cost_per_unit"": 26.087080065385482, ""capacity_utilization"": 4307569.95, ""feasible"": true, ""n_runs"": 20, ""eligibility"": ""NO_CONCLUSION""}, {""value"": 987500.0, ""strategy_id"": ""S18"", ""mean_fill"": 0.9951998494830704, ""p_meet"": 0.8, ""mean_cost"": 22877622.37559933, ""mcse_cost"": 10255.549265051273, ""mean_shortage_days"": 12.711740142387733, ""mean_cost_per_unit"": 22.22005081797408, ""capacity_utilization"": 5148298.55, ""feasible"": false, ""n_runs"": 20, ""eligibility"": ""NO_CONCLUSION""}, {""value"": 906250.0, ""strategy_id"": ""S18"", ""mean_fill"": 0.9969764716532545, ""p_meet"": 0.95, ""mean_cost"": 22668166.594269264, ""mcse_cost"": 8920.99957740984, ""mean_shortage_days"": 9.821344468784229, ""mean_cost_per_unit"": 23.946247818635193, ""capacity_utilization"": 4733368.35, ""feasible"": true, ""n_runs"": 20, ""eligibility"": ""NO_CONCLUSION""}, {""value"": 946875.0, ""strategy_id"": ""S18"", ""mean_fill"": 0.9954321810343503, ""p_meet"": 0.9, ""mean_cost"": 22781185.15303711, ""mcse_cost"": 8154.247561389781, ""mean_shortage_days"": 12.431701807228917, ""mean_cost_per_unit"": 23.069961982166102, ""capacity_utilization"": 4937666.35, ""feasible"": true, ""n_runs"": 20, ""eligibility"": ""NO_CONCLUSION""}]",bisection over 5 steps on 20 paired runs,946875.0,987500.0
S18,norepinephrine_1mgml_4ml,fixed_qa_labor_per_node,product.fixed_qa_labor_usd_per_site_year,1500000.0,3000000.0,6000000.0,True,True,,feasible_everywhere,"[{""value"": 1500000.0, ""strategy_id"": ""S18"", ""mean_fill"": 0.9965465566168257, ""p_meet"": 0.9, ""mean_cost"": 20095781.422303125, ""mcse_cost"": 9170.67621604334, ""mean_shortage_days"": 9.851348576122671, ""mean_cost_per_unit"": 21.385211117619328, ""capacity_utilization"": 4698624.55, ""feasible"": true, ""n_runs"": 20, ""eligibility"": ""NO_CONCLUSION""}, {""value"": 6000000.0, ""strategy_id"": ""S18"", ""mean_fill"": 0.9965465566168257, ""p_meet"": 0.9, ""mean_cost"": 27771394.754726417, ""mcse_cost"": 9170.67621604334, ""mean_shortage_days"": 9.851348576122671, ""mean_cost_per_unit"": 29.553483873992423, ""capacity_utilization"": 4698624.55, ""feasible"": true, ""n_runs"": 20, ""eligibility"": ""NO_CONCLUSION""}]",feasibility does not change between 1500000.0 and 6000000.0; no threshold inside the recorded range,,
S18,norepinephrine_1mgml_4ml,release_time,global.sterility_incubation_days,14.0,14.0,18.0,True,False,17.9375,feasible_below,"[{""value"": 14.0, ""strategy_id"": ""S18"", ""mean_fill"": 0.9965465566168257, ""p_meet"": 0.9, ""mean_cost"": 22654319.199777555, ""mcse_cost"": 9170.67621604334, ""mean_shortage_days"": 9.851348576122671, ""mean_cost_per_unit"": 24.107968703077027, ""capacity_utilization"": 4698624.55, ""feasible"": true, ""n_runs"": 20, ""eligibility"": ""NO_CONCLUSION""}, {""value"": 18.0, ""strategy_id"": ""S18"", ""mean_fill"": 0.9949371170691628, ""p_meet"": 0.85, ""mean_cost"": 22646693.38403361, ""mcse_cost"": 9610.996218204364, ""mean_shortage_days"": 11.731605969331873, ""mean_cost_per_unit"": 24.141060050353403, ""capacity_utilization"": 4690692.4, ""feasible"": false, ""n_runs"": 20, ""eligibility"": ""NO_CONCLUSION""}, {""value"": 16.0, ""strategy_id"": ""S18"", ""mean_fill"": 0.9966467706692577, ""p_meet"": 0.95, ""mean_cost"": 22658373.752773065, ""mcse_cost"": 9179.22613127412, ""mean_shortage_days"": 11.331551204819277, ""mean_cost_per_unit"": 24.11417505071568, ""capacity_utilization"": 4698265.1, ""feasible"": true, ""n_runs"": 20, ""eligibility"": ""NO_CONCLUSION""}, {""value"": 17.0, ""strategy_id"": ""S18"", ""mean_fill"": 0.9955274155244969, ""p_meet"": 0.9, ""mean_cost"": 22645772.543720815, ""mcse_cost"": 11166.562730175601, ""mean_shortage_days"": 10.721467688937569, ""mean_cost_per_unit"": 24.128428001538218, ""capacity_utilization"": 4692988.25, ""feasible"": true, ""n_runs"": 20, ""eligibility"": ""NO_CONCLUSION""}, {""value"": 17.5, ""strategy_id"": ""S18"", ""mean_fill"": 0.9961383719980793, ""p_meet"": 0.95, ""mean_cost"": 22642612.647760365, ""mcse_cost"": 8876.216445401125, ""mean_shortage_days"": 10.141388280394304, ""mean_cost_per_unit"": 24.10976644054638, ""capacity_utilization"": 4695974.1, ""feasible"": true, ""n_runs"": 20, ""eligibility"": ""NO_CONCLUSION""}, {""value"": 17.75, ""strategy_id"": ""S18"", ""mean_fill"": 0.9950236929171856, ""p_meet"": 0.9, ""mean_cost"": 22647230.71059872, ""mcse_cost"": 7656.338708123084, ""mean_shortage_days"": 11.991641566265061, ""mean_cost_per_unit"": 24.13962654855082, ""capacity_utilization"": 4691010.0, ""feasible"": true, ""n_runs"": 20, ""eligibility"": ""NO_CONCLUSION""}, {""value"": 17.875, ""strategy_id"": ""S18"", ""mean_fill"": 0.9949469215964936, ""p_meet"": 0.9, ""mean_cost"": 22647612.429945514, ""mcse_cost"": 8487.074035429094, ""mean_shortage_days"": 11.991641566265061, ""mean_cost_per_unit"": 24.141592256788215, ""capacity_utilization"": 4690689.45, ""feasible"": true, ""n_runs"": 20, ""eligibility"": ""NO_CONCLUSION""}]",bisection over 5 steps on 20 paired runs,17.875,18.0
S18,norepinephrine_1mgml_4ml,shelf_life,product.shelf_life_months,12.0,24.0,30.0,False,True,14.53125,feasible_above,"[{""value"": 12.0, ""strategy_id"": ""S18"", ""mean_fill"": 0.9949687352585463, ""p_meet"": 0.85, ""mean_cost"": 22758757.87335732, ""mcse_cost"": 8872.788806606412, ""mean_shortage_days"": 16.642278203723986, ""mean_cost_per_unit"": 24.257701387877866, ""capacity_utilization"": 4691162.75, ""feasible"": false, ""n_runs"": 20, ""eligibility"": ""NO_CONCLUSION""}, {""value"": 30.0, ""strategy_id"": ""S18"", ""mean_fill"": 0.9965465566168257, ""p_meet"": 0.9, ""mean_cost"": 22654319.199777555, ""mcse_cost"": 9170.67621604334, ""mean_shortage_days"": 9.851348576122671, ""mean_cost_per_unit"": 24.107968703077027, ""capacity_utilization"": 4698624.55, ""feasible"": true, ""n_runs"": 20, ""eligibility"": ""NO_CONCLUSION""}, {""value"": 21.0, ""strategy_id"": ""S18"", ""mean_fill"": 0.9965465566168257, ""p_meet"": 0.9, ""mean_cost"": 22654319.199777555, ""mcse_cost"": 9170.67621604334, ""mean_shortage_days"": 9.851348576122671, ""mean_cost_per_unit"": 24.107968703077027, ""capacity_utilization"": 4698624.55, ""feasible"": true, ""n_runs"": 20, ""eligibility"": ""NO_CONCLUSION""}, {""value"": 16.5, ""strategy_id"": ""S18"", ""mean_fill"": 0.9964077121649181, ""p_meet"": 0.95, ""mean_cost"": 22680745.549241707, ""mcse_cost"": 8759.398445938436, ""mean_shortage_days"": 11.081516976998905, ""mean_cost_per_unit"": 24.139649196559674, ""capacity_utilization"": 4698018.45, ""feasible"": true, ""n_runs"": 20, ""eligibility"": ""NO_CONCLUSION""}, {""value"": 14.25, ""strategy_id"": ""S18"", ""mean_fill"": 0.9951216898535586, ""p_meet"": 0.85, ""mean_cost"": 22700908.135367922, ""mcse_cost"": 9453.524762005502, ""mean_shortage_days"": 14.461979737130338, ""mean_cost_per_unit"": 24.192117711053157, ""capacity_utilization"": 4691876.9, ""feasible"": false, ""n_runs"": 20, ""eligibility"": ""NO_CONCLUSION""}, {""value"": 15.375, ""strategy_id"": ""S18"", ""mean_fill"": 0.9967531713340373, ""p_meet"": 0.95, ""mean_cost"": 22696254.599135935, ""mcse_cost"": 8956.671784921302, ""mean_shortage_days"": 10.60145125958379, ""mean_cost_per_unit"": 24.147789068808144, ""capacity_utilization"": 4699626.55, ""feasible"": true, ""n_runs"": 20, ""eligibility"": ""NO_CONCLUSION""}, {""value"": 14.8125, ""strategy_id"": ""S18"", ""mean_fill"": 0.9956606361841087, ""p_meet"": 0.95, ""mean_cost"": 22692037.735287674, ""mcse_cost"": 8966.952054130943, ""mean_shortage_days"": 12.051649780941947, ""mean_cost_per_unit"": 24.169856708469947, ""capacity_utilization"": 4694448.45, ""feasible"": true, ""n_runs"": 20, ""eligibility"": ""NO_CONCLUSION""}]",bisection over 5 steps on 20 paired runs,14.25,14.8125
S18,norepinephrine_1mgml_4ml,raw_material_lead_time,product.material_lead_time_days,30.0,90.0,240.0,True,False,210.46875,feasible_below,"[{""value"": 30.0, ""strategy_id"": ""S18"", ""mean_fill"": 0.9967807849578841, ""p_meet"": 0.9, ""mean_cost"": 22637518.638269037, ""mcse_cost"": 9014.60303336327, ""mean_shortage_days"": 9.64131982475356, ""mean_cost_per_unit"": 24.084477226170236, ""capacity_utilization"": 4699740.0, ""feasible"": true, ""n_runs"": 20, ""eligibility"": ""NO_CONCLUSION""}, {""value"": 240.0, ""strategy_id"": ""S18"", ""mean_fill"": 0.9957512353004146, ""p_meet"": 0.85, ""mean_cost"": 22685357.812614314, ""mcse_cost"": 9138.465383144978, ""mean_shortage_days"": 11.83161966046002, ""mean_cost_per_unit"": 24.160038343400007, ""capacity_utilization"": 4694776.8, ""feasible"": false, ""n_runs"": 20, ""eligibility"": ""NO_CONCLUSION""}, {""value"": 135.0, ""strategy_id"": ""S18"", ""mean_fill"": 0.9968869289981077, ""p_meet"": 0.9, ""mean_cost"": 22668256.405998003, ""mcse_cost"": 8569.182761292275, ""mean_shortage_days"": 8.851211664841182, ""mean_cost_per_unit"": 24.115108105075343, ""capacity_utilization"": 4700317.7, ""feasible"": true, ""n_runs"": 20, ""eligibility"": ""NO_CONCLUSION""}, {""value"": 187.5, ""strategy_id"": ""S18"", ""mean_fill"": 0.9973207942415832, ""p_meet"": 0.95, ""mean_cost"": 22686065.25974059, ""mcse_cost"": 9752.24436338066, ""mean_shortage_days"": 8.261130887185104, ""mean_cost_per_unit"": 24.123207087689984, ""capacity_utilization"": 4702343.1, ""feasible"": true, ""n_runs"": 20, ""eligibility"": ""NO_CONCLUSION""}, {""value"": 213.75, ""strategy_id"": ""S18"", ""mean_fill"": 0.9955605057282664, ""p_meet"": 0.85, ""mean_cost"": 22687497.441292617, ""mcse_cost"": 6127.539853919443, ""mean_shortage_days"": 10.691463581599123, ""mean_cost_per_unit"": 24.167024421722356, ""capacity_utilization"": 4693746.6, ""feasible"": false, ""n_runs"": 20, ""eligibility"": ""NO_CONCLUSION""}, {""value"": 200.625, ""strategy_id"": ""S18"", ""mean_fill"": 0.9966105416061956, ""p_meet"": 0.95, ""mean_cost"": 22672698.07268711, ""mcse_cost"": 10638.129279218005, ""mean_shortage_days"": 9.541306133625408, ""mean_cost_per_unit"": 24.126221699396165, ""capacity_utilization"": 4699009.3, ""feasible"": true, ""n_runs"": 20, ""eligibility"": ""NO_CONCLUSION""}, {""value"": 207.1875, ""strategy_id"": ""S18"", ""mean_fill"": 0.9971175601491034, ""p_meet"": 0.95, ""mean_cost"": 22686347.86927056, ""mcse_cost"": 8294.190137697504, ""mean_shortage_days"": 8.711192497261775, ""mean_cost_per_unit"": 24.128382405049187, ""capacity_utilization"": 4701372.95, ""feasible"": true, ""n_runs"": 20, ""eligibility"": ""NO_CONCLUSION""}]",bisection over 5 steps on 20 paired runs,207.1875,213.75
S18,norepinephrine_1mgml_4ml,common_cause_dependence,global.common_cause_events_per_year,0.02,0.1,0.3,True,False,0.190625,feasible_below,"[{""value"": 0.02, ""strategy_id"": ""S18"", ""mean_fill"": 0.9973776413545116, ""p_meet"": 0.95, ""mean_cost"": 22663604.15832015, ""mcse_cost"": 10307.674534778604, ""mean_shortage_days"": 7.781065169769988, ""mean_cost_per_unit"": 24.0965580087664, ""capacity_utilization"": 4702760.55, ""feasible"": true, ""n_runs"": 20, ""eligibility"": ""NO_CONCLUSION""}, {""value"": 0.3, ""strategy_id"": ""S18"", ""mean_fill"": 0.992151928026435, ""p_meet"": 0.8, ""mean_cost"": 22633663.96194757, ""mcse_cost"": 10469.11829549454, ""mean_shortage_days"": 13.901903066812704, ""mean_cost_per_unit"": 24.193595100338523, ""capacity_utilization"": 4677415.85, ""feasible"": false, ""n_runs"": 20, ""eligibility"": ""NO_CONCLUSION""}, {""value"": 0.16, ""strategy_id"": ""S18"", ""mean_fill"": 0.9958236369676392, ""p_meet"": 0.95, ""mean_cost"": 22658353.090451986, ""mcse_cost"": 10310.130125137559, ""mean_shortage_days"": 11.031510131434828, ""mean_cost_per_unit"": 24.129624744583488, ""capacity_utilization"": 4695330.95, ""feasible"": true, ""n_runs"": 20, ""eligibility"": ""NO_CONCLUSION""}, {""value"": 0.22999999999999998, ""strategy_id"": ""S18"", ""mean_fill"": 0.9917832948235386, ""p_meet"": 0.8, ""mean_cost"": 22637266.102800604, ""mcse_cost"": 9390.05025609368, ""mean_shortage_days"": 14.74201807228916, ""mean_cost_per_unit"": 24.20651515427857, ""capacity_utilization"": 4675528.15, ""feasible"": false, ""n_runs"": 20, ""eligibility"": ""NO_CONCLUSION""}, {""value"": 0.195, ""strategy_id"": ""S18"", ""mean_fill"": 0.9935502442489105, ""p_meet"": 0.85, ""mean_cost"": 22653721.95588071, ""mcse_cost"": 9432.892424033475, ""mean_shortage_days"": 13.521851040525737, ""mean_cost_per_unit"": 24.179879553802706, ""capacity_utilization"": 4684164.65, ""feasible"": false, ""n_runs"": 20, ""eligibility"": ""NO_CONCLUSION""}, {""value"": 0.1775, ""strategy_id"": ""S18"", ""mean_fill"": 0.9952589264017698, ""p_meet"": 0.9, ""mean_cost"": 22655846.844405197, ""mcse_cost"": 11256.25574213117, ""mean_shortage_days"": 11.561582694414017, ""mean_cost_per_unit"": 24.141073362348827, ""capacity_utilization"": 4692549.0, ""feasible"": true, ""n_runs"": 20, ""eligibility"": ""NO_CONCLUSION""}, {""value"": 0.18625, ""strategy_id"": ""S18"", ""mean_fill"": 0.9951090944522791, ""p_meet"": 0.9, ""mean_cost"": 22659482.118643142, ""mcse_cost"": 11024.652636242687, ""mean_shortage_days"": 12.041648411829133, ""mean_cost_per_unit"": 24.14849087336447, ""capacity_utilization"": 4691833.5, ""feasible"": true, ""n_runs"": 20, ""eligibility"": ""NO_CONCLUSION""}]",bisection over 5 steps on 20 paired runs,0.18625,0.195
S18,norepinephrine_1mgml_4ml,supplier_concentration,global.supplier_disruptions_per_supplier_year,0.05,0.2,0.6,True,False,0.33359375,feasible_below,"[{""value"": 0.05, ""strategy_id"": ""S18"", ""mean_fill"": 0.9968460244633913, ""p_meet"": 0.9, ""mean_cost"": 22658658.603819467, ""mcse_cost"": 10462.597735994288, ""mean_shortage_days"": 9.38128422782037, ""mean_cost_per_unit"": 24.105483169861174, ""capacity_utilization"": 4700091.8, ""feasible"": true, ""n_runs"": 20, ""eligibility"": ""NO_CONCLUSION""}, {""value"": 0.6, ""strategy_id"": ""S18"", ""mean_fill"": 0.9950201398703127, ""p_meet"": 0.8, ""mean_cost"": 22652427.25506205, ""mcse_cost"": 10649.978381732297, ""mean_shortage_days"": 12.101656626506024, ""mean_cost_per_unit"": 24.143790270985242, ""capacity_utilization"": 4691558.2, ""feasible"": false, ""n_runs"": 20, ""eligibility"": ""NO_CONCLUSION""}, {""value"": 0.325, ""strategy_id"": ""S18"", ""mean_fill"": 0.9963975001514689, ""p_meet"": 0.9, ""mean_cost"": 22652543.594324112, ""mcse_cost"": 7813.938974966612, ""mean_shortage_days"": 10.311411555312157, ""mean_cost_per_unit"": 24.10981548624826, ""capacity_utilization"": 4697936.6, ""feasible"": true, ""n_runs"": 20, ""eligibility"": ""NO_CONCLUSION""}, {""value"": 0.4625, ""strategy_id"": ""S18"", ""mean_fill"": 0.9956580108980393, ""p_meet"": 0.85, ""mean_cost"": 22657244.51853528, ""mcse_cost"": 9090.551336885163, ""mean_shortage_days"": 11.721604600219056, ""mean_cost_per_unit"": 24.132593725190766, ""capacity_utilization"": 4694399.85, ""feasible"": false, ""n_runs"": 20, ""eligibility"": ""NO_CONCLUSION""}, {""value"": 0.39375000000000004, ""strategy_id"": ""S18"", ""mean_fill"": 0.9958548757389284, ""p_meet"": 0.85, ""mean_cost"": 22648982.131021965, ""mcse_cost"": 6720.583438578688, ""mean_shortage_days"": 10.581448521358158, ""mean_cost_per_unit"": 24.11949778476005, ""capacity_utilization"": 4695386.45, ""feasible"": false, ""n_runs"": 20, ""eligibility"": ""NO_CONCLUSION""}, {""value"": 0.359375, ""strategy_id"": ""S18"", ""mean_fill"": 0.9958798068700861, ""p_meet"": 0.85, ""mean_cost"": 22651210.96317623, ""mcse_cost"": 8311.192819779433, ""mean_shortage_days"": 10.791477272727272, ""mean_cost_per_unit"": 24.121000238235162, ""capacity_utilization"": 4695476.55, ""feasible"": false, ""n_runs"": 20, ""eligibility"": ""NO_CONCLUSION""}, {""value"": 0.3421875, ""strategy_id"": ""S18"", ""mean_fill"": 0.9958798068700861, ""p_meet"": 0.85, ""mean_cost"": 22649329.331069965, ""mcse_cost"": 8330.208225202601, ""mean_shortage_days"": 10.77147453450164, ""mean_cost_per_unit"": 24.118977395771477, ""capacity_utilization"": 4695476.55, ""feasible"": false, ""n_runs"": 20, ""eligibility"": ""NO_CONCLUSION""}]",bisection over 5 steps on 20 paired runs,0.325,0.3421875
S18,norepinephrine_1mgml_4ml,commissioning_days,global.node_commissioning_days,365.0,730.0,1095.0,True,True,,feasible_everywhere,"[{""value"": 365.0, ""strategy_id"": ""S18"", ""mean_fill"": 0.9965465566168257, ""p_meet"": 0.9, ""mean_cost"": 22654319.199777555, ""mcse_cost"": 9170.67621604334, ""mean_shortage_days"": 9.851348576122671, ""mean_cost_per_unit"": 24.107968703077027, ""capacity_utilization"": 4698624.55, ""feasible"": true, ""n_runs"": 20, ""eligibility"": ""NO_CONCLUSION""}, {""value"": 1095.0, ""strategy_id"": ""S18"", ""mean_fill"": 0.9965465566168257, ""p_meet"": 0.9, ""mean_cost"": 22654319.199777555, ""mcse_cost"": 9170.67621604334, ""mean_shortage_days"": 9.851348576122671, ""mean_cost_per_unit"": 24.107968703077027, ""capacity_utilization"": 4698624.55, ""feasible"": true, ""n_runs"": 20, ""eligibility"": ""NO_CONCLUSION""}]",feasibility does not change between 365.0 and 1095.0; no threshold inside the recorded range,,
S18,norepinephrine_1mgml_4ml,activation_latency_days,global.reserved_capacity_activation_days,7.0,21.0,60.0,True,True,,feasible_everywhere,"[{""value"": 7.0, ""strategy_id"": ""S18"", ""mean_fill"": 0.9965465566168257, ""p_meet"": 0.9, ""mean_cost"": 22654319.199777555, ""mcse_cost"": 9170.67621604334, ""mean_shortage_days"": 9.851348576122671, ""mean_cost_per_unit"": 24.107968703077027, ""capacity_utilization"": 4698624.55, ""feasible"": true, ""n_runs"": 20, ""eligibility"": ""NO_CONCLUSION""}, {""value"": 60.0, ""strategy_id"": ""S18"", ""mean_fill"": 0.9965465566168257, ""p_meet"": 0.9, ""mean_cost"": 22654319.199777555, ""mcse_cost"": 9170.67621604334, ""mean_shortage_days"": 9.851348576122671, ""mean_cost_per_unit"": 24.107968703077027, ""capacity_utilization"": 4698624.55, ""feasible"": true, ""n_runs"": 20, ""eligibility"": ""NO_CONCLUSION""}]",feasibility does not change between 7.0 and 60.0; no threshold inside the recorded range,,
S18,norepinephrine_1mgml_4ml,node_capital,product.capital_usd_per_site,15000000.0,40000000.0,100000000.0,True,True,,feasible_everywhere,"[{""value"": 15000000.0, ""strategy_id"": ""S18"", ""mean_fill"": 0.9965465566168257, ""p_meet"": 0.9, ""mean_cost"": 14396183.345895922, ""mcse_cost"": 9170.676216043266, ""mean_shortage_days"": 9.851348576122671, ""mean_cost_per_unit"": 15.319784203377527, ""capacity_utilization"": 4698624.55, ""feasible"": true, ""n_runs"": 20, ""eligibility"": ""NO_CONCLUSION""}, {""value"": 100000000.0, ""strategy_id"": ""S18"", ""mean_fill"": 0.9965465566168257, ""p_meet"": 0.9, ""mean_cost"": 42473845.24908968, ""mcse_cost"": 9170.676216043394, ""mean_shortage_days"": 9.851348576122671, ""mean_cost_per_unit"": 45.199611502351786, ""capacity_utilization"": 4698624.55, ""feasible"": true, ""n_runs"": 20, ""eligibility"": ""NO_CONCLUSION""}]",feasibility does not change between 15000000.0 and 100000000.0; no threshold inside the recorded range,,
S18,norepinephrine_1mgml_4ml,batches_per_site_year,product.batches_per_site_year_nominal,30.0,45.0,70.0,False,False,,infeasible_everywhere,"[{""value"": 30.0, ""strategy_id"": ""S18"", ""mean_fill"": 0.9578675462140712, ""p_meet"": 0.0, ""mean_cost"": 22536081.65148903, ""mcse_cost"": 11629.793539186387, ""mean_shortage_days"": 63.4486856516977, ""mean_cost_per_unit"": 24.949529918237822, ""capacity_utilization"": 4517025.95, ""feasible"": false, ""n_runs"": 20, ""eligibility"": ""NO_CONCLUSION""}, {""value"": 70.0, ""strategy_id"": ""S18"", ""mean_fill"": 0.9952582972780754, ""p_meet"": 0.85, ""mean_cost"": 22677796.193072934, ""mcse_cost"": 6960.6948854174225, ""mean_shortage_days"": 10.171392387732748, ""mean_cost_per_unit"": 24.16926441962719, ""capacity_utilization"": 4691533.75, ""feasible"": false, ""n_runs"": 20, ""eligibility"": ""NO_CONCLUSION""}]",feasibility does not change between 30.0 and 70.0; no threshold inside the recorded range,,
S18,norepinephrine_1mgml_4ml,changeover_burden,product.changeover_days,1.0,3.0,10.0,True,False,8.453125,feasible_below,"[{""value"": 1.0, ""strategy_id"": ""S18"", ""mean_fill"": 0.9968601940295011, ""p_meet"": 0.95, ""mean_cost"": 22666416.450301595, ""mcse_cost"": 9380.603965473143, ""mean_shortage_days"": 9.261267798466594, ""mean_cost_per_unit"": 24.114082692068713, ""capacity_utilization"": 4699924.4, ""feasible"": true, ""n_runs"": 20, ""eligibility"": ""NO_CONCLUSION""}, {""value"": 10.0, ""strategy_id"": ""S18"", ""mean_fill"": 0.9794481749846108, ""p_meet"": 0.25, ""mean_cost"": 22588820.090027593, ""mcse_cost"": 10263.784340513292, ""mean_shortage_days"": 45.39621440306681, ""mean_cost_per_unit"": 24.460511890812462, ""capacity_utilization"": 4617745.8, ""feasible"": false, ""n_runs"": 20, ""eligibility"": ""NO_CONCLUSION""}, {""value"": 5.5, ""strategy_id"": ""S18"", ""mean_fill"": 0.9958780661790028, ""p_meet"": 0.95, ""mean_cost"": 22661805.297667183, ""mcse_cost"": 9666.273275975065, ""mean_shortage_days"": 10.471433461117195, ""mean_cost_per_unit"": 24.137659893808536, ""capacity_utilization"": 4694539.75, ""feasible"": true, ""n_runs"": 20, ""eligibility"": ""NO_CONCLUSION""}, {""value"": 7.75, ""strategy_id"": ""S18"", ""mean_fill"": 0.9953128541019657, ""p_meet"": 0.95, ""mean_cost"": 22637685.960740052, ""mcse_cost"": 10744.017856257367, ""mean_shortage_days"": 14.151937294633075, ""mean_cost_per_unit"": 24.117278946901447, ""capacity_utilization"": 4693339.35, ""feasible"": true, ""n_runs"": 20, ""eligibility"": ""NO_CONCLUSION""}, {""value"": 8.875, ""strategy_id"": ""S18"", ""mean_fill"": 0.9905619140969524, ""p_meet"": 0.65, ""mean_cost"": 22622531.53418285, ""mcse_cost"": 10006.665164090056, ""mean_shortage_days"": 24.76338992332968, ""mean_cost_per_unit"": 24.217164535045914, ""capacity_utilization"": 4670996.6, ""feasible"": false, ""n_runs"": 20, ""eligibility"": ""NO_CONCLUSION""}, {""value"": 8.3125, ""strategy_id"": ""S18"", ""mean_fill"": 0.9953128541019657, ""p_meet"": 0.95, ""mean_cost"": 22637685.960740052, ""mcse_cost"": 10744.017856257367, ""mean_shortage_days"": 14.151937294633075, ""mean_cost_per_unit"": 24.117278946901447, ""capacity_utilization"": 4693339.35, ""feasible"": true, ""n_runs"": 20, ""eligibility"": ""NO_CONCLUSION""}, {""value"": 8.59375, ""strategy_id"": ""S18"", ""mean_fill"": 0.9905619140969524, ""p_meet"": 0.65, ""mean_cost"": 22622531.53418285, ""mcse_cost"": 10006.665164090056, ""mean_shortage_days"": 24.76338992332968, ""mean_cost_per_unit"": 24.217164535045914, ""capacity_utilization"": 4670996.6, ""feasible"": false, ""n_runs"": 20, ""eligibility"": ""NO_CONCLUSION""}]",bisection over 5 steps on 20 paired runs,8.3125,8.59375
S19,norepinephrine_1mgml_4ml,capacity_utilization,product.annual_demand_units,500000.0,900000.0,1800000.0,True,False,885937.5,feasible_below,"[{""value"": 500000.0, ""strategy_id"": ""S19"", ""mean_fill"": 1.0, ""p_meet"": 1.0, ""mean_cost"": 14840586.557685897, ""mcse_cost"": 8326.405587920804, ""mean_shortage_days"": 0.0, ""mean_cost_per_unit"": 28.336876304208715, ""capacity_utilization"": 2618716.6, ""feasible"": true, ""n_runs"": 20, ""eligibility"": ""NO_CONCLUSION""}, {""value"": 1800000.0, ""strategy_id"": ""S19"", ""mean_fill"": 0.6375583651005918, ""p_meet"": 0.0, ""mean_cost"": 16384245.8735574, ""mcse_cost"": 28084.34678491185, ""mean_shortage_days"": 240.04286007667034, ""mean_cost_per_unit"": 13.718478003823199, ""capacity_utilization"": 5981012.35, ""feasible"": false, ""n_runs"": 20, ""eligibility"": ""NO_CONCLUSION""}, {""value"": 1150000.0, ""strategy_id"": ""S19"", ""mean_fill"": 0.9631851401421487, ""p_meet"": 0.3, ""mean_cost"": 16192383.75374194, ""mcse_cost"": 26968.344957203255, ""mean_shortage_days"": 38.3352478094195, ""mean_cost_per_unit"": 13.981454150258475, ""capacity_utilization"": 5798888.95, ""feasible"": false, ""n_runs"": 20, ""eligibility"": ""NO_CONCLUSION""}, {""value"": 825000.0, ""strategy_id"": ""S19"", ""mean_fill"": 0.9969137251717533, ""p_meet"": 0.95, ""mean_cost"": 15615614.628650984, ""mcse_cost"": 12881.188991464283, ""mean_shortage_days"": 2.8003833515881706, ""mean_cost_per_unit"": 18.127632732582445, ""capacity_utilization"": 4307433.2, ""feasible"": true, ""n_runs"": 20, ""eligibility"": ""NO_CONCLUSION""}, {""value"": 987500.0, ""strategy_id"": ""S19"", ""mean_fill"": 0.9929869181746105, ""p_meet"": 0.8, ""mean_cost"": 15994704.874091094, ""mcse_cost"": 20325.537603814282, ""mean_shortage_days"": 7.15097891566265, ""mean_cost_per_unit"": 15.575868654266623, ""capacity_utilization"": 5135610.4, ""feasible"": false, ""n_runs"": 20, ""eligibility"": ""NO_CONCLUSION""}, {""value"": 906250.0, ""strategy_id"": ""S19"", ""mean_fill"": 0.99583092654041, ""p_meet"": 0.85, ""mean_cost"": 15812544.18689178, ""mcse_cost"": 16272.092787111036, ""mean_shortage_days"": 3.8105216319824757, ""mean_cost_per_unit"": 16.72872940933421, ""capacity_utilization"": 4726516.15, ""feasible"": false, ""n_runs"": 20, ""eligibility"": ""NO_CONCLUSION""}, {""value"": 865625.0, ""strategy_id"": ""S19"", ""mean_fill"": 0.9972095158392775, ""p_meet"": 0.9, ""mean_cost"": 15734270.283974256, ""mcse_cost"": 13861.015693191266, ""mean_shortage_days"": 2.090286144578313, ""mean_cost_per_unit"": 17.402580403726184, ""capacity_utilization"": 4520944.75, ""feasible"": true, ""n_runs"": 20, ""eligibility"": ""NO_CONCLUSION""}]",bisection over 5 steps on 20 paired runs,865625.0,906250.0
S19,norepinephrine_1mgml_4ml,fixed_qa_labor_per_node,product.fixed_qa_labor_usd_per_site_year,1500000.0,3000000.0,6000000.0,True,True,,feasible_everywhere,"[{""value"": 1500000.0, ""strategy_id"": ""S19"", ""mean_fill"": 0.9969143324560565, ""p_meet"": 0.9, ""mean_cost"": 13778079.114450118, ""mcse_cost"": 14374.255450061866, ""mean_shortage_days"": 2.5303463855421686, ""mean_cost_per_unit"": 14.661601697787024, ""capacity_utilization"": 4699040.7, ""feasible"": true, ""n_runs"": 20, ""eligibility"": ""NO_CONCLUSION""}, {""value"": 6000000.0, ""strategy_id"": ""S19"", ""mean_fill"": 0.9969143324560565, ""p_meet"": 0.9, ""mean_cost"": 19860931.890847363, ""mcse_cost"": 14374.255450061872, ""mean_shortage_days"": 2.5303463855421686, ""mean_cost_per_unit"": 21.134804722235373, ""capacity_utilization"": 4699040.7, ""feasible"": true, ""n_runs"": 20, ""eligibility"": ""NO_CONCLUSION""}]",feasibility does not change between 1500000.0 and 6000000.0; no threshold inside the recorded range,,
S19,norepinephrine_1mgml_4ml,release_time,global.sterility_incubation_days,14.0,14.0,18.0,True,False,16.3125,feasible_below,"[{""value"": 14.0, ""strategy_id"": ""S19"", ""mean_fill"": 0.9969143324560565, ""p_meet"": 0.9, ""mean_cost"": 15805696.706582371, ""mcse_cost"": 14374.255450061866, ""mean_shortage_days"": 2.5303463855421686, ""mean_cost_per_unit"": 16.819336039269636, ""capacity_utilization"": 4699040.7, ""feasible"": true, ""n_runs"": 20, ""eligibility"": ""NO_CONCLUSION""}, {""value"": 18.0, ""strategy_id"": ""S19"", ""mean_fill"": 0.9936991876102343, ""p_meet"": 0.8, ""mean_cost"": 15731954.14259095, ""mcse_cost"": 15379.026644667645, ""mean_shortage_days"": 6.580900876232201, ""mean_cost_per_unit"": 16.79646842422627, ""capacity_utilization"": 4683665.15, ""feasible"": false, ""n_runs"": 20, ""eligibility"": ""NO_CONCLUSION""}, {""value"": 16.0, ""strategy_id"": ""S19"", ""mean_fill"": 0.9949911208469773, ""p_meet"": 0.9, ""mean_cost"": 15771996.032455618, ""mcse_cost"": 16769.385136388322, ""mean_shortage_days"": 4.340594194961666, ""mean_cost_per_unit"": 16.81707508045873, ""capacity_utilization"": 4690006.35, ""feasible"": true, ""n_runs"": 20, ""eligibility"": ""NO_CONCLUSION""}, {""value"": 17.0, ""strategy_id"": ""S19"", ""mean_fill"": 0.993850022587862, ""p_meet"": 0.8, ""mean_cost"": 15752086.341608668, ""mcse_cost"": 16917.695830712677, ""mean_shortage_days"": 5.400739320920044, ""mean_cost_per_unit"": 16.815798429151926, ""capacity_utilization"": 4684272.75, ""feasible"": false, ""n_runs"": 20, ""eligibility"": ""NO_CONCLUSION""}, {""value"": 16.5, ""strategy_id"": ""S19"", ""mean_fill"": 0.9953500624090028, ""p_meet"": 0.85, ""mean_cost"": 15763179.719858557, ""mcse_cost"": 15863.734051463436, ""mean_shortage_days"": 4.010549014238774, ""mean_cost_per_unit"": 16.800525708572287, ""capacity_utilization"": 4691575.4, ""feasible"": false, ""n_runs"": 20, ""eligibility"": ""NO_CONCLUSION""}, {""value"": 16.25, ""strategy_id"": ""S19"", ""mean_fill"": 0.9950072419214283, ""p_meet"": 0.9, ""mean_cost"": 15765941.302503696, ""mcse_cost"": 17120.874206340133, ""mean_shortage_days"": 3.9805449069003283, ""mean_cost_per_unit"": 16.810289109688817, ""capacity_utilization"": 4690077.0, ""feasible"": true, ""n_runs"": 20, ""eligibility"": ""NO_CONCLUSION""}, {""value"": 16.375, ""strategy_id"": ""S19"", ""mean_fill"": 0.9947688702167632, ""p_meet"": 0.85, ""mean_cost"": 15764046.223224446, ""mcse_cost"": 16783.41948644998, ""mean_shortage_days"": 4.2705846111719605, ""mean_cost_per_unit"": 16.811733019113884, ""capacity_utilization"": 4688870.15, ""feasible"": false, ""n_runs"": 20, ""eligibility"": ""NO_CONCLUSION""}]",bisection over 5 steps on 20 paired runs,16.25,16.375
S19,norepinephrine_1mgml_4ml,shelf_life,product.shelf_life_months,12.0,24.0,30.0,True,True,,feasible_everywhere,"[{""value"": 12.0, ""strategy_id"": ""S19"", ""mean_fill"": 0.9969143324560565, ""p_meet"": 0.9, ""mean_cost"": 15808716.61057786, ""mcse_cost"": 14364.435665314786, ""mean_shortage_days"": 2.5303463855421686, ""mean_cost_per_unit"": 16.82257693113838, ""capacity_utilization"": 4699040.7, ""feasible"": true, ""n_runs"": 20, ""eligibility"": ""NO_CONCLUSION""}, {""value"": 30.0, ""strategy_id"": ""S19"", ""mean_fill"": 0.9969143324560565, ""p_meet"": 0.9, ""mean_cost"": 15805636.340088436, ""mcse_cost"": 14391.20492110945, ""mean_shortage_days"": 2.5303463855421686, ""mean_cost_per_unit"": 16.819271432124694, ""capacity_utilization"": 4699040.7, ""feasible"": true, ""n_runs"": 20, ""eligibility"": ""NO_CONCLUSION""}]",feasibility does not change between 12.0 and 30.0; no threshold inside the recorded range,,
S19,norepinephrine_1mgml_4ml,raw_material_lead_time,product.material_lead_time_days,30.0,90.0,240.0,True,False,157.96875,feasible_below,"[{""value"": 30.0, ""strategy_id"": ""S19"", ""mean_fill"": 0.9974061037057351, ""p_meet"": 0.95, ""mean_cost"": 15806826.779827196, ""mcse_cost"": 15433.127819630854, ""mean_shortage_days"": 1.7502395947426066, ""mean_cost_per_unit"": 16.81167211583291, ""capacity_utilization"": 4701336.6, ""feasible"": true, ""n_runs"": 20, ""eligibility"": ""NO_CONCLUSION""}, {""value"": 240.0, ""strategy_id"": ""S19"", ""mean_fill"": 0.9957697925929427, ""p_meet"": 0.85, ""mean_cost"": 15815956.605460811, ""mcse_cost"": 15992.401721049408, ""mean_shortage_days"": 3.86052847754655, ""mean_cost_per_unit"": 16.849941767198562, ""capacity_utilization"": 4693456.0, ""feasible"": false, ""n_runs"": 20, ""eligibility"": ""NO_CONCLUSION""}, {""value"": 135.0, ""strategy_id"": ""S19"", ""mean_fill"": 0.9967625554270878, ""p_meet"": 0.9, ""mean_cost"": 15802983.152889913, ""mcse_cost"": 16199.686837466386, ""mean_shortage_days"": 3.1104257940854323, ""mean_cost_per_unit"": 16.819171031321364, ""capacity_utilization"": 4698301.95, ""feasible"": true, ""n_runs"": 20, ""eligibility"": ""NO_CONCLUSION""}, {""value"": 187.5, ""strategy_id"": ""S19"", ""mean_fill"": 0.9956671987852648, ""p_meet"": 0.85, ""mean_cost"": 15805931.676678598, ""mcse_cost"": 16291.47152172428, ""mean_shortage_days"": 4.330592825848849, ""mean_cost_per_unit"": 16.840554044078832, ""capacity_utilization"": 4693084.8, ""feasible"": false, ""n_runs"": 20, ""eligibility"": ""NO_CONCLUSION""}, {""value"": 161.25, ""strategy_id"": ""S19"", ""mean_fill"": 0.9949780611708249, ""p_meet"": 0.85, ""mean_cost"": 15801321.650774023, ""mcse_cost"": 15730.620481826774, ""mean_shortage_days"": 4.370598302300109, ""mean_cost_per_unit"": 16.84792351746777, ""capacity_utilization"": 4689726.05, ""feasible"": false, ""n_runs"": 20, ""eligibility"": ""NO_CONCLUSION""}, {""value"": 148.125, ""strategy_id"": ""S19"", ""mean_fill"": 0.996307573768404, ""p_meet"": 0.9, ""mean_cost"": 15803339.283309167, ""mcse_cost"": 18162.353672332054, ""mean_shortage_days"": 3.6504997261774363, ""mean_cost_per_unit"": 16.827383594379448, ""capacity_utilization"": 4696166.25, ""feasible"": true, ""n_runs"": 20, ""eligibility"": ""NO_CONCLUSION""}, {""value"": 154.6875, ""strategy_id"": ""S19"", ""mean_fill"": 0.9964628843589984, ""p_meet"": 0.9, ""mean_cost"": 15807577.267920459, ""mcse_cost"": 15981.479669410408, ""mean_shortage_days"": 2.6603641840087624, ""mean_cost_per_unit"": 16.829214776759876, ""capacity_utilization"": 4696841.3, ""feasible"": true, ""n_runs"": 20, ""eligibility"": ""NO_CONCLUSION""}]",bisection over 5 steps on 20 paired runs,154.6875,161.25
S19,norepinephrine_1mgml_4ml,common_cause_dependence,global.common_cause_events_per_year,0.02,0.1,0.3,True,False,0.111875,feasible_below,"[{""value"": 0.02, ""strategy_id"": ""S19"", ""mean_fill"": 0.9999833779029196, ""p_meet"": 1.0, ""mean_cost"": 15864797.663354427, ""mcse_cost"": 6072.284789535996, ""mean_shortage_days"": 0.2100287513691128, ""mean_cost_per_unit"": 16.829412559225485, ""capacity_utilization"": 4713607.65, ""feasible"": true, ""n_runs"": 20, ""eligibility"": ""NO_CONCLUSION""}, {""value"": 0.3, ""strategy_id"": ""S19"", ""mean_fill"": 0.9741389357643948, ""p_meet"": 0.55, ""mean_cost"": 15671117.808867058, ""mcse_cost"": 25176.207955169364, ""mean_shortage_days"": 18.74256571741511, ""mean_cost_per_unit"": 17.099277593068653, ""capacity_utilization"": 4587998.45, ""feasible"": false, ""n_runs"": 20, ""eligibility"": ""NO_CONCLUSION""}, {""value"": 0.16, ""strategy_id"": ""S19"", ""mean_fill"": 0.9896373452989655, ""p_meet"": 0.75, ""mean_cost"": 15756885.688465487, ""mcse_cost"": 20755.2617898457, ""mean_shortage_days"": 8.331140470974809, ""mean_cost_per_unit"": 16.899204142145702, ""capacity_utilization"": 4663807.85, ""feasible"": false, ""n_runs"": 20, ""eligibility"": ""NO_CONCLUSION""}, {""value"": 0.09, ""strategy_id"": ""S19"", ""mean_fill"": 0.9979127757481038, ""p_meet"": 0.95, ""mean_cost"": 15813034.143944249, ""mcse_cost"": 12552.313278214433, ""mean_shortage_days"": 1.6502259036144575, ""mean_cost_per_unit"": 16.809921317810446, ""capacity_utilization"": 4703719.8, ""feasible"": true, ""n_runs"": 20, ""eligibility"": ""NO_CONCLUSION""}, {""value"": 0.125, ""strategy_id"": ""S19"", ""mean_fill"": 0.9959379874369322, ""p_meet"": 0.85, ""mean_cost"": 15793931.558781613, ""mcse_cost"": 17358.26191311066, ""mean_shortage_days"": 3.3404572836801747, ""mean_cost_per_unit"": 16.824027523451846, ""capacity_utilization"": 4694323.7, ""feasible"": false, ""n_runs"": 20, ""eligibility"": ""NO_CONCLUSION""}, {""value"": 0.1075, ""strategy_id"": ""S19"", ""mean_fill"": 0.9953930839847404, ""p_meet"": 0.9, ""mean_cost"": 15795220.687272768, ""mcse_cost"": 17222.880096148572, ""mean_shortage_days"": 2.8903956736035044, ""mean_cost_per_unit"": 16.836249066307126, ""capacity_utilization"": 4691515.05, ""feasible"": true, ""n_runs"": 20, ""eligibility"": ""NO_CONCLUSION""}, {""value"": 0.11624999999999999, ""strategy_id"": ""S19"", ""mean_fill"": 0.9959379874369322, ""p_meet"": 0.85, ""mean_cost"": 15795116.933659311, ""mcse_cost"": 17547.89503025345, ""mean_shortage_days"": 3.3404572836801747, ""mean_cost_per_unit"": 16.825311865916436, ""capacity_utilization"": 4694323.7, ""feasible"": false, ""n_runs"": 20, ""eligibility"": ""NO_CONCLUSION""}]",bisection over 5 steps on 20 paired runs,0.1075,0.11624999999999999
S19,norepinephrine_1mgml_4ml,supplier_concentration,global.supplier_disruptions_per_supplier_year,0.05,0.2,0.6,True,False,0.26484375,feasible_below,"[{""value"": 0.05, ""strategy_id"": ""S19"", ""mean_fill"": 0.9983701613494299, ""p_meet"": 0.95, ""mean_cost"": 15837090.900426352, ""mcse_cost"": 13762.646113395866, ""mean_shortage_days"": 1.2301684008762321, ""mean_cost_per_unit"": 16.827163196803955, ""capacity_utilization"": 4705906.35, ""feasible"": true, ""n_runs"": 20, ""eligibility"": ""NO_CONCLUSION""}, {""value"": 0.6, ""strategy_id"": ""S19"", ""mean_fill"": 0.9772711680696375, ""p_meet"": 0.45, ""mean_cost"": 15668337.002865175, ""mcse_cost"": 19732.84647111327, ""mean_shortage_days"": 16.982324753559688, ""mean_cost_per_unit"": 17.019419565153637, ""capacity_utilization"": 4605056.45, ""feasible"": false, ""n_runs"": 20, ""eligibility"": ""NO_CONCLUSION""}, {""value"": 0.325, ""strategy_id"": ""S19"", ""mean_fill"": 0.9908993613620923, ""p_meet"": 0.75, ""mean_cost"": 15757776.475633409, ""mcse_cost"": 18122.425958898733, ""mean_shortage_days"": 7.54103231106243, ""mean_cost_per_unit"": 16.874462579621284, ""capacity_utilization"": 4670764.7, ""feasible"": false, ""n_runs"": 20, ""eligibility"": ""NO_CONCLUSION""}, {""value"": 0.1875, ""strategy_id"": ""S19"", ""mean_fill"": 0.9969309545531371, ""p_meet"": 0.9, ""mean_cost"": 15807291.692714121, ""mcse_cost"": 14694.908523817858, ""mean_shortage_days"": 2.3203176341730556, ""mean_cost_per_unit"": 16.820708650233716, ""capacity_utilization"": 4699122.45, ""feasible"": true, ""n_runs"": 20, ""eligibility"": ""NO_CONCLUSION""}, {""value"": 0.25625, ""strategy_id"": ""S19"", ""mean_fill"": 0.9952505325340665, ""p_meet"": 0.9, ""mean_cost"": 15783420.550024102, ""mcse_cost"": 15980.742881675314, ""mean_shortage_days"": 3.630496987951807, ""mean_cost_per_unit"": 16.825105730975455, ""capacity_utilization"": 4691274.75, ""feasible"": true, ""n_runs"": 20, ""eligibility"": ""NO_CONCLUSION""}, {""value"": 0.290625, ""strategy_id"": ""S19"", ""mean_fill"": 0.9943157230352421, ""p_meet"": 0.85, ""mean_cost"": 15776867.72521374, ""mcse_cost"": 15818.587977184421, ""mean_shortage_days"": 4.29058734939759, ""mean_cost_per_unit"": 16.834422616349972, ""capacity_utilization"": 4686927.45, ""feasible"": false, ""n_runs"": 20, ""eligibility"": ""NO_CONCLUSION""}, {""value"": 0.2734375, ""strategy_id"": ""S19"", ""mean_fill"": 0.9935444323187083, ""p_meet"": 0.85, ""mean_cost"": 15774795.465240289, ""mcse_cost"": 17791.05488081306, ""mean_shortage_days"": 5.020687294633078, ""mean_cost_per_unit"": 16.845095590046256, ""capacity_utilization"": 4683118.85, ""feasible"": false, ""n_runs"": 20, ""eligibility"": ""NO_CONCLUSION""}]",bisection over 5 steps on 20 paired runs,0.25625,0.2734375
S19,norepinephrine_1mgml_4ml,commissioning_days,global.node_commissioning_days,365.0,730.0,1095.0,True,True,,feasible_everywhere,"[{""value"": 365.0, ""strategy_id"": ""S19"", ""mean_fill"": 0.9969143324560565, ""p_meet"": 0.9, ""mean_cost"": 15805696.706582371, ""mcse_cost"": 14374.255450061866, ""mean_shortage_days"": 2.5303463855421686, ""mean_cost_per_unit"": 16.819336039269636, ""capacity_utilization"": 4699040.7, ""feasible"": true, ""n_runs"": 20, ""eligibility"": ""NO_CONCLUSION""}, {""value"": 1095.0, ""strategy_id"": ""S19"", ""mean_fill"": 0.9969143324560565, ""p_meet"": 0.9, ""mean_cost"": 15805696.706582371, ""mcse_cost"": 14374.255450061866, ""mean_shortage_days"": 2.5303463855421686, ""mean_cost_per_unit"": 16.819336039269636, ""capacity_utilization"": 4699040.7, ""feasible"": true, ""n_runs"": 20, ""eligibility"": ""NO_CONCLUSION""}]",feasibility does not change between 365.0 and 1095.0; no threshold inside the recorded range,,
S19,norepinephrine_1mgml_4ml,activation_latency_days,global.reserved_capacity_activation_days,7.0,21.0,60.0,True,True,,feasible_everywhere,"[{""value"": 7.0, ""strategy_id"": ""S19"", ""mean_fill"": 0.9969143324560565, ""p_meet"": 0.9, ""mean_cost"": 15805696.706582371, ""mcse_cost"": 14374.255450061866, ""mean_shortage_days"": 2.5303463855421686, ""mean_cost_per_unit"": 16.819336039269636, ""capacity_utilization"": 4699040.7, ""feasible"": true, ""n_runs"": 20, ""eligibility"": ""NO_CONCLUSION""}, {""value"": 60.0, ""strategy_id"": ""S19"", ""mean_fill"": 0.9969143324560565, ""p_meet"": 0.9, ""mean_cost"": 15805696.706582371, ""mcse_cost"": 14374.255450061866, ""mean_shortage_days"": 2.5303463855421686, ""mean_cost_per_unit"": 16.819336039269636, ""capacity_utilization"": 4699040.7, ""feasible"": true, ""n_runs"": 20, ""eligibility"": ""NO_CONCLUSION""}]",feasibility does not change between 7.0 and 60.0; no threshold inside the recorded range,,
S19,norepinephrine_1mgml_4ml,node_capital,product.capital_usd_per_site,15000000.0,40000000.0,100000000.0,True,True,,feasible_everywhere,"[{""value"": 15000000.0, ""strategy_id"": ""S19"", ""mean_fill"": 0.9969143324560565, ""p_meet"": 0.9, ""mean_cost"": 10359345.430218618, ""mcse_cost"": 14374.255450061864, ""mean_shortage_days"": 2.5303463855421686, ""mean_cost_per_unit"": 11.023480237668766, ""capacity_utilization"": 4699040.7, ""feasible"": true, ""n_runs"": 20, ""eligibility"": ""NO_CONCLUSION""}, {""value"": 100000000.0, ""strategy_id"": ""S19"", ""mean_fill"": 0.9969143324560565, ""p_meet"": 0.9, ""mean_cost"": 28876939.769854747, ""mcse_cost"": 14374.25545006196, ""mean_shortage_days"": 2.5303463855421686, ""mean_cost_per_unit"": 30.72938996311105, ""capacity_utilization"": 4699040.7, ""feasible"": true, ""n_runs"": 20, ""eligibility"": ""NO_CONCLUSION""}]",feasibility does not change between 15000000.0 and 100000000.0; no threshold inside the recorded range,,
S19,norepinephrine_1mgml_4ml,batches_per_site_year,product.batches_per_site_year_nominal,30.0,45.0,70.0,False,True,43.125,feasible_above,"[{""value"": 30.0, ""strategy_id"": ""S19"", ""mean_fill"": 0.8634614634729509, ""p_meet"": 0.0, ""mean_cost"": 15360713.385248944, ""mcse_cost"": 15924.749783894718, ""mean_shortage_days"": 141.83941675794085, ""mean_cost_per_unit"": 18.93658554489246, ""capacity_utilization"": 4062423.95, ""feasible"": false, ""n_runs"": 20, ""eligibility"": ""NO_CONCLUSION""}, {""value"": 70.0, ""strategy_id"": ""S19"", ""mean_fill"": 1.0, ""p_meet"": 1.0, ""mean_cost"": 15861289.384429604, ""mcse_cost"": 7415.001980178626, ""mean_shortage_days"": 0.0, ""mean_cost_per_unit"": 16.825352665694503, ""capacity_utilization"": 4713689.4, ""feasible"": true, ""n_runs"": 20, ""eligibility"": ""NO_CONCLUSION""}, {""value"": 50.0, ""strategy_id"": ""S19"", ""mean_fill"": 0.9980021402043642, ""p_meet"": 0.95, ""mean_cost"": 15823519.438216839, ""mcse_cost"": 13207.165170281849, ""mean_shortage_days"": 1.4201944140197151, ""mean_cost_per_unit"": 16.81926399320951, ""capacity_utilization"": 4704187.1, ""feasible"": true, ""n_runs"": 20, ""eligibility"": ""NO_CONCLUSION""}, {""value"": 40.0, ""strategy_id"": ""S19"", ""mean_fill"": 0.9938016820280262, ""p_meet"": 0.85, ""mean_cost"": 15772064.271075657, ""mcse_cost"": 17746.888763285315, ""mean_shortage_days"": 6.440881708652792, ""mean_cost_per_unit"": 16.837805485877716, ""capacity_utilization"": 4684405.95, ""feasible"": false, ""n_runs"": 20, ""eligibility"": ""NO_CONCLUSION""}, {""value"": 45.0, ""strategy_id"": ""S19"", ""mean_fill"": 0.9969143324560565, ""p_meet"": 0.9, ""mean_cost"": 15805696.706582371, ""mcse_cost"": 14374.255450061866, ""mean_shortage_days"": 2.5303463855421686, ""mean_cost_per_unit"": 16.819336039269636, ""capacity_utilization"": 4699040.7, ""feasible"": true, ""n_runs"": 20, ""eligibility"": ""NO_CONCLUSION""}, {""value"": 42.5, ""strategy_id"": ""S19"", ""mean_fill"": 0.9952810729885124, ""p_meet"": 0.85, ""mean_cost"": 15775582.013553519, ""mcse_cost"": 16628.206320957117, ""mean_shortage_days"": 4.420605147864184, ""mean_cost_per_unit"": 16.815257741789413, ""capacity_utilization"": 4691413.75, ""feasible"": false, ""n_runs"": 20, ""eligibility"": ""NO_CONCLUSION""}, {""value"": 43.75, ""strategy_id"": ""S19"", ""mean_fill"": 0.9962827267285309, ""p_meet"": 0.9, ""mean_cost"": 15801720.717646176, ""mcse_cost"": 15318.939282904139, ""mean_shortage_days"": 3.6504997261774372, ""mean_cost_per_unit"": 16.825877329283166, ""capacity_utilization"": 4696070.15, ""feasible"": true, ""n_runs"": 20, ""eligibility"": ""NO_CONCLUSION""}]",bisection over 5 steps on 20 paired runs,42.5,43.75
S19,norepinephrine_1mgml_4ml,changeover_burden,product.changeover_days,1.0,3.0,10.0,True,False,5.640625,feasible_below,"[{""value"": 1.0, ""strategy_id"": ""S19"", ""mean_fill"": 0.9975022781354455, ""p_meet"": 0.95, ""mean_cost"": 15815023.621088034, ""mcse_cost"": 15153.241756108704, ""mean_shortage_days"": 2.010275191675794, ""mean_cost_per_unit"": 16.81897857207557, ""capacity_utilization"": 4701815.75, ""feasible"": true, ""n_runs"": 20, ""eligibility"": ""NO_CONCLUSION""}, {""value"": 10.0, ""strategy_id"": ""S19"", ""mean_fill"": 0.9214930602638214, ""p_meet"": 0.0, ""mean_cost"": 15485428.477062797, ""mcse_cost"": 14328.762716141187, ""mean_shortage_days"": 91.2424904162103, ""mean_cost_per_unit"": 17.866765792048817, ""capacity_utilization"": 4337635.3, ""feasible"": false, ""n_runs"": 20, ""eligibility"": ""NO_CONCLUSION""}, {""value"": 5.5, ""strategy_id"": ""S19"", ""mean_fill"": 0.9958034143544452, ""p_meet"": 0.9, ""mean_cost"": 15778514.787622284, ""mcse_cost"": 15501.41264972719, ""mean_shortage_days"": 3.6104942497261776, ""mean_cost_per_unit"": 16.8096709826529, ""capacity_utilization"": 4693787.35, ""feasible"": true, ""n_runs"": 20, ""eligibility"": ""NO_CONCLUSION""}, {""value"": 7.75, ""strategy_id"": ""S19"", ""mean_fill"": 0.9835246925117394, ""p_meet"": 0.7, ""mean_cost"": 15644676.874001492, ""mcse_cost"": 14253.216450511383, ""mean_shortage_days"": 17.21235624315444, ""mean_cost_per_unit"": 16.890287528889495, ""capacity_utilization"": 4633701.0, ""feasible"": false, ""n_runs"": 20, ""eligibility"": ""NO_CONCLUSION""}, {""value"": 6.625, ""strategy_id"": ""S19"", ""mean_fill"": 0.9913879754582755, ""p_meet"": 0.75, ""mean_cost"": 15716753.484488938, ""mcse_cost"": 15755.746528644897, ""mean_shortage_days"": 7.711055585980285, ""mean_cost_per_unit"": 16.822018570960147, ""capacity_utilization"": 4672193.55, ""feasible"": false, ""n_runs"": 20, ""eligibility"": ""NO_CONCLUSION""}, {""value"": 6.0625, ""strategy_id"": ""S19"", ""mean_fill"": 0.9945970088462677, ""p_meet"": 0.85, ""mean_cost"": 15760245.913121909, ""mcse_cost"": 15934.637408263947, ""mean_shortage_days"": 4.810658543263965, ""mean_cost_per_unit"": 16.81079324500991, ""capacity_utilization"": 4688044.1, ""feasible"": false, ""n_runs"": 20, ""eligibility"": ""NO_CONCLUSION""}, {""value"": 5.78125, ""strategy_id"": ""S19"", ""mean_fill"": 0.9945970088462677, ""p_meet"": 0.85, ""mean_cost"": 15760245.913121909, ""mcse_cost"": 15934.637408263947, ""mean_shortage_days"": 4.810658543263965, ""mean_cost_per_unit"": 16.81079324500991, ""capacity_utilization"": 4688044.1, ""feasible"": false, ""n_runs"": 20, ""eligibility"": ""NO_CONCLUSION""}]",bisection over 5 steps on 20 paired runs,5.5,5.78125
S0,sodium_bicarbonate_8_4_50ml,capacity_utilization,product.annual_demand_units,600000.0,1200000.0,2400000.0,False,False,,infeasible_everywhere,"[{""value"": 600000.0, ""strategy_id"": ""S0"", ""mean_fill"": 0.9731886741390564, ""p_meet"": 0.15, ""mean_cost"": 12136773.84944505, ""mcse_cost"": 8834.029080791764, ""mean_shortage_days"": 47.446495071193866, ""mean_cost_per_unit"": 19.854972429466386, ""capacity_utilization"": 3056983.8, ""feasible"": false, ""n_runs"": 20, ""eligibility"": ""NO_CONCLUSION""}, {""value"": 2400000.0, ""strategy_id"": ""S0"", ""mean_fill"": 0.3669141500223786, ""p_meet"": 0.0, ""mean_cost"": 12994650.161910363, ""mcse_cost"": 23192.18059497857, ""mean_shortage_days"": 321.58402245345013, ""mean_cost_per_unit"": 14.230552111791354, ""capacity_utilization"": 4573652.5, ""feasible"": false, ""n_runs"": 20, ""eligibility"": ""NO_CONCLUSION""}]",feasibility does not change between 600000.0 and 2400000.0; no threshold inside the recorded range,,
S0,sodium_bicarbonate_8_4_50ml,fixed_qa_labor_per_node,product.fixed_qa_labor_usd_per_site_year,1500000.0,3000000.0,6000000.0,False,False,,infeasible_everywhere,"[{""value"": 1500000.0, ""strategy_id"": ""S0"", ""mean_fill"": 0.7273189626859247, ""p_meet"": 0.0, ""mean_cost"": 11368610.002364168, ""mcse_cost"": 23680.17170211903, ""mean_shortage_days"": 268.56676478641845, ""mean_cost_per_unit"": 12.489976288395365, ""capacity_utilization"": 4559746.75, ""feasible"": false, ""n_runs"": 20, ""eligibility"": ""NO_CONCLUSION""}, {""value"": 6000000.0, ""strategy_id"": ""S0"", ""mean_fill"": 0.7273189626859247, ""p_meet"": 0.0, ""mean_cost"": 16047727.522669801, ""mcse_cost"": 23680.171702119, ""mean_shortage_days"": 268.56676478641845, ""mean_cost_per_unit"": 17.63276154266132, ""capacity_utilization"": 4559746.75, ""feasible"": false, ""n_runs"": 20, ""eligibility"": ""NO_CONCLUSION""}]",feasibility does not change between 1500000.0 and 6000000.0; no threshold inside the recorded range,,
S0,sodium_bicarbonate_8_4_50ml,release_time,global.sterility_incubation_days,14.0,14.0,18.0,False,False,,infeasible_everywhere,"[{""value"": 14.0, ""strategy_id"": ""S0"", ""mean_fill"": 0.7273189626859247, ""p_meet"": 0.0, ""mean_cost"": 12928315.842466047, ""mcse_cost"": 23680.171702119, ""mean_shortage_days"": 268.56676478641845, ""mean_cost_per_unit"": 14.204238039817351, ""capacity_utilization"": 4559746.75, ""feasible"": false, ""n_runs"": 20, ""eligibility"": ""NO_CONCLUSION""}, {""value"": 18.0, ""strategy_id"": ""S0"", ""mean_fill"": 0.7271545469082366, ""p_meet"": 0.0, ""mean_cost"": 12925277.87460434, ""mcse_cost"": 23709.26089927016, ""mean_shortage_days"": 271.0271015881709, ""mean_cost_per_unit"": 14.197697236748562, ""capacity_utilization"": 4560744.55, ""feasible"": false, ""n_runs"": 20, ""eligibility"": ""NO_CONCLUSION""}]",feasibility does not change between 14.0 and 18.0; no threshold inside the recorded range,,
S0,sodium_bicarbonate_8_4_50ml,shelf_life,product.shelf_life_months,12.0,24.0,36.0,False,False,,infeasible_everywhere,"[{""value"": 12.0, ""strategy_id"": ""S0"", ""mean_fill"": 0.7273189626859247, ""p_meet"": 0.0, ""mean_cost"": 12928315.842466047, ""mcse_cost"": 23680.171702119, ""mean_shortage_days"": 268.56676478641845, ""mean_cost_per_unit"": 14.204238039817351, ""capacity_utilization"": 4559746.75, ""feasible"": false, ""n_runs"": 20, ""eligibility"": ""NO_CONCLUSION""}, {""value"": 36.0, ""strategy_id"": ""S0"", ""mean_fill"": 0.7273189626859247, ""p_meet"": 0.0, ""mean_cost"": 12928315.842466047, ""mcse_cost"": 23680.171702119, ""mean_shortage_days"": 268.56676478641845, ""mean_cost_per_unit"": 14.204238039817351, ""capacity_utilization"": 4559746.75, ""feasible"": false, ""n_runs"": 20, ""eligibility"": ""NO_CONCLUSION""}]",feasibility does not change between 12.0 and 36.0; no threshold inside the recorded range,,
S0,sodium_bicarbonate_8_4_50ml,raw_material_lead_time,product.material_lead_time_days,30.0,90.0,240.0,False,False,,infeasible_everywhere,"[{""value"": 30.0, ""strategy_id"": ""S0"", ""mean_fill"": 0.7219611433823985, ""p_meet"": 0.0, ""mean_cost"": 12909934.816604111, ""mcse_cost"": 23789.322168860395, ""mean_shortage_days"": 267.60663335158813, ""mean_cost_per_unit"": 14.28510293729072, ""capacity_utilization"": 4527772.5, ""feasible"": false, ""n_runs"": 20, ""eligibility"": ""NO_CONCLUSION""}, {""value"": 240.0, ""strategy_id"": ""S0"", ""mean_fill"": 0.7282569294637382, ""p_meet"": 0.0, ""mean_cost"": 12947852.622426795, ""mcse_cost"": 22456.481921266153, ""mean_shortage_days"": 267.5266223986856, ""mean_cost_per_unit"": 14.20327530021552, ""capacity_utilization"": 4566026.75, ""feasible"": false, ""n_runs"": 20, ""eligibility"": ""NO_CONCLUSION""}]",feasibility does not change between 30.0 and 240.0; no threshold inside the recorded range,,
S0,sodium_bicarbonate_8_4_50ml,common_cause_dependence,global.common_cause_events_per_year,0.02,0.1,0.3,False,False,,infeasible_everywhere,"[{""value"": 0.02, ""strategy_id"": ""S0"", ""mean_fill"": 0.746846803670893, ""p_meet"": 0.0, ""mean_cost"": 12995100.295319308, ""mcse_cost"": 15705.352727535645, ""mean_shortage_days"": 265.92640334063526, ""mean_cost_per_unit"": 13.890244017480105, ""capacity_utilization"": 4681219.35, ""feasible"": false, ""n_runs"": 20, ""eligibility"": ""NO_CONCLUSION""}, {""value"": 0.3, ""strategy_id"": ""S0"", ""mean_fill"": 0.6843020837536944, ""p_meet"": 0.0, ""mean_cost"": 12803654.647586538, ""mcse_cost"": 31809.22833873916, ""mean_shortage_days"": 271.507167305586, ""mean_cost_per_unit"": 15.01745976447236, ""capacity_utilization"": 4286975.95, ""feasible"": false, ""n_runs"": 20, ""eligibility"": ""NO_CONCLUSION""}]",feasibility does not change between 0.02 and 0.3; no threshold inside the recorded range,,
S0,sodium_bicarbonate_8_4_50ml,supplier_concentration,global.supplier_disruptions_per_supplier_year,0.05,0.2,0.6,False,False,,infeasible_everywhere,"[{""value"": 0.05, ""strategy_id"": ""S0"", ""mean_fill"": 0.7283374879820153, ""p_meet"": 0.0, ""mean_cost"": 12935171.331279373, ""mcse_cost"": 24601.082851259627, ""mean_shortage_days"": 267.80666073384447, ""mean_cost_per_unit"": 14.190134401468612, ""capacity_utilization"": 4567050.7, ""feasible"": false, ""n_runs"": 20, ""eligibility"": ""NO_CONCLUSION""}, {""value"": 0.6, ""strategy_id"": ""S0"", ""mean_fill"": 0.7158889532862416, ""p_meet"": 0.0, ""mean_cost"": 12896019.588838253, ""mcse_cost"": 24977.18421193511, ""mean_shortage_days"": 268.8268003833516, ""mean_cost_per_unit"": 14.3939076285727, ""capacity_utilization"": 4488988.0, ""feasible"": false, ""n_runs"": 20, ""eligibility"": ""NO_CONCLUSION""}]",feasibility does not change between 0.05 and 0.6; no threshold inside the recorded range,,
S0,sodium_bicarbonate_8_4_50ml,commissioning_days,global.node_commissioning_days,365.0,730.0,1095.0,False,False,,infeasible_everywhere,"[{""value"": 365.0, ""strategy_id"": ""S0"", ""mean_fill"": 0.7273189626859247, ""p_meet"": 0.0, ""mean_cost"": 12928315.842466047, ""mcse_cost"": 23680.171702119, ""mean_shortage_days"": 268.56676478641845, ""mean_cost_per_unit"": 14.204238039817351, ""capacity_utilization"": 4559746.75, ""feasible"": false, ""n_runs"": 20, ""eligibility"": ""NO_CONCLUSION""}, {""value"": 1095.0, ""strategy_id"": ""S0"", ""mean_fill"": 0.7273189626859247, ""p_meet"": 0.0, ""mean_cost"": 12928315.842466047, ""mcse_cost"": 23680.171702119, ""mean_shortage_days"": 268.56676478641845, ""mean_cost_per_unit"": 14.204238039817351, ""capacity_utilization"": 4559746.75, ""feasible"": false, ""n_runs"": 20, ""eligibility"": ""NO_CONCLUSION""}]",feasibility does not change between 365.0 and 1095.0; no threshold inside the recorded range,,
S0,sodium_bicarbonate_8_4_50ml,activation_latency_days,global.reserved_capacity_activation_days,7.0,21.0,60.0,False,False,,infeasible_everywhere,"[{""value"": 7.0, ""strategy_id"": ""S0"", ""mean_fill"": 0.7273189626859247, ""p_meet"": 0.0, ""mean_cost"": 12928315.842466047, ""mcse_cost"": 23680.171702119, ""mean_shortage_days"": 268.56676478641845, ""mean_cost_per_unit"": 14.204238039817351, ""capacity_utilization"": 4559746.75, ""feasible"": false, ""n_runs"": 20, ""eligibility"": ""NO_CONCLUSION""}, {""value"": 60.0, ""strategy_id"": ""S0"", ""mean_fill"": 0.7273189626859247, ""p_meet"": 0.0, ""mean_cost"": 12928315.842466047, ""mcse_cost"": 23680.171702119, ""mean_shortage_days"": 268.56676478641845, ""mean_cost_per_unit"": 14.204238039817351, ""capacity_utilization"": 4559746.75, ""feasible"": false, ""n_runs"": 20, ""eligibility"": ""NO_CONCLUSION""}]",feasibility does not change between 7.0 and 60.0; no threshold inside the recorded range,,
S0,sodium_bicarbonate_8_4_50ml,node_capital,product.capital_usd_per_site,15000000.0,40000000.0,100000000.0,False,False,,infeasible_everywhere,"[{""value"": 15000000.0, ""strategy_id"": ""S0"", ""mean_fill"": 0.7273189626859247, ""p_meet"": 0.0, ""mean_cost"": 8738814.86064773, ""mcse_cost"": 23680.171702119, ""mean_shortage_days"": 268.56676478641845, ""mean_cost_per_unit"": 9.599586889567837, ""capacity_utilization"": 4559746.75, ""feasible"": false, ""n_runs"": 20, ""eligibility"": ""NO_CONCLUSION""}, {""value"": 100000000.0, ""strategy_id"": ""S0"", ""mean_fill"": 0.7273189626859247, ""p_meet"": 0.0, ""mean_cost"": 22983118.19882933, ""mcse_cost"": 23680.171702118947, ""mean_shortage_days"": 268.56676478641845, ""mean_cost_per_unit"": 25.255400800415437, ""capacity_utilization"": 4559746.75, ""feasible"": false, ""n_runs"": 20, ""eligibility"": ""NO_CONCLUSION""}]",feasibility does not change between 15000000.0 and 100000000.0; no threshold inside the recorded range,,
S0,sodium_bicarbonate_8_4_50ml,batches_per_site_year,product.batches_per_site_year_nominal,30.0,45.0,70.0,False,False,,infeasible_everywhere,"[{""value"": 30.0, ""strategy_id"": ""S0"", ""mean_fill"": 0.47117842237619695, ""p_meet"": 0.0, ""mean_cost"": 12086953.626808126, ""mcse_cost"": 14093.699776231648, ""mean_shortage_days"": 285.8391292442497, ""mean_cost_per_unit"": 20.558014942813053, ""capacity_utilization"": 2944556.45, ""feasible"": false, ""n_runs"": 20, ""eligibility"": ""NO_CONCLUSION""}, {""value"": 70.0, ""strategy_id"": ""S0"", ""mean_fill"": 0.9535190975224094, ""p_meet"": 0.05, ""mean_cost"": 13692831.089257011, ""mcse_cost"": 22139.730674499526, ""mean_shortage_days"": 88.34209337349397, ""mean_cost_per_unit"": 11.441741111822326, ""capacity_utilization"": 5988734.65, ""feasible"": false, ""n_runs"": 20, ""eligibility"": ""NO_CONCLUSION""}]",feasibility does not change between 30.0 and 70.0; no threshold inside the recorded range,,
S0,sodium_bicarbonate_8_4_50ml,changeover_burden,product.changeover_days,1.0,3.0,10.0,False,False,,infeasible_everywhere,"[{""value"": 1.0, ""strategy_id"": ""S0"", ""mean_fill"": 0.7271780997770296, ""p_meet"": 0.0, ""mean_cost"": 12929800.944758378, ""mcse_cost"": 23655.485778401784, ""mean_shortage_days"": 267.26658680175245, ""mean_cost_per_unit"": 14.217276942023767, ""capacity_utilization"": 4556368.35, ""feasible"": false, ""n_runs"": 20, ""eligibility"": ""NO_CONCLUSION""}, {""value"": 10.0, ""strategy_id"": ""S0"", ""mean_fill"": 0.5125825239862151, ""p_meet"": 0.0, ""mean_cost"": 12224386.33370361, ""mcse_cost"": 12341.748766997238, ""mean_shortage_days"": 281.19849397590366, ""mean_cost_per_unit"": 19.071042748229168, ""capacity_utilization"": 3207867.2, ""feasible"": false, ""n_runs"": 20, ""eligibility"": ""NO_CONCLUSION""}]",feasibility does not change between 1.0 and 10.0; no threshold inside the recorded range,,
S1,sodium_bicarbonate_8_4_50ml,capacity_utilization,product.annual_demand_units,600000.0,1200000.0,2400000.0,False,False,,infeasible_everywhere,"[{""value"": 600000.0, ""strategy_id"": ""S1"", ""mean_fill"": 0.9857527996321412, ""p_meet"": 0.55, ""mean_cost"": 12040840.827323643, ""mcse_cost"": 7423.669771953346, ""mean_shortage_days"": 31.04424972617744, ""mean_cost_per_unit"": 19.43919551087411, ""capacity_utilization"": 3097233.9, ""feasible"": false, ""n_runs"": 20, ""eligibility"": ""NO_CONCLUSION""}, {""value"": 2400000.0, ""strategy_id"": ""S1"", ""mean_fill"": 0.39792870901299937, ""p_meet"": 0.0, ""mean_cost"": 12784537.954947561, ""mcse_cost"": 21088.74297745377, ""mean_shortage_days"": 317.1134104600219, ""mean_cost_per_unit"": 12.931295964760926, ""capacity_utilization"": 4950771.5, ""feasible"": false, ""n_runs"": 20, ""eligibility"": ""NO_CONCLUSION""}]",feasibility does not change between 600000.0 and 2400000.0; no threshold inside the recorded range,,
S1,sodium_bicarbonate_8_4_50ml,fixed_qa_labor_per_node,product.fixed_qa_labor_usd_per_site_year,1500000.0,3000000.0,6000000.0,False,False,,infeasible_everywhere,"[{""value"": 1500000.0, ""strategy_id"": ""S1"", ""mean_fill"": 0.7572658181786683, ""p_meet"": 0.0, ""mean_cost"": 11109534.673143264, ""mcse_cost"": 20709.32079382278, ""mean_shortage_days"": 249.39414019715224, ""mean_cost_per_unit"": 11.726202533767237, ""capacity_utilization"": 4744221.2, ""feasible"": false, ""n_runs"": 20, ""eligibility"": ""NO_CONCLUSION""}, {""value"": 6000000.0, ""strategy_id"": ""S1"", ""mean_fill"": 0.7572658181786683, ""p_meet"": 0.0, ""mean_cost"": 15788652.193448897, ""mcse_cost"": 20709.320793822702, ""mean_shortage_days"": 249.39414019715224, ""mean_cost_per_unit"": 16.66690662908144, ""capacity_utilization"": 4744221.2, ""feasible"": false, ""n_runs"": 20, ""eligibility"": ""NO_CONCLUSION""}]",feasibility does not change between 1500000.0 and 6000000.0; no threshold inside the recorded range,,
S1,sodium_bicarbonate_8_4_50ml,release_time,global.sterility_incubation_days,14.0,14.0,18.0,False,False,,infeasible_everywhere,"[{""value"": 14.0, ""strategy_id"": ""S1"", ""mean_fill"": 0.7572658181786683, ""p_meet"": 0.0, ""mean_cost"": 12669240.513245143, ""mcse_cost"": 20709.32079382268, ""mean_shortage_days"": 249.39414019715224, ""mean_cost_per_unit"": 13.37310389887197, ""capacity_utilization"": 4744221.2, ""feasible"": false, ""n_runs"": 20, ""eligibility"": ""NO_CONCLUSION""}, {""value"": 18.0, ""strategy_id"": ""S1"", ""mean_fill"": 0.7555702569570512, ""p_meet"": 0.0, ""mean_cost"": 12666817.438867006, ""mcse_cost"": 20555.5890683776, ""mean_shortage_days"": 251.77446604600217, ""mean_cost_per_unit"": 13.398902622216635, ""capacity_utilization"": 4734037.75, ""feasible"": false, ""n_runs"": 20, ""eligibility"": ""NO_CONCLUSION""}]",feasibility does not change between 14.0 and 18.0; no threshold inside the recorded range,,
S1,sodium_bicarbonate_8_4_50ml,shelf_life,product.shelf_life_months,12.0,24.0,36.0,False,False,,infeasible_everywhere,"[{""value"": 12.0, ""strategy_id"": ""S1"", ""mean_fill"": 0.7259411744503799, ""p_meet"": 0.0, ""mean_cost"": 12705124.825318625, ""mcse_cost"": 20751.98884176955, ""mean_shortage_days"": 269.1968510405257, ""mean_cost_per_unit"": 13.993467218034771, ""capacity_utilization"": 4547388.65, ""feasible"": false, ""n_runs"": 20, ""eligibility"": ""NO_CONCLUSION""}, {""value"": 36.0, ""strategy_id"": ""S1"", ""mean_fill"": 0.7572658181786683, ""p_meet"": 0.0, ""mean_cost"": 12669240.513245143, ""mcse_cost"": 20709.32079382268, ""mean_shortage_days"": 249.39414019715224, ""mean_cost_per_unit"": 13.37310389887197, ""capacity_utilization"": 4744221.2, ""feasible"": false, ""n_runs"": 20, ""eligibility"": ""NO_CONCLUSION""}]",feasibility does not change between 12.0 and 36.0; no threshold inside the recorded range,,
S1,sodium_bicarbonate_8_4_50ml,raw_material_lead_time,product.material_lead_time_days,30.0,90.0,240.0,False,False,,infeasible_everywhere,"[{""value"": 30.0, ""strategy_id"": ""S1"", ""mean_fill"": 0.7548327150914234, ""p_meet"": 0.0, ""mean_cost"": 12653751.708246056, ""mcse_cost"": 22141.60258184858, ""mean_shortage_days"": 250.02422645125952, ""mean_cost_per_unit"": 13.400561148066473, ""capacity_utilization"": 4729753.35, ""feasible"": false, ""n_runs"": 20, ""eligibility"": ""NO_CONCLUSION""}, {""value"": 240.0, ""strategy_id"": ""S1"", ""mean_fill"": 0.7585886442860756, ""p_meet"": 0.0, ""mean_cost"": 12691249.775759064, ""mcse_cost"": 20829.074406983284, ""mean_shortage_days"": 248.97408269441402, ""mean_cost_per_unit"": 13.371862245045488, ""capacity_utilization"": 4753139.25, ""feasible"": false, ""n_runs"": 20, ""eligibility"": ""NO_CONCLUSION""}]",feasibility does not change between 30.0 and 240.0; no threshold inside the recorded range,,
S1,sodium_bicarbonate_8_4_50ml,common_cause_dependence,global.common_cause_events_per_year,0.02,0.1,0.3,False,False,,infeasible_everywhere,"[{""value"": 0.02, ""strategy_id"": ""S1"", ""mean_fill"": 0.7785885059583884, ""p_meet"": 0.0, ""mean_cost"": 12729127.846398268, ""mcse_cost"": 12895.09534053743, ""mean_shortage_days"": 247.15383351588167, ""mean_cost_per_unit"": 13.055655071060034, ""capacity_utilization"": 4877465.5, ""feasible"": false, ""n_runs"": 20, ""eligibility"": ""NO_CONCLUSION""}, {""value"": 0.3, ""strategy_id"": ""S1"", ""mean_fill"": 0.7201321774116823, ""p_meet"": 0.0, ""mean_cost"": 12559711.83926614, ""mcse_cost"": 33207.31013003045, ""mean_shortage_days"": 257.49524917853233, ""mean_cost_per_unit"": 14.00361364856415, ""capacity_utilization"": 4508202.8, ""feasible"": false, ""n_runs"": 20, ""eligibility"": ""NO_CONCLUSION""}]",feasibility does not change between 0.02 and 0.3; no threshold inside the recorded range,,
S1,sodium_bicarbonate_8_4_50ml,supplier_concentration,global.supplier_disruptions_per_supplier_year,0.05,0.2,0.6,False,False,,infeasible_everywhere,"[{""value"": 0.05, ""strategy_id"": ""S1"", ""mean_fill"": 0.7585886442860756, ""p_meet"": 0.0, ""mean_cost"": 12672822.277696077, ""mcse_cost"": 21099.591234412324, ""mean_shortage_days"": 248.97408269441402, ""mean_cost_per_unit"": 13.352381920834796, ""capacity_utilization"": 4753139.25, ""feasible"": false, ""n_runs"": 20, ""eligibility"": ""NO_CONCLUSION""}, {""value"": 0.6, ""strategy_id"": ""S1"", ""mean_fill"": 0.7523501128097909, ""p_meet"": 0.0, ""mean_cost"": 12655824.49755687, ""mcse_cost"": 20012.041875079023, ""mean_shortage_days"": 249.93421412924425, ""mean_cost_per_unit"": 13.441233880453797, ""capacity_utilization"": 4714682.9, ""feasible"": false, ""n_runs"": 20, ""eligibility"": ""NO_CONCLUSION""}]",feasibility does not change between 0.05 and 0.6; no threshold inside the recorded range,,
S1,sodium_bicarbonate_8_4_50ml,commissioning_days,global.node_commissioning_days,365.0,730.0,1095.0,False,False,,infeasible_everywhere,"[{""value"": 365.0, ""strategy_id"": ""S1"", ""mean_fill"": 0.7572658181786683, ""p_meet"": 0.0, ""mean_cost"": 12669240.513245143, ""mcse_cost"": 20709.32079382268, ""mean_shortage_days"": 249.39414019715224, ""mean_cost_per_unit"": 13.37310389887197, ""capacity_utilization"": 4744221.2, ""feasible"": false, ""n_runs"": 20, ""eligibility"": ""NO_CONCLUSION""}, {""value"": 1095.0, ""strategy_id"": ""S1"", ""mean_fill"": 0.7572658181786683, ""p_meet"": 0.0, ""mean_cost"": 12669240.513245143, ""mcse_cost"": 20709.32079382268, ""mean_shortage_days"": 249.39414019715224, ""mean_cost_per_unit"": 13.37310389887197, ""capacity_utilization"": 4744221.2, ""feasible"": false, ""n_runs"": 20, ""eligibility"": ""NO_CONCLUSION""}]",feasibility does not change between 365.0 and 1095.0; no threshold inside the recorded range,,
S1,sodium_bicarbonate_8_4_50ml,activation_latency_days,global.reserved_capacity_activation_days,7.0,21.0,60.0,False,False,,infeasible_everywhere,"[{""value"": 7.0, ""strategy_id"": ""S1"", ""mean_fill"": 0.7572658181786683, ""p_meet"": 0.0, ""mean_cost"": 12669240.513245143, ""mcse_cost"": 20709.32079382268, ""mean_shortage_days"": 249.39414019715224, ""mean_cost_per_unit"": 13.37310389887197, ""capacity_utilization"": 4744221.2, ""feasible"": false, ""n_runs"": 20, ""eligibility"": ""NO_CONCLUSION""}, {""value"": 60.0, ""strategy_id"": ""S1"", ""mean_fill"": 0.7572658181786683, ""p_meet"": 0.0, ""mean_cost"": 12669240.513245143, ""mcse_cost"": 20709.32079382268, ""mean_shortage_days"": 249.39414019715224, ""mean_cost_per_unit"": 13.37310389887197, ""capacity_utilization"": 4744221.2, ""feasible"": false, ""n_runs"": 20, ""eligibility"": ""NO_CONCLUSION""}]",feasibility does not change between 7.0 and 60.0; no threshold inside the recorded range,,
S1,sodium_bicarbonate_8_4_50ml,node_capital,product.capital_usd_per_site,15000000.0,40000000.0,100000000.0,False,False,,infeasible_everywhere,"[{""value"": 15000000.0, ""strategy_id"": ""S1"", ""mean_fill"": 0.7572658181786683, ""p_meet"": 0.0, ""mean_cost"": 8479739.531426826, ""mcse_cost"": 20709.32079382272, ""mean_shortage_days"": 249.39414019715224, ""mean_cost_per_unit"": 8.949388407998686, ""capacity_utilization"": 4744221.2, ""feasible"": false, ""n_runs"": 20, ""eligibility"": ""NO_CONCLUSION""}, {""value"": 100000000.0, ""strategy_id"": ""S1"", ""mean_fill"": 0.7572658181786683, ""p_meet"": 0.0, ""mean_cost"": 22724042.869608425, ""mcse_cost"": 20709.320793822753, ""mean_shortage_days"": 249.39414019715224, ""mean_cost_per_unit"": 23.990021076967132, ""capacity_utilization"": 4744221.2, ""feasible"": false, ""n_runs"": 20, ""eligibility"": ""NO_CONCLUSION""}]",feasibility does not change between 15000000.0 and 100000000.0; no threshold inside the recorded range,,
S1,sodium_bicarbonate_8_4_50ml,batches_per_site_year,product.batches_per_site_year_nominal,30.0,45.0,70.0,False,False,,infeasible_everywhere,"[{""value"": 30.0, ""strategy_id"": ""S1"", ""mean_fill"": 0.503885165699745, ""p_meet"": 0.0, ""mean_cost"": 11935348.368046604, ""mcse_cost"": 13598.034669090302, ""mean_shortage_days"": 285.9491443044907, ""mean_cost_per_unit"": 19.006742177222783, ""capacity_utilization"": 3145008.65, ""feasible"": false, ""n_runs"": 20, ""eligibility"": ""NO_CONCLUSION""}, {""value"": 70.0, ""strategy_id"": ""S1"", ""mean_fill"": 0.9813735308576529, ""p_meet"": 0.45, ""mean_cost"": 13465587.980390966, ""mcse_cost"": 14501.510459220593, ""mean_shortage_days"": 40.30551752464403, ""mean_cost_per_unit"": 10.918879088720619, ""capacity_utilization"": 6166423.3, ""feasible"": false, ""n_runs"": 20, ""eligibility"": ""NO_CONCLUSION""}]",feasibility does not change between 30.0 and 70.0; no threshold inside the recorded range,,
S1,sodium_bicarbonate_8_4_50ml,changeover_burden,product.changeover_days,1.0,3.0,10.0,False,False,,infeasible_everywhere,"[{""value"": 1.0, ""strategy_id"": ""S1"", ""mean_fill"": 0.7582573914455903, ""p_meet"": 0.0, ""mean_cost"": 12669799.083742175, ""mcse_cost"": 20744.18430273227, ""mean_shortage_days"": 248.13396768893753, ""mean_cost_per_unit"": 13.35363310050092, ""capacity_utilization"": 4751356.7, ""feasible"": false, ""n_runs"": 20, ""eligibility"": ""NO_CONCLUSION""}, {""value"": 10.0, ""strategy_id"": ""S1"", ""mean_fill"": 0.5455668579012303, ""p_meet"": 0.0, ""mean_cost"": 12056790.60832958, ""mcse_cost"": 11102.724644353368, ""mean_shortage_days"": 280.7584337349398, ""mean_cost_per_unit"": 17.708384544576468, ""capacity_utilization"": 3407193.9, ""feasible"": false, ""n_runs"": 20, ""eligibility"": ""NO_CONCLUSION""}]",feasibility does not change between 1.0 and 10.0; no threshold inside the recorded range,,
S2,sodium_bicarbonate_8_4_50ml,capacity_utilization,product.annual_demand_units,600000.0,1200000.0,2400000.0,False,False,,infeasible_everywhere,"[{""value"": 600000.0, ""strategy_id"": ""S2"", ""mean_fill"": 0.9919439052843216, ""p_meet"": 0.75, ""mean_cost"": 34108709.233091466, ""mcse_cost"": 27845.529356315663, ""mean_shortage_days"": 22.55308734939759, ""mean_cost_per_unit"": 54.708776801529496, ""capacity_utilization"": 3117286.9, ""feasible"": false, ""n_runs"": 20, ""eligibility"": ""NO_CONCLUSION""}, {""value"": 2400000.0, ""strategy_id"": ""S2"", ""mean_fill"": 0.8667767683097354, ""p_meet"": 0.0, ""mean_cost"": 37488975.285110414, ""mcse_cost"": 27339.037682653474, ""mean_shortage_days"": 99.78365963855421, ""mean_cost_per_unit"": 17.187634600377898, ""capacity_utilization"": 10909250.7, ""feasible"": false, ""n_runs"": 20, ""eligibility"": ""NO_CONCLUSION""}]",feasibility does not change between 600000.0 and 2400000.0; no threshold inside the recorded range,,
S2,sodium_bicarbonate_8_4_50ml,fixed_qa_labor_per_node,product.fixed_qa_labor_usd_per_site_year,1500000.0,3000000.0,6000000.0,False,False,,infeasible_everywhere,"[{""value"": 1500000.0, ""strategy_id"": ""S2"", ""mean_fill"": 0.9588000539711817, ""p_meet"": 0.0, ""mean_cost"": 30493495.84960541, ""mcse_cost"": 35567.578092916156, ""mean_shortage_days"": 60.528285870755745, ""mean_cost_per_unit"": 25.27013940291037, ""capacity_utilization"": 6034147.5, ""feasible"": false, ""n_runs"": 20, ""eligibility"": ""NO_CONCLUSION""}, {""value"": 6000000.0, ""strategy_id"": ""S2"", ""mean_fill"": 0.9588000539711817, ""p_meet"": 0.0, ""mean_cost"": 45511863.855803005, ""mcse_cost"": 35567.578092915996, ""mean_shortage_days"": 60.528285870755745, ""mean_cost_per_unit"": 37.716124673565915, ""capacity_utilization"": 6034147.5, ""feasible"": false, ""n_runs"": 20, ""eligibility"": ""NO_CONCLUSION""}]",feasibility does not change between 1500000.0 and 6000000.0; no threshold inside the recorded range,,
S2,sodium_bicarbonate_8_4_50ml,release_time,global.sterility_incubation_days,14.0,14.0,18.0,False,False,,infeasible_everywhere,"[{""value"": 14.0, ""strategy_id"": ""S2"", ""mean_fill"": 0.9588000539711817, ""p_meet"": 0.0, ""mean_cost"": 35499618.51833795, ""mcse_cost"": 35567.57809291632, ""mean_shortage_days"": 60.528285870755745, ""mean_cost_per_unit"": 29.41880115979555, ""capacity_utilization"": 6034147.5, ""feasible"": false, ""n_runs"": 20, ""eligibility"": ""NO_CONCLUSION""}, {""value"": 18.0, ""strategy_id"": ""S2"", ""mean_fill"": 0.958604751538202, ""p_meet"": 0.0, ""mean_cost"": 35299666.52243607, ""mcse_cost"": 22048.245566216163, ""mean_shortage_days"": 60.93834200438116, ""mean_cost_per_unit"": 29.26388361116259, ""capacity_utilization"": 6031947.85, ""feasible"": false, ""n_runs"": 20, ""eligibility"": ""NO_CONCLUSION""}]",feasibility does not change between 14.0 and 18.0; no threshold inside the recorded range,,
S2,sodium_bicarbonate_8_4_50ml,shelf_life,product.shelf_life_months,12.0,24.0,36.0,False,False,,infeasible_everywhere,"[{""value"": 12.0, ""strategy_id"": ""S2"", ""mean_fill"": 0.9588000539711817, ""p_meet"": 0.0, ""mean_cost"": 35563404.79999631, ""mcse_cost"": 35108.559874290404, ""mean_shortage_days"": 61.4384104600219, ""mean_cost_per_unit"": 29.4711840990826, ""capacity_utilization"": 6034195.25, ""feasible"": false, ""n_runs"": 20, ""eligibility"": ""NO_CONCLUSION""}, {""value"": 36.0, ""strategy_id"": ""S2"", ""mean_fill"": 0.9588000539711817, ""p_meet"": 0.0, ""mean_cost"": 35462447.89173091, ""mcse_cost"": 31321.957723945954, ""mean_shortage_days"": 60.32825848849944, ""mean_cost_per_unit"": 29.388201031617786, ""capacity_utilization"": 6034128.0, ""feasible"": false, ""n_runs"": 20, ""eligibility"": ""NO_CONCLUSION""}]",feasibility does not change between 12.0 and 36.0; no threshold inside the recorded range,,
S2,sodium_bicarbonate_8_4_50ml,raw_material_lead_time,product.material_lead_time_days,30.0,90.0,240.0,False,False,,infeasible_everywhere,"[{""value"": 30.0, ""strategy_id"": ""S2"", ""mean_fill"": 0.9588444329711778, ""p_meet"": 0.0, ""mean_cost"": 35476538.33205679, ""mcse_cost"": 37078.97564116337, ""mean_shortage_days"": 60.988348849945226, ""mean_cost_per_unit"": 29.401483179185913, ""capacity_utilization"": 6034077.6, ""feasible"": false, ""n_runs"": 20, ""eligibility"": ""NO_CONCLUSION""}, {""value"": 240.0, ""strategy_id"": ""S2"", ""mean_fill"": 0.9582143198724428, ""p_meet"": 0.0, ""mean_cost"": 35570700.22791759, ""mcse_cost"": 31757.440634339688, ""mean_shortage_days"": 61.378402245345015, ""mean_cost_per_unit"": 29.498864790827895, ""capacity_utilization"": 6029718.3, ""feasible"": false, ""n_runs"": 20, ""eligibility"": ""NO_CONCLUSION""}]",feasibility does not change between 30.0 and 240.0; no threshold inside the recorded range,,
S2,sodium_bicarbonate_8_4_50ml,common_cause_dependence,global.common_cause_events_per_year,0.02,0.1,0.3,False,False,,infeasible_everywhere,"[{""value"": 0.02, ""strategy_id"": ""S2"", ""mean_fill"": 0.9595839675560679, ""p_meet"": 0.0, ""mean_cost"": 35544919.323311925, ""mcse_cost"": 32407.927673234502, ""mean_shortage_days"": 61.0283543263965, ""mean_cost_per_unit"": 29.434795210870742, ""capacity_utilization"": 6038158.15, ""feasible"": false, ""n_runs"": 20, ""eligibility"": ""NO_CONCLUSION""}, {""value"": 0.3, ""strategy_id"": ""S2"", ""mean_fill"": 0.9513863902131263, ""p_meet"": 0.0, ""mean_cost"": 35391378.09105839, ""mcse_cost"": 37415.149220519204, ""mean_shortage_days"": 62.558563800657154, ""mean_cost_per_unit"": 29.566648808767006, ""capacity_utilization"": 5985358.95, ""feasible"": false, ""n_runs"": 20, ""eligibility"": ""NO_CONCLUSION""}]",feasibility does not change between 0.02 and 0.3; no threshold inside the recorded range,,
S2,sodium_bicarbonate_8_4_50ml,supplier_concentration,global.supplier_disruptions_per_supplier_year,0.05,0.2,0.6,False,False,,infeasible_everywhere,"[{""value"": 0.05, ""strategy_id"": ""S2"", ""mean_fill"": 0.9605208308183277, ""p_meet"": 0.0, ""mean_cost"": 35512169.893170886, ""mcse_cost"": 33180.601757681456, ""mean_shortage_days"": 60.59829545454545, ""mean_cost_per_unit"": 29.37899818131752, ""capacity_utilization"": 6044434.8, ""feasible"": false, ""n_runs"": 20, ""eligibility"": ""NO_CONCLUSION""}, {""value"": 0.6, ""strategy_id"": ""S2"", ""mean_fill"": 0.9574491097806795, ""p_meet"": 0.0, ""mean_cost"": 35433531.67795615, ""mcse_cost"": 33104.738485865004, ""mean_shortage_days"": 61.41840772179627, ""mean_cost_per_unit"": 29.408839171561493, ""capacity_utilization"": 6025280.8, ""feasible"": false, ""n_runs"": 20, ""eligibility"": ""NO_CONCLUSION""}]",feasibility does not change between 0.05 and 0.6; no threshold inside the recorded range,,
S2,sodium_bicarbonate_8_4_50ml,commissioning_days,global.node_commissioning_days,365.0,730.0,1095.0,False,False,,infeasible_everywhere,"[{""value"": 365.0, ""strategy_id"": ""S2"", ""mean_fill"": 0.9588000539711817, ""p_meet"": 0.0, ""mean_cost"": 35499618.51833795, ""mcse_cost"": 35567.57809291632, ""mean_shortage_days"": 60.528285870755745, ""mean_cost_per_unit"": 29.41880115979555, ""capacity_utilization"": 6034147.5, ""feasible"": false, ""n_runs"": 20, ""eligibility"": ""NO_CONCLUSION""}, {""value"": 1095.0, ""strategy_id"": ""S2"", ""mean_fill"": 0.9588000539711817, ""p_meet"": 0.0, ""mean_cost"": 35499618.51833795, ""mcse_cost"": 35567.57809291632, ""mean_shortage_days"": 60.528285870755745, ""mean_cost_per_unit"": 29.41880115979555, ""capacity_utilization"": 6034147.5, ""feasible"": false, ""n_runs"": 20, ""eligibility"": ""NO_CONCLUSION""}]",feasibility does not change between 365.0 and 1095.0; no threshold inside the recorded range,,
S2,sodium_bicarbonate_8_4_50ml,activation_latency_days,global.reserved_capacity_activation_days,7.0,21.0,60.0,False,False,,infeasible_everywhere,"[{""value"": 7.0, ""strategy_id"": ""S2"", ""mean_fill"": 0.9588000539711817, ""p_meet"": 0.0, ""mean_cost"": 35499618.51833795, ""mcse_cost"": 35567.57809291632, ""mean_shortage_days"": 60.528285870755745, ""mean_cost_per_unit"": 29.41880115979555, ""capacity_utilization"": 6034147.5, ""feasible"": false, ""n_runs"": 20, ""eligibility"": ""NO_CONCLUSION""}, {""value"": 60.0, ""strategy_id"": ""S2"", ""mean_fill"": 0.9588000539711817, ""p_meet"": 0.0, ""mean_cost"": 35499618.51833795, ""mcse_cost"": 35567.57809291632, ""mean_shortage_days"": 60.528285870755745, ""mean_cost_per_unit"": 29.41880115979555, ""capacity_utilization"": 6034147.5, ""feasible"": false, ""n_runs"": 20, ""eligibility"": ""NO_CONCLUSION""}]",feasibility does not change between 7.0 and 60.0; no threshold inside the recorded range,,
S2,sodium_bicarbonate_8_4_50ml,node_capital,product.capital_usd_per_site,15000000.0,40000000.0,100000000.0,False,False,,infeasible_everywhere,"[{""value"": 15000000.0, ""strategy_id"": ""S2"", ""mean_fill"": 0.9588000539711817, ""p_meet"": 0.0, ""mean_cost"": 23165823.961001515, ""mcse_cost"": 35567.578092916156, ""mean_shortage_days"": 60.528285870755745, ""mean_cost_per_unit"": 19.19756904399218, ""capacity_utilization"": 6034147.5, ""feasible"": false, ""n_runs"": 20, ""eligibility"": ""NO_CONCLUSION""}, {""value"": 100000000.0, ""strategy_id"": ""S2"", ""mean_fill"": 0.9588000539711817, ""p_meet"": 0.0, ""mean_cost"": 65100725.45593872, ""mcse_cost"": 35567.578092915996, ""mean_shortage_days"": 60.528285870755745, ""mean_cost_per_unit"": 53.94975823771814, ""capacity_utilization"": 6034147.5, ""feasible"": false, ""n_runs"": 20, ""eligibility"": ""NO_CONCLUSION""}]",feasibility does not change between 15000000.0 and 100000000.0; no threshold inside the recorded range,,
S2,sodium_bicarbonate_8_4_50ml,batches_per_site_year,product.batches_per_site_year_nominal,30.0,45.0,70.0,False,False,,infeasible_everywhere,"[{""value"": 30.0, ""strategy_id"": ""S2"", ""mean_fill"": 0.9124411298878587, ""p_meet"": 0.0, ""mean_cost"": 35122257.73800316, ""mcse_cost"": 34213.200520175335, ""mean_shortage_days"": 72.05986445783132, ""mean_cost_per_unit"": 30.604439582217584, ""capacity_utilization"": 5738498.15, ""feasible"": false, ""n_runs"": 20, ""eligibility"": ""NO_CONCLUSION""}, {""value"": 70.0, ""strategy_id"": ""S2"", ""mean_fill"": 0.991591347327083, ""p_meet"": 0.75, ""mean_cost"": 35750211.3946054, ""mcse_cost"": 27208.04053388649, ""mean_shortage_days"": 24.753388554216862, ""mean_cost_per_unit"": 28.67913383118458, ""capacity_utilization"": 6233008.1, ""feasible"": false, ""n_runs"": 20, ""eligibility"": ""NO_CONCLUSION""}]",feasibility does not change between 30.0 and 70.0; no threshold inside the recorded range,,
S2,sodium_bicarbonate_8_4_50ml,changeover_burden,product.changeover_days,1.0,3.0,10.0,False,False,,infeasible_everywhere,"[{""value"": 1.0, ""strategy_id"": ""S2"", ""mean_fill"": 0.9595495861288977, ""p_meet"": 0.0, ""mean_cost"": 35609224.42610951, ""mcse_cost"": 37951.91635159761, ""mean_shortage_days"": 58.51801067907995, ""mean_cost_per_unit"": 29.488796411795526, ""capacity_utilization"": 6038343.6, ""feasible"": false, ""n_runs"": 20, ""eligibility"": ""NO_CONCLUSION""}, {""value"": 10.0, ""strategy_id"": ""S2"", ""mean_fill"": 0.8888740346587722, ""p_meet"": 0.0, ""mean_cost"": 34719440.4410253, ""mcse_cost"": 12118.520680130001, ""mean_shortage_days"": 102.77406900328587, ""mean_cost_per_unit"": 31.056215412794625, ""capacity_utilization"": 5590189.35, ""feasible"": false, ""n_runs"": 20, ""eligibility"": ""NO_CONCLUSION""}]",feasibility does not change between 1.0 and 10.0; no threshold inside the recorded range,,
S3,sodium_bicarbonate_8_4_50ml,capacity_utilization,product.annual_demand_units,600000.0,1200000.0,2400000.0,True,False,1190625.0,feasible_below,"[{""value"": 600000.0, ""strategy_id"": ""S3"", ""mean_fill"": 0.9945183294025638, ""p_meet"": 0.9, ""mean_cost"": 18378690.54766359, ""mcse_cost"": 5417.993986751464, ""mean_shortage_days"": 17.13234529025192, ""mean_cost_per_unit"": 29.406355835116152, ""capacity_utilization"": 3124971.0, ""feasible"": true, ""n_runs"": 20, ""eligibility"": ""NO_CONCLUSION""}, {""value"": 2400000.0, ""strategy_id"": ""S3"", ""mean_fill"": 0.7649342405710882, ""p_meet"": 0.0, ""mean_cost"": 21961788.951281123, ""mcse_cost"": 43312.06430472186, ""mean_shortage_days"": 273.4174288061336, ""mean_cost_per_unit"": 11.449957784773261, ""capacity_utilization"": 9603368.1, ""feasible"": false, ""n_runs"": 20, ""eligibility"": ""NO_CONCLUSION""}, {""value"": 1500000.0, ""strategy_id"": ""S3"", ""mean_fill"": 0.9921457001451188, ""p_meet"": 0.7, ""mean_cost"": 20845187.058398418, ""mcse_cost"": 12372.86819301867, ""mean_shortage_days"": 31.08425520262869, ""mean_cost_per_unit"": 13.371235916607764, ""capacity_utilization"": 7794546.8, ""feasible"": false, ""n_runs"": 20, ""eligibility"": ""NO_CONCLUSION""}, {""value"": 1050000.0, ""strategy_id"": ""S3"", ""mean_fill"": 0.9951316512424085, ""p_meet"": 0.9, ""mean_cost"": 19629347.55418938, ""mcse_cost"": 9732.01415182378, ""mean_shortage_days"": 21.63296139101862, ""mean_cost_per_unit"": 17.93802221254184, ""capacity_utilization"": 5471438.35, ""feasible"": true, ""n_runs"": 20, ""eligibility"": ""NO_CONCLUSION""}, {""value"": 1275000.0, ""strategy_id"": ""S3"", ""mean_fill"": 0.9933810450230295, ""p_meet"": 0.75, ""mean_cost"": 20240666.816489697, ""mcse_cost"": 9229.492112881786, ""mean_shortage_days"": 26.793667853231103, ""mean_cost_per_unit"": 15.255950949137297, ""capacity_utilization"": 6633518.8, ""feasible"": false, ""n_runs"": 20, ""eligibility"": ""NO_CONCLUSION""}, {""value"": 1162500.0, ""strategy_id"": ""S3"", ""mean_fill"": 0.9949765632148544, ""p_meet"": 0.9, ""mean_cost"": 19937621.059030317, ""mcse_cost"": 11427.824056537203, ""mean_shortage_days"": 22.2930517524644, ""mean_cost_per_unit"": 16.455380459977427, ""capacity_utilization"": 6057963.95, ""feasible"": true, ""n_runs"": 20, ""eligibility"": ""NO_CONCLUSION""}, {""value"": 1218750.0, ""strategy_id"": ""S3"", ""mean_fill"": 0.9944305220210706, ""p_meet"": 0.8, ""mean_cost"": 20096943.25792443, ""mcse_cost"": 12171.675404887685, ""mean_shortage_days"": 23.78325575027382, ""mean_cost_per_unit"": 15.830435099441726, ""capacity_utilization"": 6347629.05, ""feasible"": false, ""n_runs"": 20, ""eligibility"": ""NO_CONCLUSION""}]",bisection over 5 steps on 20 paired runs,1162500.0,1218750.0
S3,sodium_bicarbonate_8_4_50ml,fixed_qa_labor_per_node,product.fixed_qa_labor_usd_per_site_year,1500000.0,3000000.0,6000000.0,True,True,,feasible_everywhere,"[{""value"": 1500000.0, ""strategy_id"": ""S3"", ""mean_fill"": 0.9958067307822273, ""p_meet"": 0.95, ""mean_cost"": 17159860.789900042, ""mcse_cost"": 11299.272801570662, ""mean_shortage_days"": 21.43293400876232, ""mean_cost_per_unit"": 13.708174818735454, ""capacity_utilization"": 6258903.75, ""feasible"": true, ""n_runs"": 20, ""eligibility"": ""NO_CONCLUSION""}, {""value"": 6000000.0, ""strategy_id"": ""S3"", ""mean_fill"": 0.9958067307822273, ""p_meet"": 0.95, ""mean_cost"": 25819340.40047995, ""mcse_cost"": 11299.27280157067, ""mean_shortage_days"": 21.43293400876232, ""mean_cost_per_unit"": 20.626011840762835, ""capacity_utilization"": 6258903.75, ""feasible"": true, ""n_runs"": 20, ""eligibility"": ""NO_CONCLUSION""}]",feasibility does not change between 1500000.0 and 6000000.0; no threshold inside the recorded range,,
S3,sodium_bicarbonate_8_4_50ml,release_time,global.sterility_incubation_days,14.0,14.0,18.0,True,False,14.4375,feasible_below,"[{""value"": 14.0, ""strategy_id"": ""S3"", ""mean_fill"": 0.9958067307822273, ""p_meet"": 0.95, ""mean_cost"": 20046353.99342671, ""mcse_cost"": 11299.272801570662, ""mean_shortage_days"": 21.43293400876232, ""mean_cost_per_unit"": 16.014120492744613, ""capacity_utilization"": 6258903.75, ""feasible"": true, ""n_runs"": 20, ""eligibility"": ""NO_CONCLUSION""}, {""value"": 18.0, ""strategy_id"": ""S3"", ""mean_fill"": 0.9925213640404174, ""p_meet"": 0.75, ""mean_cost"": 20035064.031992894, ""mcse_cost"": 11206.147246685128, ""mean_shortage_days"": 26.943688389923324, ""mean_cost_per_unit"": 16.059178598498896, ""capacity_utilization"": 6237709.15, ""feasible"": false, ""n_runs"": 20, ""eligibility"": ""NO_CONCLUSION""}, {""value"": 16.0, ""strategy_id"": ""S3"", ""mean_fill"": 0.9933040914132881, ""p_meet"": 0.85, ""mean_cost"": 20037630.459790017, ""mcse_cost"": 10722.04267175654, ""mean_shortage_days"": 27.203723986856524, ""mean_cost_per_unit"": 16.047302917994443, ""capacity_utilization"": 6243209.65, ""feasible"": false, ""n_runs"": 20, ""eligibility"": ""NO_CONCLUSION""}, {""value"": 15.0, ""strategy_id"": ""S3"", ""mean_fill"": 0.9938049816227121, ""p_meet"": 0.8, ""mean_cost"": 20041220.374422606, ""mcse_cost"": 12704.818178947642, ""mean_shortage_days"": 24.243318729463304, ""mean_cost_per_unit"": 16.04308731600795, ""capacity_utilization"": 6246000.25, ""feasible"": false, ""n_runs"": 20, ""eligibility"": ""NO_CONCLUSION""}, {""value"": 14.5, ""strategy_id"": ""S3"", ""mean_fill"": 0.9950383328600679, ""p_meet"": 0.85, ""mean_cost"": 20041044.689533293, ""mcse_cost"": 10481.83472080187, ""mean_shortage_days"": 23.173172234392116, ""mean_cost_per_unit"": 16.022770209265378, ""capacity_utilization"": 6253916.8, ""feasible"": false, ""n_runs"": 20, ""eligibility"": ""NO_CONCLUSION""}, {""value"": 14.25, ""strategy_id"": ""S3"", ""mean_fill"": 0.9952391885893803, ""p_meet"": 0.95, ""mean_cost"": 20039425.46059445, ""mcse_cost"": 9993.389449828474, ""mean_shortage_days"": 23.74325027382256, ""mean_cost_per_unit"": 16.017264966504264, ""capacity_utilization"": 6255440.15, ""feasible"": true, ""n_runs"": 20, ""eligibility"": ""NO_CONCLUSION""}, {""value"": 14.375, ""strategy_id"": ""S3"", ""mean_fill"": 0.9948170193635566, ""p_meet"": 0.9, ""mean_cost"": 20042500.679926947, ""mcse_cost"": 9937.600283649426, ""mean_shortage_days"": 23.48321467688937, ""mean_cost_per_unit"": 16.02864098722987, ""capacity_utilization"": 6251849.15, ""feasible"": true, ""n_runs"": 20, ""eligibility"": ""NO_CONCLUSION""}]",bisection over 5 steps on 20 paired runs,14.375,14.5
S3,sodium_bicarbonate_8_4_50ml,shelf_life,product.shelf_life_months,12.0,24.0,36.0,True,True,,feasible_everywhere,"[{""value"": 12.0, ""strategy_id"": ""S3"", ""mean_fill"": 0.9958067307822273, ""p_meet"": 0.95, ""mean_cost"": 20046353.99342671, ""mcse_cost"": 11299.272801570662, ""mean_shortage_days"": 21.43293400876232, ""mean_cost_per_unit"": 16.014120492744613, ""capacity_utilization"": 6258903.75, ""feasible"": true, ""n_runs"": 20, ""eligibility"": ""NO_CONCLUSION""}, {""value"": 36.0, ""strategy_id"": ""S3"", ""mean_fill"": 0.9958067307822273, ""p_meet"": 0.95, ""mean_cost"": 20046353.99342671, ""mcse_cost"": 11299.272801570662, ""mean_shortage_days"": 21.43293400876232, ""mean_cost_per_unit"": 16.014120492744613, ""capacity_utilization"": 6258903.75, ""feasible"": true, ""n_runs"": 20, ""eligibility"": ""NO_CONCLUSION""}]",feasibility does not change between 12.0 and 36.0; no threshold inside the recorded range,,
S3,sodium_bicarbonate_8_4_50ml,raw_material_lead_time,product.material_lead_time_days,30.0,90.0,240.0,False,False,,infeasible_everywhere,"[{""value"": 30.0, ""strategy_id"": ""S3"", ""mean_fill"": 0.9929126175472843, ""p_meet"": 0.7, ""mean_cost"": 20020213.981765147, ""mcse_cost"": 12685.874124885768, ""mean_shortage_days"": 22.933139375684554, ""mean_cost_per_unit"": 16.039508522493016, ""capacity_utilization"": 6240692.55, ""feasible"": false, ""n_runs"": 20, ""eligibility"": ""NO_CONCLUSION""}, {""value"": 240.0, ""strategy_id"": ""S3"", ""mean_fill"": 0.9953026660537437, ""p_meet"": 0.85, ""mean_cost"": 20089221.90414215, ""mcse_cost"": 11982.441613647141, ""mean_shortage_days"": 22.24304490690033, ""mean_cost_per_unit"": 16.05807303402704, ""capacity_utilization"": 6255211.95, ""feasible"": false, ""n_runs"": 20, ""eligibility"": ""NO_CONCLUSION""}]",feasibility does not change between 30.0 and 240.0; no threshold inside the recorded range,,
S3,sodium_bicarbonate_8_4_50ml,common_cause_dependence,global.common_cause_events_per_year,0.02,0.1,0.3,True,False,0.111875,feasible_below,"[{""value"": 0.02, ""strategy_id"": ""S3"", ""mean_fill"": 0.996337747824065, ""p_meet"": 0.95, ""mean_cost"": 20045708.990719277, ""mcse_cost"": 11274.741280433283, ""mean_shortage_days"": 18.85258077765608, ""mean_cost_per_unit"": 16.004579633576526, ""capacity_utilization"": 6262488.45, ""feasible"": true, ""n_runs"": 20, ""eligibility"": ""NO_CONCLUSION""}, {""value"": 0.3, ""strategy_id"": ""S3"", ""mean_fill"": 0.992746658423086, ""p_meet"": 0.8, ""mean_cost"": 20029583.957883812, ""mcse_cost"": 9864.024791951779, ""mean_shortage_days"": 28.67392524644031, ""mean_cost_per_unit"": 16.05136960172876, ""capacity_utilization"": 6238987.4, ""feasible"": false, ""n_runs"": 20, ""eligibility"": ""NO_CONCLUSION""}, {""value"": 0.16, ""strategy_id"": ""S3"", ""mean_fill"": 0.9935065556430296, ""p_meet"": 0.8, ""mean_cost"": 20041320.089698054, ""mcse_cost"": 12080.98654807582, ""mean_shortage_days"": 25.043428258488497, ""mean_cost_per_unit"": 16.046316636836206, ""capacity_utilization"": 6244572.05, ""feasible"": false, ""n_runs"": 20, ""eligibility"": ""NO_CONCLUSION""}, {""value"": 0.09, ""strategy_id"": ""S3"", ""mean_fill"": 0.996237100152315, ""p_meet"": 0.95, ""mean_cost"": 20046336.733413707, ""mcse_cost"": 11588.591775025765, ""mean_shortage_days"": 20.02274096385542, ""mean_cost_per_unit"": 16.006946975724432, ""capacity_utilization"": 6261652.75, ""feasible"": true, ""n_runs"": 20, ""eligibility"": ""NO_CONCLUSION""}, {""value"": 0.125, ""strategy_id"": ""S3"", ""mean_fill"": 0.9945810039508398, ""p_meet"": 0.85, ""mean_cost"": 20040713.293716766, ""mcse_cost"": 11136.332864175343, ""mean_shortage_days"": 23.103162650602407, ""mean_cost_per_unit"": 16.02842751317322, ""capacity_utilization"": 6251391.4, ""feasible"": false, ""n_runs"": 20, ""eligibility"": ""NO_CONCLUSION""}, {""value"": 0.1075, ""strategy_id"": ""S3"", ""mean_fill"": 0.9960101577791454, ""p_meet"": 0.95, ""mean_cost"": 20046815.511740725, ""mcse_cost"": 11348.596803952081, ""mean_shortage_days"": 21.3529230558598, ""mean_cost_per_unit"": 16.01123486051984, ""capacity_utilization"": 6260199.0, ""feasible"": true, ""n_runs"": 20, ""eligibility"": ""NO_CONCLUSION""}, {""value"": 0.11624999999999999, ""strategy_id"": ""S3"", ""mean_fill"": 0.9946915857212852, ""p_meet"": 0.85, ""mean_cost"": 20041474.62667386, ""mcse_cost"": 11024.62425394865, ""mean_shortage_days"": 23.11316401971522, ""mean_cost_per_unit"": 16.027259055923928, ""capacity_utilization"": 6252079.95, ""feasible"": false, ""n_runs"": 20, ""eligibility"": ""NO_CONCLUSION""}]",bisection over 5 steps on 20 paired runs,0.1075,0.11624999999999999
S3,sodium_bicarbonate_8_4_50ml,supplier_concentration,global.supplier_disruptions_per_supplier_year,0.05,0.2,0.6,False,False,,infeasible_everywhere,"[{""value"": 0.05, ""strategy_id"": ""S3"", ""mean_fill"": 0.9950369264790261, ""p_meet"": 0.85, ""mean_cost"": 20039120.002015486, ""mcse_cost"": 10304.21694654378, ""mean_shortage_days"": 23.353196878422782, ""mean_cost_per_unit"": 16.0214733256765, ""capacity_utilization"": 6253803.7, ""feasible"": false, ""n_runs"": 20, ""eligibility"": ""NO_CONCLUSION""}, {""value"": 0.6, ""strategy_id"": ""S3"", ""mean_fill"": 0.9925757926920857, ""p_meet"": 0.6, ""mean_cost"": 20033053.995264687, ""mcse_cost"": 12300.472164377565, ""mean_shortage_days"": 28.08384446878423, ""mean_cost_per_unit"": 16.05728043281489, ""capacity_utilization"": 6238030.25, ""feasible"": false, ""n_runs"": 20, ""eligibility"": ""NO_CONCLUSION""}]",feasibility does not change between 0.05 and 0.6; no threshold inside the recorded range,,
S3,sodium_bicarbonate_8_4_50ml,commissioning_days,global.node_commissioning_days,365.0,730.0,1095.0,True,True,,feasible_everywhere,"[{""value"": 365.0, ""strategy_id"": ""S3"", ""mean_fill"": 0.9958067307822273, ""p_meet"": 0.95, ""mean_cost"": 20046353.99342671, ""mcse_cost"": 11299.272801570662, ""mean_shortage_days"": 21.43293400876232, ""mean_cost_per_unit"": 16.014120492744613, ""capacity_utilization"": 6258903.75, ""feasible"": true, ""n_runs"": 20, ""eligibility"": ""NO_CONCLUSION""}, {""value"": 1095.0, ""strategy_id"": ""S3"", ""mean_fill"": 0.9958067307822273, ""p_meet"": 0.95, ""mean_cost"": 20046353.99342671, ""mcse_cost"": 11299.272801570662, ""mean_shortage_days"": 21.43293400876232, ""mean_cost_per_unit"": 16.014120492744613, ""capacity_utilization"": 6258903.75, ""feasible"": true, ""n_runs"": 20, ""eligibility"": ""NO_CONCLUSION""}]",feasibility does not change between 365.0 and 1095.0; no threshold inside the recorded range,,
S3,sodium_bicarbonate_8_4_50ml,activation_latency_days,global.reserved_capacity_activation_days,7.0,21.0,60.0,True,False,19.421875,feasible_below,"[{""value"": 7.0, ""strategy_id"": ""S3"", ""mean_fill"": 0.9962054884048698, ""p_meet"": 0.9, ""mean_cost"": 20063131.992015712, ""mcse_cost"": 11298.663484391229, ""mean_shortage_days"": 17.682420591456737, ""mean_cost_per_unit"": 16.022208509101212, ""capacity_utilization"": 6260946.2, ""feasible"": true, ""n_runs"": 20, ""eligibility"": ""NO_CONCLUSION""}, {""value"": 60.0, ""strategy_id"": ""S3"", ""mean_fill"": 0.9863680965391872, ""p_meet"": 0.6, ""mean_cost"": 19982101.56003169, ""mcse_cost"": 11866.342727976853, ""mean_shortage_days"": 37.86518346111719, ""mean_cost_per_unit"": 16.117584992605373, ""capacity_utilization"": 6198646.5, ""feasible"": false, ""n_runs"": 20, ""eligibility"": ""NO_CONCLUSION""}, {""value"": 33.5, ""strategy_id"": ""S3"", ""mean_fill"": 0.9910224631071953, ""p_meet"": 0.7, ""mean_cost"": 20017802.93611864, ""mcse_cost"": 11207.520527475373, ""mean_shortage_days"": 28.83394715224535, ""mean_cost_per_unit"": 16.07123018717102, ""capacity_utilization"": 6227596.8, ""feasible"": false, ""n_runs"": 20, ""eligibility"": ""NO_CONCLUSION""}, {""value"": 20.25, ""strategy_id"": ""S3"", ""mean_fill"": 0.9949803383430336, ""p_meet"": 0.85, ""mean_cost"": 20055605.912039675, ""mcse_cost"": 11695.080066984458, ""mean_shortage_days"": 23.613232475355968, ""mean_cost_per_unit"": 16.03447190354945, ""capacity_utilization"": 6253774.5, ""feasible"": false, ""n_runs"": 20, ""eligibility"": ""NO_CONCLUSION""}, {""value"": 13.625, ""strategy_id"": ""S3"", ""mean_fill"": 0.9964484282383083, ""p_meet"": 0.95, ""mean_cost"": 20049209.503513437, ""mcse_cost"": 10729.036167543934, ""mean_shortage_days"": 19.472665662650602, ""mean_cost_per_unit"": 16.0098119652397, ""capacity_utilization"": 6261345.65, ""feasible"": true, ""n_runs"": 20, ""eligibility"": ""NO_CONCLUSION""}, {""value"": 16.9375, ""strategy_id"": ""S3"", ""mean_fill"": 0.9958912848442825, ""p_meet"": 0.95, ""mean_cost"": 20047755.77120878, ""mcse_cost"": 9916.069576775046, ""mean_shortage_days"": 22.38306407447974, ""mean_cost_per_unit"": 16.014014179331376, ""capacity_utilization"": 6259158.65, ""feasible"": true, ""n_runs"": 20, ""eligibility"": ""NO_CONCLUSION""}, {""value"": 18.59375, ""strategy_id"": ""S3"", ""mean_fill"": 0.9951960923761234, ""p_meet"": 0.95, ""mean_cost"": 20042295.143841825, ""mcse_cost"": 11410.396414475896, ""mean_shortage_days"": 20.342784775465496, ""mean_cost_per_unit"": 16.023770660768832, ""capacity_utilization"": 6253964.95, ""feasible"": true, ""n_runs"": 20, ""eligibility"": ""NO_CONCLUSION""}]",bisection over 5 steps on 20 paired runs,18.59375,20.25
S3,sodium_bicarbonate_8_4_50ml,node_capital,product.capital_usd_per_site,15000000.0,40000000.0,100000000.0,True,True,,feasible_everywhere,"[{""value"": 15000000.0, ""strategy_id"": ""S3"", ""mean_fill"": 0.9958067307822273, ""p_meet"": 0.95, ""mean_cost"": 13855392.813768884, ""mcse_cost"": 11299.272801570685, ""mean_shortage_days"": 21.43293400876232, ""mean_cost_per_unit"": 11.068319777624831, ""capacity_utilization"": 6258903.75, ""feasible"": true, ""n_runs"": 20, ""eligibility"": ""NO_CONCLUSION""}, {""value"": 100000000.0, ""strategy_id"": ""S3"", ""mean_fill"": 0.9958067307822273, ""p_meet"": 0.95, ""mean_cost"": 34904660.8246051, ""mcse_cost"": 11299.272801570763, ""mean_shortage_days"": 21.43293400876232, ""mean_cost_per_unit"": 27.884042209031747, ""capacity_utilization"": 6258903.75, ""feasible"": true, ""n_runs"": 20, ""eligibility"": ""NO_CONCLUSION""}]",feasibility does not change between 15000000.0 and 100000000.0; no threshold inside the recorded range,,
S3,sodium_bicarbonate_8_4_50ml,batches_per_site_year,product.batches_per_site_year_nominal,30.0,45.0,70.0,False,False,,infeasible_everywhere,"[{""value"": 30.0, ""strategy_id"": ""S3"", ""mean_fill"": 0.9831741136903362, ""p_meet"": 0.45, ""mean_cost"": 19977787.85903808, ""mcse_cost"": 14872.649132787297, ""mean_shortage_days"": 57.38785596933187, ""mean_cost_per_unit"": 16.168081009214667, ""capacity_utilization"": 6178833.4, ""feasible"": false, ""n_runs"": 20, ""eligibility"": ""NO_CONCLUSION""}, {""value"": 70.0, ""strategy_id"": ""S3"", ""mean_fill"": 0.9949838823483697, ""p_meet"": 0.85, ""mean_cost"": 20050329.33780668, ""mcse_cost"": 11088.864680879564, ""mean_shortage_days"": 19.93272864184009, ""mean_cost_per_unit"": 16.03232849697432, ""capacity_utilization"": 6252981.55, ""feasible"": false, ""n_runs"": 20, ""eligibility"": ""NO_CONCLUSION""}]",feasibility does not change between 30.0 and 70.0; no threshold inside the recorded range,,
S3,sodium_bicarbonate_8_4_50ml,changeover_burden,product.changeover_days,1.0,3.0,10.0,False,False,,infeasible_everywhere,"[{""value"": 1.0, ""strategy_id"": ""S3"", ""mean_fill"": 0.9952386627005969, ""p_meet"": 0.8, ""mean_cost"": 20045091.730601974, ""mcse_cost"": 12634.647923792088, ""mean_shortage_days"": 19.51267113910186, ""mean_cost_per_unit"": 16.02599807808621, ""capacity_utilization"": 6253953.5, ""feasible"": false, ""n_runs"": 20, ""eligibility"": ""NO_CONCLUSION""}, {""value"": 10.0, ""strategy_id"": ""S3"", ""mean_fill"": 0.9616539574987908, ""p_meet"": 0.15, ""mean_cost"": 19886130.266788878, ""mcse_cost"": 13408.005726531, ""mean_shortage_days"": 126.91737404162104, ""mean_cost_per_unit"": 16.46726278595557, ""capacity_utilization"": 6039547.1, ""feasible"": false, ""n_runs"": 20, ""eligibility"": ""NO_CONCLUSION""}]",feasibility does not change between 1.0 and 10.0; no threshold inside the recorded range,,
S4,sodium_bicarbonate_8_4_50ml,capacity_utilization,product.annual_demand_units,600000.0,1200000.0,2400000.0,False,False,,infeasible_everywhere,"[{""value"": 600000.0, ""strategy_id"": ""S4"", ""mean_fill"": 0.9938001989648205, ""p_meet"": 0.75, ""mean_cost"": 36591065.20904659, ""mcse_cost"": 6515.888124645357, ""mean_shortage_days"": 17.882447973713035, ""mean_cost_per_unit"": 58.58455402149208, ""capacity_utilization"": 3123002.8, ""feasible"": false, ""n_runs"": 20, ""eligibility"": ""NO_CONCLUSION""}, {""value"": 2400000.0, ""strategy_id"": ""S4"", ""mean_fill"": 0.7890795192420923, ""p_meet"": 0.0, ""mean_cost"": 40184839.37794208, ""mcse_cost"": 22753.27191767733, ""mean_shortage_days"": 144.34976040525743, ""mean_cost_per_unit"": 20.24131356461744, ""capacity_utilization"": 9927541.05, ""feasible"": false, ""n_runs"": 20, ""eligibility"": ""NO_CONCLUSION""}]",feasibility does not change between 600000.0 and 2400000.0; no threshold inside the recorded range,,
S4,sodium_bicarbonate_8_4_50ml,fixed_qa_labor_per_node,product.fixed_qa_labor_usd_per_site_year,1500000.0,3000000.0,6000000.0,False,False,,infeasible_everywhere,"[{""value"": 1500000.0, ""strategy_id"": ""S4"", ""mean_fill"": 0.9506349771332145, ""p_meet"": 0.0, ""mean_cost"": 32992562.01955415, ""mcse_cost"": 16298.687045907966, ""mean_shortage_days"": 71.5697973713034, ""mean_cost_per_unit"": 27.590319783954392, ""capacity_utilization"": 5979475.35, ""feasible"": false, ""n_runs"": 20, ""eligibility"": ""NO_CONCLUSION""}, {""value"": 6000000.0, ""strategy_id"": ""S4"", ""mean_fill"": 0.9506349771332145, ""p_meet"": 0.0, ""mean_cost"": 48449182.106287524, ""mcse_cost"": 16298.687045908007, ""mean_shortage_days"": 71.5697973713034, ""mean_cost_per_unit"": 40.516394870273416, ""capacity_utilization"": 5979475.35, ""feasible"": false, ""n_runs"": 20, ""eligibility"": ""NO_CONCLUSION""}]",feasibility does not change between 1500000.0 and 6000000.0; no threshold inside the recorded range,,
S4,sodium_bicarbonate_8_4_50ml,release_time,global.sterility_incubation_days,14.0,14.0,18.0,False,False,,infeasible_everywhere,"[{""value"": 14.0, ""strategy_id"": ""S4"", ""mean_fill"": 0.9506349771332145, ""p_meet"": 0.0, ""mean_cost"": 38144768.71513194, ""mcse_cost"": 16298.68704590792, ""mean_shortage_days"": 71.5697973713034, ""mean_cost_per_unit"": 31.899011479394073, ""capacity_utilization"": 5979475.35, ""feasible"": false, ""n_runs"": 20, ""eligibility"": ""NO_CONCLUSION""}, {""value"": 18.0, ""strategy_id"": ""S4"", ""mean_fill"": 0.9486279271468321, ""p_meet"": 0.0, ""mean_cost"": 38124942.41457946, ""mcse_cost"": 16441.784438146107, ""mean_shortage_days"": 77.73064074479736, ""mean_cost_per_unit"": 31.952544822906106, ""capacity_utilization"": 5966566.7, ""feasible"": false, ""n_runs"": 20, ""eligibility"": ""NO_CONCLUSION""}]",feasibility does not change between 14.0 and 18.0; no threshold inside the recorded range,,
S4,sodium_bicarbonate_8_4_50ml,shelf_life,product.shelf_life_months,12.0,24.0,36.0,False,False,,infeasible_everywhere,"[{""value"": 12.0, ""strategy_id"": ""S4"", ""mean_fill"": 0.9506349771332145, ""p_meet"": 0.0, ""mean_cost"": 38144768.71513194, ""mcse_cost"": 16298.68704590792, ""mean_shortage_days"": 71.5697973713034, ""mean_cost_per_unit"": 31.899011479394073, ""capacity_utilization"": 5979475.35, ""feasible"": false, ""n_runs"": 20, ""eligibility"": ""NO_CONCLUSION""}, {""value"": 36.0, ""strategy_id"": ""S4"", ""mean_fill"": 0.9506349771332145, ""p_meet"": 0.0, ""mean_cost"": 38144768.71513194, ""mcse_cost"": 16298.68704590792, ""mean_shortage_days"": 71.5697973713034, ""mean_cost_per_unit"": 31.899011479394073, ""capacity_utilization"": 5979475.35, ""feasible"": false, ""n_runs"": 20, ""eligibility"": ""NO_CONCLUSION""}]",feasibility does not change between 12.0 and 36.0; no threshold inside the recorded range,,
S4,sodium_bicarbonate_8_4_50ml,raw_material_lead_time,product.material_lead_time_days,30.0,90.0,240.0,False,False,,infeasible_everywhere,"[{""value"": 30.0, ""strategy_id"": ""S4"", ""mean_fill"": 0.9477940534684685, ""p_meet"": 0.0, ""mean_cost"": 38116973.74066458, ""mcse_cost"": 16550.608555142207, ""mean_shortage_days"": 71.19974671412925, ""mean_cost_per_unit"": 31.975044037872067, ""capacity_utilization"": 5961356.2, ""feasible"": false, ""n_runs"": 20, ""eligibility"": ""NO_CONCLUSION""}, {""value"": 240.0, ""strategy_id"": ""S4"", ""mean_fill"": 0.9522528049469555, ""p_meet"": 0.0, ""mean_cost"": 38199935.20271958, ""mcse_cost"": 16377.677666079438, ""mean_shortage_days"": 71.83983433734939, ""mean_cost_per_unit"": 31.89025456087611, ""capacity_utilization"": 5989991.45, ""feasible"": false, ""n_runs"": 20, ""eligibility"": ""NO_CONCLUSION""}]",feasibility does not change between 30.0 and 240.0; no threshold inside the recorded range,,
S4,sodium_bicarbonate_8_4_50ml,common_cause_dependence,global.common_cause_events_per_year,0.02,0.1,0.3,False,False,,infeasible_everywhere,"[{""value"": 0.02, ""strategy_id"": ""S4"", ""mean_fill"": 0.9522192627805227, ""p_meet"": 0.0, ""mean_cost"": 38155414.605545685, ""mcse_cost"": 14491.631680393126, ""mean_shortage_days"": 69.68953997809419, ""mean_cost_per_unit"": 31.850164131006625, ""capacity_utilization"": 5990586.2, ""feasible"": false, ""n_runs"": 20, ""eligibility"": ""NO_CONCLUSION""}, {""value"": 0.3, ""strategy_id"": ""S4"", ""mean_fill"": 0.9416802518007101, ""p_meet"": 0.0, ""mean_cost"": 38115013.64939141, ""mcse_cost"": 14373.563696456107, ""mean_shortage_days"": 73.69008762322014, ""mean_cost_per_unit"": 32.18949191236481, ""capacity_utilization"": 5921633.75, ""feasible"": false, ""n_runs"": 20, ""eligibility"": ""NO_CONCLUSION""}]",feasibility does not change between 0.02 and 0.3; no threshold inside the recorded range,,
S4,sodium_bicarbonate_8_4_50ml,supplier_concentration,global.supplier_disruptions_per_supplier_year,0.05,0.2,0.6,False,False,,infeasible_everywhere,"[{""value"": 0.05, ""strategy_id"": ""S4"", ""mean_fill"": 0.9524239690300005, ""p_meet"": 0.0, ""mean_cost"": 38148758.45584873, ""mcse_cost"": 16876.208430908417, ""mean_shortage_days"": 70.78969058050382, ""mean_cost_per_unit"": 31.841250854557767, ""capacity_utilization"": 5991011.9, ""feasible"": false, ""n_runs"": 20, ""eligibility"": ""NO_CONCLUSION""}, {""value"": 0.6, ""strategy_id"": ""S4"", ""mean_fill"": 0.9489552033267978, ""p_meet"": 0.0, ""mean_cost"": 38132381.95508242, ""mcse_cost"": 16925.82118476373, ""mean_shortage_days"": 72.20988499452355, ""mean_cost_per_unit"": 31.945868955177257, ""capacity_utilization"": 5969445.8, ""feasible"": false, ""n_runs"": 20, ""eligibility"": ""NO_CONCLUSION""}]",feasibility does not change between 0.05 and 0.6; no threshold inside the recorded range,,
S4,sodium_bicarbonate_8_4_50ml,commissioning_days,global.node_commissioning_days,365.0,730.0,1095.0,False,False,,infeasible_everywhere,"[{""value"": 365.0, ""strategy_id"": ""S4"", ""mean_fill"": 0.9574395726361166, ""p_meet"": 0.0, ""mean_cost"": 39311614.59492718, ""mcse_cost"": 15009.068718569535, ""mean_shortage_days"": 54.45745481927711, ""mean_cost_per_unit"": 32.638293097151355, ""capacity_utilization"": 6022630.25, ""feasible"": false, ""n_runs"": 20, ""eligibility"": ""NO_CONCLUSION""}, {""value"": 1095.0, ""strategy_id"": ""S4"", ""mean_fill"": 0.9422068123547864, ""p_meet"": 0.0, ""mean_cost"": 36972581.928435974, ""mcse_cost"": 15214.508716331517, ""mean_shortage_days"": 87.7520125958379, ""mean_cost_per_unit"": 31.19947237990238, ""capacity_utilization"": 5925990.25, ""feasible"": false, ""n_runs"": 20, ""eligibility"": ""NO_CONCLUSION""}]",feasibility does not change between 365.0 and 1095.0; no threshold inside the recorded range,,
S4,sodium_bicarbonate_8_4_50ml,activation_latency_days,global.reserved_capacity_activation_days,7.0,21.0,60.0,False,False,,infeasible_everywhere,"[{""value"": 7.0, ""strategy_id"": ""S4"", ""mean_fill"": 0.9506349771332145, ""p_meet"": 0.0, ""mean_cost"": 38144768.71513194, ""mcse_cost"": 16298.68704590792, ""mean_shortage_days"": 71.5697973713034, ""mean_cost_per_unit"": 31.899011479394073, ""capacity_utilization"": 5979475.35, ""feasible"": false, ""n_runs"": 20, ""eligibility"": ""NO_CONCLUSION""}, {""value"": 60.0, ""strategy_id"": ""S4"", ""mean_fill"": 0.9506349771332145, ""p_meet"": 0.0, ""mean_cost"": 38144768.71513194, ""mcse_cost"": 16298.68704590792, ""mean_shortage_days"": 71.5697973713034, ""mean_cost_per_unit"": 31.899011479394073, ""capacity_utilization"": 5979475.35, ""feasible"": false, ""n_runs"": 20, ""eligibility"": ""NO_CONCLUSION""}]",feasibility does not change between 7.0 and 60.0; no threshold inside the recorded range,,
S4,sodium_bicarbonate_8_4_50ml,node_capital,product.capital_usd_per_site,15000000.0,40000000.0,100000000.0,False,False,,infeasible_everywhere,"[{""value"": 15000000.0, ""strategy_id"": ""S4"", ""mean_fill"": 0.9506349771332145, ""p_meet"": 0.0, ""mean_cost"": 24044002.31387317, ""mcse_cost"": 16298.687045907835, ""mean_shortage_days"": 71.5697973713034, ""mean_cost_per_unit"": 20.10681083950397, ""capacity_utilization"": 5979475.35, ""feasible"": false, ""n_runs"": 20, ""eligibility"": ""NO_CONCLUSION""}, {""value"": 100000000.0, ""strategy_id"": ""S4"", ""mean_fill"": 0.9506349771332145, ""p_meet"": 0.0, ""mean_cost"": 71986608.07814875, ""mcse_cost"": 16298.687045908164, ""mean_shortage_days"": 71.5697973713034, ""mean_cost_per_unit"": 60.200293015126725, ""capacity_utilization"": 5979475.35, ""feasible"": false, ""n_runs"": 20, ""eligibility"": ""NO_CONCLUSION""}]",feasibility does not change between 15000000.0 and 100000000.0; no threshold inside the recorded range,,
S4,sodium_bicarbonate_8_4_50ml,batches_per_site_year,product.batches_per_site_year_nominal,30.0,45.0,70.0,False,False,,infeasible_everywhere,"[{""value"": 30.0, ""strategy_id"": ""S4"", ""mean_fill"": 0.9028820877910244, ""p_meet"": 0.0, ""mean_cost"": 37919597.33472209, ""mcse_cost"": 15406.49332602061, ""mean_shortage_days"": 76.96053532311063, ""mean_cost_per_unit"": 33.400276858766226, ""capacity_utilization"": 5678178.85, ""feasible"": false, ""n_runs"": 20, ""eligibility"": ""NO_CONCLUSION""}, {""value"": 70.0, ""strategy_id"": ""S4"", ""mean_fill"": 0.9892251213566615, ""p_meet"": 0.65, ""mean_cost"": 38304977.2272846, ""mcse_cost"": 15345.21127658619, ""mean_shortage_days"": 32.23441265060241, ""mean_cost_per_unit"": 30.80594749380385, ""capacity_utilization"": 6217794.8, ""feasible"": false, ""n_runs"": 20, ""eligibility"": ""NO_CONCLUSION""}]",feasibility does not change between 30.0 and 70.0; no threshold inside the recorded range,,
S4,sodium_bicarbonate_8_4_50ml,changeover_burden,product.changeover_days,1.0,3.0,10.0,False,False,,infeasible_everywhere,"[{""value"": 1.0, ""strategy_id"": ""S4"", ""mean_fill"": 0.9549056373766458, ""p_meet"": 0.0, ""mean_cost"": 38165632.92786426, ""mcse_cost"": 15562.61939842359, ""mean_shortage_days"": 61.30839266155531, ""mean_cost_per_unit"": 31.770233434364695, ""capacity_utilization"": 6006874.2, ""feasible"": false, ""n_runs"": 20, ""eligibility"": ""NO_CONCLUSION""}, {""value"": 10.0, ""strategy_id"": ""S4"", ""mean_fill"": 0.7973669536964763, ""p_meet"": 0.0, ""mean_cost"": 37562337.641725734, ""mcse_cost"": 8386.245342748372, ""mean_shortage_days"": 151.69076533406354, ""mean_cost_per_unit"": 37.43129688608957, ""capacity_utilization"": 5017955.1, ""feasible"": false, ""n_runs"": 20, ""eligibility"": ""NO_CONCLUSION""}]",feasibility does not change between 1.0 and 10.0; no threshold inside the recorded range,,
S5,sodium_bicarbonate_8_4_50ml,capacity_utilization,product.annual_demand_units,600000.0,1200000.0,2400000.0,False,False,,infeasible_everywhere,"[{""value"": 600000.0, ""strategy_id"": ""S5"", ""mean_fill"": 0.984600923988763, ""p_meet"": 0.55, ""mean_cost"": 45091293.62833686, ""mcse_cost"": 8396.375562600915, ""mean_shortage_days"": 26.55363499452355, ""mean_cost_per_unit"": 72.87088622983683, ""capacity_utilization"": 3094502.85, ""feasible"": false, ""n_runs"": 20, ""eligibility"": ""NO_CONCLUSION""}, {""value"": 2400000.0, ""strategy_id"": ""S5"", ""mean_fill"": 0.7311992774893039, ""p_meet"": 0.0, ""mean_cost"": 49048517.04747127, ""mcse_cost"": 26279.979696419836, ""mean_shortage_days"": 141.49937020810518, ""mean_cost_per_unit"": 26.656902117105204, ""capacity_utilization"": 9200623.95, ""feasible"": false, ""n_runs"": 20, ""eligibility"": ""NO_CONCLUSION""}]",feasibility does not change between 600000.0 and 2400000.0; no threshold inside the recorded range,,
S5,sodium_bicarbonate_8_4_50ml,fixed_qa_labor_per_node,product.fixed_qa_labor_usd_per_site_year,1500000.0,3000000.0,6000000.0,False,False,,infeasible_everywhere,"[{""value"": 1500000.0, ""strategy_id"": ""S5"", ""mean_fill"": 0.8650523245409222, ""p_meet"": 0.0, ""mean_cost"": 41816102.033907264, ""mcse_cost"": 19868.272729380107, ""mean_shortage_days"": 131.14795317634173, ""mean_cost_per_unit"": 38.431019142178805, ""capacity_utilization"": 5441986.6, ""feasible"": false, ""n_runs"": 20, ""eligibility"": ""NO_CONCLUSION""}, {""value"": 6000000.0, ""strategy_id"": ""S5"", ""mean_fill"": 0.8650523245409222, ""p_meet"": 0.0, ""mean_cost"": 56325161.66153952, ""mcse_cost"": 19868.272729379984, ""mean_shortage_days"": 131.14795317634173, ""mean_cost_per_unit"": 51.766018832943914, ""capacity_utilization"": 5441986.6, ""feasible"": false, ""n_runs"": 20, ""eligibility"": ""NO_CONCLUSION""}]",feasibility does not change between 1500000.0 and 6000000.0; no threshold inside the recorded range,,
S5,sodium_bicarbonate_8_4_50ml,release_time,global.sterility_incubation_days,14.0,14.0,18.0,False,False,,infeasible_everywhere,"[{""value"": 14.0, ""strategy_id"": ""S5"", ""mean_fill"": 0.8650523245409222, ""p_meet"": 0.0, ""mean_cost"": 46652455.24311802, ""mcse_cost"": 19868.27272938021, ""mean_shortage_days"": 131.14795317634173, ""mean_cost_per_unit"": 42.87601903910051, ""capacity_utilization"": 5441986.6, ""feasible"": false, ""n_runs"": 20, ""eligibility"": ""NO_CONCLUSION""}, {""value"": 18.0, ""strategy_id"": ""S5"", ""mean_fill"": 0.8638610761165746, ""p_meet"": 0.0, ""mean_cost"": 46645675.48906689, ""mcse_cost"": 19945.971149452398, ""mean_shortage_days"": 129.86777792990142, ""mean_cost_per_unit"": 42.907087190825955, ""capacity_utilization"": 5437199.95, ""feasible"": false, ""n_runs"": 20, ""eligibility"": ""NO_CONCLUSION""}]",feasibility does not change between 14.0 and 18.0; no threshold inside the recorded range,,
S5,sodium_bicarbonate_8_4_50ml,shelf_life,product.shelf_life_months,12.0,24.0,36.0,False,False,,infeasible_everywhere,"[{""value"": 12.0, ""strategy_id"": ""S5"", ""mean_fill"": 0.8650523245409222, ""p_meet"": 0.0, ""mean_cost"": 46652455.24311802, ""mcse_cost"": 19868.27272938021, ""mean_shortage_days"": 131.14795317634173, ""mean_cost_per_unit"": 42.87601903910051, ""capacity_utilization"": 5441986.6, ""feasible"": false, ""n_runs"": 20, ""eligibility"": ""NO_CONCLUSION""}, {""value"": 36.0, ""strategy_id"": ""S5"", ""mean_fill"": 0.8650523245409222, ""p_meet"": 0.0, ""mean_cost"": 46652455.24311802, ""mcse_cost"": 19868.27272938021, ""mean_shortage_days"": 131.14795317634173, ""mean_cost_per_unit"": 42.87601903910051, ""capacity_utilization"": 5441986.6, ""feasible"": false, ""n_runs"": 20, ""eligibility"": ""NO_CONCLUSION""}]",feasibility does not change between 12.0 and 36.0; no threshold inside the recorded range,,
S5,sodium_bicarbonate_8_4_50ml,raw_material_lead_time,product.material_lead_time_days,30.0,90.0,240.0,False,False,,infeasible_everywhere,"[{""value"": 30.0, ""strategy_id"": ""S5"", ""mean_fill"": 0.8633227600371148, ""p_meet"": 0.0, ""mean_cost"": 46623186.128010064, ""mcse_cost"": 20435.13942787653, ""mean_shortage_days"": 131.2579682365827, ""mean_cost_per_unit"": 42.94431089127592, ""capacity_utilization"": 5430741.55, ""feasible"": false, ""n_runs"": 20, ""eligibility"": ""NO_CONCLUSION""}, {""value"": 240.0, ""strategy_id"": ""S5"", ""mean_fill"": 0.8658087548286536, ""p_meet"": 0.0, ""mean_cost"": 46707853.4459439, ""mcse_cost"": 20259.999095385767, ""mean_shortage_days"": 131.05794085432643, ""mean_cost_per_unit"": 42.889843241913574, ""capacity_utilization"": 5446802.75, ""feasible"": false, ""n_runs"": 20, ""eligibility"": ""NO_CONCLUSION""}]",feasibility does not change between 30.0 and 240.0; no threshold inside the recorded range,,
S5,sodium_bicarbonate_8_4_50ml,common_cause_dependence,global.common_cause_events_per_year,0.02,0.1,0.3,False,False,,infeasible_everywhere,"[{""value"": 0.02, ""strategy_id"": ""S5"", ""mean_fill"": 0.8720764089305805, ""p_meet"": 0.0, ""mean_cost"": 46684569.70204271, ""mcse_cost"": 18191.295578154513, ""mean_shortage_days"": 130.68789019715226, ""mean_cost_per_unit"": 42.54411613755333, ""capacity_utilization"": 5487290.3, ""feasible"": false, ""n_runs"": 20, ""eligibility"": ""NO_CONCLUSION""}, {""value"": 0.3, ""strategy_id"": ""S5"", ""mean_fill"": 0.85767385993832, ""p_meet"": 0.0, ""mean_cost"": 46634274.90925631, ""mcse_cost"": 19614.12055794394, ""mean_shortage_days"": 132.98820509309968, ""mean_cost_per_unit"": 43.2474272805808, ""capacity_utilization"": 5394340.5, ""feasible"": false, ""n_runs"": 20, ""eligibility"": ""NO_CONCLUSION""}]",feasibility does not change between 0.02 and 0.3; no threshold inside the recorded range,,
S5,sodium_bicarbonate_8_4_50ml,supplier_concentration,global.supplier_disruptions_per_supplier_year,0.05,0.2,0.6,False,False,,infeasible_everywhere,"[{""value"": 0.05, ""strategy_id"": ""S5"", ""mean_fill"": 0.866069233892048, ""p_meet"": 0.0, ""mean_cost"": 46654691.215378165, ""mcse_cost"": 20428.2054728418, ""mean_shortage_days"": 130.9979326396495, ""mean_cost_per_unit"": 42.82839745344884, ""capacity_utilization"": 5448436.7, ""feasible"": false, ""n_runs"": 20, ""eligibility"": ""NO_CONCLUSION""}, {""value"": 0.6, ""strategy_id"": ""S5"", ""mean_fill"": 0.8637692675285159, ""p_meet"": 0.0, ""mean_cost"": 46645280.24568693, ""mcse_cost"": 21986.081708154357, ""mean_shortage_days"": 131.34798055859804, ""mean_cost_per_unit"": 42.93578849488908, ""capacity_utilization"": 5434080.5, ""feasible"": false, ""n_runs"": 20, ""eligibility"": ""NO_CONCLUSION""}]",feasibility does not change between 0.05 and 0.6; no threshold inside the recorded range,,
S5,sodium_bicarbonate_8_4_50ml,commissioning_days,global.node_commissioning_days,365.0,730.0,1095.0,False,False,,infeasible_everywhere,"[{""value"": 365.0, ""strategy_id"": ""S5"", ""mean_fill"": 0.9353887874093312, ""p_meet"": 0.0, ""mean_cost"": 48711454.780753836, ""mcse_cost"": 20074.56244829656, ""mean_shortage_days"": 67.78927984665935, ""mean_cost_per_unit"": 41.391945083467704, ""capacity_utilization"": 5884667.15, ""feasible"": false, ""n_runs"": 20, ""eligibility"": ""NO_CONCLUSION""}, {""value"": 1095.0, ""strategy_id"": ""S5"", ""mean_fill"": 0.7964686451139613, ""p_meet"": 0.0, ""mean_cost"": 44606980.861203104, ""mcse_cost"": 19263.065372880625, ""mean_shortage_days"": 194.2165868017524, ""mean_cost_per_unit"": 44.54540270962251, ""capacity_utilization"": 5010191.25, ""feasible"": false, ""n_runs"": 20, ""eligibility"": ""NO_CONCLUSION""}]",feasibility does not change between 365.0 and 1095.0; no threshold inside the recorded range,,
S5,sodium_bicarbonate_8_4_50ml,activation_latency_days,global.reserved_capacity_activation_days,7.0,21.0,60.0,False,False,,infeasible_everywhere,"[{""value"": 7.0, ""strategy_id"": ""S5"", ""mean_fill"": 0.8650523245409222, ""p_meet"": 0.0, ""mean_cost"": 46652455.24311802, ""mcse_cost"": 19868.27272938021, ""mean_shortage_days"": 131.14795317634173, ""mean_cost_per_unit"": 42.87601903910051, ""capacity_utilization"": 5441986.6, ""feasible"": false, ""n_runs"": 20, ""eligibility"": ""NO_CONCLUSION""}, {""value"": 60.0, ""strategy_id"": ""S5"", ""mean_fill"": 0.8650523245409222, ""p_meet"": 0.0, ""mean_cost"": 46652455.24311802, ""mcse_cost"": 19868.27272938021, ""mean_shortage_days"": 131.14795317634173, ""mean_cost_per_unit"": 42.87601903910051, ""capacity_utilization"": 5441986.6, ""feasible"": false, ""n_runs"": 20, ""eligibility"": ""NO_CONCLUSION""}]",feasibility does not change between 7.0 and 60.0; no threshold inside the recorded range,,
S5,sodium_bicarbonate_8_4_50ml,node_capital,product.capital_usd_per_site,15000000.0,40000000.0,100000000.0,False,False,,infeasible_everywhere,"[{""value"": 15000000.0, ""strategy_id"": ""S5"", ""mean_fill"": 0.8650523245409222, ""p_meet"": 0.0, ""mean_cost"": 30785987.814041864, ""mcse_cost"": 19868.27272938023, ""mean_shortage_days"": 131.14795317634173, ""mean_cost_per_unit"": 28.293451754221742, ""capacity_utilization"": 5441986.6, ""feasible"": false, ""n_runs"": 20, ""eligibility"": ""NO_CONCLUSION""}, {""value"": 100000000.0, ""strategy_id"": ""S5"", ""mean_fill"": 0.8650523245409222, ""p_meet"": 0.0, ""mean_cost"": 84731977.07292126, ""mcse_cost"": 19868.272729379925, ""mean_shortage_days"": 131.14795317634173, ""mean_cost_per_unit"": 77.87418052282837, ""capacity_utilization"": 5441986.6, ""feasible"": false, ""n_runs"": 20, ""eligibility"": ""NO_CONCLUSION""}]",feasibility does not change between 15000000.0 and 100000000.0; no threshold inside the recorded range,,
S5,sodium_bicarbonate_8_4_50ml,batches_per_site_year,product.batches_per_site_year_nominal,30.0,45.0,70.0,False,False,,infeasible_everywhere,"[{""value"": 30.0, ""strategy_id"": ""S5"", ""mean_fill"": 0.7889049515003417, ""p_meet"": 0.0, ""mean_cost"": 46354738.0737748, ""mcse_cost"": 17562.09845771006, ""mean_shortage_days"": 141.95943318729462, ""mean_cost_per_unit"": 46.691435362004114, ""capacity_utilization"": 4964859.4, ""feasible"": false, ""n_runs"": 20, ""eligibility"": ""NO_CONCLUSION""}, {""value"": 70.0, ""strategy_id"": ""S5"", ""mean_fill"": 0.9830969520800664, ""p_meet"": 0.6, ""mean_cost"": 46971894.2115516, ""mcse_cost"": 18957.77255067043, ""mean_shortage_days"": 33.1045317634173, ""mean_cost_per_unit"": 38.0300182478142, ""capacity_utilization"": 6178232.1, ""feasible"": false, ""n_runs"": 20, ""eligibility"": ""NO_CONCLUSION""}]",feasibility does not change between 30.0 and 70.0; no threshold inside the recorded range,,
S5,sodium_bicarbonate_8_4_50ml,changeover_burden,product.changeover_days,1.0,3.0,10.0,False,False,,infeasible_everywhere,"[{""value"": 1.0, ""strategy_id"": ""S5"", ""mean_fill"": 0.865528856955214, ""p_meet"": 0.0, ""mean_cost"": 46659957.98236379, ""mcse_cost"": 20522.942886592482, ""mean_shortage_days"": 130.92792305585982, ""mean_cost_per_unit"": 42.84706195133403, ""capacity_utilization"": 5446494.0, ""feasible"": false, ""n_runs"": 20, ""eligibility"": ""NO_CONCLUSION""}, {""value"": 10.0, ""strategy_id"": ""S5"", ""mean_fill"": 0.8035136526703489, ""p_meet"": 0.0, ""mean_cost"": 46392443.372079894, ""mcse_cost"": 14417.693097377238, ""mean_shortage_days"": 142.75954271631983, ""mean_cost_per_unit"": 45.86559355866399, ""capacity_utilization"": 5057737.25, ""feasible"": false, ""n_runs"": 20, ""eligibility"": ""NO_CONCLUSION""}]",feasibility does not change between 1.0 and 10.0; no threshold inside the recorded range,,
S6,sodium_bicarbonate_8_4_50ml,capacity_utilization,product.annual_demand_units,600000.0,1200000.0,2400000.0,False,False,,infeasible_everywhere,"[{""value"": 600000.0, ""strategy_id"": ""S6"", ""mean_fill"": 0.984600923988763, ""p_meet"": 0.55, ""mean_cost"": 47409655.1784767, ""mcse_cost"": 8396.375562601217, ""mean_shortage_days"": 26.55363499452355, ""mean_cost_per_unit"": 76.61757910517447, ""capacity_utilization"": 3094502.85, ""feasible"": false, ""n_runs"": 20, ""eligibility"": ""NO_CONCLUSION""}, {""value"": 2400000.0, ""strategy_id"": ""S6"", ""mean_fill"": 0.7311992774893039, ""p_meet"": 0.0, ""mean_cost"": 51366878.597611114, ""mcse_cost"": 26279.979696419527, ""mean_shortage_days"": 141.49937020810518, ""mean_cost_per_unit"": 27.916923929396187, ""capacity_utilization"": 9200623.95, ""feasible"": false, ""n_runs"": 20, ""eligibility"": ""NO_CONCLUSION""}]",feasibility does not change between 600000.0 and 2400000.0; no threshold inside the recorded range,,
S6,sodium_bicarbonate_8_4_50ml,fixed_qa_labor_per_node,product.fixed_qa_labor_usd_per_site_year,1500000.0,3000000.0,6000000.0,False,False,,infeasible_everywhere,"[{""value"": 1500000.0, ""strategy_id"": ""S6"", ""mean_fill"": 0.8650523245409222, ""p_meet"": 0.0, ""mean_cost"": 43789009.78338939, ""mcse_cost"": 19868.27272938005, ""mean_shortage_days"": 131.14795317634173, ""mean_cost_per_unit"": 40.244280987153765, ""capacity_utilization"": 5441986.6, ""feasible"": false, ""n_runs"": 20, ""eligibility"": ""NO_CONCLUSION""}, {""value"": 6000000.0, ""strategy_id"": ""S6"", ""mean_fill"": 0.8650523245409222, ""p_meet"": 0.0, ""mean_cost"": 59334430.81299476, ""mcse_cost"": 19868.272729380205, ""mean_shortage_days"": 131.14795317634173, ""mean_cost_per_unit"": 54.53178065583013, ""capacity_utilization"": 5441986.6, ""feasible"": false, ""n_runs"": 20, ""eligibility"": ""NO_CONCLUSION""}]",feasibility does not change between 1500000.0 and 6000000.0; no threshold inside the recorded range,,
S6,sodium_bicarbonate_8_4_50ml,release_time,global.sterility_incubation_days,14.0,14.0,18.0,False,False,,infeasible_everywhere,"[{""value"": 14.0, ""strategy_id"": ""S6"", ""mean_fill"": 0.8650523245409222, ""p_meet"": 0.0, ""mean_cost"": 48970816.79325785, ""mcse_cost"": 19868.27272938021, ""mean_shortage_days"": 131.14795317634173, ""mean_cost_per_unit"": 45.00678087671255, ""capacity_utilization"": 5441986.6, ""feasible"": false, ""n_runs"": 20, ""eligibility"": ""NO_CONCLUSION""}, {""value"": 18.0, ""strategy_id"": ""S6"", ""mean_fill"": 0.8638610761165746, ""p_meet"": 0.0, ""mean_cost"": 48964037.03920673, ""mcse_cost"": 19945.971149452293, ""mean_shortage_days"": 129.86777792990142, ""mean_cost_per_unit"": 45.039701816819715, ""capacity_utilization"": 5437199.95, ""feasible"": false, ""n_runs"": 20, ""eligibility"": ""NO_CONCLUSION""}]",feasibility does not change between 14.0 and 18.0; no threshold inside the recorded range,,
S6,sodium_bicarbonate_8_4_50ml,shelf_life,product.shelf_life_months,12.0,24.0,36.0,False,False,,infeasible_everywhere,"[{""value"": 12.0, ""strategy_id"": ""S6"", ""mean_fill"": 0.8650523245409222, ""p_meet"": 0.0, ""mean_cost"": 48970816.79325785, ""mcse_cost"": 19868.27272938021, ""mean_shortage_days"": 131.14795317634173, ""mean_cost_per_unit"": 45.00678087671255, ""capacity_utilization"": 5441986.6, ""feasible"": false, ""n_runs"": 20, ""eligibility"": ""NO_CONCLUSION""}, {""value"": 36.0, ""strategy_id"": ""S6"", ""mean_fill"": 0.8650523245409222, ""p_meet"": 0.0, ""mean_cost"": 48970816.79325785, ""mcse_cost"": 19868.27272938021, ""mean_shortage_days"": 131.14795317634173, ""mean_cost_per_unit"": 45.00678087671255, ""capacity_utilization"": 5441986.6, ""feasible"": false, ""n_runs"": 20, ""eligibility"": ""NO_CONCLUSION""}]",feasibility does not change between 12.0 and 36.0; no threshold inside the recorded range,,
S6,sodium_bicarbonate_8_4_50ml,raw_material_lead_time,product.material_lead_time_days,30.0,90.0,240.0,False,False,,infeasible_everywhere,"[{""value"": 30.0, ""strategy_id"": ""S6"", ""mean_fill"": 0.8633227600371148, ""p_meet"": 0.0, ""mean_cost"": 48941547.67814991, ""mcse_cost"": 20435.13942787654, ""mean_shortage_days"": 131.2579682365827, ""mean_cost_per_unit"": 45.07981886947526, ""capacity_utilization"": 5430741.55, ""feasible"": false, ""n_runs"": 20, ""eligibility"": ""NO_CONCLUSION""}, {""value"": 240.0, ""strategy_id"": ""S6"", ""mean_fill"": 0.8658087548286536, ""p_meet"": 0.0, ""mean_cost"": 49026214.99608372, ""mcse_cost"": 20259.999095385647, ""mean_shortage_days"": 131.05794085432643, ""mean_cost_per_unit"": 45.018768273726515, ""capacity_utilization"": 5446802.75, ""feasible"": false, ""n_runs"": 20, ""eligibility"": ""NO_CONCLUSION""}]",feasibility does not change between 30.0 and 240.0; no threshold inside the recorded range,,
S6,sodium_bicarbonate_8_4_50ml,common_cause_dependence,global.common_cause_events_per_year,0.02,0.1,0.3,False,False,,infeasible_everywhere,"[{""value"": 0.02, ""strategy_id"": ""S6"", ""mean_fill"": 0.8720764089305805, ""p_meet"": 0.0, ""mean_cost"": 49002931.25218254, ""mcse_cost"": 18191.29557815451, ""mean_shortage_days"": 130.68789019715226, ""mean_cost_per_unit"": 44.656905872882405, ""capacity_utilization"": 5487290.3, ""feasible"": false, ""n_runs"": 20, ""eligibility"": ""NO_CONCLUSION""}, {""value"": 0.3, ""strategy_id"": ""S6"", ""mean_fill"": 0.85767385993832, ""p_meet"": 0.0, ""mean_cost"": 48952636.45939614, ""mcse_cost"": 19614.120557944003, ""mean_shortage_days"": 132.98820509309968, ""mean_cost_per_unit"": 45.39749501738323, ""capacity_utilization"": 5394340.5, ""feasible"": false, ""n_runs"": 20, ""eligibility"": ""NO_CONCLUSION""}]",feasibility does not change between 0.02 and 0.3; no threshold inside the recorded range,,
S6,sodium_bicarbonate_8_4_50ml,supplier_concentration,global.supplier_disruptions_per_supplier_year,0.05,0.2,0.6,False,False,,infeasible_everywhere,"[{""value"": 0.05, ""strategy_id"": ""S6"", ""mean_fill"": 0.866069233892048, ""p_meet"": 0.0, ""mean_cost"": 48973052.765518, ""mcse_cost"": 20428.20547284179, ""mean_shortage_days"": 130.9979326396495, ""mean_cost_per_unit"": 44.95669615129214, ""capacity_utilization"": 5448436.7, ""feasible"": false, ""n_runs"": 20, ""eligibility"": ""NO_CONCLUSION""}, {""value"": 0.6, ""strategy_id"": ""S6"", ""mean_fill"": 0.8637692675285159, ""p_meet"": 0.0, ""mean_cost"": 48963641.79582676, ""mcse_cost"": 21986.081708154623, ""mean_shortage_days"": 131.34798055859804, ""mean_cost_per_unit"": 45.06986628370117, ""capacity_utilization"": 5434080.5, ""feasible"": false, ""n_runs"": 20, ""eligibility"": ""NO_CONCLUSION""}]",feasibility does not change between 0.05 and 0.6; no threshold inside the recorded range,,
S6,sodium_bicarbonate_8_4_50ml,commissioning_days,global.node_commissioning_days,365.0,730.0,1095.0,False,False,,infeasible_everywhere,"[{""value"": 365.0, ""strategy_id"": ""S6"", ""mean_fill"": 0.9353887874093312, ""p_meet"": 0.0, ""mean_cost"": 51159999.97549247, ""mcse_cost"": 20074.56244829656, ""mean_shortage_days"": 67.78927984665935, ""mean_cost_per_unit"": 43.47261024787134, ""capacity_utilization"": 5884667.15, ""feasible"": false, ""n_runs"": 20, ""eligibility"": ""NO_CONCLUSION""}, {""value"": 1095.0, ""strategy_id"": ""S6"", ""mean_fill"": 0.7964686451139613, ""p_meet"": 0.0, ""mean_cost"": 46795158.76674452, ""mcse_cost"": 19263.065372880592, ""mean_shortage_days"": 194.2165868017524, ""mean_cost_per_unit"": 46.73066118106757, ""capacity_utilization"": 5010191.25, ""feasible"": false, ""n_runs"": 20, ""eligibility"": ""NO_CONCLUSION""}]",feasibility does not change between 365.0 and 1095.0; no threshold inside the recorded range,,
S6,sodium_bicarbonate_8_4_50ml,activation_latency_days,global.reserved_capacity_activation_days,7.0,21.0,60.0,False,False,,infeasible_everywhere,"[{""value"": 7.0, ""strategy_id"": ""S6"", ""mean_fill"": 0.8650523245409222, ""p_meet"": 0.0, ""mean_cost"": 48970816.79325785, ""mcse_cost"": 19868.27272938021, ""mean_shortage_days"": 131.14795317634173, ""mean_cost_per_unit"": 45.00678087671255, ""capacity_utilization"": 5441986.6, ""feasible"": false, ""n_runs"": 20, ""eligibility"": ""NO_CONCLUSION""}, {""value"": 60.0, ""strategy_id"": ""S6"", ""mean_fill"": 0.8650523245409222, ""p_meet"": 0.0, ""mean_cost"": 48970816.79325785, ""mcse_cost"": 19868.27272938021, ""mean_shortage_days"": 131.14795317634173, ""mean_cost_per_unit"": 45.00678087671255, ""capacity_utilization"": 5441986.6, ""feasible"": false, ""n_runs"": 20, ""eligibility"": ""NO_CONCLUSION""}]",feasibility does not change between 7.0 and 60.0; no threshold inside the recorded range,,
S6,sodium_bicarbonate_8_4_50ml,node_capital,product.capital_usd_per_site,15000000.0,40000000.0,100000000.0,False,False,,infeasible_everywhere,"[{""value"": 15000000.0, ""strategy_id"": ""S6"", ""mean_fill"": 0.8650523245409222, ""p_meet"": 0.0, ""mean_cost"": 33104349.364181697, ""mcse_cost"": 19868.27272938021, ""mean_shortage_days"": 131.14795317634173, ""mean_cost_per_unit"": 30.424213591833784, ""capacity_utilization"": 5441986.6, ""feasible"": false, ""n_runs"": 20, ""eligibility"": ""NO_CONCLUSION""}, {""value"": 100000000.0, ""strategy_id"": ""S6"", ""mean_fill"": 0.8650523245409222, ""p_meet"": 0.0, ""mean_cost"": 87050338.62306109, ""mcse_cost"": 19868.272729380347, ""mean_shortage_days"": 131.14795317634173, ""mean_cost_per_unit"": 80.00494236044044, ""capacity_utilization"": 5441986.6, ""feasible"": false, ""n_runs"": 20, ""eligibility"": ""NO_CONCLUSION""}]",feasibility does not change between 15000000.0 and 100000000.0; no threshold inside the recorded range,,
S6,sodium_bicarbonate_8_4_50ml,batches_per_site_year,product.batches_per_site_year_nominal,30.0,45.0,70.0,False,False,,infeasible_everywhere,"[{""value"": 30.0, ""strategy_id"": ""S6"", ""mean_fill"": 0.7889049515003417, ""p_meet"": 0.0, ""mean_cost"": 48673099.623914614, ""mcse_cost"": 17562.098457710337, ""mean_shortage_days"": 141.95943318729462, ""mean_cost_per_unit"": 49.02669280941434, ""capacity_utilization"": 4964859.4, ""feasible"": false, ""n_runs"": 20, ""eligibility"": ""NO_CONCLUSION""}, {""value"": 70.0, ""strategy_id"": ""S6"", ""mean_fill"": 0.9830969520800664, ""p_meet"": 0.6, ""mean_cost"": 49290255.761691436, ""mcse_cost"": 18957.772550670485, ""mean_shortage_days"": 33.1045317634173, ""mean_cost_per_unit"": 39.90709928065722, ""capacity_utilization"": 6178232.1, ""feasible"": false, ""n_runs"": 20, ""eligibility"": ""NO_CONCLUSION""}]",feasibility does not change between 30.0 and 70.0; no threshold inside the recorded range,,
S6,sodium_bicarbonate_8_4_50ml,changeover_burden,product.changeover_days,1.0,3.0,10.0,False,False,,infeasible_everywhere,"[{""value"": 1.0, ""strategy_id"": ""S6"", ""mean_fill"": 0.865528856955214, ""p_meet"": 0.0, ""mean_cost"": 48978319.53250363, ""mcse_cost"": 20522.942886592584, ""mean_shortage_days"": 130.92792305585982, ""mean_cost_per_unit"": 44.976045068099985, ""capacity_utilization"": 5446494.0, ""feasible"": false, ""n_runs"": 20, ""eligibility"": ""NO_CONCLUSION""}, {""value"": 10.0, ""strategy_id"": ""S6"", ""mean_fill"": 0.8035136526703489, ""p_meet"": 0.0, ""mean_cost"": 48710804.92221974, ""mcse_cost"": 14417.693097377234, ""mean_shortage_days"": 142.75954271631983, ""mean_cost_per_unit"": 48.157659092529116, ""capacity_utilization"": 5057737.25, ""feasible"": false, ""n_runs"": 20, ""eligibility"": ""NO_CONCLUSION""}]",feasibility does not change between 1.0 and 10.0; no threshold inside the recorded range,,
S7,sodium_bicarbonate_8_4_50ml,capacity_utilization,product.annual_demand_units,600000.0,1200000.0,2400000.0,False,False,,infeasible_everywhere,"[{""value"": 600000.0, ""strategy_id"": ""S7"", ""mean_fill"": 0.9874086769428603, ""p_meet"": 0.5, ""mean_cost"": 24219111.921874024, ""mcse_cost"": 46768.03479332083, ""mean_shortage_days"": 29.053977272727273, ""mean_cost_per_unit"": 39.03633545814062, ""capacity_utilization"": 3102472.35, ""feasible"": false, ""n_runs"": 20, ""eligibility"": ""NO_CONCLUSION""}, {""value"": 2400000.0, ""strategy_id"": ""S7"", ""mean_fill"": 0.5512588596272864, ""p_meet"": 0.0, ""mean_cost"": 26269856.308994066, ""mcse_cost"": 201774.775874344, ""mean_shortage_days"": 301.07121440306685, ""mean_cost_per_unit"": 20.020609034301057, ""capacity_utilization"": 6896362.1, ""feasible"": false, ""n_runs"": 20, ""eligibility"": ""NO_CONCLUSION""}]",feasibility does not change between 600000.0 and 2400000.0; no threshold inside the recorded range,,
S7,sodium_bicarbonate_8_4_50ml,fixed_qa_labor_per_node,product.fixed_qa_labor_usd_per_site_year,1500000.0,3000000.0,6000000.0,False,False,,infeasible_everywhere,"[{""value"": 1500000.0, ""strategy_id"": ""S7"", ""mean_fill"": 0.8960980969651955, ""p_meet"": 0.3, ""mean_cost"": 21638516.04806947, ""mcse_cost"": 108502.3786256523, ""mean_shortage_days"": 108.38483707557502, ""mean_cost_per_unit"": 19.501728542351916, ""capacity_utilization"": 5626594.55, ""feasible"": false, ""n_runs"": 20, ""eligibility"": ""NO_CONCLUSION""}, {""value"": 6000000.0, ""strategy_id"": ""S7"", ""mean_fill"": 0.8960980969651955, ""p_meet"": 0.3, ""mean_cost"": 33112412.94845119, ""mcse_cost"": 108502.37862565221, ""mean_shortage_days"": 108.38483707557502, ""mean_cost_per_unit"": 29.873179354442833, ""capacity_utilization"": 5626594.55, ""feasible"": false, ""n_runs"": 20, ""eligibility"": ""NO_CONCLUSION""}]",feasibility does not change between 1500000.0 and 6000000.0; no threshold inside the recorded range,,
S7,sodium_bicarbonate_8_4_50ml,release_time,global.sterility_incubation_days,14.0,14.0,18.0,False,False,,infeasible_everywhere,"[{""value"": 14.0, ""strategy_id"": ""S7"", ""mean_fill"": 0.8960980969651955, ""p_meet"": 0.3, ""mean_cost"": 25463148.34819671, ""mcse_cost"": 108502.37862565214, ""mean_shortage_days"": 108.38483707557502, ""mean_cost_per_unit"": 22.958878813048894, ""capacity_utilization"": 5626594.55, ""feasible"": false, ""n_runs"": 20, ""eligibility"": ""NO_CONCLUSION""}, {""value"": 18.0, ""strategy_id"": ""S7"", ""mean_fill"": 0.8949258566850938, ""p_meet"": 0.3, ""mean_cost"": 25410221.40524623, ""mcse_cost"": 101004.53676307936, ""mean_shortage_days"": 113.0054696056955, ""mean_cost_per_unit"": 22.940973009646438, ""capacity_utilization"": 5620178.8, ""feasible"": false, ""n_runs"": 20, ""eligibility"": ""NO_CONCLUSION""}]",feasibility does not change between 14.0 and 18.0; no threshold inside the recorded range,,
S7,sodium_bicarbonate_8_4_50ml,shelf_life,product.shelf_life_months,12.0,24.0,36.0,False,False,,infeasible_everywhere,"[{""value"": 12.0, ""strategy_id"": ""S7"", ""mean_fill"": 0.8960980969651955, ""p_meet"": 0.3, ""mean_cost"": 25463148.34819671, ""mcse_cost"": 108502.37862565214, ""mean_shortage_days"": 108.38483707557502, ""mean_cost_per_unit"": 22.958878813048894, ""capacity_utilization"": 5626594.55, ""feasible"": false, ""n_runs"": 20, ""eligibility"": ""NO_CONCLUSION""}, {""value"": 36.0, ""strategy_id"": ""S7"", ""mean_fill"": 0.8960980969651955, ""p_meet"": 0.3, ""mean_cost"": 25463148.34819671, ""mcse_cost"": 108502.37862565214, ""mean_shortage_days"": 108.38483707557502, ""mean_cost_per_unit"": 22.958878813048894, ""capacity_utilization"": 5626594.55, ""feasible"": false, ""n_runs"": 20, ""eligibility"": ""NO_CONCLUSION""}]",feasibility does not change between 12.0 and 36.0; no threshold inside the recorded range,,
S7,sodium_bicarbonate_8_4_50ml,raw_material_lead_time,product.material_lead_time_days,30.0,90.0,240.0,False,False,,infeasible_everywhere,"[{""value"": 30.0, ""strategy_id"": ""S7"", ""mean_fill"": 0.8952807795741238, ""p_meet"": 0.35, ""mean_cost"": 25426553.268509354, ""mcse_cost"": 108026.24909164319, ""mean_shortage_days"": 109.81503285870755, ""mean_cost_per_unit"": 22.96907390281815, ""capacity_utilization"": 5619861.95, ""feasible"": false, ""n_runs"": 20, ""eligibility"": ""NO_CONCLUSION""}, {""value"": 240.0, ""strategy_id"": ""S7"", ""mean_fill"": 0.897649414879559, ""p_meet"": 0.3, ""mean_cost"": 25514361.958105426, ""mcse_cost"": 105183.7849424161, ""mean_shortage_days"": 107.69474260679078, ""mean_cost_per_unit"": 22.936102673865932, ""capacity_utilization"": 5636248.0, ""feasible"": false, ""n_runs"": 20, ""eligibility"": ""NO_CONCLUSION""}]",feasibility does not change between 30.0 and 240.0; no threshold inside the recorded range,,
S7,sodium_bicarbonate_8_4_50ml,common_cause_dependence,global.common_cause_events_per_year,0.02,0.1,0.3,False,False,,infeasible_everywhere,"[{""value"": 0.02, ""strategy_id"": ""S7"", ""mean_fill"": 0.9064720502005394, ""p_meet"": 0.35, ""mean_cost"": 25495150.789687358, ""mcse_cost"": 101140.82458779513, ""mean_shortage_days"": 105.24440717415114, ""mean_cost_per_unit"": 22.64241147228886, ""capacity_utilization"": 5690752.65, ""feasible"": false, ""n_runs"": 20, ""eligibility"": ""NO_CONCLUSION""}, {""value"": 0.3, ""strategy_id"": ""S7"", ""mean_fill"": 0.8799512609058855, ""p_meet"": 0.25, ""mean_cost"": 25403738.16600707, ""mcse_cost"": 109997.98513360873, ""mean_shortage_days"": 112.40538745892658, ""mean_cost_per_unit"": 23.39275269223409, ""capacity_utilization"": 5523331.0, ""feasible"": false, ""n_runs"": 20, ""eligibility"": ""NO_CONCLUSION""}]",feasibility does not change between 0.02 and 0.3; no threshold inside the recorded range,,
S7,sodium_bicarbonate_8_4_50ml,supplier_concentration,global.supplier_disruptions_per_supplier_year,0.05,0.2,0.6,False,False,,infeasible_everywhere,"[{""value"": 0.05, ""strategy_id"": ""S7"", ""mean_fill"": 0.8972319605712016, ""p_meet"": 0.3, ""mean_cost"": 25466407.63845413, ""mcse_cost"": 106299.80008840666, ""mean_shortage_days"": 108.3748357064622, ""mean_cost_per_unit"": 22.914393817511165, ""capacity_utilization"": 5632366.65, ""feasible"": false, ""n_runs"": 20, ""eligibility"": ""NO_CONCLUSION""}, {""value"": 0.6, ""strategy_id"": ""S7"", ""mean_fill"": 0.8885763413348984, ""p_meet"": 0.3, ""mean_cost"": 25437186.29277225, ""mcse_cost"": 108587.6728272646, ""mean_shortage_days"": 110.8351725082147, ""mean_cost_per_unit"": 23.146372793441216, ""capacity_utilization"": 5579259.15, ""feasible"": false, ""n_runs"": 20, ""eligibility"": ""NO_CONCLUSION""}]",feasibility does not change between 0.05 and 0.6; no threshold inside the recorded range,,
S7,sodium_bicarbonate_8_4_50ml,commissioning_days,global.node_commissioning_days,365.0,730.0,1095.0,False,False,,infeasible_everywhere,"[{""value"": 365.0, ""strategy_id"": ""S7"", ""mean_fill"": 0.8960980969651955, ""p_meet"": 0.3, ""mean_cost"": 25463148.34819671, ""mcse_cost"": 108502.37862565214, ""mean_shortage_days"": 108.38483707557502, ""mean_cost_per_unit"": 22.958878813048894, ""capacity_utilization"": 5626594.55, ""feasible"": false, ""n_runs"": 20, ""eligibility"": ""NO_CONCLUSION""}, {""value"": 1095.0, ""strategy_id"": ""S7"", ""mean_fill"": 0.8960980969651955, ""p_meet"": 0.3, ""mean_cost"": 25463148.34819671, ""mcse_cost"": 108502.37862565214, ""mean_shortage_days"": 108.38483707557502, ""mean_cost_per_unit"": 22.958878813048894, ""capacity_utilization"": 5626594.55, ""feasible"": false, ""n_runs"": 20, ""eligibility"": ""NO_CONCLUSION""}]",feasibility does not change between 365.0 and 1095.0; no threshold inside the recorded range,,
S7,sodium_bicarbonate_8_4_50ml,activation_latency_days,global.reserved_capacity_activation_days,7.0,21.0,60.0,False,False,,infeasible_everywhere,"[{""value"": 7.0, ""strategy_id"": ""S7"", ""mean_fill"": 0.8960980969651955, ""p_meet"": 0.3, ""mean_cost"": 25463148.34819671, ""mcse_cost"": 108502.37862565214, ""mean_shortage_days"": 108.38483707557502, ""mean_cost_per_unit"": 22.958878813048894, ""capacity_utilization"": 5626594.55, ""feasible"": false, ""n_runs"": 20, ""eligibility"": ""NO_CONCLUSION""}, {""value"": 60.0, ""strategy_id"": ""S7"", ""mean_fill"": 0.8960980969651955, ""p_meet"": 0.3, ""mean_cost"": 25463148.34819671, ""mcse_cost"": 108502.37862565214, ""mean_shortage_days"": 108.38483707557502, ""mean_cost_per_unit"": 22.958878813048894, ""capacity_utilization"": 5626594.55, ""feasible"": false, ""n_runs"": 20, ""eligibility"": ""NO_CONCLUSION""}]",feasibility does not change between 7.0 and 60.0; no threshold inside the recorded range,,
S7,sodium_bicarbonate_8_4_50ml,node_capital,product.capital_usd_per_site,15000000.0,40000000.0,100000000.0,False,False,,infeasible_everywhere,"[{""value"": 15000000.0, ""strategy_id"": ""S7"", ""mean_fill"": 0.8960980969651955, ""p_meet"": 0.3, ""mean_cost"": 17205012.494315077, ""mcse_cost"": 108502.37862565219, ""mean_shortage_days"": 108.38483707557502, ""mean_cost_per_unit"": 15.494209176244988, ""capacity_utilization"": 5626594.55, ""feasible"": false, ""n_runs"": 20, ""eligibility"": ""NO_CONCLUSION""}, {""value"": 100000000.0, ""strategy_id"": ""S7"", ""mean_fill"": 0.8960980969651955, ""p_meet"": 0.3, ""mean_cost"": 45282674.397508845, ""mcse_cost"": 108502.37862565216, ""mean_shortage_days"": 108.38483707557502, ""mean_cost_per_unit"": 40.874085941374844, ""capacity_utilization"": 5626594.55, ""feasible"": false, ""n_runs"": 20, ""eligibility"": ""NO_CONCLUSION""}]",feasibility does not change between 15000000.0 and 100000000.0; no threshold inside the recorded range,,
S7,sodium_bicarbonate_8_4_50ml,batches_per_site_year,product.batches_per_site_year_nominal,30.0,45.0,70.0,False,False,,infeasible_everywhere,"[{""value"": 30.0, ""strategy_id"": ""S7"", ""mean_fill"": 0.7463055628966372, ""p_meet"": 0.0, ""mean_cost"": 24816452.520389773, ""mcse_cost"": 133266.83716696486, ""mean_shortage_days"": 200.6974739868565, ""mean_cost_per_unit"": 28.229726402911904, ""capacity_utilization"": 4679668.5, ""feasible"": false, ""n_runs"": 20, ""eligibility"": ""NO_CONCLUSION""}, {""value"": 70.0, ""strategy_id"": ""S7"", ""mean_fill"": 0.9883713709823606, ""p_meet"": 0.7, ""mean_cost"": 25923330.650082834, ""mcse_cost"": 61115.89109261554, ""mean_shortage_days"": 33.764622124863095, ""mean_cost_per_unit"": 20.873233328928944, ""capacity_utilization"": 6211405.95, ""feasible"": false, ""n_runs"": 20, ""eligibility"": ""NO_CONCLUSION""}]",feasibility does not change between 30.0 and 70.0; no threshold inside the recorded range,,
S7,sodium_bicarbonate_8_4_50ml,changeover_burden,product.changeover_days,1.0,3.0,10.0,False,False,,infeasible_everywhere,"[{""value"": 1.0, ""strategy_id"": ""S7"", ""mean_fill"": 0.8976182038371278, ""p_meet"": 0.35, ""mean_cost"": 25489019.947115242, ""mcse_cost"": 111364.87865882655, ""mean_shortage_days"": 106.16453313253012, ""mean_cost_per_unit"": 22.954766462851108, ""capacity_utilization"": 5634522.2, ""feasible"": false, ""n_runs"": 20, ""eligibility"": ""NO_CONCLUSION""}, {""value"": 10.0, ""strategy_id"": ""S7"", ""mean_fill"": 0.794162390757754, ""p_meet"": 0.1, ""mean_cost"": 24981939.1566497, ""mcse_cost"": 137137.1669332224, ""mean_shortage_days"": 146.58006571741512, ""mean_cost_per_unit"": 26.52432006827046, ""capacity_utilization"": 4983478.95, ""feasible"": false, ""n_runs"": 20, ""eligibility"": ""NO_CONCLUSION""}]",feasibility does not change between 1.0 and 10.0; no threshold inside the recorded range,,
S8,sodium_bicarbonate_8_4_50ml,capacity_utilization,product.annual_demand_units,600000.0,1200000.0,2400000.0,True,False,1190625.0,feasible_below,"[{""value"": 600000.0, ""strategy_id"": ""S8"", ""mean_fill"": 0.996949316996738, ""p_meet"": 1.0, ""mean_cost"": 21723276.928108893, ""mcse_cost"": 7602.244603068866, ""mean_shortage_days"": 6.330866648411829, ""mean_cost_per_unit"": 34.66967818664573, ""capacity_utilization"": 3133006.8, ""feasible"": true, ""n_runs"": 20, ""eligibility"": ""NO_CONCLUSION""}, {""value"": 2400000.0, ""strategy_id"": ""S8"", ""mean_fill"": 0.6909281112086814, ""p_meet"": 0.0, ""mean_cost"": 24129639.46540054, ""mcse_cost"": 37154.12777577053, ""mean_shortage_days"": 286.86927026286963, ""mean_cost_per_unit"": 13.968988312883791, ""capacity_utilization"": 8646865.8, ""feasible"": false, ""n_runs"": 20, ""eligibility"": ""NO_CONCLUSION""}, {""value"": 1500000.0, ""strategy_id"": ""S8"", ""mean_fill"": 0.9631988903298243, ""p_meet"": 0.0, ""mean_cost"": 23834729.876972884, ""mcse_cost"": 36315.02625612474, ""mean_shortage_days"": 64.36881161007666, ""mean_cost_per_unit"": 15.75011311292998, ""capacity_utilization"": 7566488.9, ""feasible"": false, ""n_runs"": 20, ""eligibility"": ""NO_CONCLUSION""}, {""value"": 1050000.0, ""strategy_id"": ""S8"", ""mean_fill"": 0.9962450762306976, ""p_meet"": 0.95, ""mean_cost"": 22983252.74843294, ""mcse_cost"": 10159.994092663192, ""mean_shortage_days"": 9.951362267250818, ""mean_cost_per_unit"": 20.975134582571183, ""capacity_utilization"": 5478871.65, ""feasible"": true, ""n_runs"": 20, ""eligibility"": ""NO_CONCLUSION""}, {""value"": 1275000.0, ""strategy_id"": ""S8"", ""mean_fill"": 0.9878546615676613, ""p_meet"": 0.65, ""mean_cost"": 23543228.994990684, ""mcse_cost"": 12332.46977677938, ""mean_shortage_days"": 31.08425520262869, ""mean_cost_per_unit"": 17.845604639726588, ""capacity_utilization"": 6596252.9, ""feasible"": false, ""n_runs"": 20, ""eligibility"": ""NO_CONCLUSION""}, {""value"": 1162500.0, ""strategy_id"": ""S8"", ""mean_fill"": 0.9946121288038261, ""p_meet"": 0.95, ""mean_cost"": 23273643.726048645, ""mcse_cost"": 13184.544706790946, ""mean_shortage_days"": 16.502259036144576, ""mean_cost_per_unit"": 19.216409636612102, ""capacity_utilization"": 6055953.15, ""feasible"": true, ""n_runs"": 20, ""eligibility"": ""NO_CONCLUSION""}, {""value"": 1218750.0, ""strategy_id"": ""S8"", ""mean_fill"": 0.9931788169516098, ""p_meet"": 0.85, ""mean_cost"": 23415187.646650653, ""mcse_cost"": 12923.740512873006, ""mean_shortage_days"": 22.183036692223443, ""mean_cost_per_unit"": 18.46785324567981, ""capacity_utilization"": 6339790.4, ""feasible"": false, ""n_runs"": 20, ""eligibility"": ""NO_CONCLUSION""}]",bisection over 5 steps on 20 paired runs,1162500.0,1218750.0
S8,sodium_bicarbonate_8_4_50ml,fixed_qa_labor_per_node,product.fixed_qa_labor_usd_per_site_year,1500000.0,3000000.0,6000000.0,True,True,,feasible_everywhere,"[{""value"": 1500000.0, ""strategy_id"": ""S8"", ""mean_fill"": 0.9940463572963463, ""p_meet"": 0.9, ""mean_cost"": 20789667.196404345, ""mcse_cost"": 14228.092081886673, ""mean_shortage_days"": 19.032605421686743, ""mean_cost_per_unit"": 16.638603031075597, ""capacity_utilization"": 6247720.35, ""feasible"": true, ""n_runs"": 20, ""eligibility"": ""NO_CONCLUSION""}, {""value"": 6000000.0, ""strategy_id"": ""S8"", ""mean_fill"": 0.9940463572963463, ""p_meet"": 0.9, ""mean_cost"": 28588908.2663069, ""mcse_cost"": 14228.092081886794, ""mean_shortage_days"": 19.032605421686743, ""mean_cost_per_unit"": 22.880774152927046, ""capacity_utilization"": 6247720.35, ""feasible"": true, ""n_runs"": 20, ""eligibility"": ""NO_CONCLUSION""}]",feasibility does not change between 1500000.0 and 6000000.0; no threshold inside the recorded range,,
S8,sodium_bicarbonate_8_4_50ml,release_time,global.sterility_incubation_days,14.0,14.0,18.0,True,False,14.8125,feasible_below,"[{""value"": 14.0, ""strategy_id"": ""S8"", ""mean_fill"": 0.9940463572963463, ""p_meet"": 0.9, ""mean_cost"": 23389414.219705198, ""mcse_cost"": 14228.092081886713, ""mean_shortage_days"": 19.032605421686743, ""mean_cost_per_unit"": 18.719326738359417, ""capacity_utilization"": 6247720.35, ""feasible"": true, ""n_runs"": 20, ""eligibility"": ""NO_CONCLUSION""}, {""value"": 18.0, ""strategy_id"": ""S8"", ""mean_fill"": 0.9921657710392973, ""p_meet"": 0.8, ""mean_cost"": 23365795.701954167, ""mcse_cost"": 11214.067020253682, ""mean_shortage_days"": 22.523083242059144, ""mean_cost_per_unit"": 18.736485799581033, ""capacity_utilization"": 6235813.4, ""feasible"": false, ""n_runs"": 20, ""eligibility"": ""NO_CONCLUSION""}, {""value"": 16.0, ""strategy_id"": ""S8"", ""mean_fill"": 0.9932318567166346, ""p_meet"": 0.85, ""mean_cost"": 23368170.916174613, ""mcse_cost"": 11929.949499732453, ""mean_shortage_days"": 20.592819003285875, ""mean_cost_per_unit"": 18.718061644705777, ""capacity_utilization"": 6242549.5, ""feasible"": false, ""n_runs"": 20, ""eligibility"": ""NO_CONCLUSION""}, {""value"": 15.0, ""strategy_id"": ""S8"", ""mean_fill"": 0.9936097449125458, ""p_meet"": 0.85, ""mean_cost"": 23370747.275215466, ""mcse_cost"": 13102.705481780076, ""mean_shortage_days"": 19.79270947426068, ""mean_cost_per_unit"": 18.713494043452076, ""capacity_utilization"": 6244769.95, ""feasible"": false, ""n_runs"": 20, ""eligibility"": ""NO_CONCLUSION""}, {""value"": 14.5, ""strategy_id"": ""S8"", ""mean_fill"": 0.9940512214574492, ""p_meet"": 0.9, ""mean_cost"": 23382914.136144947, ""mcse_cost"": 14545.100013983783, ""mean_shortage_days"": 18.462527382256297, ""mean_cost_per_unit"": 18.71419462794908, ""capacity_utilization"": 6247715.75, ""feasible"": true, ""n_runs"": 20, ""eligibility"": ""NO_CONCLUSION""}, {""value"": 14.75, ""strategy_id"": ""S8"", ""mean_fill"": 0.9937213571566218, ""p_meet"": 0.9, ""mean_cost"": 23366784.611796018, ""mcse_cost"": 13492.037269496695, ""mean_shortage_days"": 20.052745071193865, ""mean_cost_per_unit"": 18.708063279962605, ""capacity_utilization"": 6245454.5, ""feasible"": true, ""n_runs"": 20, ""eligibility"": ""NO_CONCLUSION""}, {""value"": 14.875, ""strategy_id"": ""S8"", ""mean_fill"": 0.9937480785989118, ""p_meet"": 0.85, ""mean_cost"": 23370311.96014929, ""mcse_cost"": 12080.83147573224, ""mean_shortage_days"": 19.0026013143483, ""mean_cost_per_unit"": 18.710584760905448, ""capacity_utilization"": 6245642.85, ""feasible"": false, ""n_runs"": 20, ""eligibility"": ""NO_CONCLUSION""}]",bisection over 5 steps on 20 paired runs,14.75,14.875
S8,sodium_bicarbonate_8_4_50ml,shelf_life,product.shelf_life_months,12.0,24.0,36.0,False,True,23.625,feasible_above,"[{""value"": 12.0, ""strategy_id"": ""S8"", ""mean_fill"": 0.9494203574539632, ""p_meet"": 0.0, ""mean_cost"": 23581352.56815385, ""mcse_cost"": 17387.355557686566, ""mean_shortage_days"": 62.89861035049286, ""mean_cost_per_unit"": 19.76113388237803, ""capacity_utilization"": 5967093.75, ""feasible"": false, ""n_runs"": 20, ""eligibility"": ""NO_CONCLUSION""}, {""value"": 36.0, ""strategy_id"": ""S8"", ""mean_fill"": 0.9942724199235193, ""p_meet"": 0.9, ""mean_cost"": 23363661.113205876, ""mcse_cost"": 12737.660020347957, ""mean_shortage_days"": 17.66241785323111, ""mean_cost_per_unit"": 18.69435437986032, ""capacity_utilization"": 6249141.7, ""feasible"": true, ""n_runs"": 20, ""eligibility"": ""NO_CONCLUSION""}, {""value"": 24.0, ""strategy_id"": ""S8"", ""mean_fill"": 0.9940463572963463, ""p_meet"": 0.9, ""mean_cost"": 23389414.219705198, ""mcse_cost"": 14228.092081886713, ""mean_shortage_days"": 19.032605421686743, ""mean_cost_per_unit"": 18.719326738359417, ""capacity_utilization"": 6247720.35, ""feasible"": true, ""n_runs"": 20, ""eligibility"": ""NO_CONCLUSION""}, {""value"": 18.0, ""strategy_id"": ""S8"", ""mean_fill"": 0.9823578881246344, ""p_meet"": 0.25, ""mean_cost"": 23398477.944896657, ""mcse_cost"": 11971.751604573046, ""mean_shortage_days"": 37.70516155531216, ""mean_cost_per_unit"": 18.950493373114547, ""capacity_utilization"": 6174146.95, ""feasible"": false, ""n_runs"": 20, ""eligibility"": ""NO_CONCLUSION""}, {""value"": 21.0, ""strategy_id"": ""S8"", ""mean_fill"": 0.9904530908396213, ""p_meet"": 0.65, ""mean_cost"": 23391387.616446637, ""mcse_cost"": 13616.52199143912, ""mean_shortage_days"": 26.593640470974805, ""mean_cost_per_unit"": 18.789436669341328, ""capacity_utilization"": 6225091.7, ""feasible"": false, ""n_runs"": 20, ""eligibility"": ""NO_CONCLUSION""}, {""value"": 22.5, ""strategy_id"": ""S8"", ""mean_fill"": 0.9928179845857578, ""p_meet"": 0.85, ""mean_cost"": 23382529.954111177, ""mcse_cost"": 12858.165842174378, ""mean_shortage_days"": 22.92313800657174, ""mean_cost_per_unit"": 18.737277369374958, ""capacity_utilization"": 6239983.05, ""feasible"": false, ""n_runs"": 20, ""eligibility"": ""NO_CONCLUSION""}, {""value"": 23.25, ""strategy_id"": ""S8"", ""mean_fill"": 0.9935460540559449, ""p_meet"": 0.85, ""mean_cost"": 23370461.361048877, ""mcse_cost"": 14537.870658358084, ""mean_shortage_days"": 20.522809419496163, ""mean_cost_per_unit"": 18.713812533085754, ""capacity_utilization"": 6244585.35, ""feasible"": false, ""n_runs"": 20, ""eligibility"": ""NO_CONCLUSION""}]",bisection over 5 steps on 20 paired runs,23.25,24.0
S8,sodium_bicarbonate_8_4_50ml,raw_material_lead_time,product.material_lead_time_days,30.0,90.0,240.0,False,True,230.15625,feasible_above,"[{""value"": 30.0, ""strategy_id"": ""S8"", ""mean_fill"": 0.9932405423779782, ""p_meet"": 0.85, ""mean_cost"": 23352703.315322943, ""mcse_cost"": 14814.086901369012, ""mean_shortage_days"": 20.402792990142384, ""mean_cost_per_unit"": 18.704794045004494, ""capacity_utilization"": 6242507.45, ""feasible"": false, ""n_runs"": 20, ""eligibility"": ""NO_CONCLUSION""}, {""value"": 240.0, ""strategy_id"": ""S8"", ""mean_fill"": 0.9937160577263251, ""p_meet"": 0.9, ""mean_cost"": 23432413.930355355, ""mcse_cost"": 14715.370210722422, ""mean_shortage_days"": 19.452662924424974, ""mean_cost_per_unit"": 18.75972423397984, ""capacity_utilization"": 6245554.4, ""feasible"": true, ""n_runs"": 20, ""eligibility"": ""NO_CONCLUSION""}, {""value"": 135.0, ""strategy_id"": ""S8"", ""mean_fill"": 0.9924918700288803, ""p_meet"": 0.85, ""mean_cost"": 23399534.765773885, ""mcse_cost"": 13414.722483636504, ""mean_shortage_days"": 19.992736856516977, ""mean_cost_per_unit"": 18.756374580395978, ""capacity_utilization"": 6237526.75, ""feasible"": false, ""n_runs"": 20, ""eligibility"": ""NO_CONCLUSION""}, {""value"": 187.5, ""strategy_id"": ""S8"", ""mean_fill"": 0.9930770896068498, ""p_meet"": 0.85, ""mean_cost"": 23416030.483423132, ""mcse_cost"": 12685.489179462811, ""mean_shortage_days"": 20.35278614457831, ""mean_cost_per_unit"": 18.758521285695064, ""capacity_utilization"": 6241378.7, ""feasible"": false, ""n_runs"": 20, ""eligibility"": ""NO_CONCLUSION""}, {""value"": 213.75, ""strategy_id"": ""S8"", ""mean_fill"": 0.9934822876601066, ""p_meet"": 0.85, ""mean_cost"": 23423240.189236462, ""mcse_cost"": 13010.059165549495, ""mean_shortage_days"": 19.552676615553118, ""mean_cost_per_unit"": 18.756777405905016, ""capacity_utilization"": 6244023.8, ""feasible"": false, ""n_runs"": 20, ""eligibility"": ""NO_CONCLUSION""}, {""value"": 226.875, ""strategy_id"": ""S8"", ""mean_fill"": 0.9934292360610083, ""p_meet"": 0.85, ""mean_cost"": 23425519.651859693, ""mcse_cost"": 12768.082440558837, ""mean_shortage_days"": 19.652690306681272, ""mean_cost_per_unit"": 18.759603841298745, ""capacity_utilization"": 6243691.1, ""feasible"": false, ""n_runs"": 20, ""eligibility"": ""NO_CONCLUSION""}, {""value"": 233.4375, ""strategy_id"": ""S8"", ""mean_fill"": 0.9937160577263251, ""p_meet"": 0.9, ""mean_cost"": 23429748.401531532, ""mcse_cost"": 14942.22349636309, ""mean_shortage_days"": 19.452662924424974, ""mean_cost_per_unit"": 18.757586894099123, ""capacity_utilization"": 6245554.4, ""feasible"": true, ""n_runs"": 20, ""eligibility"": ""NO_CONCLUSION""}]",bisection over 5 steps on 20 paired runs,226.875,233.4375
S8,sodium_bicarbonate_8_4_50ml,common_cause_dependence,global.common_cause_events_per_year,0.02,0.1,0.3,True,False,0.111875,feasible_below,"[{""value"": 0.02, ""strategy_id"": ""S8"", ""mean_fill"": 0.9948034361763073, ""p_meet"": 0.95, ""mean_cost"": 23397384.044144034, ""mcse_cost"": 14331.943620074298, ""mean_shortage_days"": 16.332235761226727, ""mean_cost_per_unit"": 18.711334622275693, ""capacity_utilization"": 6252449.8, ""feasible"": true, ""n_runs"": 20, ""eligibility"": ""NO_CONCLUSION""}, {""value"": 0.3, ""strategy_id"": ""S8"", ""mean_fill"": 0.9793289430501974, ""p_meet"": 0.45, ""mean_cost"": 23271408.79736928, ""mcse_cost"": 34060.96260245892, ""mean_shortage_days"": 37.23509720700986, ""mean_cost_per_unit"": 18.909486567741745, ""capacity_utilization"": 6154148.4, ""feasible"": false, ""n_runs"": 20, ""eligibility"": ""NO_CONCLUSION""}, {""value"": 0.16, ""strategy_id"": ""S8"", ""mean_fill"": 0.9870487081840589, ""p_meet"": 0.65, ""mean_cost"": 23334225.686614595, ""mcse_cost"": 10154.988435999741, ""mean_shortage_days"": 26.493626779846657, ""mean_cost_per_unit"": 18.80840729335177, ""capacity_utilization"": 6203111.2, ""feasible"": false, ""n_runs"": 20, ""eligibility"": ""NO_CONCLUSION""}, {""value"": 0.09, ""strategy_id"": ""S8"", ""mean_fill"": 0.9940772168158496, ""p_meet"": 0.9, ""mean_cost"": 23383490.557315648, ""mcse_cost"": 13945.587253536482, ""mean_shortage_days"": 18.752567086527925, ""mean_cost_per_unit"": 18.714019820515386, ""capacity_utilization"": 6247912.55, ""feasible"": true, ""n_runs"": 20, ""eligibility"": ""NO_CONCLUSION""}, {""value"": 0.125, ""strategy_id"": ""S8"", ""mean_fill"": 0.9919011502919304, ""p_meet"": 0.85, ""mean_cost"": 23371989.351367675, ""mcse_cost"": 12973.649166618821, ""mean_shortage_days"": 21.602957283680173, ""mean_cost_per_unit"": 18.74570140410797, ""capacity_utilization"": 6233719.2, ""feasible"": false, ""n_runs"": 20, ""eligibility"": ""NO_CONCLUSION""}, {""value"": 0.1075, ""strategy_id"": ""S8"", ""mean_fill"": 0.9939717487601921, ""p_meet"": 0.9, ""mean_cost"": 23385772.156620074, ""mcse_cost"": 14339.715618825147, ""mean_shortage_days"": 19.61268483023001, ""mean_cost_per_unit"": 18.717844007849216, ""capacity_utilization"": 6247256.1, ""feasible"": true, ""n_runs"": 20, ""eligibility"": ""NO_CONCLUSION""}, {""value"": 0.11624999999999999, ""strategy_id"": ""S8"", ""mean_fill"": 0.9920319387785461, ""p_meet"": 0.85, ""mean_cost"": 23378164.850091092, ""mcse_cost"": 13968.402152309027, ""mean_shortage_days"": 21.17289841182913, ""mean_cost_per_unit"": 18.748132246988398, ""capacity_utilization"": 6234530.6, ""feasible"": false, ""n_runs"": 20, ""eligibility"": ""NO_CONCLUSION""}]",bisection over 5 steps on 20 paired runs,0.1075,0.11624999999999999
S8,sodium_bicarbonate_8_4_50ml,supplier_concentration,global.supplier_disruptions_per_supplier_year,0.05,0.2,0.6,True,False,0.31640625,feasible_below,"[{""value"": 0.05, ""strategy_id"": ""S8"", ""mean_fill"": 0.9940463572963463, ""p_meet"": 0.9, ""mean_cost"": 23386421.041053437, ""mcse_cost"": 14009.991919208822, ""mean_shortage_days"": 19.022604052573932, ""mean_cost_per_unit"": 18.716935566251415, ""capacity_utilization"": 6247720.35, ""feasible"": true, ""n_runs"": 20, ""eligibility"": ""NO_CONCLUSION""}, {""value"": 0.6, ""strategy_id"": ""S8"", ""mean_fill"": 0.9920577753071191, ""p_meet"": 0.85, ""mean_cost"": 23358336.274041116, ""mcse_cost"": 18815.39473371735, ""mean_shortage_days"": 21.953005202628695, ""mean_cost_per_unit"": 18.732883622609812, ""capacity_utilization"": 6235252.8, ""feasible"": false, ""n_runs"": 20, ""eligibility"": ""NO_CONCLUSION""}, {""value"": 0.325, ""strategy_id"": ""S8"", ""mean_fill"": 0.9938470444346817, ""p_meet"": 0.85, ""mean_cost"": 23380319.223482467, ""mcse_cost"": 14446.79524746531, ""mean_shortage_days"": 20.342784775465496, ""mean_cost_per_unit"": 18.715769970617927, ""capacity_utilization"": 6246448.55, ""feasible"": false, ""n_runs"": 20, ""eligibility"": ""NO_CONCLUSION""}, {""value"": 0.1875, ""strategy_id"": ""S8"", ""mean_fill"": 0.9940463572963463, ""p_meet"": 0.9, ""mean_cost"": 23394662.00991446, ""mcse_cost"": 13287.98553981306, ""mean_shortage_days"": 18.992599945235487, ""mean_cost_per_unit"": 18.723516879502377, ""capacity_utilization"": 6247720.35, ""feasible"": true, ""n_runs"": 20, ""eligibility"": ""NO_CONCLUSION""}, {""value"": 0.25625, ""strategy_id"": ""S8"", ""mean_fill"": 0.9940463572963463, ""p_meet"": 0.9, ""mean_cost"": 23386138.804008935, ""mcse_cost"": 14423.495238003228, ""mean_shortage_days"": 19.052608159912374, ""mean_cost_per_unit"": 18.71668544495123, ""capacity_utilization"": 6247720.35, ""feasible"": true, ""n_runs"": 20, ""eligibility"": ""NO_CONCLUSION""}, {""value"": 0.290625, ""strategy_id"": ""S8"", ""mean_fill"": 0.9940463572963463, ""p_meet"": 0.9, ""mean_cost"": 23385692.897878632, ""mcse_cost"": 14387.59574601307, ""mean_shortage_days"": 19.04260679079956, ""mean_cost_per_unit"": 18.71633192740349, ""capacity_utilization"": 6247720.35, ""feasible"": true, ""n_runs"": 20, ""eligibility"": ""NO_CONCLUSION""}, {""value"": 0.30781250000000004, ""strategy_id"": ""S8"", ""mean_fill"": 0.9940463572963463, ""p_meet"": 0.9, ""mean_cost"": 23384938.11880264, ""mcse_cost"": 14591.633228950834, ""mean_shortage_days"": 19.04260679079956, ""mean_cost_per_unit"": 18.71572149845858, ""capacity_utilization"": 6247720.35, ""feasible"": true, ""n_runs"": 20, ""eligibility"": ""NO_CONCLUSION""}]",bisection over 5 steps on 20 paired runs,0.30781250000000004,0.325
S8,sodium_bicarbonate_8_4_50ml,commissioning_days,global.node_commissioning_days,365.0,730.0,1095.0,True,True,,feasible_everywhere,"[{""value"": 365.0, ""strategy_id"": ""S8"", ""mean_fill"": 0.9940463572963463, ""p_meet"": 0.9, ""mean_cost"": 23389414.219705198, ""mcse_cost"": 14228.092081886713, ""mean_shortage_days"": 19.032605421686743, ""mean_cost_per_unit"": 18.719326738359417, ""capacity_utilization"": 6247720.35, ""feasible"": true, ""n_runs"": 20, ""eligibility"": ""NO_CONCLUSION""}, {""value"": 1095.0, ""strategy_id"": ""S8"", ""mean_fill"": 0.9940463572963463, ""p_meet"": 0.9, ""mean_cost"": 23389414.219705198, ""mcse_cost"": 14228.092081886713, ""mean_shortage_days"": 19.032605421686743, ""mean_cost_per_unit"": 18.719326738359417, ""capacity_utilization"": 6247720.35, ""feasible"": true, ""n_runs"": 20, ""eligibility"": ""NO_CONCLUSION""}]",feasibility does not change between 365.0 and 1095.0; no threshold inside the recorded range,,
S8,sodium_bicarbonate_8_4_50ml,activation_latency_days,global.reserved_capacity_activation_days,7.0,21.0,60.0,True,True,,feasible_everywhere,"[{""value"": 7.0, ""strategy_id"": ""S8"", ""mean_fill"": 0.9940463572963463, ""p_meet"": 0.9, ""mean_cost"": 23389414.219705198, ""mcse_cost"": 14228.092081886713, ""mean_shortage_days"": 19.032605421686743, ""mean_cost_per_unit"": 18.719326738359417, ""capacity_utilization"": 6247720.35, ""feasible"": true, ""n_runs"": 20, ""eligibility"": ""NO_CONCLUSION""}, {""value"": 60.0, ""strategy_id"": ""S8"", ""mean_fill"": 0.9940463572963463, ""p_meet"": 0.9, ""mean_cost"": 23389414.219705198, ""mcse_cost"": 14228.092081886713, ""mean_shortage_days"": 19.032605421686743, ""mean_cost_per_unit"": 18.719326738359417, ""capacity_utilization"": 6247720.35, ""feasible"": true, ""n_runs"": 20, ""eligibility"": ""NO_CONCLUSION""}]",feasibility does not change between 7.0 and 60.0; no threshold inside the recorded range,,
S8,sodium_bicarbonate_8_4_50ml,node_capital,product.capital_usd_per_site,15000000.0,40000000.0,100000000.0,True,True,,feasible_everywhere,"[{""value"": 15000000.0, ""strategy_id"": ""S8"", ""mean_fill"": 0.9940463572963463, ""p_meet"": 0.9, ""mean_cost"": 15010412.256067777, ""mcse_cost"": 14228.092081886736, ""mean_shortage_days"": 19.032605421686743, ""mean_cost_per_unit"": 12.013140377587327, ""capacity_utilization"": 6247720.35, ""feasible"": true, ""n_runs"": 20, ""eligibility"": ""NO_CONCLUSION""}, {""value"": 100000000.0, ""strategy_id"": ""S8"", ""mean_fill"": 0.9940463572963463, ""p_meet"": 0.9, ""mean_cost"": 43499018.932430156, ""mcse_cost"": 14228.092081886738, ""mean_shortage_days"": 19.032605421686743, ""mean_cost_per_unit"": 34.81417400420855, ""capacity_utilization"": 6247720.35, ""feasible"": true, ""n_runs"": 20, ""eligibility"": ""NO_CONCLUSION""}]",feasibility does not change between 15000000.0 and 100000000.0; no threshold inside the recorded range,,
S8,sodium_bicarbonate_8_4_50ml,batches_per_site_year,product.batches_per_site_year_nominal,30.0,45.0,70.0,False,True,43.125,feasible_above,"[{""value"": 30.0, ""strategy_id"": ""S8"", ""mean_fill"": 0.8702787760686324, ""p_meet"": 0.0, ""mean_cost"": 22512418.883383654, ""mcse_cost"": 23337.92379457495, ""mean_shortage_days"": 212.52909364731653, ""mean_cost_per_unit"": 20.636718146393456, ""capacity_utilization"": 5462386.25, ""feasible"": false, ""n_runs"": 20, ""eligibility"": ""NO_CONCLUSION""}, {""value"": 70.0, ""strategy_id"": ""S8"", ""mean_fill"": 0.9964098295900709, ""p_meet"": 0.95, ""mean_cost"": 23492607.10441332, ""mcse_cost"": 13550.321235868847, ""mean_shortage_days"": 6.9909570098576115, ""mean_cost_per_unit"": 18.75753413825253, ""capacity_utilization"": 6262426.9, ""feasible"": true, ""n_runs"": 20, ""eligibility"": ""NO_CONCLUSION""}, {""value"": 50.0, ""strategy_id"": ""S8"", ""mean_fill"": 0.9960902837777204, ""p_meet"": 0.95, ""mean_cost"": 23421413.76226613, ""mcse_cost"": 14906.179775751327, ""mean_shortage_days"": 10.01137048192771, ""mean_cost_per_unit"": 18.706665932235293, ""capacity_utilization"": 6260419.35, ""feasible"": true, ""n_runs"": 20, ""eligibility"": ""NO_CONCLUSION""}, {""value"": 40.0, ""strategy_id"": ""S8"", ""mean_fill"": 0.9826099650227211, ""p_meet"": 0.3, ""mean_cost"": 23288172.47943637, ""mcse_cost"": 16043.706383639059, ""mean_shortage_days"": 41.93574069003286, ""mean_cost_per_unit"": 18.856046488681685, ""capacity_utilization"": 6175124.5, ""feasible"": false, ""n_runs"": 20, ""eligibility"": ""NO_CONCLUSION""}, {""value"": 45.0, ""strategy_id"": ""S8"", ""mean_fill"": 0.9940463572963463, ""p_meet"": 0.9, ""mean_cost"": 23389414.219705198, ""mcse_cost"": 14228.092081886713, ""mean_shortage_days"": 19.032605421686743, ""mean_cost_per_unit"": 18.719326738359417, ""capacity_utilization"": 6247720.35, ""feasible"": true, ""n_runs"": 20, ""eligibility"": ""NO_CONCLUSION""}, {""value"": 42.5, ""strategy_id"": ""S8"", ""mean_fill"": 0.9834718917497673, ""p_meet"": 0.3, ""mean_cost"": 23294994.741008937, ""mcse_cost"": 14939.770373033623, ""mean_shortage_days"": 42.1657721796276, ""mean_cost_per_unit"": 18.84521357370472, ""capacity_utilization"": 6180523.55, ""feasible"": false, ""n_runs"": 20, ""eligibility"": ""NO_CONCLUSION""}, {""value"": 43.75, ""strategy_id"": ""S8"", ""mean_fill"": 0.9938934829557017, ""p_meet"": 0.9, ""mean_cost"": 23377032.561004374, ""mcse_cost"": 14070.50301252706, ""mean_shortage_days"": 19.192627327491785, ""mean_cost_per_unit"": 18.712394753791916, ""capacity_utilization"": 6246767.45, ""feasible"": true, ""n_runs"": 20, ""eligibility"": ""NO_CONCLUSION""}]",bisection over 5 steps on 20 paired runs,42.5,43.75
S8,sodium_bicarbonate_8_4_50ml,changeover_burden,product.changeover_days,1.0,3.0,10.0,True,False,6.484375,feasible_below,"[{""value"": 1.0, ""strategy_id"": ""S8"", ""mean_fill"": 0.9946405149351228, ""p_meet"": 0.9, ""mean_cost"": 23368412.64561209, ""mcse_cost"": 12768.896184118834, ""mean_shortage_days"": 17.932454819277105, ""mean_cost_per_unit"": 18.69170806877539, ""capacity_utilization"": 6251336.2, ""feasible"": true, ""n_runs"": 20, ""eligibility"": ""NO_CONCLUSION""}, {""value"": 10.0, ""strategy_id"": ""S8"", ""mean_fill"": 0.9307418082440375, ""p_meet"": 0.0, ""mean_cost"": 22712371.79115294, ""mcse_cost"": 18282.86827824547, ""mean_shortage_days"": 120.18645262869659, ""mean_cost_per_unit"": 19.42510938037065, ""capacity_utilization"": 5848261.8, ""feasible"": false, ""n_runs"": 20, ""eligibility"": ""NO_CONCLUSION""}, {""value"": 5.5, ""strategy_id"": ""S8"", ""mean_fill"": 0.993263184125871, ""p_meet"": 0.9, ""mean_cost"": 23381881.39974148, ""mcse_cost"": 13838.573785432385, ""mean_shortage_days"": 20.522809419496163, ""mean_cost_per_unit"": 18.72820476915488, ""capacity_utilization"": 6242728.4, ""feasible"": true, ""n_runs"": 20, ""eligibility"": ""NO_CONCLUSION""}, {""value"": 7.75, ""strategy_id"": ""S8"", ""mean_fill"": 0.9681774157476173, ""p_meet"": 0.0, ""mean_cost"": 23153995.845757913, ""mcse_cost"": 23815.67105011719, ""mean_shortage_days"": 59.618161281489584, ""mean_cost_per_unit"": 19.026654339419014, ""capacity_utilization"": 6084413.15, ""feasible"": false, ""n_runs"": 20, ""eligibility"": ""NO_CONCLUSION""}, {""value"": 6.625, ""strategy_id"": ""S8"", ""mean_fill"": 0.9819255285592774, ""p_meet"": 0.2, ""mean_cost"": 23290429.493087895, ""mcse_cost"": 13539.691350341225, ""mean_shortage_days"": 42.98588444687842, ""mean_cost_per_unit"": 18.870735489922616, ""capacity_utilization"": 6170916.6, ""feasible"": false, ""n_runs"": 20, ""eligibility"": ""NO_CONCLUSION""}, {""value"": 6.0625, ""strategy_id"": ""S8"", ""mean_fill"": 0.9930480450880653, ""p_meet"": 0.9, ""mean_cost"": 23371446.057257686, ""mcse_cost"": 11262.073338256458, ""mean_shortage_days"": 20.672829956188387, ""mean_cost_per_unit"": 18.72434436921502, ""capacity_utilization"": 6241330.0, ""feasible"": true, ""n_runs"": 20, ""eligibility"": ""NO_CONCLUSION""}, {""value"": 6.34375, ""strategy_id"": ""S8"", ""mean_fill"": 0.9930480450880653, ""p_meet"": 0.9, ""mean_cost"": 23371446.057257686, ""mcse_cost"": 11262.073338256458, ""mean_shortage_days"": 20.672829956188387, ""mean_cost_per_unit"": 18.72434436921502, ""capacity_utilization"": 6241330.0, ""feasible"": true, ""n_runs"": 20, ""eligibility"": ""NO_CONCLUSION""}]",bisection over 5 steps on 20 paired runs,6.34375,6.625
S9,sodium_bicarbonate_8_4_50ml,capacity_utilization,product.annual_demand_units,600000.0,1200000.0,2400000.0,True,False,1359375.0,feasible_below,"[{""value"": 600000.0, ""strategy_id"": ""S9"", ""mean_fill"": 1.0, ""p_meet"": 1.0, ""mean_cost"": 22653564.9676018, ""mcse_cost"": 6134.351925535097, ""mean_shortage_days"": 0.0, ""mean_cost_per_unit"": 36.04556411968141, ""capacity_utilization"": 3142458.6, ""feasible"": true, ""n_runs"": 20, ""eligibility"": ""NO_CONCLUSION""}, {""value"": 2400000.0, ""strategy_id"": ""S9"", ""mean_fill"": 0.6427589089461866, ""p_meet"": 0.0, ""mean_cost"": 24737724.320066202, ""mcse_cost"": 35925.1199091439, ""mean_shortage_days"": 268.0967004381161, ""mean_cost_per_unit"": 15.405232427488855, ""capacity_utilization"": 8040547.3, ""feasible"": false, ""n_runs"": 20, ""eligibility"": ""NO_CONCLUSION""}, {""value"": 1500000.0, ""strategy_id"": ""S9"", ""mean_fill"": 0.9789946028970646, ""p_meet"": 0.5, ""mean_cost"": 24493465.411797833, ""mcse_cost"": 32536.987357040576, ""mean_shortage_days"": 30.534179901423876, ""mean_cost_per_unit"": 15.936255313382485, ""capacity_utilization"": 7689090.35, ""feasible"": false, ""n_runs"": 20, ""eligibility"": ""NO_CONCLUSION""}, {""value"": 1050000.0, ""strategy_id"": ""S9"", ""mean_fill"": 1.0, ""p_meet"": 1.0, ""mean_cost"": 24024954.632771127, ""mcse_cost"": 10341.291955448694, ""mean_shortage_days"": 0.0, ""mean_cost_per_unit"": 21.844208974287703, ""capacity_utilization"": 5499303.25, ""feasible"": true, ""n_runs"": 20, ""eligibility"": ""NO_CONCLUSION""}, {""value"": 1275000.0, ""strategy_id"": ""S9"", ""mean_fill"": 0.9986676658148369, ""p_meet"": 0.95, ""mean_cost"": 24506481.59964858, ""mcse_cost"": 36325.80707956095, ""mean_shortage_days"": 2.2403066812705363, ""mean_cost_per_unit"": 18.374468198822317, ""capacity_utilization"": 6668911.3, ""feasible"": true, ""n_runs"": 20, ""eligibility"": ""NO_CONCLUSION""}, {""value"": 1387500.0, ""strategy_id"": ""S9"", ""mean_fill"": 0.9938321694202884, ""p_meet"": 0.7, ""mean_cost"": 24498996.649398927, ""mcse_cost"": 38185.181938316135, ""mean_shortage_days"": 6.510891292442497, ""mean_cost_per_unit"": 16.96249631644027, ""capacity_utilization"": 7222192.75, ""feasible"": false, ""n_runs"": 20, ""eligibility"": ""NO_CONCLUSION""}, {""value"": 1331250.0, ""strategy_id"": ""S9"", ""mean_fill"": 0.9971165835833677, ""p_meet"": 0.9, ""mean_cost"": 24509234.216651317, ""mcse_cost"": 39125.4939859477, ""mean_shortage_days"": 3.4904778203723987, ""mean_cost_per_unit"": 17.627810730866642, ""capacity_utilization"": 6952350.9, ""feasible"": true, ""n_runs"": 20, ""eligibility"": ""NO_CONCLUSION""}]",bisection over 5 steps on 20 paired runs,1331250.0,1387500.0
S9,sodium_bicarbonate_8_4_50ml,fixed_qa_labor_per_node,product.fixed_qa_labor_usd_per_site_year,1500000.0,3000000.0,6000000.0,True,True,,feasible_everywhere,"[{""value"": 1500000.0, ""strategy_id"": ""S9"", ""mean_fill"": 0.9995380998160102, ""p_meet"": 1.0, ""mean_cost"": 21525985.638302155, ""mcse_cost"": 23555.1042501276, ""mean_shortage_days"": 0.4300588718510405, ""mean_cost_per_unit"": 17.133447169739316, ""capacity_utilization"": 6282044.75, ""feasible"": true, ""n_runs"": 20, ""eligibility"": ""NO_CONCLUSION""}, {""value"": 6000000.0, ""strategy_id"": ""S9"", ""mean_fill"": 0.9995380998160102, ""p_meet"": 1.0, ""mean_cost"": 30151772.950031996, ""mcse_cost"": 23555.104250127508, ""mean_shortage_days"": 0.4300588718510405, ""mean_cost_per_unit"": 23.999313137596804, ""capacity_utilization"": 6282044.75, ""feasible"": true, ""n_runs"": 20, ""eligibility"": ""NO_CONCLUSION""}]",feasibility does not change between 1500000.0 and 6000000.0; no threshold inside the recorded range,,
S9,sodium_bicarbonate_8_4_50ml,release_time,global.sterility_incubation_days,14.0,14.0,18.0,True,True,,feasible_everywhere,"[{""value"": 14.0, ""strategy_id"": ""S9"", ""mean_fill"": 0.9995380998160102, ""p_meet"": 1.0, ""mean_cost"": 24401248.07554543, ""mcse_cost"": 23555.10425012749, ""mean_shortage_days"": 0.4300588718510405, ""mean_cost_per_unit"": 19.42206915902515, ""capacity_utilization"": 6282044.75, ""feasible"": true, ""n_runs"": 20, ""eligibility"": ""NO_CONCLUSION""}, {""value"": 18.0, ""strategy_id"": ""S9"", ""mean_fill"": 0.9994223286749865, ""p_meet"": 0.95, ""mean_cost"": 24401228.846542694, ""mcse_cost"": 24152.48524533983, ""mean_shortage_days"": 0.760104052573932, ""mean_cost_per_unit"": 19.424347523642012, ""capacity_utilization"": 6281326.3, ""feasible"": true, ""n_runs"": 20, ""eligibility"": ""NO_CONCLUSION""}]",feasibility does not change between 14.0 and 18.0; no threshold inside the recorded range,,
S9,sodium_bicarbonate_8_4_50ml,shelf_life,product.shelf_life_months,12.0,24.0,36.0,True,True,,feasible_everywhere,"[{""value"": 12.0, ""strategy_id"": ""S9"", ""mean_fill"": 0.998329658050998, ""p_meet"": 0.95, ""mean_cost"": 24449601.496105447, ""mcse_cost"": 28055.28377446517, ""mean_shortage_days"": 2.280312157721796, ""mean_cost_per_unit"": 19.48457486331842, ""capacity_utilization"": 6274501.05, ""feasible"": true, ""n_runs"": 20, ""eligibility"": ""NO_CONCLUSION""}, {""value"": 36.0, ""strategy_id"": ""S9"", ""mean_fill"": 0.9995380998160102, ""p_meet"": 1.0, ""mean_cost"": 24401248.07554543, ""mcse_cost"": 23555.10425012749, ""mean_shortage_days"": 0.4300588718510405, ""mean_cost_per_unit"": 19.42206915902515, ""capacity_utilization"": 6282044.75, ""feasible"": true, ""n_runs"": 20, ""eligibility"": ""NO_CONCLUSION""}]",feasibility does not change between 12.0 and 36.0; no threshold inside the recorded range,,
S9,sodium_bicarbonate_8_4_50ml,raw_material_lead_time,product.material_lead_time_days,30.0,90.0,240.0,True,True,,feasible_everywhere,"[{""value"": 30.0, ""strategy_id"": ""S9"", ""mean_fill"": 0.9987508002306928, ""p_meet"": 1.0, ""mean_cost"": 24367964.301546805, ""mcse_cost"": 26912.287447832998, ""mean_shortage_days"": 1.9502669769989047, ""mean_cost_per_unit"": 19.41088125633508, ""capacity_utilization"": 6277111.65, ""feasible"": true, ""n_runs"": 20, ""eligibility"": ""NO_CONCLUSION""}, {""value"": 240.0, ""strategy_id"": ""S9"", ""mean_fill"": 0.9995380998160102, ""p_meet"": 1.0, ""mean_cost"": 24462755.476994313, ""mcse_cost"": 19230.361698908197, ""mean_shortage_days"": 0.4000547645125958, ""mean_cost_per_unit"": 19.471106325081177, ""capacity_utilization"": 6282044.75, ""feasible"": true, ""n_runs"": 20, ""eligibility"": ""NO_CONCLUSION""}]",feasibility does not change between 30.0 and 240.0; no threshold inside the recorded range,,
S9,sodium_bicarbonate_8_4_50ml,common_cause_dependence,global.common_cause_events_per_year,0.02,0.1,0.3,True,True,,feasible_everywhere,"[{""value"": 0.02, ""strategy_id"": ""S9"", ""mean_fill"": 1.0, ""p_meet"": 1.0, ""mean_cost"": 24466877.247540183, ""mcse_cost"": 10820.499299534065, ""mean_shortage_days"": 0.04000547645125958, ""mean_cost_per_unit"": 19.465257746806703, ""capacity_utilization"": 6284911.2, ""feasible"": true, ""n_runs"": 20, ""eligibility"": ""NO_CONCLUSION""}, {""value"": 0.3, ""strategy_id"": ""S9"", ""mean_fill"": 0.9947900403991335, ""p_meet"": 0.9, ""mean_cost"": 24159829.82582704, ""mcse_cost"": 45184.47093460511, ""mean_shortage_days"": 5.27072152245345, ""mean_cost_per_unit"": 19.324940126950196, ""capacity_utilization"": 6251609.0, ""feasible"": true, ""n_runs"": 20, ""eligibility"": ""NO_CONCLUSION""}]",feasibility does not change between 0.02 and 0.3; no threshold inside the recorded range,,
S9,sodium_bicarbonate_8_4_50ml,supplier_concentration,global.supplier_disruptions_per_supplier_year,0.05,0.2,0.6,True,True,,feasible_everywhere,"[{""value"": 0.05, ""strategy_id"": ""S9"", ""mean_fill"": 0.9995380998160102, ""p_meet"": 1.0, ""mean_cost"": 24416862.90044046, ""mcse_cost"": 20283.85314651307, ""mean_shortage_days"": 0.4000547645125958, ""mean_cost_per_unit"": 19.434546171055278, ""capacity_utilization"": 6282044.75, ""feasible"": true, ""n_runs"": 20, ""eligibility"": ""NO_CONCLUSION""}, {""value"": 0.6, ""strategy_id"": ""S9"", ""mean_fill"": 0.9986353302268005, ""p_meet"": 1.0, ""mean_cost"": 24348131.29563489, ""mcse_cost"": 32354.860245645155, ""mean_shortage_days"": 1.720235487404162, ""mean_cost_per_unit"": 19.397245603202048, ""capacity_utilization"": 6276407.75, ""feasible"": true, ""n_runs"": 20, ""eligibility"": ""NO_CONCLUSION""}]",feasibility does not change between 0.05 and 0.6; no threshold inside the recorded range,,
S9,sodium_bicarbonate_8_4_50ml,commissioning_days,global.node_commissioning_days,365.0,730.0,1095.0,True,True,,feasible_everywhere,"[{""value"": 365.0, ""strategy_id"": ""S9"", ""mean_fill"": 0.9995380998160102, ""p_meet"": 1.0, ""mean_cost"": 24401248.07554543, ""mcse_cost"": 23555.10425012749, ""mean_shortage_days"": 0.4300588718510405, ""mean_cost_per_unit"": 19.42206915902515, ""capacity_utilization"": 6282044.75, ""feasible"": true, ""n_runs"": 20, ""eligibility"": ""NO_CONCLUSION""}, {""value"": 1095.0, ""strategy_id"": ""S9"", ""mean_fill"": 0.9995380998160102, ""p_meet"": 1.0, ""mean_cost"": 24401248.07554543, ""mcse_cost"": 23555.10425012749, ""mean_shortage_days"": 0.4300588718510405, ""mean_cost_per_unit"": 19.42206915902515, ""capacity_utilization"": 6282044.75, ""feasible"": true, ""n_runs"": 20, ""eligibility"": ""NO_CONCLUSION""}]",feasibility does not change between 365.0 and 1095.0; no threshold inside the recorded range,,
S9,sodium_bicarbonate_8_4_50ml,activation_latency_days,global.reserved_capacity_activation_days,7.0,21.0,60.0,True,True,,feasible_everywhere,"[{""value"": 7.0, ""strategy_id"": ""S9"", ""mean_fill"": 0.9995380998160102, ""p_meet"": 1.0, ""mean_cost"": 24401248.07554543, ""mcse_cost"": 23555.10425012749, ""mean_shortage_days"": 0.4300588718510405, ""mean_cost_per_unit"": 19.42206915902515, ""capacity_utilization"": 6282044.75, ""feasible"": true, ""n_runs"": 20, ""eligibility"": ""NO_CONCLUSION""}, {""value"": 60.0, ""strategy_id"": ""S9"", ""mean_fill"": 0.9995380998160102, ""p_meet"": 1.0, ""mean_cost"": 24401248.07554543, ""mcse_cost"": 23555.10425012749, ""mean_shortage_days"": 0.4300588718510405, ""mean_cost_per_unit"": 19.42206915902515, ""capacity_utilization"": 6282044.75, ""feasible"": true, ""n_runs"": 20, ""eligibility"": ""NO_CONCLUSION""}]",feasibility does not change between 7.0 and 60.0; no threshold inside the recorded range,,
S9,sodium_bicarbonate_8_4_50ml,node_capital,product.capital_usd_per_site,15000000.0,40000000.0,100000000.0,True,True,,feasible_everywhere,"[{""value"": 15000000.0, ""strategy_id"": ""S9"", ""mean_fill"": 0.9995380998160102, ""p_meet"": 1.0, ""mean_cost"": 16263978.331419513, ""mcse_cost"": 23555.104250127555, ""mean_shortage_days"": 0.4300588718510405, ""mean_cost_per_unit"": 12.945048408525526, ""capacity_utilization"": 6282044.75, ""feasible"": true, ""n_runs"": 20, ""eligibility"": ""NO_CONCLUSION""}, {""value"": 100000000.0, ""strategy_id"": ""S9"", ""mean_fill"": 0.9995380998160102, ""p_meet"": 1.0, ""mean_cost"": 43930695.46144466, ""mcse_cost"": 23555.104250127573, ""mean_shortage_days"": 0.4300588718510405, ""mean_cost_per_unit"": 34.96691896022186, ""capacity_utilization"": 6282044.75, ""feasible"": true, ""n_runs"": 20, ""eligibility"": ""NO_CONCLUSION""}]",feasibility does not change between 15000000.0 and 100000000.0; no threshold inside the recorded range,,
S9,sodium_bicarbonate_8_4_50ml,batches_per_site_year,product.batches_per_site_year_nominal,30.0,45.0,70.0,False,True,40.625,feasible_above,"[{""value"": 30.0, ""strategy_id"": ""S9"", ""mean_fill"": 0.8976352447398653, ""p_meet"": 0.0, ""mean_cost"": 23466188.512411702, ""mcse_cost"": 25226.055657053083, ""mean_shortage_days"": 155.04122398685652, ""mean_cost_per_unit"": 20.856540300626673, ""capacity_utilization"": 5634622.35, ""feasible"": false, ""n_runs"": 20, ""eligibility"": ""NO_CONCLUSION""}, {""value"": 70.0, ""strategy_id"": ""S9"", ""mean_fill"": 1.0, ""p_meet"": 1.0, ""mean_cost"": 24557309.74544502, ""mcse_cost"": 11269.003248538795, ""mean_shortage_days"": 0.0, ""mean_cost_per_unit"": 19.53720781955132, ""capacity_utilization"": 6284911.2, ""feasible"": true, ""n_runs"": 20, ""eligibility"": ""NO_CONCLUSION""}, {""value"": 50.0, ""strategy_id"": ""S9"", ""mean_fill"": 1.0, ""p_meet"": 1.0, ""mean_cost"": 24481106.729603168, ""mcse_cost"": 11680.047240852557, ""mean_shortage_days"": 0.0, ""mean_cost_per_unit"": 19.476567485747076, ""capacity_utilization"": 6284911.2, ""feasible"": true, ""n_runs"": 20, ""eligibility"": ""NO_CONCLUSION""}, {""value"": 40.0, ""strategy_id"": ""S9"", ""mean_fill"": 0.9971912413557167, ""p_meet"": 0.85, ""mean_cost"": 24153846.272574186, ""mcse_cost"": 35738.0232484096, ""mean_shortage_days"": 3.560487404162103, ""mean_cost_per_unit"": 19.270962170812275, ""capacity_utilization"": 6267376.95, ""feasible"": false, ""n_runs"": 20, ""eligibility"": ""NO_CONCLUSION""}, {""value"": 45.0, ""strategy_id"": ""S9"", ""mean_fill"": 0.9995380998160102, ""p_meet"": 1.0, ""mean_cost"": 24401248.07554543, ""mcse_cost"": 23555.10425012749, ""mean_shortage_days"": 0.4300588718510405, ""mean_cost_per_unit"": 19.42206915902515, ""capacity_utilization"": 6282044.75, ""feasible"": true, ""n_runs"": 20, ""eligibility"": ""NO_CONCLUSION""}, {""value"": 42.5, ""strategy_id"": ""S9"", ""mean_fill"": 0.9996917486399269, ""p_meet"": 1.0, ""mean_cost"": 24397202.06997263, ""mcse_cost"": 24320.04598786567, ""mean_shortage_days"": 0.8501163745892661, ""mean_cost_per_unit"": 19.415808526615304, ""capacity_utilization"": 6282995.65, ""feasible"": true, ""n_runs"": 20, ""eligibility"": ""NO_CONCLUSION""}, {""value"": 41.25, ""strategy_id"": ""S9"", ""mean_fill"": 0.999293987739113, ""p_meet"": 1.0, ""mean_cost"": 24392536.351599745, ""mcse_cost"": 26029.493475577252, ""mean_shortage_days"": 1.2601725082146769, ""mean_cost_per_unit"": 19.41981948386283, ""capacity_utilization"": 6280514.4, ""feasible"": true, ""n_runs"": 20, ""eligibility"": ""NO_CONCLUSION""}]",bisection over 5 steps on 20 paired runs,40.0,41.25
S9,sodium_bicarbonate_8_4_50ml,changeover_burden,product.changeover_days,1.0,3.0,10.0,True,False,8.453125,feasible_below,"[{""value"": 1.0, ""strategy_id"": ""S9"", ""mean_fill"": 0.9995894632389364, ""p_meet"": 1.0, ""mean_cost"": 24402685.015256293, ""mcse_cost"": 23432.654754677158, ""mean_shortage_days"": 0.4500616100766702, ""mean_cost_per_unit"": 19.422195759126925, ""capacity_utilization"": 6282363.5, ""feasible"": true, ""n_runs"": 20, ""eligibility"": ""NO_CONCLUSION""}, {""value"": 10.0, ""strategy_id"": ""S9"", ""mean_fill"": 0.9716510665279403, ""p_meet"": 0.3, ""mean_cost"": 23678407.05717825, ""mcse_cost"": 21791.35905072877, ""mean_shortage_days"": 42.96588170865279, ""mean_cost_per_unit"": 19.407960094475648, ""capacity_utilization"": 6103594.45, ""feasible"": false, ""n_runs"": 20, ""eligibility"": ""NO_CONCLUSION""}, {""value"": 5.5, ""strategy_id"": ""S9"", ""mean_fill"": 0.9994843434618513, ""p_meet"": 0.95, ""mean_cost"": 24399996.679258805, ""mcse_cost"": 23798.941325975517, ""mean_shortage_days"": 0.5800794085432639, ""mean_cost_per_unit"": 19.422129338479408, ""capacity_utilization"": 6281711.15, ""feasible"": true, ""n_runs"": 20, ""eligibility"": ""NO_CONCLUSION""}, {""value"": 7.75, ""strategy_id"": ""S9"", ""mean_fill"": 0.997687565719828, ""p_meet"": 0.9, ""mean_cost"": 24187812.523632832, ""mcse_cost"": 33560.34500807937, ""mean_shortage_days"": 3.160432639649507, ""mean_cost_per_unit"": 19.288354375218766, ""capacity_utilization"": 6270493.4, ""feasible"": true, ""n_runs"": 20, ""eligibility"": ""NO_CONCLUSION""}, {""value"": 8.875, ""strategy_id"": ""S9"", ""mean_fill"": 0.9921000797049132, ""p_meet"": 0.7, ""mean_cost"": 23903500.64781312, ""mcse_cost"": 27398.723695853394, ""mean_shortage_days"": 10.241401971522453, ""mean_cost_per_unit"": 19.17084390262169, ""capacity_utilization"": 6235266.9, ""feasible"": false, ""n_runs"": 20, ""eligibility"": ""NO_CONCLUSION""}, {""value"": 8.3125, ""strategy_id"": ""S9"", ""mean_fill"": 0.997687565719828, ""p_meet"": 0.9, ""mean_cost"": 24187812.523632832, ""mcse_cost"": 33560.34500807937, ""mean_shortage_days"": 3.160432639649507, ""mean_cost_per_unit"": 19.288354375218766, ""capacity_utilization"": 6270493.4, ""feasible"": true, ""n_runs"": 20, ""eligibility"": ""NO_CONCLUSION""}, {""value"": 8.59375, ""strategy_id"": ""S9"", ""mean_fill"": 0.9921000797049132, ""p_meet"": 0.7, ""mean_cost"": 23903500.64781312, ""mcse_cost"": 27398.723695853394, ""mean_shortage_days"": 10.241401971522453, ""mean_cost_per_unit"": 19.17084390262169, ""capacity_utilization"": 6235266.9, ""feasible"": false, ""n_runs"": 20, ""eligibility"": ""NO_CONCLUSION""}]",bisection over 5 steps on 20 paired runs,8.3125,8.59375
S10,sodium_bicarbonate_8_4_50ml,capacity_utilization,product.annual_demand_units,600000.0,1200000.0,2400000.0,True,False,1190625.0,feasible_below,"[{""value"": 600000.0, ""strategy_id"": ""S10"", ""mean_fill"": 1.0, ""p_meet"": 1.0, ""mean_cost"": 17253706.71017579, ""mcse_cost"": 6674.02475664379, ""mean_shortage_days"": 0.0, ""mean_cost_per_unit"": 27.453426222683838, ""capacity_utilization"": 3142458.6, ""feasible"": true, ""n_runs"": 20, ""eligibility"": ""NO_CONCLUSION""}, {""value"": 2400000.0, ""strategy_id"": ""S10"", ""mean_fill"": 0.5441206572461116, ""p_meet"": 0.0, ""mean_cost"": 18690438.72085356, ""mcse_cost"": 32217.055292981204, ""mean_shortage_days"": 271.6371851040525, ""mean_cost_per_unit"": 13.789088170192159, ""capacity_utilization"": 6788424.9, ""feasible"": false, ""n_runs"": 20, ""eligibility"": ""NO_CONCLUSION""}, {""value"": 1500000.0, ""strategy_id"": ""S10"", ""mean_fill"": 0.8564278168018152, ""p_meet"": 0.0, ""mean_cost"": 18532107.75607903, ""mcse_cost"": 31397.894590878037, ""mean_shortage_days"": 146.18001095290253, ""mean_cost_per_unit"": 13.839671301138813, ""capacity_utilization"": 6706719.85, ""feasible"": false, ""n_runs"": 20, ""eligibility"": ""NO_CONCLUSION""}, {""value"": 1050000.0, ""strategy_id"": ""S10"", ""mean_fill"": 1.0, ""p_meet"": 1.0, ""mean_cost"": 18491136.087729648, ""mcse_cost"": 34562.39600865253, ""mean_shortage_days"": 0.0, ""mean_cost_per_unit"": 16.812946486487725, ""capacity_utilization"": 5499303.25, ""feasible"": true, ""n_runs"": 20, ""eligibility"": ""NO_CONCLUSION""}, {""value"": 1275000.0, ""strategy_id"": ""S10"", ""mean_fill"": 0.9814468092962558, ""p_meet"": 0.65, ""mean_cost"": 18478508.121793993, ""mcse_cost"": 33828.256246375066, ""mean_shortage_days"": 31.854360624315444, ""mean_cost_per_unit"": 14.122145387306764, ""capacity_utilization"": 6548328.15, ""feasible"": false, ""n_runs"": 20, ""eligibility"": ""NO_CONCLUSION""}, {""value"": 1162500.0, ""strategy_id"": ""S10"", ""mean_fill"": 0.9979465439460761, ""p_meet"": 0.9, ""mean_cost"": 18484844.514401484, ""mcse_cost"": 36673.87437078501, ""mean_shortage_days"": 2.8103847207009856, ""mean_cost_per_unit"": 15.211985546495232, ""capacity_utilization"": 6075954.85, ""feasible"": true, ""n_runs"": 20, ""eligibility"": ""NO_CONCLUSION""}, {""value"": 1218750.0, ""strategy_id"": ""S10"", ""mean_fill"": 0.992441547510581, ""p_meet"": 0.8, ""mean_cost"": 18480103.909087013, ""mcse_cost"": 34808.20776598133, ""mean_shortage_days"": 11.811616922234393, ""mean_cost_per_unit"": 14.589991402303449, ""capacity_utilization"": 6334585.9, ""feasible"": false, ""n_runs"": 20, ""eligibility"": ""NO_CONCLUSION""}]",bisection over 5 steps on 20 paired runs,1162500.0,1218750.0
S10,sodium_bicarbonate_8_4_50ml,fixed_qa_labor_per_node,product.fixed_qa_labor_usd_per_site_year,1500000.0,3000000.0,6000000.0,True,True,,feasible_everywhere,"[{""value"": 1500000.0, ""strategy_id"": ""S10"", ""mean_fill"": 0.9946860315389767, ""p_meet"": 0.9, ""mean_cost"": 16522124.85729, ""mcse_cost"": 35700.35508519069, ""mean_shortage_days"": 9.511302026286966, ""mean_cost_per_unit"": 13.216490229220216, ""capacity_utilization"": 6251327.2, ""feasible"": true, ""n_runs"": 20, ""eligibility"": ""NO_CONCLUSION""}, {""value"": 6000000.0, ""strategy_id"": ""S10"", ""mean_fill"": 0.9946860315389767, ""p_meet"": 0.9, ""mean_cost"": 22401516.225153886, ""mcse_cost"": 35700.35508519065, ""mean_shortage_days"": 9.511302026286966, ""mean_cost_per_unit"": 17.92004016435942, ""capacity_utilization"": 6251327.2, ""feasible"": true, ""n_runs"": 20, ""eligibility"": ""NO_CONCLUSION""}]",feasibility does not change between 1500000.0 and 6000000.0; no threshold inside the recorded range,,
S10,sodium_bicarbonate_8_4_50ml,release_time,global.sterility_incubation_days,14.0,14.0,18.0,True,True,,feasible_everywhere,"[{""value"": 14.0, ""strategy_id"": ""S10"", ""mean_fill"": 0.9946860315389767, ""p_meet"": 0.9, ""mean_cost"": 18481921.979911298, ""mcse_cost"": 35700.355085190735, ""mean_shortage_days"": 9.511302026286966, ""mean_cost_per_unit"": 14.78434020759995, ""capacity_utilization"": 6251327.2, ""feasible"": true, ""n_runs"": 20, ""eligibility"": ""NO_CONCLUSION""}, {""value"": 18.0, ""strategy_id"": ""S10"", ""mean_fill"": 0.994202689800853, ""p_meet"": 0.9, ""mean_cost"": 18476821.23415525, ""mcse_cost"": 35514.646405899395, ""mean_shortage_days"": 10.151389649507118, ""mean_cost_per_unit"": 14.787901694235122, ""capacity_utilization"": 6248179.15, ""feasible"": true, ""n_runs"": 20, ""eligibility"": ""NO_CONCLUSION""}]",feasibility does not change between 14.0 and 18.0; no threshold inside the recorded range,,
S10,sodium_bicarbonate_8_4_50ml,shelf_life,product.shelf_life_months,12.0,24.0,36.0,False,True,12.375,feasible_above,"[{""value"": 12.0, ""strategy_id"": ""S10"", ""mean_fill"": 0.991852099587603, ""p_meet"": 0.8, ""mean_cost"": 18484565.068370905, ""mcse_cost"": 34750.136590047914, ""mean_shortage_days"": 13.311822289156627, ""mean_cost_per_unit"": 14.83035502773345, ""capacity_utilization"": 6233462.25, ""feasible"": false, ""n_runs"": 20, ""eligibility"": ""NO_CONCLUSION""}, {""value"": 36.0, ""strategy_id"": ""S10"", ""mean_fill"": 0.9946860315389767, ""p_meet"": 0.9, ""mean_cost"": 18481921.979911298, ""mcse_cost"": 35700.355085190735, ""mean_shortage_days"": 9.511302026286966, ""mean_cost_per_unit"": 14.78434020759995, ""capacity_utilization"": 6251327.2, ""feasible"": true, ""n_runs"": 20, ""eligibility"": ""NO_CONCLUSION""}, {""value"": 24.0, ""strategy_id"": ""S10"", ""mean_fill"": 0.9946860315389767, ""p_meet"": 0.9, ""mean_cost"": 18481921.979911298, ""mcse_cost"": 35700.355085190735, ""mean_shortage_days"": 9.511302026286966, ""mean_cost_per_unit"": 14.78434020759995, ""capacity_utilization"": 6251327.2, ""feasible"": true, ""n_runs"": 20, ""eligibility"": ""NO_CONCLUSION""}, {""value"": 18.0, ""strategy_id"": ""S10"", ""mean_fill"": 0.9946860315389767, ""p_meet"": 0.9, ""mean_cost"": 18481921.979911298, ""mcse_cost"": 35700.355085190735, ""mean_shortage_days"": 9.511302026286966, ""mean_cost_per_unit"": 14.78434020759995, ""capacity_utilization"": 6251327.2, ""feasible"": true, ""n_runs"": 20, ""eligibility"": ""NO_CONCLUSION""}, {""value"": 15.0, ""strategy_id"": ""S10"", ""mean_fill"": 0.9946860315389767, ""p_meet"": 0.9, ""mean_cost"": 18481921.979911298, ""mcse_cost"": 35700.355085190735, ""mean_shortage_days"": 9.511302026286966, ""mean_cost_per_unit"": 14.78434020759995, ""capacity_utilization"": 6251327.2, ""feasible"": true, ""n_runs"": 20, ""eligibility"": ""NO_CONCLUSION""}, {""value"": 13.5, ""strategy_id"": ""S10"", ""mean_fill"": 0.9946860315389767, ""p_meet"": 0.9, ""mean_cost"": 18481921.979911298, ""mcse_cost"": 35700.355085190735, ""mean_shortage_days"": 9.511302026286966, ""mean_cost_per_unit"": 14.78434020759995, ""capacity_utilization"": 6251327.2, ""feasible"": true, ""n_runs"": 20, ""eligibility"": ""NO_CONCLUSION""}, {""value"": 12.75, ""strategy_id"": ""S10"", ""mean_fill"": 0.9941232195132768, ""p_meet"": 0.9, ""mean_cost"": 18482554.870243568, ""mcse_cost"": 35493.63204010761, ""mean_shortage_days"": 10.651458105147864, ""mean_cost_per_unit"": 14.793485790085024, ""capacity_utilization"": 6247787.45, ""feasible"": true, ""n_runs"": 20, ""eligibility"": ""NO_CONCLUSION""}]",bisection over 5 steps on 20 paired runs,12.0,12.75
S10,sodium_bicarbonate_8_4_50ml,raw_material_lead_time,product.material_lead_time_days,30.0,90.0,240.0,True,True,,feasible_everywhere,"[{""value"": 30.0, ""strategy_id"": ""S10"", ""mean_fill"": 0.9949200805049546, ""p_meet"": 0.9, ""mean_cost"": 18440365.63747086, ""mcse_cost"": 35363.78435288571, ""mean_shortage_days"": 7.290998083242059, ""mean_cost_per_unit"": 14.747493798912384, ""capacity_utilization"": 6252788.45, ""feasible"": true, ""n_runs"": 20, ""eligibility"": ""NO_CONCLUSION""}, {""value"": 240.0, ""strategy_id"": ""S10"", ""mean_fill"": 0.9952046442295448, ""p_meet"": 0.9, ""mean_cost"": 18592975.348324124, ""mcse_cost"": 37507.635509330576, ""mean_shortage_days"": 7.66104874041621, ""mean_cost_per_unit"": 14.86503509356327, ""capacity_utilization"": 6254586.3, ""feasible"": true, ""n_runs"": 20, ""eligibility"": ""NO_CONCLUSION""}]",feasibility does not change between 30.0 and 240.0; no threshold inside the recorded range,,
S10,sodium_bicarbonate_8_4_50ml,common_cause_dependence,global.common_cause_events_per_year,0.02,0.1,0.3,True,False,0.103125,feasible_below,"[{""value"": 0.02, ""strategy_id"": ""S10"", ""mean_fill"": 1.0, ""p_meet"": 1.0, ""mean_cost"": 18666920.94456739, ""mcse_cost"": 24307.134079214244, ""mean_shortage_days"": 0.0, ""mean_cost_per_unit"": 14.85165149201176, ""capacity_utilization"": 6284911.2, ""feasible"": true, ""n_runs"": 20, ""eligibility"": ""NO_CONCLUSION""}, {""value"": 0.3, ""strategy_id"": ""S10"", ""mean_fill"": 0.9563113551288527, ""p_meet"": 0.45, ""mean_cost"": 18202109.322059855, ""mcse_cost"": 48248.84464530279, ""mean_shortage_days"": 44.006024096385545, ""mean_cost_per_unit"": 15.21406323303184, ""capacity_utilization"": 6002216.35, ""feasible"": false, ""n_runs"": 20, ""eligibility"": ""NO_CONCLUSION""}, {""value"": 0.16, ""strategy_id"": ""S10"", ""mean_fill"": 0.9872810405112113, ""p_meet"": 0.75, ""mean_cost"": 18366720.837353565, ""mcse_cost"": 34217.57767738428, ""mean_shortage_days"": 15.46211664841183, ""mean_cost_per_unit"": 14.807391958810475, ""capacity_utilization"": 6204280.15, ""feasible"": false, ""n_runs"": 20, ""eligibility"": ""NO_CONCLUSION""}, {""value"": 0.09, ""strategy_id"": ""S10"", ""mean_fill"": 0.9947516684684091, ""p_meet"": 0.9, ""mean_cost"": 18505988.918160953, ""mcse_cost"": 34837.86436038696, ""mean_shortage_days"": 8.081106243154435, ""mean_cost_per_unit"": 14.802656228347104, ""capacity_utilization"": 6251760.35, ""feasible"": true, ""n_runs"": 20, ""eligibility"": ""NO_CONCLUSION""}, {""value"": 0.125, ""strategy_id"": ""S10"", ""mean_fill"": 0.9915700638115453, ""p_meet"": 0.8, ""mean_cost"": 18447007.922757946, ""mcse_cost"": 38652.07174323662, ""mean_shortage_days"": 13.271816812705367, ""mean_cost_per_unit"": 14.80385623391732, ""capacity_utilization"": 6231902.8, ""feasible"": false, ""n_runs"": 20, ""eligibility"": ""NO_CONCLUSION""}, {""value"": 0.1075, ""strategy_id"": ""S10"", ""mean_fill"": 0.9908874806506063, ""p_meet"": 0.8, ""mean_cost"": 18461646.420610525, ""mcse_cost"": 40670.34134196205, ""mean_shortage_days"": 12.111657995618838, ""mean_cost_per_unit"": 14.828152498426508, ""capacity_utilization"": 6227300.05, ""feasible"": false, ""n_runs"": 20, ""eligibility"": ""NO_CONCLUSION""}, {""value"": 0.09875, ""strategy_id"": ""S10"", ""mean_fill"": 0.9946860315389767, ""p_meet"": 0.9, ""mean_cost"": 18494182.45063471, ""mcse_cost"": 37034.85561192381, ""mean_shortage_days"": 9.511302026286966, ""mean_cost_per_unit"": 14.794181530227752, ""capacity_utilization"": 6251327.2, ""feasible"": true, ""n_runs"": 20, ""eligibility"": ""NO_CONCLUSION""}]",bisection over 5 steps on 20 paired runs,0.09875,0.1075
S10,sodium_bicarbonate_8_4_50ml,supplier_concentration,global.supplier_disruptions_per_supplier_year,0.05,0.2,0.6,True,False,0.21328124999999998,feasible_below,"[{""value"": 0.05, ""strategy_id"": ""S10"", ""mean_fill"": 0.9952046442295448, ""p_meet"": 0.9, ""mean_cost"": 18504622.42628966, ""mcse_cost"": 37673.62325652979, ""mean_shortage_days"": 7.66104874041621, ""mean_cost_per_unit"": 14.794378191248555, ""capacity_utilization"": 6254586.3, ""feasible"": true, ""n_runs"": 20, ""eligibility"": ""NO_CONCLUSION""}, {""value"": 0.6, ""strategy_id"": ""S10"", ""mean_fill"": 0.9927540422833869, ""p_meet"": 0.8, ""mean_cost"": 18456079.462392125, ""mcse_cost"": 42134.880336768074, ""mean_shortage_days"": 9.771337623220152, ""mean_cost_per_unit"": 14.797635603281549, ""capacity_utilization"": 6237321.35, ""feasible"": false, ""n_runs"": 20, ""eligibility"": ""NO_CONCLUSION""}, {""value"": 0.325, ""strategy_id"": ""S10"", ""mean_fill"": 0.9944179758534508, ""p_meet"": 0.85, ""mean_cost"": 18460449.992132887, ""mcse_cost"": 33862.22917530444, ""mean_shortage_days"": 7.871077491785323, ""mean_cost_per_unit"": 14.771369314156251, ""capacity_utilization"": 6249696.35, ""feasible"": false, ""n_runs"": 20, ""eligibility"": ""NO_CONCLUSION""}, {""value"": 0.1875, ""strategy_id"": ""S10"", ""mean_fill"": 0.9946860315389767, ""p_meet"": 0.9, ""mean_cost"": 18489756.41626958, ""mcse_cost"": 36600.30360324434, ""mean_shortage_days"": 9.511302026286966, ""mean_cost_per_unit"": 14.790313880770196, ""capacity_utilization"": 6251327.2, ""feasible"": true, ""n_runs"": 20, ""eligibility"": ""NO_CONCLUSION""}, {""value"": 0.25625, ""strategy_id"": ""S10"", ""mean_fill"": 0.9941839268874728, ""p_meet"": 0.85, ""mean_cost"": 18471779.971130148, ""mcse_cost"": 36708.21409560636, ""mean_shortage_days"": 10.15138964950712, ""mean_cost_per_unit"": 14.783635200040791, ""capacity_utilization"": 6248235.1, ""feasible"": false, ""n_runs"": 20, ""eligibility"": ""NO_CONCLUSION""}, {""value"": 0.221875, ""strategy_id"": ""S10"", ""mean_fill"": 0.9941839268874728, ""p_meet"": 0.85, ""mean_cost"": 18477930.156752236, ""mcse_cost"": 35803.27871001511, ""mean_shortage_days"": 10.091381434830229, ""mean_cost_per_unit"": 14.788551480173243, ""capacity_utilization"": 6248235.1, ""feasible"": false, ""n_runs"": 20, ""eligibility"": ""NO_CONCLUSION""}, {""value"": 0.2046875, ""strategy_id"": ""S10"", ""mean_fill"": 0.9946860315389767, ""p_meet"": 0.9, ""mean_cost"": 18477944.674875014, ""mcse_cost"": 35135.377332101096, ""mean_shortage_days"": 9.511302026286966, ""mean_cost_per_unit"": 14.78116947992649, ""capacity_utilization"": 6251327.2, ""feasible"": true, ""n_runs"": 20, ""eligibility"": ""NO_CONCLUSION""}]",bisection over 5 steps on 20 paired runs,0.2046875,0.221875
S10,sodium_bicarbonate_8_4_50ml,commissioning_days,global.node_commissioning_days,365.0,730.0,1095.0,True,True,,feasible_everywhere,"[{""value"": 365.0, ""strategy_id"": ""S10"", ""mean_fill"": 0.9946860315389767, ""p_meet"": 0.9, ""mean_cost"": 18481921.979911298, ""mcse_cost"": 35700.355085190735, ""mean_shortage_days"": 9.511302026286966, ""mean_cost_per_unit"": 14.78434020759995, ""capacity_utilization"": 6251327.2, ""feasible"": true, ""n_runs"": 20, ""eligibility"": ""NO_CONCLUSION""}, {""value"": 1095.0, ""strategy_id"": ""S10"", ""mean_fill"": 0.9946860315389767, ""p_meet"": 0.9, ""mean_cost"": 18481921.979911298, ""mcse_cost"": 35700.355085190735, ""mean_shortage_days"": 9.511302026286966, ""mean_cost_per_unit"": 14.78434020759995, ""capacity_utilization"": 6251327.2, ""feasible"": true, ""n_runs"": 20, ""eligibility"": ""NO_CONCLUSION""}]",feasibility does not change between 365.0 and 1095.0; no threshold inside the recorded range,,
S10,sodium_bicarbonate_8_4_50ml,activation_latency_days,global.reserved_capacity_activation_days,7.0,21.0,60.0,True,True,,feasible_everywhere,"[{""value"": 7.0, ""strategy_id"": ""S10"", ""mean_fill"": 0.9946860315389767, ""p_meet"": 0.9, ""mean_cost"": 18481921.979911298, ""mcse_cost"": 35700.355085190735, ""mean_shortage_days"": 9.511302026286966, ""mean_cost_per_unit"": 14.78434020759995, ""capacity_utilization"": 6251327.2, ""feasible"": true, ""n_runs"": 20, ""eligibility"": ""NO_CONCLUSION""}, {""value"": 60.0, ""strategy_id"": ""S10"", ""mean_fill"": 0.9946860315389767, ""p_meet"": 0.9, ""mean_cost"": 18481921.979911298, ""mcse_cost"": 35700.355085190735, ""mean_shortage_days"": 9.511302026286966, ""mean_cost_per_unit"": 14.78434020759995, ""capacity_utilization"": 6251327.2, ""feasible"": true, ""n_runs"": 20, ""eligibility"": ""NO_CONCLUSION""}]",feasibility does not change between 7.0 and 60.0; no threshold inside the recorded range,,
S10,sodium_bicarbonate_8_4_50ml,node_capital,product.capital_usd_per_site,15000000.0,40000000.0,100000000.0,True,True,,feasible_everywhere,"[{""value"": 15000000.0, ""strategy_id"": ""S10"", ""mean_fill"": 0.9946860315389767, ""p_meet"": 0.9, ""mean_cost"": 12664967.049268158, ""mcse_cost"": 35700.35508519062, ""mean_shortage_days"": 9.511302026286966, ""mean_cost_per_unit"": 10.130739813470234, ""capacity_utilization"": 6251327.2, ""feasible"": true, ""n_runs"": 20, ""eligibility"": ""NO_CONCLUSION""}, {""value"": 100000000.0, ""strategy_id"": ""S10"", ""mean_fill"": 0.9946860315389767, ""p_meet"": 0.9, ""mean_cost"": 32442613.813456673, ""mcse_cost"": 35700.35508519074, ""mean_shortage_days"": 9.511302026286966, ""mean_cost_per_unit"": 25.952981153512752, ""capacity_utilization"": 6251327.2, ""feasible"": true, ""n_runs"": 20, ""eligibility"": ""NO_CONCLUSION""}]",feasibility does not change between 15000000.0 and 100000000.0; no threshold inside the recorded range,,
S10,sodium_bicarbonate_8_4_50ml,batches_per_site_year,product.batches_per_site_year_nominal,30.0,45.0,70.0,False,True,43.125,feasible_above,"[{""value"": 30.0, ""strategy_id"": ""S10"", ""mean_fill"": 0.699216939111123, ""p_meet"": 0.0, ""mean_cost"": 17402760.84521458, ""mcse_cost"": 21162.73340729597, ""mean_shortage_days"": 214.50936473165387, ""mean_cost_per_unit"": 19.916193118256245, ""capacity_utilization"": 4376485.9, ""feasible"": false, ""n_runs"": 20, ""eligibility"": ""NO_CONCLUSION""}, {""value"": 70.0, ""strategy_id"": ""S10"", ""mean_fill"": 1.0, ""p_meet"": 1.0, ""mean_cost"": 19262543.559928637, ""mcse_cost"": 14365.157059297944, ""mean_shortage_days"": 0.0, ""mean_cost_per_unit"": 15.324687887708041, ""capacity_utilization"": 6284911.2, ""feasible"": true, ""n_runs"": 20, ""eligibility"": ""NO_CONCLUSION""}, {""value"": 50.0, ""strategy_id"": ""S10"", ""mean_fill"": 1.0, ""p_meet"": 1.0, ""mean_cost"": 18904007.41276958, ""mcse_cost"": 42298.937209801734, ""mean_shortage_days"": 0.0, ""mean_cost_per_unit"": 15.039781849744614, ""capacity_utilization"": 6284911.2, ""feasible"": true, ""n_runs"": 20, ""eligibility"": ""NO_CONCLUSION""}, {""value"": 40.0, ""strategy_id"": ""S10"", ""mean_fill"": 0.9529995189578727, ""p_meet"": 0.15, ""mean_cost"": 18152627.55011668, ""mcse_cost"": 29309.30967729775, ""mean_shortage_days"": 72.95998767798466, ""mean_cost_per_unit"": 15.203726431583823, ""capacity_utilization"": 5980464.65, ""feasible"": false, ""n_runs"": 20, ""eligibility"": ""NO_CONCLUSION""}, {""value"": 45.0, ""strategy_id"": ""S10"", ""mean_fill"": 0.9946860315389767, ""p_meet"": 0.9, ""mean_cost"": 18481921.979911298, ""mcse_cost"": 35700.355085190735, ""mean_shortage_days"": 9.511302026286966, ""mean_cost_per_unit"": 14.78434020759995, ""capacity_utilization"": 6251327.2, ""feasible"": true, ""n_runs"": 20, ""eligibility"": ""NO_CONCLUSION""}, {""value"": 42.5, ""strategy_id"": ""S10"", ""mean_fill"": 0.9641500364851234, ""p_meet"": 0.4, ""mean_cost"": 18185556.001239456, ""mcse_cost"": 28408.30458018824, ""mean_shortage_days"": 59.36812705366922, ""mean_cost_per_unit"": 15.047597644932821, ""capacity_utilization"": 6052091.8, ""feasible"": false, ""n_runs"": 20, ""eligibility"": ""NO_CONCLUSION""}, {""value"": 43.75, ""strategy_id"": ""S10"", ""mean_fill"": 0.9928542675962964, ""p_meet"": 0.9, ""mean_cost"": 18464236.417115998, ""mcse_cost"": 37121.35406851793, ""mean_shortage_days"": 11.161527929901425, ""mean_cost_per_unit"": 14.800376602185967, ""capacity_utilization"": 6239310.95, ""feasible"": true, ""n_runs"": 20, ""eligibility"": ""NO_CONCLUSION""}]",bisection over 5 steps on 20 paired runs,42.5,43.75
S10,sodium_bicarbonate_8_4_50ml,changeover_burden,product.changeover_days,1.0,3.0,10.0,True,False,6.484375,feasible_below,"[{""value"": 1.0, ""strategy_id"": ""S10"", ""mean_fill"": 0.9948717316635491, ""p_meet"": 0.9, ""mean_cost"": 18485381.661424533, ""mcse_cost"": 36070.625868602685, ""mean_shortage_days"": 8.791203450164293, ""mean_cost_per_unit"": 14.78449819915463, ""capacity_utilization"": 6252387.95, ""feasible"": true, ""n_runs"": 20, ""eligibility"": ""NO_CONCLUSION""}, {""value"": 10.0, ""strategy_id"": ""S10"", ""mean_fill"": 0.8175616536638788, ""p_meet"": 0.0, ""mean_cost"": 17766123.48685767, ""mcse_cost"": 18336.144441747234, ""mean_shortage_days"": 182.59499589266156, ""mean_cost_per_unit"": 17.3559712870825, ""capacity_utilization"": 5123350.65, ""feasible"": false, ""n_runs"": 20, ""eligibility"": ""NO_CONCLUSION""}, {""value"": 5.5, ""strategy_id"": ""S10"", ""mean_fill"": 0.9944841475139802, ""p_meet"": 0.9, ""mean_cost"": 18479862.383271635, ""mcse_cost"": 35910.90849347686, ""mean_shortage_days"": 9.851348576122671, ""mean_cost_per_unit"": 14.785731342637146, ""capacity_utilization"": 6250080.2, ""feasible"": true, ""n_runs"": 20, ""eligibility"": ""NO_CONCLUSION""}, {""value"": 7.75, ""strategy_id"": ""S10"", ""mean_fill"": 0.9175043835657103, ""p_meet"": 0.0, ""mean_cost"": 18046351.506276656, ""mcse_cost"": 23149.54643324464, ""mean_shortage_days"": 111.3952491785323, ""mean_cost_per_unit"": 15.696866694480963, ""capacity_utilization"": 5755919.3, ""feasible"": false, ""n_runs"": 20, ""eligibility"": ""NO_CONCLUSION""}, {""value"": 6.625, ""strategy_id"": ""S10"", ""mean_fill"": 0.9756110110377845, ""p_meet"": 0.55, ""mean_cost"": 18235857.799068756, ""mcse_cost"": 26037.475400491192, ""mean_shortage_days"": 44.75612677984666, ""mean_cost_per_unit"": 14.895980761008241, ""capacity_utilization"": 6126856.9, ""feasible"": false, ""n_runs"": 20, ""eligibility"": ""NO_CONCLUSION""}, {""value"": 6.0625, ""strategy_id"": ""S10"", ""mean_fill"": 0.9943887402294662, ""p_meet"": 0.9, ""mean_cost"": 18478003.43617807, ""mcse_cost"": 35666.02574559402, ""mean_shortage_days"": 10.391422508214678, ""mean_cost_per_unit"": 14.785696423527938, ""capacity_utilization"": 6249475.05, ""feasible"": true, ""n_runs"": 20, ""eligibility"": ""NO_CONCLUSION""}, {""value"": 6.34375, ""strategy_id"": ""S10"", ""mean_fill"": 0.9943887402294662, ""p_meet"": 0.9, ""mean_cost"": 18478003.43617807, ""mcse_cost"": 35666.02574559402, ""mean_shortage_days"": 10.391422508214678, ""mean_cost_per_unit"": 14.785696423527938, ""capacity_utilization"": 6249475.05, ""feasible"": true, ""n_runs"": 20, ""eligibility"": ""NO_CONCLUSION""}]",bisection over 5 steps on 20 paired runs,6.34375,6.625
S11,sodium_bicarbonate_8_4_50ml,capacity_utilization,product.annual_demand_units,600000.0,1200000.0,2400000.0,True,False,1190625.0,feasible_below,"[{""value"": 600000.0, ""strategy_id"": ""S11"", ""mean_fill"": 1.0, ""p_meet"": 1.0, ""mean_cost"": 15027720.621889725, ""mcse_cost"": 13679.688381098344, ""mean_shortage_days"": 0.0, ""mean_cost_per_unit"": 23.912030836957463, ""capacity_utilization"": 3142458.6, ""feasible"": true, ""n_runs"": 20, ""eligibility"": ""NO_CONCLUSION""}, {""value"": 2400000.0, ""strategy_id"": ""S11"", ""mean_fill"": 0.6645669339675233, ""p_meet"": 0.0, ""mean_cost"": 16273962.020304378, ""mcse_cost"": 34935.810255339544, ""mean_shortage_days"": 215.3194756297919, ""mean_cost_per_unit"": 9.805725761685009, ""capacity_utilization"": 8306996.75, ""feasible"": false, ""n_runs"": 20, ""eligibility"": ""NO_CONCLUSION""}, {""value"": 1500000.0, ""strategy_id"": ""S11"", ""mean_fill"": 0.9373795686326174, ""p_meet"": 0.0, ""mean_cost"": 15947502.483775396, ""mcse_cost"": 24850.680664852003, ""mean_shortage_days"": 86.87189211391016, ""mean_cost_per_unit"": 10.863151718067504, ""capacity_utilization"": 7344762.05, ""feasible"": false, ""n_runs"": 20, ""eligibility"": ""NO_CONCLUSION""}, {""value"": 1050000.0, ""strategy_id"": ""S11"", ""mean_fill"": 1.0, ""p_meet"": 1.0, ""mean_cost"": 15731814.9406864, ""mcse_cost"": 36499.680015580016, ""mean_shortage_days"": 0.0, ""mean_cost_per_unit"": 14.30419839940537, ""capacity_utilization"": 5499303.25, ""feasible"": true, ""n_runs"": 20, ""eligibility"": ""NO_CONCLUSION""}, {""value"": 1275000.0, ""strategy_id"": ""S11"", ""mean_fill"": 0.9945541259690739, ""p_meet"": 0.85, ""mean_cost"": 15729115.891688678, ""mcse_cost"": 24527.085895436794, ""mean_shortage_days"": 10.471433461117197, ""mean_cost_per_unit"": 11.846762131655243, ""capacity_utilization"": 6638998.6, ""feasible"": false, ""n_runs"": 20, ""eligibility"": ""NO_CONCLUSION""}, {""value"": 1162500.0, ""strategy_id"": ""S11"", ""mean_fill"": 0.9992448117787232, ""p_meet"": 0.95, ""mean_cost"": 15710834.151000861, ""mcse_cost"": 34802.127494737666, ""mean_shortage_days"": 1.8202491785323112, ""mean_cost_per_unit"": 12.912515454950556, ""capacity_utilization"": 6083806.3, ""feasible"": true, ""n_runs"": 20, ""eligibility"": ""NO_CONCLUSION""}, {""value"": 1218750.0, ""strategy_id"": ""S11"", ""mean_fill"": 0.9975587088971622, ""p_meet"": 0.85, ""mean_cost"": 15712523.968643721, ""mcse_cost"": 29585.758364311776, ""mean_shortage_days"": 4.3805996714129245, ""mean_cost_per_unit"": 12.338498031360164, ""capacity_utilization"": 6367366.1, ""feasible"": false, ""n_runs"": 20, ""eligibility"": ""NO_CONCLUSION""}]",bisection over 5 steps on 20 paired runs,1162500.0,1218750.0
S11,sodium_bicarbonate_8_4_50ml,fixed_qa_labor_per_node,product.fixed_qa_labor_usd_per_site_year,1500000.0,3000000.0,6000000.0,True,True,,feasible_everywhere,"[{""value"": 1500000.0, ""strategy_id"": ""S11"", ""mean_fill"": 0.9975934946774482, ""p_meet"": 0.9, ""mean_cost"": 13889795.875742665, ""mcse_cost"": 32359.72190635962, ""mean_shortage_days"": 4.120564074479737, ""mean_cost_per_unit"": 11.077604918845834, ""capacity_utilization"": 6269463.9, ""feasible"": true, ""n_runs"": 20, ""eligibility"": ""NO_CONCLUSION""}, {""value"": 6000000.0, ""strategy_id"": ""S11"", ""mean_fill"": 0.9975934946774482, ""p_meet"": 0.9, ""mean_cost"": 19344284.785671312, ""mcse_cost"": 32359.721906359657, ""mean_shortage_days"": 4.120564074479737, ""mean_cost_per_unit"": 15.42794597567934, ""capacity_utilization"": 6269463.9, ""feasible"": true, ""n_runs"": 20, ""eligibility"": ""NO_CONCLUSION""}]",feasibility does not change between 1500000.0 and 6000000.0; no threshold inside the recorded range,,
S11,sodium_bicarbonate_8_4_50ml,release_time,global.sterility_incubation_days,14.0,14.0,18.0,True,False,14.3125,feasible_below,"[{""value"": 14.0, ""strategy_id"": ""S11"", ""mean_fill"": 0.9975934946774482, ""p_meet"": 0.9, ""mean_cost"": 15707958.845718797, ""mcse_cost"": 32359.721906359657, ""mean_shortage_days"": 4.120564074479737, ""mean_cost_per_unit"": 12.52771860445694, ""capacity_utilization"": 6269463.9, ""feasible"": true, ""n_runs"": 20, ""eligibility"": ""NO_CONCLUSION""}, {""value"": 18.0, ""strategy_id"": ""S11"", ""mean_fill"": 0.9974695287308937, ""p_meet"": 0.85, ""mean_cost"": 15704913.795778587, ""mcse_cost"": 31569.589143578105, ""mean_shortage_days"": 4.150568181818182, ""mean_cost_per_unit"": 12.527007400631799, ""capacity_utilization"": 6268571.3, ""feasible"": false, ""n_runs"": 20, ""eligibility"": ""NO_CONCLUSION""}, {""value"": 16.0, ""strategy_id"": ""S11"", ""mean_fill"": 0.9976094754385191, ""p_meet"": 0.85, ""mean_cost"": 15707038.746714234, ""mcse_cost"": 31802.076906431117, ""mean_shortage_days"": 3.9105353231106244, ""mean_cost_per_unit"": 12.526914117725285, ""capacity_utilization"": 6269456.55, ""feasible"": false, ""n_runs"": 20, ""eligibility"": ""NO_CONCLUSION""}, {""value"": 15.0, ""strategy_id"": ""S11"", ""mean_fill"": 0.997670732706516, ""p_meet"": 0.85, ""mean_cost"": 15708326.34117567, ""mcse_cost"": 31865.88668939479, ""mean_shortage_days"": 3.7105079408543262, ""mean_cost_per_unit"": 12.52681010089994, ""capacity_utilization"": 6270028.1, ""feasible"": false, ""n_runs"": 20, ""eligibility"": ""NO_CONCLUSION""}, {""value"": 14.5, ""strategy_id"": ""S11"", ""mean_fill"": 0.9977441056847718, ""p_meet"": 0.85, ""mean_cost"": 15708657.812806433, ""mcse_cost"": 31863.78428133021, ""mean_shortage_days"": 3.540484665936473, ""mean_cost_per_unit"": 12.526491835954204, ""capacity_utilization"": 6270305.1, ""feasible"": false, ""n_runs"": 20, ""eligibility"": ""NO_CONCLUSION""}, {""value"": 14.25, ""strategy_id"": ""S11"", ""mean_fill"": 0.9975785031043987, ""p_meet"": 0.9, ""mean_cost"": 15707834.448963437, ""mcse_cost"": 32342.163213571424, ""mean_shortage_days"": 4.230579134720701, ""mean_cost_per_unit"": 12.528003305846932, ""capacity_utilization"": 6269261.2, ""feasible"": true, ""n_runs"": 20, ""eligibility"": ""NO_CONCLUSION""}, {""value"": 14.375, ""strategy_id"": ""S11"", ""mean_fill"": 0.9975306950993769, ""p_meet"": 0.85, ""mean_cost"": 15707985.037767181, ""mcse_cost"": 32244.949379437992, ""mean_shortage_days"": 3.9805449069003287, ""mean_cost_per_unit"": 12.528700880312138, ""capacity_utilization"": 6268966.3, ""feasible"": false, ""n_runs"": 20, ""eligibility"": ""NO_CONCLUSION""}]",bisection over 5 steps on 20 paired runs,14.25,14.375
S11,sodium_bicarbonate_8_4_50ml,shelf_life,product.shelf_life_months,12.0,24.0,36.0,False,True,19.875,feasible_above,"[{""value"": 12.0, ""strategy_id"": ""S11"", ""mean_fill"": 0.9853729215719375, ""p_meet"": 0.65, ""mean_cost"": 15836064.211344773, ""mcse_cost"": 18980.209946430088, ""mean_shortage_days"": 22.093024370208106, ""mean_cost_per_unit"": 12.79495666991559, ""capacity_utilization"": 6190530.1, ""feasible"": false, ""n_runs"": 20, ""eligibility"": ""NO_CONCLUSION""}, {""value"": 36.0, ""strategy_id"": ""S11"", ""mean_fill"": 0.9975934946774482, ""p_meet"": 0.9, ""mean_cost"": 15707877.699073434, ""mcse_cost"": 32344.856131274864, ""mean_shortage_days"": 4.120564074479737, ""mean_cost_per_unit"": 12.527653410541005, ""capacity_utilization"": 6269463.9, ""feasible"": true, ""n_runs"": 20, ""eligibility"": ""NO_CONCLUSION""}, {""value"": 24.0, ""strategy_id"": ""S11"", ""mean_fill"": 0.9975934946774482, ""p_meet"": 0.9, ""mean_cost"": 15707958.845718797, ""mcse_cost"": 32359.721906359657, ""mean_shortage_days"": 4.120564074479737, ""mean_cost_per_unit"": 12.52771860445694, ""capacity_utilization"": 6269463.9, ""feasible"": true, ""n_runs"": 20, ""eligibility"": ""NO_CONCLUSION""}, {""value"": 18.0, ""strategy_id"": ""S11"", ""mean_fill"": 0.9973696961695531, ""p_meet"": 0.85, ""mean_cost"": 15710339.383072292, ""mcse_cost"": 31680.890808034394, ""mean_shortage_days"": 4.040553121577218, ""mean_cost_per_unit"": 12.532073850932512, ""capacity_utilization"": 6268166.25, ""feasible"": false, ""n_runs"": 20, ""eligibility"": ""NO_CONCLUSION""}, {""value"": 21.0, ""strategy_id"": ""S11"", ""mean_fill"": 0.9975934946774482, ""p_meet"": 0.9, ""mean_cost"": 15707994.236931715, ""mcse_cost"": 32369.668736248816, ""mean_shortage_days"": 4.120564074479737, ""mean_cost_per_unit"": 12.527746528004018, ""capacity_utilization"": 6269463.9, ""feasible"": true, ""n_runs"": 20, ""eligibility"": ""NO_CONCLUSION""}, {""value"": 19.5, ""strategy_id"": ""S11"", ""mean_fill"": 0.9974224997784754, ""p_meet"": 0.85, ""mean_cost"": 15708958.052887902, ""mcse_cost"": 32089.836070025176, ""mean_shortage_days"": 4.330592825848849, ""mean_cost_per_unit"": 12.530648829867513, ""capacity_utilization"": 6268375.15, ""feasible"": false, ""n_runs"": 20, ""eligibility"": ""NO_CONCLUSION""}, {""value"": 20.25, ""strategy_id"": ""S11"", ""mean_fill"": 0.9975934946774482, ""p_meet"": 0.9, ""mean_cost"": 15707975.240240935, ""mcse_cost"": 32365.661391703696, ""mean_shortage_days"": 4.120564074479737, ""mean_cost_per_unit"": 12.527731931522043, ""capacity_utilization"": 6269463.9, ""feasible"": true, ""n_runs"": 20, ""eligibility"": ""NO_CONCLUSION""}]",bisection over 5 steps on 20 paired runs,19.5,20.25
S11,sodium_bicarbonate_8_4_50ml,raw_material_lead_time,product.material_lead_time_days,30.0,90.0,240.0,True,True,,feasible_everywhere,"[{""value"": 30.0, ""strategy_id"": ""S11"", ""mean_fill"": 0.9978316229954007, ""p_meet"": 0.9, ""mean_cost"": 15667899.562330162, ""mcse_cost"": 30344.630683302163, ""mean_shortage_days"": 4.080558598028477, ""mean_cost_per_unit"": 12.492661614266325, ""capacity_utilization"": 6271118.4, ""feasible"": true, ""n_runs"": 20, ""eligibility"": ""NO_CONCLUSION""}, {""value"": 240.0, ""strategy_id"": ""S11"", ""mean_fill"": 0.998733907931241, ""p_meet"": 0.95, ""mean_cost"": 15797666.051530529, ""mcse_cost"": 31169.436421137576, ""mean_shortage_days"": 1.8702560240963855, ""mean_cost_per_unit"": 12.586351323267099, ""capacity_utilization"": 6275909.5, ""feasible"": true, ""n_runs"": 20, ""eligibility"": ""NO_CONCLUSION""}]",feasibility does not change between 30.0 and 240.0; no threshold inside the recorded range,,
S11,sodium_bicarbonate_8_4_50ml,common_cause_dependence,global.common_cause_events_per_year,0.02,0.1,0.3,True,False,0.181875,feasible_below,"[{""value"": 0.02, ""strategy_id"": ""S11"", ""mean_fill"": 1.0, ""p_meet"": 1.0, ""mean_cost"": 15844420.572853897, ""mcse_cost"": 24066.222483159912, ""mean_shortage_days"": 0.0, ""mean_cost_per_unit"": 12.606036937800829, ""capacity_utilization"": 6284911.2, ""feasible"": true, ""n_runs"": 20, ""eligibility"": ""NO_CONCLUSION""}, {""value"": 0.3, ""strategy_id"": ""S11"", ""mean_fill"": 0.9882276511576749, ""p_meet"": 0.8, ""mean_cost"": 15539670.677562479, ""mcse_cost"": 30962.60742269021, ""mean_shortage_days"": 12.72174151150055, ""mean_cost_per_unit"": 12.524214486009564, ""capacity_utilization"": 6207427.95, ""feasible"": false, ""n_runs"": 20, ""eligibility"": ""NO_CONCLUSION""}, {""value"": 0.16, ""strategy_id"": ""S11"", ""mean_fill"": 0.9972209394920244, ""p_meet"": 0.9, ""mean_cost"": 15632832.525460014, ""mcse_cost"": 28908.49888815507, ""mean_shortage_days"": 5.100698247535596, ""mean_cost_per_unit"": 12.47284099583192, ""capacity_utilization"": 6266990.8, ""feasible"": true, ""n_runs"": 20, ""eligibility"": ""NO_CONCLUSION""}, {""value"": 0.22999999999999998, ""strategy_id"": ""S11"", ""mean_fill"": 0.9905752654164763, ""p_meet"": 0.85, ""mean_cost"": 15571827.273870101, ""mcse_cost"": 33903.62551779447, ""mean_shortage_days"": 10.881489594742607, ""mean_cost_per_unit"": 12.515830158650651, ""capacity_utilization"": 6224189.7, ""feasible"": false, ""n_runs"": 20, ""eligibility"": ""NO_CONCLUSION""}, {""value"": 0.195, ""strategy_id"": ""S11"", ""mean_fill"": 0.9961630169678044, ""p_meet"": 0.85, ""mean_cost"": 15605057.146318296, ""mcse_cost"": 30098.755440364283, ""mean_shortage_days"": 6.680914567360349, ""mean_cost_per_unit"": 12.467485784133078, ""capacity_utilization"": 6259156.6, ""feasible"": false, ""n_runs"": 20, ""eligibility"": ""NO_CONCLUSION""}, {""value"": 0.1775, ""strategy_id"": ""S11"", ""mean_fill"": 0.9978842302805546, ""p_meet"": 0.9, ""mean_cost"": 15627717.385363255, ""mcse_cost"": 27972.459664652677, ""mean_shortage_days"": 4.410603778751368, ""mean_cost_per_unit"": 12.462321327633948, ""capacity_utilization"": 6270261.35, ""feasible"": true, ""n_runs"": 20, ""eligibility"": ""NO_CONCLUSION""}, {""value"": 0.18625, ""strategy_id"": ""S11"", ""mean_fill"": 0.9961630169678044, ""p_meet"": 0.85, ""mean_cost"": 15606060.163482836, ""mcse_cost"": 30209.11175123012, ""mean_shortage_days"": 6.19084748083242, ""mean_cost_per_unit"": 12.46822148956028, ""capacity_utilization"": 6259156.6, ""feasible"": false, ""n_runs"": 20, ""eligibility"": ""NO_CONCLUSION""}]",bisection over 5 steps on 20 paired runs,0.1775,0.18625
S11,sodium_bicarbonate_8_4_50ml,supplier_concentration,global.supplier_disruptions_per_supplier_year,0.05,0.2,0.6,True,False,0.40234375000000006,feasible_below,"[{""value"": 0.05, ""strategy_id"": ""S11"", ""mean_fill"": 0.9986007918651663, ""p_meet"": 0.95, ""mean_cost"": 15752316.80169735, ""mcse_cost"": 33013.7080391108, ""mean_shortage_days"": 2.5303463855421686, ""mean_cost_per_unit"": 12.551147747507454, ""capacity_utilization"": 6275329.95, ""feasible"": true, ""n_runs"": 20, ""eligibility"": ""NO_CONCLUSION""}, {""value"": 0.6, ""strategy_id"": ""S11"", ""mean_fill"": 0.9965535215620556, ""p_meet"": 0.85, ""mean_cost"": 15604866.65797165, ""mcse_cost"": 27854.706262544405, ""mean_shortage_days"": 5.870803669222343, ""mean_cost_per_unit"": 12.461027152720936, ""capacity_utilization"": 6261821.7, ""feasible"": false, ""n_runs"": 20, ""eligibility"": ""NO_CONCLUSION""}, {""value"": 0.325, ""strategy_id"": ""S11"", ""mean_fill"": 0.998022668200752, ""p_meet"": 0.9, ""mean_cost"": 15669600.746911636, ""mcse_cost"": 28480.906788422562, ""mean_shortage_days"": 3.2804490690032857, ""mean_cost_per_unit"": 12.491982695027119, ""capacity_utilization"": 6272088.25, ""feasible"": true, ""n_runs"": 20, ""eligibility"": ""NO_CONCLUSION""}, {""value"": 0.4625, ""strategy_id"": ""S11"", ""mean_fill"": 0.996143677097348, ""p_meet"": 0.8, ""mean_cost"": 15641148.400561338, ""mcse_cost"": 28526.710703874152, ""mean_shortage_days"": 5.090696878422781, ""mean_cost_per_unit"": 12.495202879222553, ""capacity_utilization"": 6259213.0, ""feasible"": false, ""n_runs"": 20, ""eligibility"": ""NO_CONCLUSION""}, {""value"": 0.39375000000000004, ""strategy_id"": ""S11"", ""mean_fill"": 0.9974462143068428, ""p_meet"": 0.9, ""mean_cost"": 15646308.40803532, ""mcse_cost"": 27097.61455159637, ""mean_shortage_days"": 4.320591456736035, ""mean_cost_per_unit"": 12.482515945547636, ""capacity_utilization"": 6267561.65, ""feasible"": true, ""n_runs"": 20, ""eligibility"": ""NO_CONCLUSION""}, {""value"": 0.42812500000000003, ""strategy_id"": ""S11"", ""mean_fill"": 0.9968226249852629, ""p_meet"": 0.85, ""mean_cost"": 15644244.452379, ""mcse_cost"": 28279.593543739058, ""mean_shortage_days"": 4.610631161007667, ""mean_cost_per_unit"": 12.48688108515993, ""capacity_utilization"": 6264595.65, ""feasible"": false, ""n_runs"": 20, ""eligibility"": ""NO_CONCLUSION""}, {""value"": 0.41093750000000007, ""strategy_id"": ""S11"", ""mean_fill"": 0.9968226249852629, ""p_meet"": 0.85, ""mean_cost"": 15643764.02518183, ""mcse_cost"": 28150.43986671358, ""mean_shortage_days"": 4.610631161007667, ""mean_cost_per_unit"": 12.486495865398586, ""capacity_utilization"": 6264595.65, ""feasible"": false, ""n_runs"": 20, ""eligibility"": ""NO_CONCLUSION""}]",bisection over 5 steps on 20 paired runs,0.39375000000000004,0.41093750000000007
S11,sodium_bicarbonate_8_4_50ml,commissioning_days,global.node_commissioning_days,365.0,730.0,1095.0,True,True,,feasible_everywhere,"[{""value"": 365.0, ""strategy_id"": ""S11"", ""mean_fill"": 0.9975934946774482, ""p_meet"": 0.9, ""mean_cost"": 15707958.845718797, ""mcse_cost"": 32359.721906359657, ""mean_shortage_days"": 4.120564074479737, ""mean_cost_per_unit"": 12.52771860445694, ""capacity_utilization"": 6269463.9, ""feasible"": true, ""n_runs"": 20, ""eligibility"": ""NO_CONCLUSION""}, {""value"": 1095.0, ""strategy_id"": ""S11"", ""mean_fill"": 0.9975934946774482, ""p_meet"": 0.9, ""mean_cost"": 15707958.845718797, ""mcse_cost"": 32359.721906359657, ""mean_shortage_days"": 4.120564074479737, ""mean_cost_per_unit"": 12.52771860445694, ""capacity_utilization"": 6269463.9, ""feasible"": true, ""n_runs"": 20, ""eligibility"": ""NO_CONCLUSION""}]",feasibility does not change between 365.0 and 1095.0; no threshold inside the recorded range,,
S11,sodium_bicarbonate_8_4_50ml,activation_latency_days,global.reserved_capacity_activation_days,7.0,21.0,60.0,True,False,27.703125,feasible_below,"[{""value"": 7.0, ""strategy_id"": ""S11"", ""mean_fill"": 0.9978101722450233, ""p_meet"": 0.9, ""mean_cost"": 15710009.762946552, ""mcse_cost"": 31608.620247257546, ""mean_shortage_days"": 3.800520262869661, ""mean_cost_per_unit"": 12.526267765205533, ""capacity_utilization"": 6270967.8, ""feasible"": true, ""n_runs"": 20, ""eligibility"": ""NO_CONCLUSION""}, {""value"": 60.0, ""strategy_id"": ""S11"", ""mean_fill"": 0.9966926112036376, ""p_meet"": 0.85, ""mean_cost"": 15705351.260366907, ""mcse_cost"": 33466.47118555451, ""mean_shortage_days"": 4.340594194961665, ""mean_cost_per_unit"": 12.536897419250746, ""capacity_utilization"": 6263933.55, ""feasible"": false, ""n_runs"": 20, ""eligibility"": ""NO_CONCLUSION""}, {""value"": 33.5, ""strategy_id"": ""S11"", ""mean_fill"": 0.9972820546395882, ""p_meet"": 0.85, ""mean_cost"": 15707239.779551068, ""mcse_cost"": 32655.962745353372, ""mean_shortage_days"": 4.260583242059146, ""mean_cost_per_unit"": 12.530869576048907, ""capacity_utilization"": 6267621.85, ""feasible"": false, ""n_runs"": 20, ""eligibility"": ""NO_CONCLUSION""}, {""value"": 20.25, ""strategy_id"": ""S11"", ""mean_fill"": 0.9975809873595491, ""p_meet"": 0.9, ""mean_cost"": 15707939.008388814, ""mcse_cost"": 32370.05748551157, ""mean_shortage_days"": 4.200575027382255, ""mean_cost_per_unit"": 12.527874274231927, ""capacity_utilization"": 6269380.95, ""feasible"": true, ""n_runs"": 20, ""eligibility"": ""NO_CONCLUSION""}, {""value"": 26.875, ""strategy_id"": ""S11"", ""mean_fill"": 0.997414295332223, ""p_meet"": 0.9, ""mean_cost"": 15707804.14439794, ""mcse_cost"": 32432.2202828479, ""mean_shortage_days"": 4.420605147864184, ""mean_cost_per_unit"": 12.529616369426252, ""capacity_utilization"": 6268487.75, ""feasible"": true, ""n_runs"": 20, ""eligibility"": ""NO_CONCLUSION""}, {""value"": 30.1875, ""strategy_id"": ""S11"", ""mean_fill"": 0.997312178011917, ""p_meet"": 0.85, ""mean_cost"": 15707213.877528246, ""mcse_cost"": 32663.04588546635, ""mean_shortage_days"": 4.330592825848849, ""mean_cost_per_unit"": 12.530472562748026, ""capacity_utilization"": 6267813.65, ""feasible"": false, ""n_runs"": 20, ""eligibility"": ""NO_CONCLUSION""}, {""value"": 28.53125, ""strategy_id"": ""S11"", ""mean_fill"": 0.9973993121871187, ""p_meet"": 0.85, ""mean_cost"": 15707491.065661749, ""mcse_cost"": 32583.142817371983, ""mean_shortage_days"": 4.230579134720701, ""mean_cost_per_unit"": 12.5295492959758, ""capacity_utilization"": 6268392.85, ""feasible"": false, ""n_runs"": 20, ""eligibility"": ""NO_CONCLUSION""}]",bisection over 5 steps on 20 paired runs,26.875,28.53125
S11,sodium_bicarbonate_8_4_50ml,node_capital,product.capital_usd_per_site,15000000.0,40000000.0,100000000.0,True,True,,feasible_everywhere,"[{""value"": 15000000.0, ""strategy_id"": ""S11"", ""mean_fill"": 0.9975934946774482, ""p_meet"": 0.9, ""mean_cost"": 10713168.478940593, ""mcse_cost"": 32359.72190635968, ""mean_shortage_days"": 4.120564074479737, ""mean_cost_per_unit"": 8.54401968019678, ""capacity_utilization"": 6269463.9, ""feasible"": true, ""n_runs"": 20, ""eligibility"": ""NO_CONCLUSION""}, {""value"": 100000000.0, ""strategy_id"": ""S11"", ""mean_fill"": 0.9975934946774482, ""p_meet"": 0.9, ""mean_cost"": 27695455.7259861, ""mcse_cost"": 32359.721906359588, ""mean_shortage_days"": 4.120564074479737, ""mean_cost_per_unit"": 22.088596022680996, ""capacity_utilization"": 6269463.9, ""feasible"": true, ""n_runs"": 20, ""eligibility"": ""NO_CONCLUSION""}]",feasibility does not change between 15000000.0 and 100000000.0; no threshold inside the recorded range,,
S11,sodium_bicarbonate_8_4_50ml,batches_per_site_year,product.batches_per_site_year_nominal,30.0,45.0,70.0,False,True,44.375,feasible_above,"[{""value"": 30.0, ""strategy_id"": ""S11"", ""mean_fill"": 0.8305381749833358, ""p_meet"": 0.0, ""mean_cost"": 14842026.57727851, ""mcse_cost"": 19396.326873405214, ""mean_shortage_days"": 140.84928121577215, ""mean_cost_per_unit"": 14.273657156462999, ""capacity_utilization"": 5203720.9, ""feasible"": false, ""n_runs"": 20, ""eligibility"": ""NO_CONCLUSION""}, {""value"": 70.0, ""strategy_id"": ""S11"", ""mean_fill"": 1.0, ""p_meet"": 1.0, ""mean_cost"": 17016955.968400158, ""mcse_cost"": 41855.10866720355, ""mean_shortage_days"": 0.0, ""mean_cost_per_unit"": 13.538854616462942, ""capacity_utilization"": 6284911.2, ""feasible"": true, ""n_runs"": 20, ""eligibility"": ""NO_CONCLUSION""}, {""value"": 50.0, ""strategy_id"": ""S11"", ""mean_fill"": 1.0, ""p_meet"": 1.0, ""mean_cost"": 16079243.916869527, ""mcse_cost"": 42097.4616366806, ""mean_shortage_days"": 0.0, ""mean_cost_per_unit"": 12.792628479546499, ""capacity_utilization"": 6284911.2, ""feasible"": true, ""n_runs"": 20, ""eligibility"": ""NO_CONCLUSION""}, {""value"": 40.0, ""strategy_id"": ""S11"", ""mean_fill"": 0.9894087826174868, ""p_meet"": 0.7, ""mean_cost"": 15444763.776584852, ""mcse_cost"": 21077.331321184258, ""mean_shortage_days"": 21.532947699890467, ""mean_cost_per_unit"": 12.43250854166928, ""capacity_utilization"": 6212920.9, ""feasible"": false, ""n_runs"": 20, ""eligibility"": ""NO_CONCLUSION""}, {""value"": 45.0, ""strategy_id"": ""S11"", ""mean_fill"": 0.9975934946774482, ""p_meet"": 0.9, ""mean_cost"": 15707958.845718797, ""mcse_cost"": 32359.721906359657, ""mean_shortage_days"": 4.120564074479737, ""mean_cost_per_unit"": 12.52771860445694, ""capacity_utilization"": 6269463.9, ""feasible"": true, ""n_runs"": 20, ""eligibility"": ""NO_CONCLUSION""}, {""value"": 42.5, ""strategy_id"": ""S11"", ""mean_fill"": 0.9915562643309205, ""p_meet"": 0.75, ""mean_cost"": 15473166.461018939, ""mcse_cost"": 19250.806817789664, ""mean_shortage_days"": 17.342374041621028, ""mean_cost_per_unit"": 12.425124127706741, ""capacity_utilization"": 6227512.85, ""feasible"": false, ""n_runs"": 20, ""eligibility"": ""NO_CONCLUSION""}, {""value"": 43.75, ""strategy_id"": ""S11"", ""mean_fill"": 0.997447915155852, ""p_meet"": 0.85, ""mean_cost"": 15701034.541127527, ""mcse_cost"": 32908.31561676686, ""mean_shortage_days"": 4.37059830230011, ""mean_cost_per_unit"": 12.524304127886031, ""capacity_utilization"": 6268419.6, ""feasible"": false, ""n_runs"": 20, ""eligibility"": ""NO_CONCLUSION""}]",bisection over 5 steps on 20 paired runs,43.75,45.0
S11,sodium_bicarbonate_8_4_50ml,changeover_burden,product.changeover_days,1.0,3.0,10.0,True,False,3.390625,feasible_below,"[{""value"": 1.0, ""strategy_id"": ""S11"", ""mean_fill"": 0.9976865536872468, ""p_meet"": 0.9, ""mean_cost"": 15709550.647467092, ""mcse_cost"": 32361.246332698345, ""mean_shortage_days"": 4.010549014238773, ""mean_cost_per_unit"": 12.52778663568996, ""capacity_utilization"": 6270066.35, ""feasible"": true, ""n_runs"": 20, ""eligibility"": ""NO_CONCLUSION""}, {""value"": 10.0, ""strategy_id"": ""S11"", ""mean_fill"": 0.9209956948573093, ""p_meet"": 0.0, ""mean_cost"": 15239675.849406159, ""mcse_cost"": 15682.962835306933, ""mean_shortage_days"": 114.79571467688936, ""mean_cost_per_unit"": 13.203967534515055, ""capacity_utilization"": 5773252.0, ""feasible"": false, ""n_runs"": 20, ""eligibility"": ""NO_CONCLUSION""}, {""value"": 5.5, ""strategy_id"": ""S11"", ""mean_fill"": 0.9976455122890396, ""p_meet"": 0.85, ""mean_cost"": 15707066.921568185, ""mcse_cost"": 31809.384909238033, ""mean_shortage_days"": 3.8705298466593647, ""mean_cost_per_unit"": 12.526126020799527, ""capacity_utilization"": 6269868.95, ""feasible"": false, ""n_runs"": 20, ""eligibility"": ""NO_CONCLUSION""}, {""value"": 3.25, ""strategy_id"": ""S11"", ""mean_fill"": 0.9975934946774482, ""p_meet"": 0.9, ""mean_cost"": 15707958.845718797, ""mcse_cost"": 32359.721906359657, ""mean_shortage_days"": 4.120564074479737, ""mean_cost_per_unit"": 12.52771860445694, ""capacity_utilization"": 6269463.9, ""feasible"": true, ""n_runs"": 20, ""eligibility"": ""NO_CONCLUSION""}, {""value"": 4.375, ""strategy_id"": ""S11"", ""mean_fill"": 0.9976694392554487, ""p_meet"": 0.85, ""mean_cost"": 15708093.752251204, ""mcse_cost"": 31806.405236612747, ""mean_shortage_days"": 3.7305106790799556, ""mean_cost_per_unit"": 12.52699397398648, ""capacity_utilization"": 6269834.6, ""feasible"": false, ""n_runs"": 20, ""eligibility"": ""NO_CONCLUSION""}, {""value"": 3.8125, ""strategy_id"": ""S11"", ""mean_fill"": 0.9976694392554487, ""p_meet"": 0.85, ""mean_cost"": 15708093.752251204, ""mcse_cost"": 31806.405236612747, ""mean_shortage_days"": 3.7305106790799556, ""mean_cost_per_unit"": 12.52699397398648, ""capacity_utilization"": 6269834.6, ""feasible"": false, ""n_runs"": 20, ""eligibility"": ""NO_CONCLUSION""}, {""value"": 3.53125, ""strategy_id"": ""S11"", ""mean_fill"": 0.9976694392554487, ""p_meet"": 0.85, ""mean_cost"": 15708093.752251204, ""mcse_cost"": 31806.405236612747, ""mean_shortage_days"": 3.7305106790799556, ""mean_cost_per_unit"": 12.52699397398648, ""capacity_utilization"": 6269834.6, ""feasible"": false, ""n_runs"": 20, ""eligibility"": ""NO_CONCLUSION""}]",bisection over 5 steps on 20 paired runs,3.25,3.53125
S12,sodium_bicarbonate_8_4_50ml,capacity_utilization,product.annual_demand_units,600000.0,1200000.0,2400000.0,True,False,1246875.0,feasible_below,"[{""value"": 600000.0, ""strategy_id"": ""S12"", ""mean_fill"": 1.0, ""p_meet"": 1.0, ""mean_cost"": 20801284.791411746, ""mcse_cost"": 5670.027781421925, ""mean_shortage_days"": 0.0, ""mean_cost_per_unit"": 33.09835092358621, ""capacity_utilization"": 3142458.6, ""feasible"": true, ""n_runs"": 20, ""eligibility"": ""NO_CONCLUSION""}, {""value"": 2400000.0, ""strategy_id"": ""S12"", ""mean_fill"": 0.575573206116882, ""p_meet"": 0.0, ""mean_cost"": 22582585.316351723, ""mcse_cost"": 33923.24671994153, ""mean_shortage_days"": 279.5482680722892, ""mean_cost_per_unit"": 15.723755836211032, ""capacity_utilization"": 7192286.65, ""feasible"": false, ""n_runs"": 20, ""eligibility"": ""NO_CONCLUSION""}, {""value"": 1500000.0, ""strategy_id"": ""S12"", ""mean_fill"": 0.9207781302849314, ""p_meet"": 0.05, ""mean_cost"": 22410934.025780756, ""mcse_cost"": 32617.318036966495, ""mean_shortage_days"": 122.73680175246439, ""mean_cost_per_unit"": 15.534764255963433, ""capacity_utilization"": 7224414.0, ""feasible"": false, ""n_runs"": 20, ""eligibility"": ""NO_CONCLUSION""}, {""value"": 1050000.0, ""strategy_id"": ""S12"", ""mean_fill"": 1.0, ""p_meet"": 1.0, ""mean_cost"": 22162454.428482033, ""mcse_cost"": 16178.820326778987, ""mean_shortage_days"": 0.0, ""mean_cost_per_unit"": 20.150824615501673, ""capacity_utilization"": 5499303.25, ""feasible"": true, ""n_runs"": 20, ""eligibility"": ""NO_CONCLUSION""}, {""value"": 1275000.0, ""strategy_id"": ""S12"", ""mean_fill"": 0.9915354504560195, ""p_meet"": 0.75, ""mean_cost"": 22382007.592587464, ""mcse_cost"": 38887.02353745353, ""mean_shortage_days"": 11.54157995618839, ""mean_cost_per_unit"": 16.904900898711883, ""capacity_utilization"": 6620903.7, ""feasible"": false, ""n_runs"": 20, ""eligibility"": ""NO_CONCLUSION""}, {""value"": 1162500.0, ""strategy_id"": ""S12"", ""mean_fill"": 0.9983697385048567, ""p_meet"": 0.95, ""mean_cost"": 22377884.701143146, ""mcse_cost"": 34089.597451168374, ""mean_shortage_days"": 1.8202491785323112, ""mean_cost_per_unit"": 18.407962345179136, ""capacity_utilization"": 6078428.9, ""feasible"": true, ""n_runs"": 20, ""eligibility"": ""NO_CONCLUSION""}, {""value"": 1218750.0, ""strategy_id"": ""S12"", ""mean_fill"": 0.9970324887086288, ""p_meet"": 0.95, ""mean_cost"": 22391046.729456246, ""mcse_cost"": 39090.50380270803, ""mean_shortage_days"": 4.78065443592552, ""mean_cost_per_unit"": 17.59276126217599, ""capacity_utilization"": 6363959.2, ""feasible"": true, ""n_runs"": 20, ""eligibility"": ""NO_CONCLUSION""}]",bisection over 5 steps on 20 paired runs,1218750.0,1275000.0
S12,sodium_bicarbonate_8_4_50ml,fixed_qa_labor_per_node,product.fixed_qa_labor_usd_per_site_year,1500000.0,3000000.0,6000000.0,True,True,,feasible_everywhere,"[{""value"": 1500000.0, ""strategy_id"": ""S12"", ""mean_fill"": 0.997866894770796, ""p_meet"": 0.95, ""mean_cost"": 20998581.96086363, ""mcse_cost"": 38468.492484551505, ""mean_shortage_days"": 2.710371029572837, ""mean_cost_per_unit"": 16.742195273547697, ""capacity_utilization"": 6271308.85, ""feasible"": true, ""n_runs"": 20, ""eligibility"": ""NO_CONCLUSION""}, {""value"": 6000000.0, ""strategy_id"": ""S12"", ""mean_fill"": 0.997866894770796, ""p_meet"": 0.95, ""mean_cost"": 25172337.53645868, ""mcse_cost"": 38468.492484551505, ""mean_shortage_days"": 2.710371029572837, ""mean_cost_per_unit"": 20.07006324412719, ""capacity_utilization"": 6271308.85, ""feasible"": true, ""n_runs"": 20, ""eligibility"": ""NO_CONCLUSION""}]",feasibility does not change between 1500000.0 and 6000000.0; no threshold inside the recorded range,,
S12,sodium_bicarbonate_8_4_50ml,release_time,global.sterility_incubation_days,14.0,14.0,18.0,True,True,,feasible_everywhere,"[{""value"": 14.0, ""strategy_id"": ""S12"", ""mean_fill"": 0.997866894770796, ""p_meet"": 0.95, ""mean_cost"": 22389833.81939531, ""mcse_cost"": 38468.492484551505, ""mean_shortage_days"": 2.710371029572837, ""mean_cost_per_unit"": 17.851484597074197, ""capacity_utilization"": 6271308.85, ""feasible"": true, ""n_runs"": 20, ""eligibility"": ""NO_CONCLUSION""}, {""value"": 18.0, ""strategy_id"": ""S12"", ""mean_fill"": 0.9975663157045748, ""p_meet"": 0.95, ""mean_cost"": 22372245.405900564, ""mcse_cost"": 37757.71662666016, ""mean_shortage_days"": 3.2604463307776554, ""mean_cost_per_unit"": 17.843087465370203, ""capacity_utilization"": 6269415.3, ""feasible"": true, ""n_runs"": 20, ""eligibility"": ""NO_CONCLUSION""}]",feasibility does not change between 14.0 and 18.0; no threshold inside the recorded range,,
S12,sodium_bicarbonate_8_4_50ml,shelf_life,product.shelf_life_months,12.0,24.0,36.0,True,True,,feasible_everywhere,"[{""value"": 12.0, ""strategy_id"": ""S12"", ""mean_fill"": 0.997866894770796, ""p_meet"": 0.95, ""mean_cost"": 22392866.958823424, ""mcse_cost"": 39591.964103648286, ""mean_shortage_days"": 2.710371029572837, ""mean_cost_per_unit"": 17.853877888787945, ""capacity_utilization"": 6271308.85, ""feasible"": true, ""n_runs"": 20, ""eligibility"": ""NO_CONCLUSION""}, {""value"": 36.0, ""strategy_id"": ""S12"", ""mean_fill"": 0.997866894770796, ""p_meet"": 0.95, ""mean_cost"": 22389833.81939531, ""mcse_cost"": 38468.492484551505, ""mean_shortage_days"": 2.710371029572837, ""mean_cost_per_unit"": 17.851484597074197, ""capacity_utilization"": 6271308.85, ""feasible"": true, ""n_runs"": 20, ""eligibility"": ""NO_CONCLUSION""}]",feasibility does not change between 12.0 and 36.0; no threshold inside the recorded range,,
S12,sodium_bicarbonate_8_4_50ml,raw_material_lead_time,product.material_lead_time_days,30.0,90.0,240.0,True,True,,feasible_everywhere,"[{""value"": 30.0, ""strategy_id"": ""S12"", ""mean_fill"": 0.9971281237325755, ""p_meet"": 0.9, ""mean_cost"": 22324059.288646344, ""mcse_cost"": 38510.51223414363, ""mean_shortage_days"": 4.180572289156626, ""mean_cost_per_unit"": 17.812506049659095, ""capacity_utilization"": 6266659.45, ""feasible"": true, ""n_runs"": 20, ""eligibility"": ""NO_CONCLUSION""}, {""value"": 240.0, ""strategy_id"": ""S12"", ""mean_fill"": 0.9996877393852166, ""p_meet"": 1.0, ""mean_cost"": 22491188.433689702, ""mcse_cost"": 36268.49968462731, ""mean_shortage_days"": 1.2701738773274918, ""mean_cost_per_unit"": 17.898848897330772, ""capacity_utilization"": 6282934.85, ""feasible"": true, ""n_runs"": 20, ""eligibility"": ""NO_CONCLUSION""}]",feasibility does not change between 30.0 and 240.0; no threshold inside the recorded range,,
S12,sodium_bicarbonate_8_4_50ml,common_cause_dependence,global.common_cause_events_per_year,0.02,0.1,0.3,True,False,0.173125,feasible_below,"[{""value"": 0.02, ""strategy_id"": ""S12"", ""mean_fill"": 1.0, ""p_meet"": 1.0, ""mean_cost"": 22550318.870982036, ""mcse_cost"": 14266.010387927354, ""mean_shortage_days"": 0.0, ""mean_cost_per_unit"": 17.940874642049526, ""capacity_utilization"": 6284911.2, ""feasible"": true, ""n_runs"": 20, ""eligibility"": ""NO_CONCLUSION""}, {""value"": 0.3, ""strategy_id"": ""S12"", ""mean_fill"": 0.9836047174610585, ""p_meet"": 0.75, ""mean_cost"": 22092044.48535035, ""mcse_cost"": 47237.15110200999, ""mean_shortage_days"": 16.622275465498355, ""mean_cost_per_unit"": 17.896313396548415, ""capacity_utilization"": 6178494.15, ""feasible"": false, ""n_runs"": 20, ""eligibility"": ""NO_CONCLUSION""}, {""value"": 0.16, ""strategy_id"": ""S12"", ""mean_fill"": 0.9941061781330994, ""p_meet"": 0.9, ""mean_cost"": 22274815.75042224, ""mcse_cost"": 38914.361656952686, ""mean_shortage_days"": 6.110836527929901, ""mean_cost_per_unit"": 17.831679816166215, ""capacity_utilization"": 6247533.9, ""feasible"": true, ""n_runs"": 20, ""eligibility"": ""NO_CONCLUSION""}, {""value"": 0.22999999999999998, ""strategy_id"": ""S12"", ""mean_fill"": 0.9827099854935037, ""p_meet"": 0.75, ""mean_cost"": 22158821.370031323, ""mcse_cost"": 48950.36548969175, ""mean_shortage_days"": 15.662144030668125, ""mean_cost_per_unit"": 17.960698941349126, ""capacity_utilization"": 6174724.55, ""feasible"": false, ""n_runs"": 20, ""eligibility"": ""NO_CONCLUSION""}, {""value"": 0.195, ""strategy_id"": ""S12"", ""mean_fill"": 0.9878192044049399, ""p_meet"": 0.75, ""mean_cost"": 22219251.21203087, ""mcse_cost"": 44774.72567818523, ""mean_shortage_days"": 9.981366374589266, ""mean_cost_per_unit"": 17.90554834986498, ""capacity_utilization"": 6208210.8, ""feasible"": false, ""n_runs"": 20, ""eligibility"": ""NO_CONCLUSION""}, {""value"": 0.1775, ""strategy_id"": ""S12"", ""mean_fill"": 0.9927336331635128, ""p_meet"": 0.85, ""mean_cost"": 22259803.246513527, ""mcse_cost"": 37967.00324218523, ""mean_shortage_days"": 6.650910460021905, ""mean_cost_per_unit"": 17.84614022192388, ""capacity_utilization"": 6238896.9, ""feasible"": false, ""n_runs"": 20, ""eligibility"": ""NO_CONCLUSION""}, {""value"": 0.16875, ""strategy_id"": ""S12"", ""mean_fill"": 0.9942567531422644, ""p_meet"": 0.9, ""mean_cost"": 22272320.701653186, ""mcse_cost"": 33907.28098192948, ""mean_shortage_days"": 4.750650328587075, ""mean_cost_per_unit"": 17.82706807799278, ""capacity_utilization"": 6248476.55, ""feasible"": true, ""n_runs"": 20, ""eligibility"": ""NO_CONCLUSION""}]",bisection over 5 steps on 20 paired runs,0.16875,0.1775
S12,sodium_bicarbonate_8_4_50ml,supplier_concentration,global.supplier_disruptions_per_supplier_year,0.05,0.2,0.6,True,True,,feasible_everywhere,"[{""value"": 0.05, ""strategy_id"": ""S12"", ""mean_fill"": 0.9996877393852166, ""p_meet"": 1.0, ""mean_cost"": 22419527.706681713, ""mcse_cost"": 39122.182278698325, ""mean_shortage_days"": 1.2701738773274918, ""mean_cost_per_unit"": 17.84183196802191, ""capacity_utilization"": 6282934.85, ""feasible"": true, ""n_runs"": 20, ""eligibility"": ""NO_CONCLUSION""}, {""value"": 0.6, ""strategy_id"": ""S12"", ""mean_fill"": 0.9973468780996398, ""p_meet"": 0.95, ""mean_cost"": 22288874.939485, ""mcse_cost"": 44052.57802755273, ""mean_shortage_days"": 4.25058187294633, ""mean_cost_per_unit"": 17.780234897525705, ""capacity_utilization"": 6268291.05, ""feasible"": true, ""n_runs"": 20, ""eligibility"": ""NO_CONCLUSION""}]",feasibility does not change between 0.05 and 0.6; no threshold inside the recorded range,,
S12,sodium_bicarbonate_8_4_50ml,commissioning_days,global.node_commissioning_days,365.0,730.0,1095.0,True,True,,feasible_everywhere,"[{""value"": 365.0, ""strategy_id"": ""S12"", ""mean_fill"": 0.997866894770796, ""p_meet"": 0.95, ""mean_cost"": 22389833.81939531, ""mcse_cost"": 38468.492484551505, ""mean_shortage_days"": 2.710371029572837, ""mean_cost_per_unit"": 17.851484597074197, ""capacity_utilization"": 6271308.85, ""feasible"": true, ""n_runs"": 20, ""eligibility"": ""NO_CONCLUSION""}, {""value"": 1095.0, ""strategy_id"": ""S12"", ""mean_fill"": 0.997866894770796, ""p_meet"": 0.95, ""mean_cost"": 22389833.81939531, ""mcse_cost"": 38468.492484551505, ""mean_shortage_days"": 2.710371029572837, ""mean_cost_per_unit"": 17.851484597074197, ""capacity_utilization"": 6271308.85, ""feasible"": true, ""n_runs"": 20, ""eligibility"": ""NO_CONCLUSION""}]",feasibility does not change between 365.0 and 1095.0; no threshold inside the recorded range,,
S12,sodium_bicarbonate_8_4_50ml,activation_latency_days,global.reserved_capacity_activation_days,7.0,21.0,60.0,True,True,,feasible_everywhere,"[{""value"": 7.0, ""strategy_id"": ""S12"", ""mean_fill"": 0.997866894770796, ""p_meet"": 0.95, ""mean_cost"": 22389833.81939531, ""mcse_cost"": 38468.492484551505, ""mean_shortage_days"": 2.710371029572837, ""mean_cost_per_unit"": 17.851484597074197, ""capacity_utilization"": 6271308.85, ""feasible"": true, ""n_runs"": 20, ""eligibility"": ""NO_CONCLUSION""}, {""value"": 60.0, ""strategy_id"": ""S12"", ""mean_fill"": 0.997866894770796, ""p_meet"": 0.95, ""mean_cost"": 22389833.81939531, ""mcse_cost"": 38468.492484551505, ""mean_shortage_days"": 2.710371029572837, ""mean_cost_per_unit"": 17.851484597074197, ""capacity_utilization"": 6271308.85, ""feasible"": true, ""n_runs"": 20, ""eligibility"": ""NO_CONCLUSION""}]",feasibility does not change between 7.0 and 60.0; no threshold inside the recorded range,,
S12,sodium_bicarbonate_8_4_50ml,node_capital,product.capital_usd_per_site,15000000.0,40000000.0,100000000.0,True,True,,feasible_everywhere,"[{""value"": 15000000.0, ""strategy_id"": ""S12"", ""mean_fill"": 0.997866894770796, ""p_meet"": 0.95, ""mean_cost"": 14221570.066568185, ""mcse_cost"": 38468.492484551556, ""mean_shortage_days"": 2.710371029572837, ""mean_cost_per_unit"": 11.338668303464718, ""capacity_utilization"": 6271308.85, ""feasible"": true, ""n_runs"": 20, ""eligibility"": ""NO_CONCLUSION""}, {""value"": 100000000.0, ""strategy_id"": ""S12"", ""mean_fill"": 0.997866894770796, ""p_meet"": 0.95, ""mean_cost"": 41993666.82617598, ""mcse_cost"": 38468.49248455152, ""mean_shortage_days"": 2.710371029572837, ""mean_cost_per_unit"": 33.482243701733395, ""capacity_utilization"": 6271308.85, ""feasible"": true, ""n_runs"": 20, ""eligibility"": ""NO_CONCLUSION""}]",feasibility does not change between 15000000.0 and 100000000.0; no threshold inside the recorded range,,
S12,sodium_bicarbonate_8_4_50ml,batches_per_site_year,product.batches_per_site_year_nominal,30.0,45.0,70.0,False,True,44.375,feasible_above,"[{""value"": 30.0, ""strategy_id"": ""S12"", ""mean_fill"": 0.7636129719343842, ""p_meet"": 0.0, ""mean_cost"": 21243262.55897861, ""mcse_cost"": 23741.98485743828, ""mean_shortage_days"": 219.65006845564076, ""mean_cost_per_unit"": 22.253002926187303, ""capacity_utilization"": 4782333.8, ""feasible"": false, ""n_runs"": 20, ""eligibility"": ""NO_CONCLUSION""}, {""value"": 70.0, ""strategy_id"": ""S12"", ""mean_fill"": 1.0, ""p_meet"": 1.0, ""mean_cost"": 22753807.035039537, ""mcse_cost"": 13224.218108172103, ""mean_shortage_days"": 0.0, ""mean_cost_per_unit"": 18.102371564784384, ""capacity_utilization"": 6284911.2, ""feasible"": true, ""n_runs"": 20, ""eligibility"": ""NO_CONCLUSION""}, {""value"": 50.0, ""strategy_id"": ""S12"", ""mean_fill"": 1.0, ""p_meet"": 1.0, ""mean_cost"": 22628665.14529422, ""mcse_cost"": 26242.50741046085, ""mean_shortage_days"": 0.0, ""mean_cost_per_unit"": 18.002756500094307, ""capacity_utilization"": 6284911.2, ""feasible"": true, ""n_runs"": 20, ""eligibility"": ""NO_CONCLUSION""}, {""value"": 40.0, ""strategy_id"": ""S12"", ""mean_fill"": 0.9799074302277597, ""p_meet"": 0.6, ""mean_cost"": 21972243.76569563, ""mcse_cost"": 33020.890811249454, ""mean_shortage_days"": 25.523493975903612, ""mean_cost_per_unit"": 17.852985180161433, ""capacity_utilization"": 6157981.75, ""feasible"": false, ""n_runs"": 20, ""eligibility"": ""NO_CONCLUSION""}, {""value"": 45.0, ""strategy_id"": ""S12"", ""mean_fill"": 0.997866894770796, ""p_meet"": 0.95, ""mean_cost"": 22389833.81939531, ""mcse_cost"": 38468.492484551505, ""mean_shortage_days"": 2.710371029572837, ""mean_cost_per_unit"": 17.851484597074197, ""capacity_utilization"": 6271308.85, ""feasible"": true, ""n_runs"": 20, ""eligibility"": ""NO_CONCLUSION""}, {""value"": 42.5, ""strategy_id"": ""S12"", ""mean_fill"": 0.985472743225505, ""p_meet"": 0.65, ""mean_cost"": 22031524.68033187, ""mcse_cost"": 32110.231147351133, ""mean_shortage_days"": 21.582954545454545, ""mean_cost_per_unit"": 17.79282978983846, ""capacity_utilization"": 6193132.45, ""feasible"": false, ""n_runs"": 20, ""eligibility"": ""NO_CONCLUSION""}, {""value"": 43.75, ""strategy_id"": ""S12"", ""mean_fill"": 0.9926835525525748, ""p_meet"": 0.8, ""mean_cost"": 22141824.726799008, ""mcse_cost"": 35078.602335255244, ""mean_shortage_days"": 10.901492332968237, ""mean_cost_per_unit"": 17.74736322654467, ""capacity_utilization"": 6238655.7, ""feasible"": false, ""n_runs"": 20, ""eligibility"": ""NO_CONCLUSION""}]",bisection over 5 steps on 20 paired runs,43.75,45.0
S12,sodium_bicarbonate_8_4_50ml,changeover_burden,product.changeover_days,1.0,3.0,10.0,True,False,5.640625,feasible_below,"[{""value"": 1.0, ""strategy_id"": ""S12"", ""mean_fill"": 0.9979562617680229, ""p_meet"": 0.95, ""mean_cost"": 22394097.853840314, ""mcse_cost"": 38501.91345536546, ""mean_shortage_days"": 2.530346385542168, ""mean_cost_per_unit"": 17.853241111705405, ""capacity_utilization"": 6271874.15, ""feasible"": true, ""n_runs"": 20, ""eligibility"": ""NO_CONCLUSION""}, {""value"": 10.0, ""strategy_id"": ""S12"", ""mean_fill"": 0.8429417152061729, ""p_meet"": 0.0, ""mean_cost"": 21500228.062197685, ""mcse_cost"": 18023.522579415017, ""mean_shortage_days"": 197.95709884994525, ""mean_cost_per_unit"": 20.349280180789247, ""capacity_utilization"": 5286957.1, ""feasible"": false, ""n_runs"": 20, ""eligibility"": ""NO_CONCLUSION""}, {""value"": 5.5, ""strategy_id"": ""S12"", ""mean_fill"": 0.9977330977432721, ""p_meet"": 0.95, ""mean_cost"": 22384986.772183083, ""mcse_cost"": 38672.945629588576, ""mean_shortage_days"": 3.0604189485213578, ""mean_cost_per_unit"": 17.850085441550856, ""capacity_utilization"": 6270464.8, ""feasible"": true, ""n_runs"": 20, ""eligibility"": ""NO_CONCLUSION""}, {""value"": 7.75, ""strategy_id"": ""S12"", ""mean_fill"": 0.9377576056907257, ""p_meet"": 0.05, ""mean_cost"": 21744273.482499834, ""mcse_cost"": 20182.591886749793, ""mean_shortage_days"": 99.96368428258488, ""mean_cost_per_unit"": 18.481882893795007, ""capacity_utilization"": 5888156.1, ""feasible"": false, ""n_runs"": 20, ""eligibility"": ""NO_CONCLUSION""}, {""value"": 6.625, ""strategy_id"": ""S12"", ""mean_fill"": 0.9764894877797449, ""p_meet"": 0.5, ""mean_cost"": 21914667.059361998, ""mcse_cost"": 25384.570563502417, ""mean_shortage_days"": 36.22495892661554, ""mean_cost_per_unit"": 17.86514007446095, ""capacity_utilization"": 6136572.9, ""feasible"": false, ""n_runs"": 20, ""eligibility"": ""NO_CONCLUSION""}, {""value"": 6.0625, ""strategy_id"": ""S12"", ""mean_fill"": 0.9938663446175509, ""p_meet"": 0.85, ""mean_cost"": 22168232.35385081, ""mcse_cost"": 34372.469400646696, ""mean_shortage_days"": 9.871351314348303, ""mean_cost_per_unit"": 17.746700746984356, ""capacity_utilization"": 6246086.35, ""feasible"": false, ""n_runs"": 20, ""eligibility"": ""NO_CONCLUSION""}, {""value"": 5.78125, ""strategy_id"": ""S12"", ""mean_fill"": 0.9938663446175509, ""p_meet"": 0.85, ""mean_cost"": 22168232.35385081, ""mcse_cost"": 34372.469400646696, ""mean_shortage_days"": 9.871351314348303, ""mean_cost_per_unit"": 17.746700746984356, ""capacity_utilization"": 6246086.35, ""feasible"": false, ""n_runs"": 20, ""eligibility"": ""NO_CONCLUSION""}]",bisection over 5 steps on 20 paired runs,5.5,5.78125
S13,sodium_bicarbonate_8_4_50ml,capacity_utilization,product.annual_demand_units,600000.0,1200000.0,2400000.0,True,False,1246875.0,feasible_below,"[{""value"": 600000.0, ""strategy_id"": ""S13"", ""mean_fill"": 1.0, ""p_meet"": 1.0, ""mean_cost"": 18623811.90588244, ""mcse_cost"": 7161.800275981271, ""mean_shortage_days"": 0.0, ""mean_cost_per_unit"": 29.633614346608756, ""capacity_utilization"": 3142458.6, ""feasible"": true, ""n_runs"": 20, ""eligibility"": ""NO_CONCLUSION""}, {""value"": 2400000.0, ""strategy_id"": ""S13"", ""mean_fill"": 0.608439984139003, ""p_meet"": 0.0, ""mean_cost"": 19928774.138427854, ""mcse_cost"": 33390.13704444661, ""mean_shortage_days"": 247.3938663745893, ""mean_cost_per_unit"": 13.12189333326852, ""capacity_utilization"": 7603586.4, ""feasible"": false, ""n_runs"": 20, ""eligibility"": ""NO_CONCLUSION""}, {""value"": 1500000.0, ""strategy_id"": ""S13"", ""mean_fill"": 0.9026702575442872, ""p_meet"": 0.0, ""mean_cost"": 19634674.05404971, ""mcse_cost"": 28264.70894723528, ""mean_shortage_days"": 119.89641292442498, ""mean_cost_per_unit"": 13.890028555039015, ""capacity_utilization"": 7076238.3, ""feasible"": false, ""n_runs"": 20, ""eligibility"": ""NO_CONCLUSION""}, {""value"": 1050000.0, ""strategy_id"": ""S13"", ""mean_fill"": 1.0, ""p_meet"": 1.0, ""mean_cost"": 19294209.14212434, ""mcse_cost"": 34081.984895469184, ""mean_shortage_days"": 0.0, ""mean_cost_per_unit"": 17.542962112704473, ""capacity_utilization"": 5499303.25, ""feasible"": true, ""n_runs"": 20, ""eligibility"": ""NO_CONCLUSION""}, {""value"": 1275000.0, ""strategy_id"": ""S13"", ""mean_fill"": 0.992110740412498, ""p_meet"": 0.85, ""mean_cost"": 19434662.330260124, ""mcse_cost"": 19723.58718576596, ""mean_shortage_days"": 12.961774370208104, ""mean_cost_per_unit"": 14.675997654741575, ""capacity_utilization"": 6623453.5, ""feasible"": false, ""n_runs"": 20, ""eligibility"": ""NO_CONCLUSION""}, {""value"": 1162500.0, ""strategy_id"": ""S13"", ""mean_fill"": 0.9992153167029946, ""p_meet"": 1.0, ""mean_cost"": 19302251.654576637, ""mcse_cost"": 21980.60016002944, ""mean_shortage_days"": 2.5203450164293537, ""mean_cost_per_unit"": 15.864272464707625, ""capacity_utilization"": 6083650.95, ""feasible"": true, ""n_runs"": 20, ""eligibility"": ""NO_CONCLUSION""}, {""value"": 1218750.0, ""strategy_id"": ""S13"", ""mean_fill"": 0.9957634794629169, ""p_meet"": 0.9, ""mean_cost"": 19351827.17031809, ""mcse_cost"": 19177.22881669832, ""mean_shortage_days"": 6.480887185104052, ""mean_cost_per_unit"": 15.226603706069614, ""capacity_utilization"": 6355041.05, ""feasible"": true, ""n_runs"": 20, ""eligibility"": ""NO_CONCLUSION""}]",bisection over 5 steps on 20 paired runs,1218750.0,1275000.0
S13,sodium_bicarbonate_8_4_50ml,fixed_qa_labor_per_node,product.fixed_qa_labor_usd_per_site_year,1500000.0,3000000.0,6000000.0,True,True,,feasible_everywhere,"[{""value"": 1500000.0, ""strategy_id"": ""S13"", ""mean_fill"": 0.997142570693808, ""p_meet"": 0.9, ""mean_cost"": 17363295.275823034, ""mcse_cost"": 17670.94017349932, ""mean_shortage_days"": 4.82065991237678, ""mean_cost_per_unit"": 13.854408267188726, ""capacity_utilization"": 6266465.05, ""feasible"": true, ""n_runs"": 20, ""eligibility"": ""NO_CONCLUSION""}, {""value"": 6000000.0, ""strategy_id"": ""S13"", ""mean_fill"": 0.997142570693808, ""p_meet"": 0.9, ""mean_cost"": 23252672.61730825, ""mcse_cost"": 17670.940173499275, ""mean_shortage_days"": 4.82065991237678, ""mean_cost_per_unit"": 18.553828369753653, ""capacity_utilization"": 6266465.05, ""feasible"": true, ""n_runs"": 20, ""eligibility"": ""NO_CONCLUSION""}]",feasibility does not change between 1500000.0 and 6000000.0; no threshold inside the recorded range,,
S13,sodium_bicarbonate_8_4_50ml,release_time,global.sterility_incubation_days,14.0,14.0,18.0,True,True,,feasible_everywhere,"[{""value"": 14.0, ""strategy_id"": ""S13"", ""mean_fill"": 0.997142570693808, ""p_meet"": 0.9, ""mean_cost"": 19326421.056318082, ""mcse_cost"": 17670.940173499155, ""mean_shortage_days"": 4.82065991237678, ""mean_cost_per_unit"": 15.42088163471035, ""capacity_utilization"": 6266465.05, ""feasible"": true, ""n_runs"": 20, ""eligibility"": ""NO_CONCLUSION""}, {""value"": 18.0, ""strategy_id"": ""S13"", ""mean_fill"": 0.9968934430274649, ""p_meet"": 0.9, ""mean_cost"": 19322077.256030545, ""mcse_cost"": 17461.204060136704, ""mean_shortage_days"": 4.850664019715224, ""mean_cost_per_unit"": 15.421191088507413, ""capacity_utilization"": 6265034.45, ""feasible"": true, ""n_runs"": 20, ""eligibility"": ""NO_CONCLUSION""}]",feasibility does not change between 14.0 and 18.0; no threshold inside the recorded range,,
S13,sodium_bicarbonate_8_4_50ml,shelf_life,product.shelf_life_months,12.0,24.0,36.0,False,True,13.125,feasible_above,"[{""value"": 12.0, ""strategy_id"": ""S13"", ""mean_fill"": 0.9909624037531934, ""p_meet"": 0.7, ""mean_cost"": 19498773.81252963, ""mcse_cost"": 16207.539734178874, ""mean_shortage_days"": 14.65200575027382, ""mean_cost_per_unit"": 15.65811974827164, ""capacity_utilization"": 6227147.7, ""feasible"": false, ""n_runs"": 20, ""eligibility"": ""NO_CONCLUSION""}, {""value"": 36.0, ""strategy_id"": ""S13"", ""mean_fill"": 0.997142570693808, ""p_meet"": 0.9, ""mean_cost"": 19326421.056318082, ""mcse_cost"": 17670.940173499155, ""mean_shortage_days"": 4.82065991237678, ""mean_cost_per_unit"": 15.42088163471035, ""capacity_utilization"": 6266465.05, ""feasible"": true, ""n_runs"": 20, ""eligibility"": ""NO_CONCLUSION""}, {""value"": 24.0, ""strategy_id"": ""S13"", ""mean_fill"": 0.997142570693808, ""p_meet"": 0.9, ""mean_cost"": 19326421.056318082, ""mcse_cost"": 17670.940173499155, ""mean_shortage_days"": 4.82065991237678, ""mean_cost_per_unit"": 15.42088163471035, ""capacity_utilization"": 6266465.05, ""feasible"": true, ""n_runs"": 20, ""eligibility"": ""NO_CONCLUSION""}, {""value"": 18.0, ""strategy_id"": ""S13"", ""mean_fill"": 0.997142570693808, ""p_meet"": 0.9, ""mean_cost"": 19326421.056318082, ""mcse_cost"": 17670.940173499155, ""mean_shortage_days"": 4.82065991237678, ""mean_cost_per_unit"": 15.42088163471035, ""capacity_utilization"": 6266465.05, ""feasible"": true, ""n_runs"": 20, ""eligibility"": ""NO_CONCLUSION""}, {""value"": 15.0, ""strategy_id"": ""S13"", ""mean_fill"": 0.9961916341307365, ""p_meet"": 0.9, ""mean_cost"": 19366129.1926248, ""mcse_cost"": 17851.345937301994, ""mean_shortage_days"": 5.400739320920044, ""mean_cost_per_unit"": 15.46803041310577, ""capacity_utilization"": 6260456.2, ""feasible"": true, ""n_runs"": 20, ""eligibility"": ""NO_CONCLUSION""}, {""value"": 13.5, ""strategy_id"": ""S13"", ""mean_fill"": 0.995848214351707, ""p_meet"": 0.9, ""mean_cost"": 19434770.83944497, ""mcse_cost"": 15740.435859746241, ""mean_shortage_days"": 7.861076122672509, ""mean_cost_per_unit"": 15.528976099027156, ""capacity_utilization"": 6258027.55, ""feasible"": true, ""n_runs"": 20, ""eligibility"": ""NO_CONCLUSION""}, {""value"": 12.75, ""strategy_id"": ""S13"", ""mean_fill"": 0.9938306999555468, ""p_meet"": 0.8, ""mean_cost"": 19468516.834553134, ""mcse_cost"": 15750.803951520798, ""mean_shortage_days"": 12.031647042716319, ""mean_cost_per_unit"": 15.587994814959819, ""capacity_utilization"": 6245225.8, ""feasible"": false, ""n_runs"": 20, ""eligibility"": ""NO_CONCLUSION""}]",bisection over 5 steps on 20 paired runs,12.75,13.5
S13,sodium_bicarbonate_8_4_50ml,raw_material_lead_time,product.material_lead_time_days,30.0,90.0,240.0,True,True,,feasible_everywhere,"[{""value"": 30.0, ""strategy_id"": ""S13"", ""mean_fill"": 0.9974477347104479, ""p_meet"": 0.9, ""mean_cost"": 19291754.955515254, ""mcse_cost"": 18343.124567795814, ""mean_shortage_days"": 5.340731106243154, ""mean_cost_per_unit"": 15.38744953660788, ""capacity_utilization"": 6268757.0, ""feasible"": true, ""n_runs"": 20, ""eligibility"": ""NO_CONCLUSION""}, {""value"": 240.0, ""strategy_id"": ""S13"", ""mean_fill"": 0.9975515256725996, ""p_meet"": 0.9, ""mean_cost"": 19431326.203952957, ""mcse_cost"": 17693.596239732287, ""mean_shortage_days"": 5.190710569550931, ""mean_cost_per_unit"": 15.497496705726807, ""capacity_utilization"": 6269297.05, ""feasible"": true, ""n_runs"": 20, ""eligibility"": ""NO_CONCLUSION""}]",feasibility does not change between 30.0 and 240.0; no threshold inside the recorded range,,
S13,sodium_bicarbonate_8_4_50ml,common_cause_dependence,global.common_cause_events_per_year,0.02,0.1,0.3,True,False,0.103125,feasible_below,"[{""value"": 0.02, ""strategy_id"": ""S13"", ""mean_fill"": 0.9997904916703328, ""p_meet"": 1.0, ""mean_cost"": 19437346.671406396, ""mcse_cost"": 17248.40706335364, ""mean_shortage_days"": 0.49006708652792985, ""mean_cost_per_unit"": 15.467383610968687, ""capacity_utilization"": 6283543.7, ""feasible"": true, ""n_runs"": 20, ""eligibility"": ""NO_CONCLUSION""}, {""value"": 0.3, ""strategy_id"": ""S13"", ""mean_fill"": 0.9730013968896152, ""p_meet"": 0.5, ""mean_cost"": 19198145.367547892, ""mcse_cost"": 32280.530640405712, ""mean_shortage_days"": 26.55363499452355, ""mean_cost_per_unit"": 15.735553568811763, ""capacity_utilization"": 6109783.0, ""feasible"": false, ""n_runs"": 20, ""eligibility"": ""NO_CONCLUSION""}, {""value"": 0.16, ""strategy_id"": ""S13"", ""mean_fill"": 0.9923611643991951, ""p_meet"": 0.7, ""mean_cost"": 19286210.744431503, ""mcse_cost"": 18604.362166099887, ""mean_shortage_days"": 10.361418400876232, ""mean_cost_per_unit"": 15.462961871201014, ""capacity_utilization"": 6236648.5, ""feasible"": false, ""n_runs"": 20, ""eligibility"": ""NO_CONCLUSION""}, {""value"": 0.09, ""strategy_id"": ""S13"", ""mean_fill"": 0.9980164421800295, ""p_meet"": 0.9, ""mean_cost"": 19333130.651460484, ""mcse_cost"": 17028.55918114456, ""mean_shortage_days"": 4.37059830230011, ""mean_cost_per_unit"": 15.4124236993022, ""capacity_utilization"": 6272015.45, ""feasible"": true, ""n_runs"": 20, ""eligibility"": ""NO_CONCLUSION""}, {""value"": 0.125, ""strategy_id"": ""S13"", ""mean_fill"": 0.996301885415121, ""p_meet"": 0.85, ""mean_cost"": 19311656.45862137, ""mcse_cost"": 18724.13943256341, ""mean_shortage_days"": 7.3009994523548745, ""mean_cost_per_unit"": 15.422214143465686, ""capacity_utilization"": 6261244.65, ""feasible"": false, ""n_runs"": 20, ""eligibility"": ""NO_CONCLUSION""}, {""value"": 0.1075, ""strategy_id"": ""S13"", ""mean_fill"": 0.9964713482234892, ""p_meet"": 0.85, ""mean_cost"": 19321772.233263545, ""mcse_cost"": 18903.664383672593, ""mean_shortage_days"": 5.190710569550931, ""mean_cost_per_unit"": 15.427675101888664, ""capacity_utilization"": 6262306.4, ""feasible"": false, ""n_runs"": 20, ""eligibility"": ""NO_CONCLUSION""}, {""value"": 0.09875, ""strategy_id"": ""S13"", ""mean_fill"": 0.997142570693808, ""p_meet"": 0.9, ""mean_cost"": 19328778.04230325, ""mcse_cost"": 17690.682828647758, ""mean_shortage_days"": 4.82065991237678, ""mean_cost_per_unit"": 15.422773557135883, ""capacity_utilization"": 6266465.05, ""feasible"": true, ""n_runs"": 20, ""eligibility"": ""NO_CONCLUSION""}]",bisection over 5 steps on 20 paired runs,0.09875,0.1075
S13,sodium_bicarbonate_8_4_50ml,supplier_concentration,global.supplier_disruptions_per_supplier_year,0.05,0.2,0.6,True,True,,feasible_everywhere,"[{""value"": 0.05, ""strategy_id"": ""S13"", ""mean_fill"": 0.9972196895556813, ""p_meet"": 0.9, ""mean_cost"": 19334525.042622052, ""mcse_cost"": 18420.562835945824, ""mean_shortage_days"": 4.630633899233297, ""mean_cost_per_unit"": 15.425553753845941, ""capacity_utilization"": 6267184.2, ""feasible"": true, ""n_runs"": 20, ""eligibility"": ""NO_CONCLUSION""}, {""value"": 0.6, ""strategy_id"": ""S13"", ""mean_fill"": 0.9967126123408869, ""p_meet"": 0.9, ""mean_cost"": 19319965.783150584, ""mcse_cost"": 18285.54055563933, ""mean_shortage_days"": 5.840799561883899, ""mean_cost_per_unit"": 15.42242553348259, ""capacity_utilization"": 6263914.95, ""feasible"": true, ""n_runs"": 20, ""eligibility"": ""NO_CONCLUSION""}]",feasibility does not change between 0.05 and 0.6; no threshold inside the recorded range,,
S13,sodium_bicarbonate_8_4_50ml,commissioning_days,global.node_commissioning_days,365.0,730.0,1095.0,True,True,,feasible_everywhere,"[{""value"": 365.0, ""strategy_id"": ""S13"", ""mean_fill"": 0.997142570693808, ""p_meet"": 0.9, ""mean_cost"": 19326421.056318082, ""mcse_cost"": 17670.940173499155, ""mean_shortage_days"": 4.82065991237678, ""mean_cost_per_unit"": 15.42088163471035, ""capacity_utilization"": 6266465.05, ""feasible"": true, ""n_runs"": 20, ""eligibility"": ""NO_CONCLUSION""}, {""value"": 1095.0, ""strategy_id"": ""S13"", ""mean_fill"": 0.997142570693808, ""p_meet"": 0.9, ""mean_cost"": 19326421.056318082, ""mcse_cost"": 17670.940173499155, ""mean_shortage_days"": 4.82065991237678, ""mean_cost_per_unit"": 15.42088163471035, ""capacity_utilization"": 6266465.05, ""feasible"": true, ""n_runs"": 20, ""eligibility"": ""NO_CONCLUSION""}]",feasibility does not change between 365.0 and 1095.0; no threshold inside the recorded range,,
S13,sodium_bicarbonate_8_4_50ml,activation_latency_days,global.reserved_capacity_activation_days,7.0,21.0,60.0,True,True,,feasible_everywhere,"[{""value"": 7.0, ""strategy_id"": ""S13"", ""mean_fill"": 0.9973324720813668, ""p_meet"": 0.9, ""mean_cost"": 19327512.45609444, ""mcse_cost"": 17805.940545031557, ""mean_shortage_days"": 4.670639375684556, ""mean_cost_per_unit"": 15.418747627969514, ""capacity_utilization"": 6267673.75, ""feasible"": true, ""n_runs"": 20, ""eligibility"": ""NO_CONCLUSION""}, {""value"": 60.0, ""strategy_id"": ""S13"", ""mean_fill"": 0.9973476494679689, ""p_meet"": 0.9, ""mean_cost"": 19324845.368250076, ""mcse_cost"": 17797.35690005027, ""mean_shortage_days"": 4.570625684556407, ""mean_cost_per_unit"": 15.416400052623041, ""capacity_utilization"": 6267768.9, ""feasible"": true, ""n_runs"": 20, ""eligibility"": ""NO_CONCLUSION""}]",feasibility does not change between 7.0 and 60.0; no threshold inside the recorded range,,
S13,sodium_bicarbonate_8_4_50ml,node_capital,product.capital_usd_per_site,15000000.0,40000000.0,100000000.0,True,True,,feasible_everywhere,"[{""value"": 15000000.0, ""strategy_id"": ""S13"", ""mean_fill"": 0.997142570693808, ""p_meet"": 0.9, ""mean_cost"": 12928577.677846678, ""mcse_cost"": 17670.940173499315, ""mean_shortage_days"": 4.82065991237678, ""mean_cost_per_unit"": 10.3157317958535, ""capacity_utilization"": 6266465.05, ""feasible"": true, ""n_runs"": 20, ""eligibility"": ""NO_CONCLUSION""}, {""value"": 100000000.0, ""strategy_id"": ""S13"", ""mean_fill"": 0.997142570693808, ""p_meet"": 0.9, ""mean_cost"": 34681245.16465327, ""mcse_cost"": 17670.94017349912, ""mean_shortage_days"": 4.82065991237678, ""mean_cost_per_unit"": 27.673241247969834, ""capacity_utilization"": 6266465.05, ""feasible"": true, ""n_runs"": 20, ""eligibility"": ""NO_CONCLUSION""}]",feasibility does not change between 15000000.0 and 100000000.0; no threshold inside the recorded range,,
S13,sodium_bicarbonate_8_4_50ml,batches_per_site_year,product.batches_per_site_year_nominal,30.0,45.0,70.0,False,True,43.125,feasible_above,"[{""value"": 30.0, ""strategy_id"": ""S13"", ""mean_fill"": 0.7827546932098727, ""p_meet"": 0.0, ""mean_cost"": 18563596.091387622, ""mcse_cost"": 22268.699032449073, ""mean_shortage_days"": 181.9249041621029, ""mean_cost_per_unit"": 18.971541482305447, ""capacity_utilization"": 4899805.95, ""feasible"": false, ""n_runs"": 20, ""eligibility"": ""NO_CONCLUSION""}, {""value"": 70.0, ""strategy_id"": ""S13"", ""mean_fill"": 1.0, ""p_meet"": 1.0, ""mean_cost"": 20823987.04418092, ""mcse_cost"": 27920.213064835018, ""mean_shortage_days"": 0.0, ""mean_cost_per_unit"": 16.56711771752945, ""capacity_utilization"": 6284911.2, ""feasible"": true, ""n_runs"": 20, ""eligibility"": ""NO_CONCLUSION""}, {""value"": 50.0, ""strategy_id"": ""S13"", ""mean_fill"": 1.0, ""p_meet"": 1.0, ""mean_cost"": 19633663.923982155, ""mcse_cost"": 32484.594101546743, ""mean_shortage_days"": 0.0, ""mean_cost_per_unit"": 15.619994948300604, ""capacity_utilization"": 6284911.2, ""feasible"": true, ""n_runs"": 20, ""eligibility"": ""NO_CONCLUSION""}, {""value"": 40.0, ""strategy_id"": ""S13"", ""mean_fill"": 0.9781896541237545, ""p_meet"": 0.45, ""mean_cost"": 19164584.234433603, ""mcse_cost"": 20660.108254272563, ""mean_shortage_days"": 42.04575575027383, ""mean_cost_per_unit"": 15.613694614017723, ""capacity_utilization"": 6141584.9, ""feasible"": false, ""n_runs"": 20, ""eligibility"": ""NO_CONCLUSION""}, {""value"": 45.0, ""strategy_id"": ""S13"", ""mean_fill"": 0.997142570693808, ""p_meet"": 0.9, ""mean_cost"": 19326421.056318082, ""mcse_cost"": 17670.940173499155, ""mean_shortage_days"": 4.82065991237678, ""mean_cost_per_unit"": 15.42088163471035, ""capacity_utilization"": 6266465.05, ""feasible"": true, ""n_runs"": 20, ""eligibility"": ""NO_CONCLUSION""}, {""value"": 42.5, ""strategy_id"": ""S13"", ""mean_fill"": 0.9870250800420658, ""p_meet"": 0.6, ""mean_cost"": 19207837.51823389, ""mcse_cost"": 19602.831240715514, ""mean_shortage_days"": 24.623370755750273, ""mean_cost_per_unit"": 15.497160089951345, ""capacity_utilization"": 6200321.65, ""feasible"": false, ""n_runs"": 20, ""eligibility"": ""NO_CONCLUSION""}, {""value"": 43.75, ""strategy_id"": ""S13"", ""mean_fill"": 0.9966278615150012, ""p_meet"": 0.9, ""mean_cost"": 19310947.903455466, ""mcse_cost"": 18100.26765407823, ""mean_shortage_days"": 5.25071878422782, ""mean_cost_per_unit"": 15.416156983419231, ""capacity_utilization"": 6263504.25, ""feasible"": true, ""n_runs"": 20, ""eligibility"": ""NO_CONCLUSION""}]",bisection over 5 steps on 20 paired runs,42.5,43.75
S13,sodium_bicarbonate_8_4_50ml,changeover_burden,product.changeover_days,1.0,3.0,10.0,True,False,7.609375,feasible_below,"[{""value"": 1.0, ""strategy_id"": ""S13"", ""mean_fill"": 0.9971732910533732, ""p_meet"": 0.9, ""mean_cost"": 19327915.87521357, ""mcse_cost"": 18526.53017757174, ""mean_shortage_days"": 4.590628422782037, ""mean_cost_per_unit"": 15.421568097635902, ""capacity_utilization"": 6266659.35, ""feasible"": true, ""n_runs"": 20, ""eligibility"": ""NO_CONCLUSION""}, {""value"": 10.0, ""strategy_id"": ""S13"", ""mean_fill"": 0.9438534666709938, ""p_meet"": 0.0, ""mean_cost"": 19077642.57311886, ""mcse_cost"": 19497.441815018676, ""mean_shortage_days"": 93.60281352683461, ""mean_cost_per_unit"": 16.12172893298424, ""capacity_utilization"": 5921900.6, ""feasible"": false, ""n_runs"": 20, ""eligibility"": ""NO_CONCLUSION""}, {""value"": 5.5, ""strategy_id"": ""S13"", ""mean_fill"": 0.9970068362337718, ""p_meet"": 0.9, ""mean_cost"": 19324503.629699185, ""mcse_cost"": 17619.945068329715, ""mean_shortage_days"": 5.020687294633078, ""mean_cost_per_unit"": 15.421837758446127, ""capacity_utilization"": 6265503.5, ""feasible"": true, ""n_runs"": 20, ""eligibility"": ""NO_CONCLUSION""}, {""value"": 7.75, ""strategy_id"": ""S13"", ""mean_fill"": 0.9916771223111311, ""p_meet"": 0.85, ""mean_cost"": 19244734.250681844, ""mcse_cost"": 18455.39475486096, ""mean_shortage_days"": 16.882311062431544, ""mean_cost_per_unit"": 15.445788757499551, ""capacity_utilization"": 6231658.8, ""feasible"": false, ""n_runs"": 20, ""eligibility"": ""NO_CONCLUSION""}, {""value"": 6.625, ""strategy_id"": ""S13"", ""mean_fill"": 0.996824458373689, ""p_meet"": 0.9, ""mean_cost"": 19321846.07648856, ""mcse_cost"": 17466.93411233031, ""mean_shortage_days"": 5.070694140197152, ""mean_cost_per_unit"": 15.42234295274701, ""capacity_utilization"": 6264471.25, ""feasible"": true, ""n_runs"": 20, ""eligibility"": ""NO_CONCLUSION""}, {""value"": 7.1875, ""strategy_id"": ""S13"", ""mean_fill"": 0.996824458373689, ""p_meet"": 0.9, ""mean_cost"": 19321846.07648856, ""mcse_cost"": 17466.93411233031, ""mean_shortage_days"": 5.070694140197152, ""mean_cost_per_unit"": 15.42234295274701, ""capacity_utilization"": 6264471.25, ""feasible"": true, ""n_runs"": 20, ""eligibility"": ""NO_CONCLUSION""}, {""value"": 7.46875, ""strategy_id"": ""S13"", ""mean_fill"": 0.996824458373689, ""p_meet"": 0.9, ""mean_cost"": 19321846.07648856, ""mcse_cost"": 17466.93411233031, ""mean_shortage_days"": 5.070694140197152, ""mean_cost_per_unit"": 15.42234295274701, ""capacity_utilization"": 6264471.25, ""feasible"": true, ""n_runs"": 20, ""eligibility"": ""NO_CONCLUSION""}]",bisection over 5 steps on 20 paired runs,7.46875,7.75
S14,sodium_bicarbonate_8_4_50ml,capacity_utilization,product.annual_demand_units,600000.0,1200000.0,2400000.0,True,False,1190625.0,feasible_below,"[{""value"": 600000.0, ""strategy_id"": ""S14"", ""mean_fill"": 0.9967175666563033, ""p_meet"": 0.9, ""mean_cost"": 23217011.486073427, ""mcse_cost"": 11244.543103188524, ""mean_shortage_days"": 6.340868017524644, ""mean_cost_per_unit"": 37.06241198628017, ""capacity_utilization"": 3132233.1, ""feasible"": true, ""n_runs"": 20, ""eligibility"": ""NO_CONCLUSION""}, {""value"": 2400000.0, ""strategy_id"": ""S14"", ""mean_fill"": 0.700562195590558, ""p_meet"": 0.0, ""mean_cost"": 25545994.14552801, ""mcse_cost"": 37200.73220493551, ""mean_shortage_days"": 286.88927300109526, ""mean_cost_per_unit"": 14.583015311993098, ""capacity_utilization"": 8769023.1, ""feasible"": false, ""n_runs"": 20, ""eligibility"": ""NO_CONCLUSION""}, {""value"": 1500000.0, ""strategy_id"": ""S14"", ""mean_fill"": 0.9724811607344337, ""p_meet"": 0.0, ""mean_cost"": 25254082.01247986, ""mcse_cost"": 36731.586873452165, ""mean_shortage_days"": 46.196323932092, ""mean_cost_per_unit"": 16.52884702214372, ""capacity_utilization"": 7639517.95, ""feasible"": false, ""n_runs"": 20, ""eligibility"": ""NO_CONCLUSION""}, {""value"": 1050000.0, ""strategy_id"": ""S14"", ""mean_fill"": 0.9966538296997867, ""p_meet"": 0.95, ""mean_cost"": 24473499.77572906, ""mcse_cost"": 11086.377732744966, ""mean_shortage_days"": 9.291271905805038, ""mean_cost_per_unit"": 22.325871265329635, ""capacity_utilization"": 5481128.85, ""feasible"": true, ""n_runs"": 20, ""eligibility"": ""NO_CONCLUSION""}, {""value"": 1275000.0, ""strategy_id"": ""S14"", ""mean_fill"": 0.9922550855466173, ""p_meet"": 0.8, ""mean_cost"": 25021048.960857086, ""mcse_cost"": 13778.135706544752, ""mean_shortage_days"": 19.4726656626506, ""mean_cost_per_unit"": 18.88095888540318, ""capacity_utilization"": 6625780.0, ""feasible"": false, ""n_runs"": 20, ""eligibility"": ""NO_CONCLUSION""}, {""value"": 1162500.0, ""strategy_id"": ""S14"", ""mean_fill"": 0.9947939843434401, ""p_meet"": 0.9, ""mean_cost"": 24761823.922749143, ""mcse_cost"": 10323.40614672766, ""mean_shortage_days"": 12.48170865279299, ""mean_cost_per_unit"": 20.440765051022023, ""capacity_utilization"": 6056754.15, ""feasible"": true, ""n_runs"": 20, ""eligibility"": ""NO_CONCLUSION""}, {""value"": 1218750.0, ""strategy_id"": ""S14"", ""mean_fill"": 0.9933318480638412, ""p_meet"": 0.85, ""mean_cost"": 24893794.004488762, ""mcse_cost"": 11192.764954125638, ""mean_shortage_days"": 15.992189211391018, ""mean_cost_per_unit"": 19.630447760022925, ""capacity_utilization"": 6340415.35, ""feasible"": false, ""n_runs"": 20, ""eligibility"": ""NO_CONCLUSION""}]",bisection over 5 steps on 20 paired runs,1162500.0,1218750.0
S14,sodium_bicarbonate_8_4_50ml,fixed_qa_labor_per_node,product.fixed_qa_labor_usd_per_site_year,1500000.0,3000000.0,6000000.0,True,True,,feasible_everywhere,"[{""value"": 1500000.0, ""strategy_id"": ""S14"", ""mean_fill"": 0.9941783940222695, ""p_meet"": 0.9, ""mean_cost"": 21849179.158585552, ""mcse_cost"": 13311.983525430185, ""mean_shortage_days"": 13.551855147864185, ""mean_cost_per_unit"": 17.48365675398167, ""capacity_utilization"": 6248207.0, ""feasible"": true, ""n_runs"": 20, ""eligibility"": ""NO_CONCLUSION""}, {""value"": 6000000.0, ""strategy_id"": ""S14"", ""mean_fill"": 0.9941783940222695, ""p_meet"": 0.9, ""mean_cost"": 30818306.38897273, ""mcse_cost"": 13311.983525430189, ""mean_shortage_days"": 13.551855147864185, ""mean_cost_per_unit"": 24.6608381671209, ""capacity_utilization"": 6248207.0, ""feasible"": true, ""n_runs"": 20, ""eligibility"": ""NO_CONCLUSION""}]",feasibility does not change between 1500000.0 and 6000000.0; no threshold inside the recorded range,,
S14,sodium_bicarbonate_8_4_50ml,release_time,global.sterility_incubation_days,14.0,14.0,18.0,True,False,15.9375,feasible_below,"[{""value"": 14.0, ""strategy_id"": ""S14"", ""mean_fill"": 0.9941783940222695, ""p_meet"": 0.9, ""mean_cost"": 24838888.23538127, ""mcse_cost"": 13311.983525430202, ""mean_shortage_days"": 13.551855147864185, ""mean_cost_per_unit"": 19.876050558361413, ""capacity_utilization"": 6248207.0, ""feasible"": true, ""n_runs"": 20, ""eligibility"": ""NO_CONCLUSION""}, {""value"": 18.0, ""strategy_id"": ""S14"", ""mean_fill"": 0.9922774776209424, ""p_meet"": 0.85, ""mean_cost"": 24834826.204379454, ""mcse_cost"": 10767.35372774984, ""mean_shortage_days"": 16.5822699890471, ""mean_cost_per_unit"": 19.91128449806792, ""capacity_utilization"": 6236151.1, ""feasible"": false, ""n_runs"": 20, ""eligibility"": ""NO_CONCLUSION""}, {""value"": 16.0, ""strategy_id"": ""S14"", ""mean_fill"": 0.9928760457390989, ""p_meet"": 0.85, ""mean_cost"": 24834405.302284062, ""mcse_cost"": 10831.240041944218, ""mean_shortage_days"": 15.75215635268346, ""mean_cost_per_unit"": 19.898894274819035, ""capacity_utilization"": 6239963.6, ""feasible"": false, ""n_runs"": 20, ""eligibility"": ""NO_CONCLUSION""}, {""value"": 15.0, ""strategy_id"": ""S14"", ""mean_fill"": 0.9941530529710594, ""p_meet"": 0.9, ""mean_cost"": 24850440.992395654, ""mcse_cost"": 9604.775488346475, ""mean_shortage_days"": 13.34182639649507, ""mean_cost_per_unit"": 19.886603790348467, ""capacity_utilization"": 6247803.4, ""feasible"": true, ""n_runs"": 20, ""eligibility"": ""NO_CONCLUSION""}, {""value"": 15.5, ""strategy_id"": ""S14"", ""mean_fill"": 0.9936627571994237, ""p_meet"": 0.9, ""mean_cost"": 24836266.285479404, ""mcse_cost"": 10890.117008922876, ""mean_shortage_days"": 15.542127601314348, ""mean_cost_per_unit"": 19.885050871524747, ""capacity_utilization"": 6244722.45, ""feasible"": true, ""n_runs"": 20, ""eligibility"": ""NO_CONCLUSION""}, {""value"": 15.75, ""strategy_id"": ""S14"", ""mean_fill"": 0.9935887386962341, ""p_meet"": 0.9, ""mean_cost"": 24834923.517937187, ""mcse_cost"": 11219.76755042192, ""mean_shortage_days"": 14.511986582694414, ""mean_cost_per_unit"": 19.884938324401688, ""capacity_utilization"": 6244421.55, ""feasible"": true, ""n_runs"": 20, ""eligibility"": ""NO_CONCLUSION""}, {""value"": 15.875, ""strategy_id"": ""S14"", ""mean_fill"": 0.9933994496405412, ""p_meet"": 0.9, ""mean_cost"": 24840926.3140522, ""mcse_cost"": 12371.331764242335, ""mean_shortage_days"": 15.432112541073383, ""mean_cost_per_unit"": 19.893463810330687, ""capacity_utilization"": 6243237.55, ""feasible"": true, ""n_runs"": 20, ""eligibility"": ""NO_CONCLUSION""}]",bisection over 5 steps on 20 paired runs,15.875,16.0
S14,sodium_bicarbonate_8_4_50ml,shelf_life,product.shelf_life_months,12.0,24.0,36.0,False,True,22.125,feasible_above,"[{""value"": 12.0, ""strategy_id"": ""S14"", ""mean_fill"": 0.9456574279899996, ""p_meet"": 0.0, ""mean_cost"": 25124299.177488077, ""mcse_cost"": 20364.226146886434, ""mean_shortage_days"": 63.148644578313245, ""mean_cost_per_unit"": 21.138207833974786, ""capacity_utilization"": 5942993.2, ""feasible"": false, ""n_runs"": 20, ""eligibility"": ""NO_CONCLUSION""}, {""value"": 36.0, ""strategy_id"": ""S14"", ""mean_fill"": 0.9951749788847112, ""p_meet"": 0.9, ""mean_cost"": 24827294.0079114, ""mcse_cost"": 11234.62042369797, ""mean_shortage_days"": 11.20153340635268, ""mean_cost_per_unit"": 19.846680079364443, ""capacity_utilization"": 6254533.65, ""feasible"": true, ""n_runs"": 20, ""eligibility"": ""NO_CONCLUSION""}, {""value"": 24.0, ""strategy_id"": ""S14"", ""mean_fill"": 0.9941783940222695, ""p_meet"": 0.9, ""mean_cost"": 24838888.23538127, ""mcse_cost"": 13311.983525430202, ""mean_shortage_days"": 13.551855147864185, ""mean_cost_per_unit"": 19.876050558361413, ""capacity_utilization"": 6248207.0, ""feasible"": true, ""n_runs"": 20, ""eligibility"": ""NO_CONCLUSION""}, {""value"": 18.0, ""strategy_id"": ""S14"", ""mean_fill"": 0.9862406258124403, ""p_meet"": 0.5, ""mean_cost"": 24893606.56987694, ""mcse_cost"": 13036.481375676418, ""mean_shortage_days"": 29.684063526834613, ""mean_cost_per_unit"": 20.081272366716707, ""capacity_utilization"": 6198113.3, ""feasible"": false, ""n_runs"": 20, ""eligibility"": ""NO_CONCLUSION""}, {""value"": 21.0, ""strategy_id"": ""S14"", ""mean_fill"": 0.9919035762908293, ""p_meet"": 0.8, ""mean_cost"": 24877364.012485567, ""mcse_cost"": 11635.396540548329, ""mean_shortage_days"": 18.892586254107336, ""mean_cost_per_unit"": 19.95305051606994, ""capacity_utilization"": 6233807.55, ""feasible"": false, ""n_runs"": 20, ""eligibility"": ""NO_CONCLUSION""}, {""value"": 22.5, ""strategy_id"": ""S14"", ""mean_fill"": 0.9933215664556438, ""p_meet"": 0.9, ""mean_cost"": 24854685.03349195, ""mcse_cost"": 10597.202394473828, ""mean_shortage_days"": 16.12220700985761, ""mean_cost_per_unit"": 19.906046331872655, ""capacity_utilization"": 6242758.45, ""feasible"": true, ""n_runs"": 20, ""eligibility"": ""NO_CONCLUSION""}, {""value"": 21.75, ""strategy_id"": ""S14"", ""mean_fill"": 0.992661127515737, ""p_meet"": 0.85, ""mean_cost"": 24862610.77773682, ""mcse_cost"": 11071.879734469858, ""mean_shortage_days"": 17.332372672508214, ""mean_cost_per_unit"": 19.92584028411536, ""capacity_utilization"": 6238591.5, ""feasible"": false, ""n_runs"": 20, ""eligibility"": ""NO_CONCLUSION""}]",bisection over 5 steps on 20 paired runs,21.75,22.5
S14,sodium_bicarbonate_8_4_50ml,raw_material_lead_time,product.material_lead_time_days,30.0,90.0,240.0,False,True,66.09375,feasible_above,"[{""value"": 30.0, ""strategy_id"": ""S14"", ""mean_fill"": 0.9929055393105507, ""p_meet"": 0.75, ""mean_cost"": 24826209.802479174, ""mcse_cost"": 14361.781586666306, ""mean_shortage_days"": 15.882174151150057, ""mean_cost_per_unit"": 19.891626703619046, ""capacity_utilization"": 6240328.15, ""feasible"": false, ""n_runs"": 20, ""eligibility"": ""NO_CONCLUSION""}, {""value"": 240.0, ""strategy_id"": ""S14"", ""mean_fill"": 0.9950118896802289, ""p_meet"": 0.9, ""mean_cost"": 24906035.014174975, ""mcse_cost"": 10645.853692980674, ""mean_shortage_days"": 12.241675794085435, ""mean_cost_per_unit"": 19.913340705854626, ""capacity_utilization"": 6253466.0, ""feasible"": true, ""n_runs"": 20, ""eligibility"": ""NO_CONCLUSION""}, {""value"": 135.0, ""strategy_id"": ""S14"", ""mean_fill"": 0.9946918777084077, ""p_meet"": 0.9, ""mean_cost"": 24869759.04101843, ""mcse_cost"": 11990.247297220814, ""mean_shortage_days"": 12.451704545454545, ""mean_cost_per_unit"": 19.890474636160764, ""capacity_utilization"": 6251558.6, ""feasible"": true, ""n_runs"": 20, ""eligibility"": ""NO_CONCLUSION""}, {""value"": 82.5, ""strategy_id"": ""S14"", ""mean_fill"": 0.9952239491379755, ""p_meet"": 0.95, ""mean_cost"": 24837829.41139246, ""mcse_cost"": 14882.580545170564, ""mean_shortage_days"": 13.251814074479736, ""mean_cost_per_unit"": 19.854630017016653, ""capacity_utilization"": 6255112.0, ""feasible"": true, ""n_runs"": 20, ""eligibility"": ""NO_CONCLUSION""}, {""value"": 56.25, ""strategy_id"": ""S14"", ""mean_fill"": 0.9945191878290611, ""p_meet"": 0.8, ""mean_cost"": 24837256.26891277, ""mcse_cost"": 15873.414229658069, ""mean_shortage_days"": 13.951909912376777, ""mean_cost_per_unit"": 19.867906527572003, ""capacity_utilization"": 6250529.9, ""feasible"": false, ""n_runs"": 20, ""eligibility"": ""NO_CONCLUSION""}, {""value"": 69.375, ""strategy_id"": ""S14"", ""mean_fill"": 0.9945372311585021, ""p_meet"": 0.9, ""mean_cost"": 24840102.36043308, ""mcse_cost"": 15850.860702229025, ""mean_shortage_days"": 13.901903066812704, ""mean_cost_per_unit"": 19.869934205892314, ""capacity_utilization"": 6250713.75, ""feasible"": true, ""n_runs"": 20, ""eligibility"": ""NO_CONCLUSION""}, {""value"": 62.8125, ""strategy_id"": ""S14"", ""mean_fill"": 0.9943924435044034, ""p_meet"": 0.8, ""mean_cost"": 24841811.17046457, ""mcse_cost"": 15724.96612692749, ""mean_shortage_days"": 14.301957831325302, ""mean_cost_per_unit"": 19.874103201998466, ""capacity_utilization"": 6249722.9, ""feasible"": false, ""n_runs"": 20, ""eligibility"": ""NO_CONCLUSION""}]",bisection over 5 steps on 20 paired runs,62.8125,69.375
S14,sodium_bicarbonate_8_4_50ml,common_cause_dependence,global.common_cause_events_per_year,0.02,0.1,0.3,True,False,0.138125,feasible_below,"[{""value"": 0.02, ""strategy_id"": ""S14"", ""mean_fill"": 0.9944062058401644, ""p_meet"": 0.9, ""mean_cost"": 24865931.293435358, ""mcse_cost"": 11081.625419668097, ""mean_shortage_days"": 12.511712760131434, ""mean_cost_per_unit"": 19.893049573095947, ""capacity_utilization"": 6249649.1, ""feasible"": true, ""n_runs"": 20, ""eligibility"": ""NO_CONCLUSION""}, {""value"": 0.3, ""strategy_id"": ""S14"", ""mean_fill"": 0.983995292774226, ""p_meet"": 0.55, ""mean_cost"": 24753301.10578977, ""mcse_cost"": 37634.49547852981, ""mean_shortage_days"": 27.81380750273823, ""mean_cost_per_unit"": 20.01749335641642, ""capacity_utilization"": 6183326.65, ""feasible"": false, ""n_runs"": 20, ""eligibility"": ""NO_CONCLUSION""}, {""value"": 0.16, ""strategy_id"": ""S14"", ""mean_fill"": 0.9903535318329594, ""p_meet"": 0.65, ""mean_cost"": 24827136.738312583, ""mcse_cost"": 10743.574485877347, ""mean_shortage_days"": 18.812575301204824, ""mean_cost_per_unit"": 19.9439765729093, ""capacity_utilization"": 6224089.45, ""feasible"": false, ""n_runs"": 20, ""eligibility"": ""NO_CONCLUSION""}, {""value"": 0.09, ""strategy_id"": ""S14"", ""mean_fill"": 0.9941943054602653, ""p_meet"": 0.9, ""mean_cost"": 24836183.92560446, ""mcse_cost"": 12269.955611359494, ""mean_shortage_days"": 13.331825027382257, ""mean_cost_per_unit"": 19.873553615638947, ""capacity_utilization"": 6248306.1, ""feasible"": true, ""n_runs"": 20, ""eligibility"": ""NO_CONCLUSION""}, {""value"": 0.125, ""strategy_id"": ""S14"", ""mean_fill"": 0.9939921568568181, ""p_meet"": 0.9, ""mean_cost"": 24837717.513944484, ""mcse_cost"": 12689.141351078291, ""mean_shortage_days"": 14.07192634173056, ""mean_cost_per_unit"": 19.8788168503161, ""capacity_utilization"": 6247042.55, ""feasible"": true, ""n_runs"": 20, ""eligibility"": ""NO_CONCLUSION""}, {""value"": 0.14250000000000002, ""strategy_id"": ""S14"", ""mean_fill"": 0.9914334929240134, ""p_meet"": 0.75, ""mean_cost"": 24842690.80623591, ""mcse_cost"": 12699.876663750321, ""mean_shortage_days"": 17.152348028477547, ""mean_cost_per_unit"": 19.934596588297598, ""capacity_utilization"": 6230876.3, ""feasible"": false, ""n_runs"": 20, ""eligibility"": ""NO_CONCLUSION""}, {""value"": 0.13375, ""strategy_id"": ""S14"", ""mean_fill"": 0.9939921568568181, ""p_meet"": 0.9, ""mean_cost"": 24840672.953223582, ""mcse_cost"": 13144.5889082993, ""mean_shortage_days"": 14.041922234392114, ""mean_cost_per_unit"": 19.881210297450004, ""capacity_utilization"": 6247042.55, ""feasible"": true, ""n_runs"": 20, ""eligibility"": ""NO_CONCLUSION""}]",bisection over 5 steps on 20 paired runs,0.13375,0.14250000000000002
S14,sodium_bicarbonate_8_4_50ml,supplier_concentration,global.supplier_disruptions_per_supplier_year,0.05,0.2,0.6,True,False,0.28203125,feasible_below,"[{""value"": 0.05, ""strategy_id"": ""S14"", ""mean_fill"": 0.9960356095489209, ""p_meet"": 0.95, ""mean_cost"": 24852930.76480734, ""mcse_cost"": 14627.84799372526, ""mean_shortage_days"": 11.061514238773276, ""mean_cost_per_unit"": 19.85083717817517, ""capacity_utilization"": 6260165.9, ""feasible"": true, ""n_runs"": 20, ""eligibility"": ""NO_CONCLUSION""}, {""value"": 0.6, ""strategy_id"": ""S14"", ""mean_fill"": 0.9919677246154212, ""p_meet"": 0.8, ""mean_cost"": 24832883.24835184, ""mcse_cost"": 16654.131636252965, ""mean_shortage_days"": 16.43224945235487, ""mean_cost_per_unit"": 19.91741491980952, ""capacity_utilization"": 6234862.1, ""feasible"": false, ""n_runs"": 20, ""eligibility"": ""NO_CONCLUSION""}, {""value"": 0.325, ""strategy_id"": ""S14"", ""mean_fill"": 0.9923975014785131, ""p_meet"": 0.85, ""mean_cost"": 24830732.29116562, ""mcse_cost"": 14314.100237160692, ""mean_shortage_days"": 15.42211117196057, ""mean_cost_per_unit"": 19.905958008379475, ""capacity_utilization"": 6237128.15, ""feasible"": false, ""n_runs"": 20, ""eligibility"": ""NO_CONCLUSION""}, {""value"": 0.1875, ""strategy_id"": ""S14"", ""mean_fill"": 0.9955526095720503, ""p_meet"": 0.95, ""mean_cost"": 24841516.6556501, ""mcse_cost"": 13920.092624830075, ""mean_shortage_days"": 12.931770262869662, ""mean_cost_per_unit"": 19.850860178330574, ""capacity_utilization"": 6257110.75, ""feasible"": true, ""n_runs"": 20, ""eligibility"": ""NO_CONCLUSION""}, {""value"": 0.25625, ""strategy_id"": ""S14"", ""mean_fill"": 0.9941051150268507, ""p_meet"": 0.9, ""mean_cost"": 24839215.1832569, ""mcse_cost"": 12822.158691844963, ""mean_shortage_days"": 13.851896221248632, ""mean_cost_per_unit"": 19.877810207572537, ""capacity_utilization"": 6247751.45, ""feasible"": true, ""n_runs"": 20, ""eligibility"": ""NO_CONCLUSION""}, {""value"": 0.290625, ""strategy_id"": ""S14"", ""mean_fill"": 0.9925610328521299, ""p_meet"": 0.85, ""mean_cost"": 24834621.337125916, ""mcse_cost"": 13941.973050710361, ""mean_shortage_days"": 15.362102957283678, ""mean_cost_per_unit"": 19.905798184760894, ""capacity_utilization"": 6238172.65, ""feasible"": false, ""n_runs"": 20, ""eligibility"": ""NO_CONCLUSION""}, {""value"": 0.2734375, ""strategy_id"": ""S14"", ""mean_fill"": 0.9941051150268507, ""p_meet"": 0.9, ""mean_cost"": 24834870.903550837, ""mcse_cost"": 12977.20737050903, ""mean_shortage_days"": 13.801889375684558, ""mean_cost_per_unit"": 19.874306017633565, ""capacity_utilization"": 6247751.45, ""feasible"": true, ""n_runs"": 20, ""eligibility"": ""NO_CONCLUSION""}]",bisection over 5 steps on 20 paired runs,0.2734375,0.290625
S14,sodium_bicarbonate_8_4_50ml,commissioning_days,global.node_commissioning_days,365.0,730.0,1095.0,True,True,,feasible_everywhere,"[{""value"": 365.0, ""strategy_id"": ""S14"", ""mean_fill"": 0.9941783940222695, ""p_meet"": 0.9, ""mean_cost"": 24838888.23538127, ""mcse_cost"": 13311.983525430202, ""mean_shortage_days"": 13.551855147864185, ""mean_cost_per_unit"": 19.876050558361413, ""capacity_utilization"": 6248207.0, ""feasible"": true, ""n_runs"": 20, ""eligibility"": ""NO_CONCLUSION""}, {""value"": 1095.0, ""strategy_id"": ""S14"", ""mean_fill"": 0.9941783940222695, ""p_meet"": 0.9, ""mean_cost"": 24838888.23538127, ""mcse_cost"": 13311.983525430202, ""mean_shortage_days"": 13.551855147864185, ""mean_cost_per_unit"": 19.876050558361413, ""capacity_utilization"": 6248207.0, ""feasible"": true, ""n_runs"": 20, ""eligibility"": ""NO_CONCLUSION""}]",feasibility does not change between 365.0 and 1095.0; no threshold inside the recorded range,,
S14,sodium_bicarbonate_8_4_50ml,activation_latency_days,global.reserved_capacity_activation_days,7.0,21.0,60.0,True,True,,feasible_everywhere,"[{""value"": 7.0, ""strategy_id"": ""S14"", ""mean_fill"": 0.9941783940222695, ""p_meet"": 0.9, ""mean_cost"": 24838888.23538127, ""mcse_cost"": 13311.983525430202, ""mean_shortage_days"": 13.551855147864185, ""mean_cost_per_unit"": 19.876050558361413, ""capacity_utilization"": 6248207.0, ""feasible"": true, ""n_runs"": 20, ""eligibility"": ""NO_CONCLUSION""}, {""value"": 60.0, ""strategy_id"": ""S14"", ""mean_fill"": 0.9941783940222695, ""p_meet"": 0.9, ""mean_cost"": 24838888.23538127, ""mcse_cost"": 13311.983525430202, ""mean_shortage_days"": 13.551855147864185, ""mean_cost_per_unit"": 19.876050558361413, ""capacity_utilization"": 6248207.0, ""feasible"": true, ""n_runs"": 20, ""eligibility"": ""NO_CONCLUSION""}]",feasibility does not change between 7.0 and 60.0; no threshold inside the recorded range,,
S14,sodium_bicarbonate_8_4_50ml,node_capital,product.capital_usd_per_site,15000000.0,40000000.0,100000000.0,True,True,,feasible_everywhere,"[{""value"": 15000000.0, ""strategy_id"": ""S14"", ""mean_fill"": 0.9941783940222695, ""p_meet"": 0.9, ""mean_cost"": 16459886.271743858, ""mcse_cost"": 13311.983525430205, ""mean_shortage_days"": 13.551855147864185, ""mean_cost_per_unit"": 13.171093029123691, ""capacity_utilization"": 6248207.0, ""feasible"": true, ""n_runs"": 20, ""eligibility"": ""NO_CONCLUSION""}, {""value"": 100000000.0, ""strategy_id"": ""S14"", ""mean_fill"": 0.9941783940222695, ""p_meet"": 0.9, ""mean_cost"": 44948492.94810624, ""mcse_cost"": 13311.98352543012, ""mean_shortage_days"": 13.551855147864185, ""mean_cost_per_unit"": 35.96794862852806, ""capacity_utilization"": 6248207.0, ""feasible"": true, ""n_runs"": 20, ""eligibility"": ""NO_CONCLUSION""}]",feasibility does not change between 15000000.0 and 100000000.0; no threshold inside the recorded range,,
S14,sodium_bicarbonate_8_4_50ml,batches_per_site_year,product.batches_per_site_year_nominal,30.0,45.0,70.0,False,True,43.125,feasible_above,"[{""value"": 30.0, ""strategy_id"": ""S14"", ""mean_fill"": 0.880151311144002, ""p_meet"": 0.0, ""mean_cost"": 23936725.609959774, ""mcse_cost"": 23235.48038194359, ""mean_shortage_days"": 200.72747809419494, ""mean_cost_per_unit"": 21.691979119387295, ""capacity_utilization"": 5525475.2, ""feasible"": false, ""n_runs"": 20, ""eligibility"": ""NO_CONCLUSION""}, {""value"": 70.0, ""strategy_id"": ""S14"", ""mean_fill"": 0.997156822222338, ""p_meet"": 0.95, ""mean_cost"": 25026989.8986622, ""mcse_cost"": 23383.30239427645, ""mean_shortage_days"": 6.400876232201533, ""mean_cost_per_unit"": 19.967097208950193, ""capacity_utilization"": 6267096.15, ""feasible"": true, ""n_runs"": 20, ""eligibility"": ""NO_CONCLUSION""}, {""value"": 50.0, ""strategy_id"": ""S14"", ""mean_fill"": 0.9966274733194128, ""p_meet"": 0.95, ""mean_cost"": 24917045.212611537, ""mcse_cost"": 13594.688378163008, ""mean_shortage_days"": 8.841210295728368, ""mean_cost_per_unit"": 19.89024172381351, ""capacity_utilization"": 6263782.8, ""feasible"": true, ""n_runs"": 20, ""eligibility"": ""NO_CONCLUSION""}, {""value"": 40.0, ""strategy_id"": ""S14"", ""mean_fill"": 0.9892560971576998, ""p_meet"": 0.6, ""mean_cost"": 24758425.56552162, ""mcse_cost"": 18890.66075840657, ""mean_shortage_days"": 27.143715772179625, ""mean_cost_per_unit"": 19.911440652387235, ""capacity_utilization"": 6217079.75, ""feasible"": false, ""n_runs"": 20, ""eligibility"": ""NO_CONCLUSION""}, {""value"": 45.0, ""strategy_id"": ""S14"", ""mean_fill"": 0.9941783940222695, ""p_meet"": 0.9, ""mean_cost"": 24838888.23538127, ""mcse_cost"": 13311.983525430202, ""mean_shortage_days"": 13.551855147864185, ""mean_cost_per_unit"": 19.876050558361413, ""capacity_utilization"": 6248207.0, ""feasible"": true, ""n_runs"": 20, ""eligibility"": ""NO_CONCLUSION""}, {""value"": 42.5, ""strategy_id"": ""S14"", ""mean_fill"": 0.9898879107343299, ""p_meet"": 0.65, ""mean_cost"": 24756802.220995836, ""mcse_cost"": 18341.21310254267, ""mean_shortage_days"": 27.053703450164296, ""mean_cost_per_unit"": 19.897430218556494, ""capacity_utilization"": 6221064.6, ""feasible"": false, ""n_runs"": 20, ""eligibility"": ""NO_CONCLUSION""}, {""value"": 43.75, ""strategy_id"": ""S14"", ""mean_fill"": 0.994015733203738, ""p_meet"": 0.9, ""mean_cost"": 24842838.40191528, ""mcse_cost"": 11845.338673501927, ""mean_shortage_days"": 13.961911281489591, ""mean_cost_per_unit"": 19.88250866820372, ""capacity_utilization"": 6247192.75, ""feasible"": true, ""n_runs"": 20, ""eligibility"": ""NO_CONCLUSION""}]",bisection over 5 steps on 20 paired runs,42.5,43.75
S14,sodium_bicarbonate_8_4_50ml,changeover_burden,product.changeover_days,1.0,3.0,10.0,True,False,6.484375,feasible_below,"[{""value"": 1.0, ""strategy_id"": ""S14"", ""mean_fill"": 0.994276005053416, ""p_meet"": 0.9, ""mean_cost"": 24853755.96516197, ""mcse_cost"": 9072.15345194247, ""mean_shortage_days"": 12.921768893756845, ""mean_cost_per_unit"": 19.886502647654176, ""capacity_utilization"": 6248695.5, ""feasible"": true, ""n_runs"": 20, ""eligibility"": ""NO_CONCLUSION""}, {""value"": 10.0, ""strategy_id"": ""S14"", ""mean_fill"": 0.940488360983285, ""p_meet"": 0.0, ""mean_cost"": 24136664.650209207, ""mcse_cost"": 17649.88155729979, ""mean_shortage_days"": 106.85462760131433, ""mean_cost_per_unit"": 20.427015711351448, ""capacity_utilization"": 5910075.45, ""feasible"": false, ""n_runs"": 20, ""eligibility"": ""NO_CONCLUSION""}, {""value"": 5.5, ""strategy_id"": ""S14"", ""mean_fill"": 0.9935644807456809, ""p_meet"": 0.9, ""mean_cost"": 24855460.203336544, ""mcse_cost"": 10237.45609304345, ""mean_shortage_days"": 14.391970153340637, ""mean_cost_per_unit"": 19.901900559842012, ""capacity_utilization"": 6244271.15, ""feasible"": true, ""n_runs"": 20, ""eligibility"": ""NO_CONCLUSION""}, {""value"": 7.75, ""strategy_id"": ""S14"", ""mean_fill"": 0.9772370271022283, ""p_meet"": 0.0, ""mean_cost"": 24582623.445944034, ""mcse_cost"": 26491.861491771117, ""mean_shortage_days"": 41.56569003285871, ""mean_cost_per_unit"": 20.013397733263204, ""capacity_utilization"": 6141457.1, ""feasible"": false, ""n_runs"": 20, ""eligibility"": ""NO_CONCLUSION""}, {""value"": 6.625, ""strategy_id"": ""S14"", ""mean_fill"": 0.9893597462130458, ""p_meet"": 0.55, ""mean_cost"": 24758147.335374434, ""mcse_cost"": 17093.78730704878, ""mean_shortage_days"": 26.773665115005475, ""mean_cost_per_unit"": 19.908979269224492, ""capacity_utilization"": 6217776.85, ""feasible"": false, ""n_runs"": 20, ""eligibility"": ""NO_CONCLUSION""}, {""value"": 6.0625, ""strategy_id"": ""S14"", ""mean_fill"": 0.9932055218297856, ""p_meet"": 0.9, ""mean_cost"": 24836149.691498797, ""mcse_cost"": 13411.509294359852, ""mean_shortage_days"": 14.702012595837896, ""mean_cost_per_unit"": 19.893655694851613, ""capacity_utilization"": 6241964.9, ""feasible"": true, ""n_runs"": 20, ""eligibility"": ""NO_CONCLUSION""}, {""value"": 6.34375, ""strategy_id"": ""S14"", ""mean_fill"": 0.9932055218297856, ""p_meet"": 0.9, ""mean_cost"": 24836149.691498797, ""mcse_cost"": 13411.509294359852, ""mean_shortage_days"": 14.702012595837896, ""mean_cost_per_unit"": 19.893655694851613, ""capacity_utilization"": 6241964.9, ""feasible"": true, ""n_runs"": 20, ""eligibility"": ""NO_CONCLUSION""}]",bisection over 5 steps on 20 paired runs,6.34375,6.625
S15,sodium_bicarbonate_8_4_50ml,capacity_utilization,product.annual_demand_units,600000.0,1200000.0,2400000.0,True,False,1078125.0,feasible_below,"[{""value"": 600000.0, ""strategy_id"": ""S15"", ""mean_fill"": 1.0, ""p_meet"": 1.0, ""mean_cost"": 12431639.782378644, ""mcse_cost"": 4765.324130734718, ""mean_shortage_days"": 0.0, ""mean_cost_per_unit"": 19.780667903929398, ""capacity_utilization"": 3142458.6, ""feasible"": true, ""n_runs"": 20, ""eligibility"": ""NO_CONCLUSION""}, {""value"": 2400000.0, ""strategy_id"": ""S15"", ""mean_fill"": 0.5197318267700485, ""p_meet"": 0.0, ""mean_cost"": 13234276.721933184, ""mcse_cost"": 29695.01507942427, ""mean_shortage_days"": 242.11314348302295, ""mean_cost_per_unit"": 10.223478364903263, ""capacity_utilization"": 6481817.7, ""feasible"": false, ""n_runs"": 20, ""eligibility"": ""NO_CONCLUSION""}, {""value"": 1500000.0, ""strategy_id"": ""S15"", ""mean_fill"": 0.7714259900387349, ""p_meet"": 0.0, ""mean_cost"": 13152343.364788502, ""mcse_cost"": 31335.603160404353, ""mean_shortage_days"": 132.0180722891566, ""mean_cost_per_unit"": 10.916003995385333, ""capacity_utilization"": 6034356.55, ""feasible"": false, ""n_runs"": 20, ""eligibility"": ""NO_CONCLUSION""}, {""value"": 1050000.0, ""strategy_id"": ""S15"", ""mean_fill"": 0.9933506627461481, ""p_meet"": 0.9, ""mean_cost"": 13164904.603073074, ""mcse_cost"": 34890.44342757639, ""mean_shortage_days"": 7.2509926067908, ""mean_cost_per_unit"": 12.053548116516243, ""capacity_utilization"": 5462049.65, ""feasible"": true, ""n_runs"": 20, ""eligibility"": ""NO_CONCLUSION""}, {""value"": 1275000.0, ""strategy_id"": ""S15"", ""mean_fill"": 0.8895655059255251, ""p_meet"": 0.0, ""mean_cost"": 13149366.650045691, ""mcse_cost"": 33131.53713411578, ""mean_shortage_days"": 86.27180996714128, ""mean_cost_per_unit"": 11.12471618086408, ""capacity_utilization"": 5920099.55, ""feasible"": false, ""n_runs"": 20, ""eligibility"": ""NO_CONCLUSION""}, {""value"": 1162500.0, ""strategy_id"": ""S15"", ""mean_fill"": 0.9600249763625908, ""p_meet"": 0.4, ""mean_cost"": 13155879.54897677, ""mcse_cost"": 35730.07792804391, ""mean_shortage_days"": 38.13522042716319, ""mean_cost_per_unit"": 11.293789979609953, ""capacity_utilization"": 5833010.35, ""feasible"": false, ""n_runs"": 20, ""eligibility"": ""NO_CONCLUSION""}, {""value"": 1106250.0, ""strategy_id"": ""S15"", ""mean_fill"": 0.983328566808372, ""p_meet"": 0.75, ""mean_cost"": 13168845.450970381, ""mcse_cost"": 36904.6191914193, ""mean_shortage_days"": 17.222357612267253, ""mean_cost_per_unit"": 11.572067980314099, ""capacity_utilization"": 5694341.75, ""feasible"": false, ""n_runs"": 20, ""eligibility"": ""NO_CONCLUSION""}]",bisection over 5 steps on 20 paired runs,1050000.0,1106250.0
S15,sodium_bicarbonate_8_4_50ml,fixed_qa_labor_per_node,product.fixed_qa_labor_usd_per_site_year,1500000.0,3000000.0,6000000.0,False,False,,infeasible_everywhere,"[{""value"": 1500000.0, ""strategy_id"": ""S15"", ""mean_fill"": 0.9386530790355243, ""p_meet"": 0.1, ""mean_cost"": 11597544.11657001, ""mcse_cost"": 35202.99348357262, ""mean_shortage_days"": 56.14768619934282, ""mean_cost_per_unit"": 9.871912548478422, ""capacity_utilization"": 5884182.9, ""feasible"": false, ""n_runs"": 20, ""eligibility"": ""NO_CONCLUSION""}, {""value"": 6000000.0, ""strategy_id"": ""S15"", ""mean_fill"": 0.9386530790355243, ""p_meet"": 0.1, ""mean_cost"": 16276661.63687564, ""mcse_cost"": 35202.99348357263, ""mean_shortage_days"": 56.14768619934282, ""mean_cost_per_unit"": 13.857491543435653, ""capacity_utilization"": 5884182.9, ""feasible"": false, ""n_runs"": 20, ""eligibility"": ""NO_CONCLUSION""}]",feasibility does not change between 1500000.0 and 6000000.0; no threshold inside the recorded range,,
S15,sodium_bicarbonate_8_4_50ml,release_time,global.sterility_incubation_days,14.0,14.0,18.0,False,False,,infeasible_everywhere,"[{""value"": 14.0, ""strategy_id"": ""S15"", ""mean_fill"": 0.9386530790355243, ""p_meet"": 0.1, ""mean_cost"": 13157249.95667189, ""mcse_cost"": 35202.9934835726, ""mean_shortage_days"": 56.14768619934282, ""mean_cost_per_unit"": 11.200438880130832, ""capacity_utilization"": 5884182.9, ""feasible"": false, ""n_runs"": 20, ""eligibility"": ""NO_CONCLUSION""}, {""value"": 18.0, ""strategy_id"": ""S15"", ""mean_fill"": 0.937012195387586, ""p_meet"": 0.1, ""mean_cost"": 13152697.973203838, ""mcse_cost"": 35497.68524755727, ""mean_shortage_days"": 57.577881982475354, ""mean_cost_per_unit"": 11.219766125580332, ""capacity_utilization"": 5872131.8, ""feasible"": false, ""n_runs"": 20, ""eligibility"": ""NO_CONCLUSION""}]",feasibility does not change between 14.0 and 18.0; no threshold inside the recorded range,,
S15,sodium_bicarbonate_8_4_50ml,shelf_life,product.shelf_life_months,12.0,24.0,36.0,False,False,,infeasible_everywhere,"[{""value"": 12.0, ""strategy_id"": ""S15"", ""mean_fill"": 0.8464569103174092, ""p_meet"": 0.0, ""mean_cost"": 13199414.625632636, ""mcse_cost"": 32165.73066703414, ""mean_shortage_days"": 129.66775054764514, ""mean_cost_per_unit"": 12.471635415690775, ""capacity_utilization"": 5304123.7, ""feasible"": false, ""n_runs"": 20, ""eligibility"": ""NO_CONCLUSION""}, {""value"": 36.0, ""strategy_id"": ""S15"", ""mean_fill"": 0.9386530790355243, ""p_meet"": 0.1, ""mean_cost"": 13157249.95667189, ""mcse_cost"": 35202.9934835726, ""mean_shortage_days"": 56.14768619934282, ""mean_cost_per_unit"": 11.200438880130832, ""capacity_utilization"": 5884182.9, ""feasible"": false, ""n_runs"": 20, ""eligibility"": ""NO_CONCLUSION""}]",feasibility does not change between 12.0 and 36.0; no threshold inside the recorded range,,
S15,sodium_bicarbonate_8_4_50ml,raw_material_lead_time,product.material_lead_time_days,30.0,90.0,240.0,False,False,,infeasible_everywhere,"[{""value"": 30.0, ""strategy_id"": ""S15"", ""mean_fill"": 0.9368946669771707, ""p_meet"": 0.1, ""mean_cost"": 13144075.172293294, ""mcse_cost"": 33868.06001367418, ""mean_shortage_days"": 56.30770810514785, ""mean_cost_per_unit"": 11.210669175813937, ""capacity_utilization"": 5872185.7, ""feasible"": false, ""n_runs"": 20, ""eligibility"": ""NO_CONCLUSION""}, {""value"": 240.0, ""strategy_id"": ""S15"", ""mean_fill"": 0.9383578279018014, ""p_meet"": 0.1, ""mean_cost"": 13168156.971387316, ""mcse_cost"": 33451.344268359506, ""mean_shortage_days"": 56.12768346111719, ""mean_cost_per_unit"": 11.217200537003018, ""capacity_utilization"": 5879749.6, ""feasible"": false, ""n_runs"": 20, ""eligibility"": ""NO_CONCLUSION""}]",feasibility does not change between 30.0 and 240.0; no threshold inside the recorded range,,
S15,sodium_bicarbonate_8_4_50ml,common_cause_dependence,global.common_cause_events_per_year,0.02,0.1,0.3,False,False,,infeasible_everywhere,"[{""value"": 0.02, ""strategy_id"": ""S15"", ""mean_fill"": 0.9718062008710149, ""p_meet"": 0.35, ""mean_cost"": 13277286.58067417, ""mcse_cost"": 20790.439884513435, ""mean_shortage_days"": 29.914095016429354, ""mean_cost_per_unit"": 10.8940318636176, ""capacity_utilization"": 6095243.1, ""feasible"": false, ""n_runs"": 20, ""eligibility"": ""NO_CONCLUSION""}, {""value"": 0.3, ""strategy_id"": ""S15"", ""mean_fill"": 0.8896503060506655, ""p_meet"": 0.0, ""mean_cost"": 12998387.983517852, ""mcse_cost"": 40817.24226098653, ""mean_shortage_days"": 79.14083378970426, ""mean_cost_per_unit"": 11.699149053893972, ""capacity_utilization"": 5574856.65, ""feasible"": false, ""n_runs"": 20, ""eligibility"": ""NO_CONCLUSION""}]",feasibility does not change between 0.02 and 0.3; no threshold inside the recorded range,,
S15,sodium_bicarbonate_8_4_50ml,supplier_concentration,global.supplier_disruptions_per_supplier_year,0.05,0.2,0.6,False,False,,infeasible_everywhere,"[{""value"": 0.05, ""strategy_id"": ""S15"", ""mean_fill"": 0.9398863201721678, ""p_meet"": 0.1, ""mean_cost"": 13162767.113531772, ""mcse_cost"": 34509.75814012774, ""mean_shortage_days"": 53.997391840087616, ""mean_cost_per_unit"": 11.190937917744602, ""capacity_utilization"": 5891156.45, ""feasible"": false, ""n_runs"": 20, ""eligibility"": ""NO_CONCLUSION""}, {""value"": 0.6, ""strategy_id"": ""S15"", ""mean_fill"": 0.9326397575867281, ""p_meet"": 0.05, ""mean_cost"": 13137297.22883323, ""mcse_cost"": 37766.52963378442, ""mean_shortage_days"": 59.67816949616648, ""mean_cost_per_unit"": 11.258083466853574, ""capacity_utilization"": 5847825.15, ""feasible"": false, ""n_runs"": 20, ""eligibility"": ""NO_CONCLUSION""}]",feasibility does not change between 0.05 and 0.6; no threshold inside the recorded range,,
S15,sodium_bicarbonate_8_4_50ml,commissioning_days,global.node_commissioning_days,365.0,730.0,1095.0,False,False,,infeasible_everywhere,"[{""value"": 365.0, ""strategy_id"": ""S15"", ""mean_fill"": 0.9386530790355243, ""p_meet"": 0.1, ""mean_cost"": 13157249.95667189, ""mcse_cost"": 35202.9934835726, ""mean_shortage_days"": 56.14768619934282, ""mean_cost_per_unit"": 11.200438880130832, ""capacity_utilization"": 5884182.9, ""feasible"": false, ""n_runs"": 20, ""eligibility"": ""NO_CONCLUSION""}, {""value"": 1095.0, ""strategy_id"": ""S15"", ""mean_fill"": 0.9386530790355243, ""p_meet"": 0.1, ""mean_cost"": 13157249.95667189, ""mcse_cost"": 35202.9934835726, ""mean_shortage_days"": 56.14768619934282, ""mean_cost_per_unit"": 11.200438880130832, ""capacity_utilization"": 5884182.9, ""feasible"": false, ""n_runs"": 20, ""eligibility"": ""NO_CONCLUSION""}]",feasibility does not change between 365.0 and 1095.0; no threshold inside the recorded range,,
S15,sodium_bicarbonate_8_4_50ml,activation_latency_days,global.reserved_capacity_activation_days,7.0,21.0,60.0,False,False,,infeasible_everywhere,"[{""value"": 7.0, ""strategy_id"": ""S15"", ""mean_fill"": 0.9386530790355243, ""p_meet"": 0.1, ""mean_cost"": 13157249.95667189, ""mcse_cost"": 35202.9934835726, ""mean_shortage_days"": 56.14768619934282, ""mean_cost_per_unit"": 11.200438880130832, ""capacity_utilization"": 5884182.9, ""feasible"": false, ""n_runs"": 20, ""eligibility"": ""NO_CONCLUSION""}, {""value"": 60.0, ""strategy_id"": ""S15"", ""mean_fill"": 0.9386530790355243, ""p_meet"": 0.1, ""mean_cost"": 13157249.95667189, ""mcse_cost"": 35202.9934835726, ""mean_shortage_days"": 56.14768619934282, ""mean_cost_per_unit"": 11.200438880130832, ""capacity_utilization"": 5884182.9, ""feasible"": false, ""n_runs"": 20, ""eligibility"": ""NO_CONCLUSION""}]",feasibility does not change between 7.0 and 60.0; no threshold inside the recorded range,,
S15,sodium_bicarbonate_8_4_50ml,node_capital,product.capital_usd_per_site,15000000.0,40000000.0,100000000.0,False,False,,infeasible_everywhere,"[{""value"": 15000000.0, ""strategy_id"": ""S15"", ""mean_fill"": 0.9386530790355243, ""p_meet"": 0.1, ""mean_cost"": 8967748.974853572, ""mcse_cost"": 35202.99348357263, ""mean_shortage_days"": 56.14768619934282, ""mean_cost_per_unit"": 7.631905488946181, ""capacity_utilization"": 5884182.9, ""feasible"": false, ""n_runs"": 20, ""eligibility"": ""NO_CONCLUSION""}, {""value"": 100000000.0, ""strategy_id"": ""S15"", ""mean_fill"": 0.9386530790355243, ""p_meet"": 0.1, ""mean_cost"": 23212052.31303517, ""mcse_cost"": 35202.9934835726, ""mean_shortage_days"": 56.14768619934282, ""mean_cost_per_unit"": 19.764919018973416, ""capacity_utilization"": 5884182.9, ""feasible"": false, ""n_runs"": 20, ""eligibility"": ""NO_CONCLUSION""}]",feasibility does not change between 15000000.0 and 100000000.0; no threshold inside the recorded range,,
S15,sodium_bicarbonate_8_4_50ml,batches_per_site_year,product.batches_per_site_year_nominal,30.0,45.0,70.0,False,True,54.375,feasible_above,"[{""value"": 30.0, ""strategy_id"": ""S15"", ""mean_fill"": 0.6419830980459456, ""p_meet"": 0.0, ""mean_cost"": 12220882.829336882, ""mcse_cost"": 18406.181940199924, ""mean_shortage_days"": 188.77584200438113, ""mean_cost_per_unit"": 15.250471377570127, ""capacity_utilization"": 4012563.5, ""feasible"": false, ""n_runs"": 20, ""eligibility"": ""NO_CONCLUSION""}, {""value"": 70.0, ""strategy_id"": ""S15"", ""mean_fill"": 1.0, ""p_meet"": 1.0, ""mean_cost"": 14305371.146696305, ""mcse_cost"": 24777.90732814283, ""mean_shortage_days"": 0.0, ""mean_cost_per_unit"": 11.381007339587418, ""capacity_utilization"": 6284911.2, ""feasible"": true, ""n_runs"": 20, ""eligibility"": ""NO_CONCLUSION""}, {""value"": 50.0, ""strategy_id"": ""S15"", ""mean_fill"": 0.9922820213048386, ""p_meet"": 0.85, ""mean_cost"": 13511633.451365408, ""mcse_cost"": 39030.1736709948, ""mean_shortage_days"": 7.7510610624315435, ""mean_cost_per_unit"": 10.837268690929925, ""capacity_utilization"": 6235441.5, ""feasible"": false, ""n_runs"": 20, ""eligibility"": ""NO_CONCLUSION""}, {""value"": 60.0, ""strategy_id"": ""S15"", ""mean_fill"": 1.0, ""p_meet"": 1.0, ""mean_cost"": 13979587.769373622, ""mcse_cost"": 46645.36670566134, ""mean_shortage_days"": 0.0, ""mean_cost_per_unit"": 11.12204046942338, ""capacity_utilization"": 6284911.2, ""feasible"": true, ""n_runs"": 20, ""eligibility"": ""NO_CONCLUSION""}, {""value"": 55.0, ""strategy_id"": ""S15"", ""mean_fill"": 1.0, ""p_meet"": 1.0, ""mean_cost"": 13965299.94098841, ""mcse_cost"": 49350.51376190093, ""mean_shortage_days"": 0.0, ""mean_cost_per_unit"": 11.110669432695591, ""capacity_utilization"": 6284911.2, ""feasible"": true, ""n_runs"": 20, ""eligibility"": ""NO_CONCLUSION""}, {""value"": 52.5, ""strategy_id"": ""S15"", ""mean_fill"": 0.9932785191657875, ""p_meet"": 0.85, ""mean_cost"": 13518863.540990466, ""mcse_cost"": 37735.7725335016, ""mean_shortage_days"": 7.64104600219058, ""mean_cost_per_unit"": 10.834410491356515, ""capacity_utilization"": 6239956.95, ""feasible"": false, ""n_runs"": 20, ""eligibility"": ""NO_CONCLUSION""}, {""value"": 53.75, ""strategy_id"": ""S15"", ""mean_fill"": 0.993577988364509, ""p_meet"": 0.85, ""mean_cost"": 13521649.313926566, ""mcse_cost"": 37332.429535275514, ""mean_shortage_days"": 7.471022727272728, ""mean_cost_per_unit"": 10.833567070232915, ""capacity_utilization"": 6241698.95, ""feasible"": false, ""n_runs"": 20, ""eligibility"": ""NO_CONCLUSION""}]",bisection over 5 steps on 20 paired runs,53.75,55.0
S15,sodium_bicarbonate_8_4_50ml,changeover_burden,product.changeover_days,1.0,3.0,10.0,False,False,,infeasible_everywhere,"[{""value"": 1.0, ""strategy_id"": ""S15"", ""mean_fill"": 0.9393580375961417, ""p_meet"": 0.1, ""mean_cost"": 13159662.771644961, ""mcse_cost"": 35451.654247786726, ""mean_shortage_days"": 55.58760952902518, ""mean_cost_per_unit"": 11.19255641583541, ""capacity_utilization"": 5889240.4, ""feasible"": false, ""n_runs"": 20, ""eligibility"": ""NO_CONCLUSION""}, {""value"": 10.0, ""strategy_id"": ""S15"", ""mean_fill"": 0.6925746253273826, ""p_meet"": 0.0, ""mean_cost"": 12378228.444227114, ""mcse_cost"": 14265.908324943388, ""mean_shortage_days"": 173.223713033954, ""mean_cost_per_unit"": 14.297347160940566, ""capacity_utilization"": 4331675.9, ""feasible"": false, ""n_runs"": 20, ""eligibility"": ""NO_CONCLUSION""}]",feasibility does not change between 1.0 and 10.0; no threshold inside the recorded range,,
S16,sodium_bicarbonate_8_4_50ml,capacity_utilization,product.annual_demand_units,600000.0,1200000.0,2400000.0,True,False,1246875.0,feasible_below,"[{""value"": 600000.0, ""strategy_id"": ""S16"", ""mean_fill"": 1.0, ""p_meet"": 1.0, ""mean_cost"": 15308364.772910628, ""mcse_cost"": 8871.393115374349, ""mean_shortage_days"": 0.0, ""mean_cost_per_unit"": 24.35820370382728, ""capacity_utilization"": 3142458.6, ""feasible"": true, ""n_runs"": 20, ""eligibility"": ""NO_CONCLUSION""}, {""value"": 2400000.0, ""strategy_id"": ""S16"", ""mean_fill"": 0.6418557715600917, ""p_meet"": 0.0, ""mean_cost"": 17422791.7323109, ""mcse_cost"": 35383.250773401895, ""mean_shortage_days"": 262.11588170865286, ""mean_cost_per_unit"": 10.867049042641895, ""capacity_utilization"": 8025842.9, ""feasible"": false, ""n_runs"": 20, ""eligibility"": ""NO_CONCLUSION""}, {""value"": 1500000.0, ""strategy_id"": ""S16"", ""mean_fill"": 0.9720088547071335, ""p_meet"": 0.4, ""mean_cost"": 17105090.377653666, ""mcse_cost"": 28258.178321638497, ""mean_shortage_days"": 30.654196330777655, ""mean_cost_per_unit"": 11.207698206113404, ""capacity_utilization"": 7635251.35, ""feasible"": false, ""n_runs"": 20, ""eligibility"": ""NO_CONCLUSION""}, {""value"": 1050000.0, ""strategy_id"": ""S16"", ""mean_fill"": 0.9999656753659687, ""p_meet"": 1.0, ""mean_cost"": 16172269.031552112, ""mcse_cost"": 15865.129846107942, ""mean_shortage_days"": 0.5500753012048193, ""mean_cost_per_unit"": 14.705285630544964, ""capacity_utilization"": 5498890.9, ""feasible"": true, ""n_runs"": 20, ""eligibility"": ""NO_CONCLUSION""}, {""value"": 1275000.0, ""strategy_id"": ""S16"", ""mean_fill"": 0.9949200944769521, ""p_meet"": 0.8, ""mean_cost"": 16656145.529394424, ""mcse_cost"": 14750.30535686024, ""mean_shortage_days"": 5.6907790251916754, ""mean_cost_per_unit"": 12.536072537236569, ""capacity_utilization"": 6643685.6, ""feasible"": false, ""n_runs"": 20, ""eligibility"": ""NO_CONCLUSION""}, {""value"": 1162500.0, ""strategy_id"": ""S16"", ""mean_fill"": 0.9987908479727725, ""p_meet"": 0.95, ""mean_cost"": 16400440.72015458, ""mcse_cost"": 10895.762191922173, ""mean_shortage_days"": 2.330319003285871, ""mean_cost_per_unit"": 13.485622077188054, ""capacity_utilization"": 6080702.9, ""feasible"": true, ""n_runs"": 20, ""eligibility"": ""NO_CONCLUSION""}, {""value"": 1218750.0, ""strategy_id"": ""S16"", ""mean_fill"": 0.9972922875115217, ""p_meet"": 0.95, ""mean_cost"": 16525009.97931478, ""mcse_cost"": 12361.78400499624, ""mean_shortage_days"": 3.9105353231106244, ""mean_cost_per_unit"": 12.979885507113128, ""capacity_utilization"": 6365662.65, ""feasible"": true, ""n_runs"": 20, ""eligibility"": ""NO_CONCLUSION""}]",bisection over 5 steps on 20 paired runs,1218750.0,1275000.0
S16,sodium_bicarbonate_8_4_50ml,fixed_qa_labor_per_node,product.fixed_qa_labor_usd_per_site_year,1500000.0,3000000.0,6000000.0,True,True,,feasible_everywhere,"[{""value"": 1500000.0, ""strategy_id"": ""S16"", ""mean_fill"": 0.9973076107841976, ""p_meet"": 0.9, ""mean_cost"": 14568944.016176071, ""mcse_cost"": 10644.600214322458, ""mean_shortage_days"": 3.8405257393209196, ""mean_cost_per_unit"": 11.62204417976657, ""capacity_utilization"": 6267864.9, ""feasible"": true, ""n_runs"": 20, ""eligibility"": ""NO_CONCLUSION""}, {""value"": 6000000.0, ""strategy_id"": ""S16"", ""mean_fill"": 0.9973076107841976, ""p_meet"": 0.9, ""mean_cost"": 20301194.861089792, ""mcse_cost"": 10644.600214322341, ""mean_shortage_days"": 3.8405257393209196, ""mean_cost_per_unit"": 16.1949931006976, ""capacity_utilization"": 6267864.9, ""feasible"": true, ""n_runs"": 20, ""eligibility"": ""NO_CONCLUSION""}]",feasibility does not change between 1500000.0 and 6000000.0; no threshold inside the recorded range,,
S16,sodium_bicarbonate_8_4_50ml,release_time,global.sterility_incubation_days,14.0,14.0,18.0,True,False,16.5625,feasible_below,"[{""value"": 14.0, ""strategy_id"": ""S16"", ""mean_fill"": 0.9973076107841976, ""p_meet"": 0.9, ""mean_cost"": 16479694.297813868, ""mcse_cost"": 10644.600214322456, ""mean_shortage_days"": 3.8405257393209196, ""mean_cost_per_unit"": 13.146360486743493, ""capacity_utilization"": 6267864.9, ""feasible"": true, ""n_runs"": 20, ""eligibility"": ""NO_CONCLUSION""}, {""value"": 18.0, ""strategy_id"": ""S16"", ""mean_fill"": 0.9969002806181614, ""p_meet"": 0.85, ""mean_cost"": 16483435.564361561, ""mcse_cost"": 11338.746517459975, ""mean_shortage_days"": 4.150568181818182, ""mean_cost_per_unit"": 13.154951597869907, ""capacity_utilization"": 6265219.9, ""feasible"": false, ""n_runs"": 20, ""eligibility"": ""NO_CONCLUSION""}, {""value"": 16.0, ""strategy_id"": ""S16"", ""mean_fill"": 0.9973892696044911, ""p_meet"": 0.9, ""mean_cost"": 16478245.46638963, ""mcse_cost"": 11563.630770282278, ""mean_shortage_days"": 4.050554490690033, ""mean_cost_per_unit"": 13.144089549633033, ""capacity_utilization"": 6268379.8, ""feasible"": true, ""n_runs"": 20, ""eligibility"": ""NO_CONCLUSION""}, {""value"": 17.0, ""strategy_id"": ""S16"", ""mean_fill"": 0.9970209414477103, ""p_meet"": 0.85, ""mean_cost"": 16484754.367484108, ""mcse_cost"": 11747.18528894695, ""mean_shortage_days"": 4.040553121577218, ""mean_cost_per_unit"": 13.154195671057025, ""capacity_utilization"": 6266063.3, ""feasible"": false, ""n_runs"": 20, ""eligibility"": ""NO_CONCLUSION""}, {""value"": 16.5, ""strategy_id"": ""S16"", ""mean_fill"": 0.99730358614455, ""p_meet"": 0.9, ""mean_cost"": 16478815.030106883, ""mcse_cost"": 11549.816461183418, ""mean_shortage_days"": 3.600492880613362, ""mean_cost_per_unit"": 13.145674009026923, ""capacity_utilization"": 6267854.45, ""feasible"": true, ""n_runs"": 20, ""eligibility"": ""NO_CONCLUSION""}, {""value"": 16.75, ""strategy_id"": ""S16"", ""mean_fill"": 0.9971938975067463, ""p_meet"": 0.85, ""mean_cost"": 16480960.54140766, ""mcse_cost"": 11280.264836348395, ""mean_shortage_days"": 3.7305106790799556, ""mean_cost_per_unit"": 13.148861383322629, ""capacity_utilization"": 6267156.05, ""feasible"": false, ""n_runs"": 20, ""eligibility"": ""NO_CONCLUSION""}, {""value"": 16.625, ""strategy_id"": ""S16"", ""mean_fill"": 0.9971938894497387, ""p_meet"": 0.85, ""mean_cost"": 16478325.77259205, ""mcse_cost"": 11385.55224519376, ""mean_shortage_days"": 3.7105079408543262, ""mean_cost_per_unit"": 13.14674191764569, ""capacity_utilization"": 6267156.0, ""feasible"": false, ""n_runs"": 20, ""eligibility"": ""NO_CONCLUSION""}]",bisection over 5 steps on 20 paired runs,16.5,16.625
S16,sodium_bicarbonate_8_4_50ml,shelf_life,product.shelf_life_months,12.0,24.0,36.0,True,True,,feasible_everywhere,"[{""value"": 12.0, ""strategy_id"": ""S16"", ""mean_fill"": 0.9962901934973907, ""p_meet"": 0.9, ""mean_cost"": 16527855.315483194, ""mcse_cost"": 12333.779061089654, ""mean_shortage_days"": 4.750650328587076, ""mean_cost_per_unit"": 13.198620883759038, ""capacity_utilization"": 6261445.1, ""feasible"": true, ""n_runs"": 20, ""eligibility"": ""NO_CONCLUSION""}, {""value"": 36.0, ""strategy_id"": ""S16"", ""mean_fill"": 0.9973076107841976, ""p_meet"": 0.9, ""mean_cost"": 16479694.297813868, ""mcse_cost"": 10644.600214322456, ""mean_shortage_days"": 3.8405257393209196, ""mean_cost_per_unit"": 13.146360486743493, ""capacity_utilization"": 6267864.9, ""feasible"": true, ""n_runs"": 20, ""eligibility"": ""NO_CONCLUSION""}]",feasibility does not change between 12.0 and 36.0; no threshold inside the recorded range,,
S16,sodium_bicarbonate_8_4_50ml,raw_material_lead_time,product.material_lead_time_days,30.0,90.0,240.0,True,True,,feasible_everywhere,"[{""value"": 30.0, ""strategy_id"": ""S16"", ""mean_fill"": 0.9972591201734172, ""p_meet"": 0.9, ""mean_cost"": 16442821.531297665, ""mcse_cost"": 12526.240083345803, ""mean_shortage_days"": 4.640635268346112, ""mean_cost_per_unit"": 13.117752775633496, ""capacity_utilization"": 6267508.4, ""feasible"": true, ""n_runs"": 20, ""eligibility"": ""NO_CONCLUSION""}, {""value"": 240.0, ""strategy_id"": ""S16"", ""mean_fill"": 0.9986791168355375, ""p_meet"": 0.95, ""mean_cost"": 16577706.115681509, ""mcse_cost"": 12270.728081298581, ""mean_shortage_days"": 2.5903546002190576, ""mean_cost_per_unit"": 13.206154740287008, ""capacity_utilization"": 6276619.4, ""feasible"": true, ""n_runs"": 20, ""eligibility"": ""NO_CONCLUSION""}]",feasibility does not change between 30.0 and 240.0; no threshold inside the recorded range,,
S16,sodium_bicarbonate_8_4_50ml,common_cause_dependence,global.common_cause_events_per_year,0.02,0.1,0.3,True,False,0.173125,feasible_below,"[{""value"": 0.02, ""strategy_id"": ""S16"", ""mean_fill"": 0.999918205149589, ""p_meet"": 1.0, ""mean_cost"": 16506438.859453758, ""mcse_cost"": 9447.99906571461, ""mean_shortage_days"": 0.6500889923329682, ""mean_cost_per_unit"": 13.133134489543469, ""capacity_utilization"": 6284390.4, ""feasible"": true, ""n_runs"": 20, ""eligibility"": ""NO_CONCLUSION""}, {""value"": 0.3, ""strategy_id"": ""S16"", ""mean_fill"": 0.9916694015851262, ""p_meet"": 0.75, ""mean_cost"": 16450171.660439838, ""mcse_cost"": 14345.330842747204, ""mean_shortage_days"": 9.581311610076671, ""mean_cost_per_unit"": 13.198561030393412, ""capacity_utilization"": 6231758.05, ""feasible"": false, ""n_runs"": 20, ""eligibility"": ""NO_CONCLUSION""}, {""value"": 0.16, ""strategy_id"": ""S16"", ""mean_fill"": 0.9960234489909423, ""p_meet"": 0.9, ""mean_cost"": 16482668.24851035, ""mcse_cost"": 12024.891523222577, ""mean_shortage_days"": 5.29072426067908, ""mean_cost_per_unit"": 13.166358865547545, ""capacity_utilization"": 6259499.5, ""feasible"": true, ""n_runs"": 20, ""eligibility"": ""NO_CONCLUSION""}, {""value"": 0.22999999999999998, ""strategy_id"": ""S16"", ""mean_fill"": 0.9863236512935714, ""p_meet"": 0.7, ""mean_cost"": 16438827.719361108, ""mcse_cost"": 21929.02583743176, ""mean_shortage_days"": 12.48170865279299, ""mean_cost_per_unit"": 13.267923472933935, ""capacity_utilization"": 6196635.8, ""feasible"": false, ""n_runs"": 20, ""eligibility"": ""NO_CONCLUSION""}, {""value"": 0.195, ""strategy_id"": ""S16"", ""mean_fill"": 0.9917751719906015, ""p_meet"": 0.75, ""mean_cost"": 16462308.745750656, ""mcse_cost"": 14453.270564648325, ""mean_shortage_days"": 8.481161007667032, ""mean_cost_per_unit"": 13.20771085363413, ""capacity_utilization"": 6232913.4, ""feasible"": false, ""n_runs"": 20, ""eligibility"": ""NO_CONCLUSION""}, {""value"": 0.1775, ""strategy_id"": ""S16"", ""mean_fill"": 0.9946900019203649, ""p_meet"": 0.85, ""mean_cost"": 16479665.88267375, ""mcse_cost"": 13090.575588745987, ""mean_shortage_days"": 6.370872124863089, ""mean_cost_per_unit"": 13.1819448696584, ""capacity_utilization"": 6251130.45, ""feasible"": false, ""n_runs"": 20, ""eligibility"": ""NO_CONCLUSION""}, {""value"": 0.16875, ""strategy_id"": ""S16"", ""mean_fill"": 0.9956585404037821, ""p_meet"": 0.9, ""mean_cost"": 16484565.30818904, ""mcse_cost"": 12088.469501583146, ""mean_shortage_days"": 5.76078860898138, ""mean_cost_per_unit"": 13.172709889832225, ""capacity_utilization"": 6257215.05, ""feasible"": true, ""n_runs"": 20, ""eligibility"": ""NO_CONCLUSION""}]",bisection over 5 steps on 20 paired runs,0.16875,0.1775
S16,sodium_bicarbonate_8_4_50ml,supplier_concentration,global.supplier_disruptions_per_supplier_year,0.05,0.2,0.6,True,False,0.5914062499999999,feasible_below,"[{""value"": 0.05, ""strategy_id"": ""S16"", ""mean_fill"": 0.998538881386359, ""p_meet"": 0.95, ""mean_cost"": 16490112.882057589, ""mcse_cost"": 12674.6806750195, ""mean_shortage_days"": 2.600355969331873, ""mean_cost_per_unit"": 13.138206668191717, ""capacity_utilization"": 6275726.5, ""feasible"": true, ""n_runs"": 20, ""eligibility"": ""NO_CONCLUSION""}, {""value"": 0.6, ""strategy_id"": ""S16"", ""mean_fill"": 0.997201624353327, ""p_meet"": 0.85, ""mean_cost"": 16477939.9065099, ""mcse_cost"": 13780.743412165179, ""mean_shortage_days"": 3.5304832968236584, ""mean_cost_per_unit"": 13.146402042616732, ""capacity_utilization"": 6267372.8, ""feasible"": false, ""n_runs"": 20, ""eligibility"": ""NO_CONCLUSION""}, {""value"": 0.325, ""strategy_id"": ""S16"", ""mean_fill"": 0.9981314535179735, ""p_meet"": 0.9, ""mean_cost"": 16479294.687192235, ""mcse_cost"": 10456.000853403713, ""mean_shortage_days"": 3.1904367469879515, ""mean_cost_per_unit"": 13.135094692422987, ""capacity_utilization"": 6273167.9, ""feasible"": true, ""n_runs"": 20, ""eligibility"": ""NO_CONCLUSION""}, {""value"": 0.4625, ""strategy_id"": ""S16"", ""mean_fill"": 0.9977481628466801, ""p_meet"": 0.9, ""mean_cost"": 16475641.41308041, ""mcse_cost"": 12338.014391798182, ""mean_shortage_days"": 3.050417579408543, ""mean_cost_per_unit"": 13.137281773926906, ""capacity_utilization"": 6270759.3, ""feasible"": true, ""n_runs"": 20, ""eligibility"": ""NO_CONCLUSION""}, {""value"": 0.53125, ""strategy_id"": ""S16"", ""mean_fill"": 0.997650187761297, ""p_meet"": 0.9, ""mean_cost"": 16478967.49265572, ""mcse_cost"": 13726.840758868062, ""mean_shortage_days"": 3.3204545454545453, ""mean_cost_per_unit"": 13.141158804638616, ""capacity_utilization"": 6270151.6, ""feasible"": true, ""n_runs"": 20, ""eligibility"": ""NO_CONCLUSION""}, {""value"": 0.565625, ""strategy_id"": ""S16"", ""mean_fill"": 0.997650187761297, ""p_meet"": 0.9, ""mean_cost"": 16481194.686421812, ""mcse_cost"": 13928.049813097268, ""mean_shortage_days"": 3.3204545454545453, ""mean_cost_per_unit"": 13.14292362612608, ""capacity_utilization"": 6270151.6, ""feasible"": true, ""n_runs"": 20, ""eligibility"": ""NO_CONCLUSION""}, {""value"": 0.5828125, ""strategy_id"": ""S16"", ""mean_fill"": 0.997867818019939, ""p_meet"": 0.9, ""mean_cost"": 16484115.137662113, ""mcse_cost"": 13036.448141196173, ""mean_shortage_days"": 3.120427163198247, ""mean_cost_per_unit"": 13.142382454767974, ""capacity_utilization"": 6271507.05, ""feasible"": true, ""n_runs"": 20, ""eligibility"": ""NO_CONCLUSION""}]",bisection over 5 steps on 20 paired runs,0.5828125,0.6
S16,sodium_bicarbonate_8_4_50ml,commissioning_days,global.node_commissioning_days,365.0,730.0,1095.0,True,True,,feasible_everywhere,"[{""value"": 365.0, ""strategy_id"": ""S16"", ""mean_fill"": 0.9973076107841976, ""p_meet"": 0.9, ""mean_cost"": 16479694.297813868, ""mcse_cost"": 10644.600214322456, ""mean_shortage_days"": 3.8405257393209196, ""mean_cost_per_unit"": 13.146360486743493, ""capacity_utilization"": 6267864.9, ""feasible"": true, ""n_runs"": 20, ""eligibility"": ""NO_CONCLUSION""}, {""value"": 1095.0, ""strategy_id"": ""S16"", ""mean_fill"": 0.9973076107841976, ""p_meet"": 0.9, ""mean_cost"": 16479694.297813868, ""mcse_cost"": 10644.600214322456, ""mean_shortage_days"": 3.8405257393209196, ""mean_cost_per_unit"": 13.146360486743493, ""capacity_utilization"": 6267864.9, ""feasible"": true, ""n_runs"": 20, ""eligibility"": ""NO_CONCLUSION""}]",feasibility does not change between 365.0 and 1095.0; no threshold inside the recorded range,,
S16,sodium_bicarbonate_8_4_50ml,activation_latency_days,global.reserved_capacity_activation_days,7.0,21.0,60.0,True,False,22.734375,feasible_below,"[{""value"": 7.0, ""strategy_id"": ""S16"", ""mean_fill"": 0.9980040350069939, ""p_meet"": 0.9, ""mean_cost"": 16499938.602391686, ""mcse_cost"": 12313.636313612304, ""mean_shortage_days"": 2.7803806133625413, ""mean_cost_per_unit"": 13.153260823671559, ""capacity_utilization"": 6272292.5, ""feasible"": true, ""n_runs"": 20, ""eligibility"": ""NO_CONCLUSION""}, {""value"": 60.0, ""strategy_id"": ""S16"", ""mean_fill"": 0.987720035352073, ""p_meet"": 0.65, ""mean_cost"": 16396632.980184019, ""mcse_cost"": 16495.88296871829, ""mean_shortage_days"": 19.902724534501644, ""mean_cost_per_unit"": 13.213152891681125, ""capacity_utilization"": 6205769.9, ""feasible"": false, ""n_runs"": 20, ""eligibility"": ""NO_CONCLUSION""}, {""value"": 33.5, ""strategy_id"": ""S16"", ""mean_fill"": 0.9966481032721317, ""p_meet"": 0.85, ""mean_cost"": 16466446.303502137, ""mcse_cost"": 11421.207988136704, ""mean_shortage_days"": 4.8206599123767795, ""mean_cost_per_unit"": 13.144494252219053, ""capacity_utilization"": 6263668.6, ""feasible"": false, ""n_runs"": 20, ""eligibility"": ""NO_CONCLUSION""}, {""value"": 20.25, ""strategy_id"": ""S16"", ""mean_fill"": 0.9975875776736606, ""p_meet"": 0.9, ""mean_cost"": 16483952.042427283, ""mcse_cost"": 12028.166249859292, ""mean_shortage_days"": 3.560487404162102, ""mean_cost_per_unit"": 13.145955423522562, ""capacity_utilization"": 6269628.5, ""feasible"": true, ""n_runs"": 20, ""eligibility"": ""NO_CONCLUSION""}, {""value"": 26.875, ""strategy_id"": ""S16"", ""mean_fill"": 0.9969478861466564, ""p_meet"": 0.85, ""mean_cost"": 16472909.692955127, ""mcse_cost"": 12124.372135944908, ""mean_shortage_days"": 4.630633899233297, ""mean_cost_per_unit"": 13.145731150415983, ""capacity_utilization"": 6265575.2, ""feasible"": false, ""n_runs"": 20, ""eligibility"": ""NO_CONCLUSION""}, {""value"": 23.5625, ""strategy_id"": ""S16"", ""mean_fill"": 0.9973181901537913, ""p_meet"": 0.85, ""mean_cost"": 16477678.597461741, ""mcse_cost"": 11658.866978826405, ""mean_shortage_days"": 3.9405394304490686, ""mean_cost_per_unit"": 13.144590036233524, ""capacity_utilization"": 6267923.05, ""feasible"": false, ""n_runs"": 20, ""eligibility"": ""NO_CONCLUSION""}, {""value"": 21.90625, ""strategy_id"": ""S16"", ""mean_fill"": 0.997319391428918, ""p_meet"": 0.9, ""mean_cost"": 16480893.38810574, ""mcse_cost"": 11255.544479834112, ""mean_shortage_days"": 3.890532584884994, ""mean_cost_per_unit"": 13.147160029803837, ""capacity_utilization"": 6267937.8, ""feasible"": true, ""n_runs"": 20, ""eligibility"": ""NO_CONCLUSION""}]",bisection over 5 steps on 20 paired runs,21.90625,23.5625
S16,sodium_bicarbonate_8_4_50ml,node_capital,product.capital_usd_per_site,15000000.0,40000000.0,100000000.0,True,True,,feasible_everywhere,"[{""value"": 15000000.0, ""strategy_id"": ""S16"", ""mean_fill"": 0.9973076107841976, ""p_meet"": 0.9, ""mean_cost"": 11235589.572176075, ""mcse_cost"": 10644.600214322443, ""mean_shortage_days"": 3.8405257393209196, ""mean_cost_per_unit"": 8.962834033494637, ""capacity_utilization"": 6267864.9, ""feasible"": true, ""n_runs"": 20, ""eligibility"": ""NO_CONCLUSION""}, {""value"": 100000000.0, ""strategy_id"": ""S16"", ""mean_fill"": 0.9973076107841976, ""p_meet"": 0.9, ""mean_cost"": 29065545.639344763, ""mcse_cost"": 10644.600214322387, ""mean_shortage_days"": 3.8405257393209196, ""mean_cost_per_unit"": 23.186823974540907, ""capacity_utilization"": 6267864.9, ""feasible"": true, ""n_runs"": 20, ""eligibility"": ""NO_CONCLUSION""}]",feasibility does not change between 15000000.0 and 100000000.0; no threshold inside the recorded range,,
S16,sodium_bicarbonate_8_4_50ml,batches_per_site_year,product.batches_per_site_year_nominal,30.0,45.0,70.0,False,True,43.125,feasible_above,"[{""value"": 30.0, ""strategy_id"": ""S16"", ""mean_fill"": 0.8922216609083661, ""p_meet"": 0.0, ""mean_cost"": 15933835.27759864, ""mcse_cost"": 25420.214660661648, ""mean_shortage_days"": 113.23550109529023, ""mean_cost_per_unit"": 14.242806548609286, ""capacity_utilization"": 5602176.05, ""feasible"": false, ""n_runs"": 20, ""eligibility"": ""NO_CONCLUSION""}, {""value"": 70.0, ""strategy_id"": ""S16"", ""mean_fill"": 1.0, ""p_meet"": 1.0, ""mean_cost"": 17358690.890809573, ""mcse_cost"": 29902.60996886175, ""mean_shortage_days"": 0.0, ""mean_cost_per_unit"": 13.810302899906812, ""capacity_utilization"": 6284911.2, ""feasible"": true, ""n_runs"": 20, ""eligibility"": ""NO_CONCLUSION""}, {""value"": 50.0, ""strategy_id"": ""S16"", ""mean_fill"": 0.9998657955075341, ""p_meet"": 1.0, ""mean_cost"": 16596474.27174271, ""mcse_cost"": 16141.62955581157, ""mean_shortage_days"": 0.38005202628696605, ""mean_cost_per_unit"": 13.205316951567951, ""capacity_utilization"": 6284056.7, ""feasible"": true, ""n_runs"": 20, ""eligibility"": ""NO_CONCLUSION""}, {""value"": 40.0, ""strategy_id"": ""S16"", ""mean_fill"": 0.9925696015806033, ""p_meet"": 0.75, ""mean_cost"": 16400271.158778775, ""mcse_cost"": 15398.525141466544, ""mean_shortage_days"": 8.811206188389924, ""mean_cost_per_unit"": 13.146591379386695, ""capacity_utilization"": 6237981.85, ""feasible"": false, ""n_runs"": 20, ""eligibility"": ""NO_CONCLUSION""}, {""value"": 45.0, ""strategy_id"": ""S16"", ""mean_fill"": 0.9973076107841976, ""p_meet"": 0.9, ""mean_cost"": 16479694.297813868, ""mcse_cost"": 10644.600214322456, ""mean_shortage_days"": 3.8405257393209196, ""mean_cost_per_unit"": 13.146360486743493, ""capacity_utilization"": 6267864.9, ""feasible"": true, ""n_runs"": 20, ""eligibility"": ""NO_CONCLUSION""}, {""value"": 42.5, ""strategy_id"": ""S16"", ""mean_fill"": 0.9942537489863966, ""p_meet"": 0.8, ""mean_cost"": 16429553.073909704, ""mcse_cost"": 13619.036565935465, ""mean_shortage_days"": 6.770926889375684, ""mean_cost_per_unit"": 13.14721546691803, ""capacity_utilization"": 6248582.4, ""feasible"": false, ""n_runs"": 20, ""eligibility"": ""NO_CONCLUSION""}, {""value"": 43.75, ""strategy_id"": ""S16"", ""mean_fill"": 0.9971122435654692, ""p_meet"": 0.9, ""mean_cost"": 16466482.249833856, ""mcse_cost"": 11060.356305336578, ""mean_shortage_days"": 4.330592825848849, ""mean_cost_per_unit"": 13.138429057469006, ""capacity_utilization"": 6266644.85, ""feasible"": true, ""n_runs"": 20, ""eligibility"": ""NO_CONCLUSION""}]",bisection over 5 steps on 20 paired runs,42.5,43.75
S16,sodium_bicarbonate_8_4_50ml,changeover_burden,product.changeover_days,1.0,3.0,10.0,True,False,5.640625,feasible_below,"[{""value"": 1.0, ""strategy_id"": ""S16"", ""mean_fill"": 0.9976380884328112, ""p_meet"": 0.9, ""mean_cost"": 16481283.869135413, ""mcse_cost"": 11641.603168982081, ""mean_shortage_days"": 3.2904504381161006, ""mean_cost_per_unit"": 13.143174148117845, ""capacity_utilization"": 6269966.45, ""feasible"": true, ""n_runs"": 20, ""eligibility"": ""NO_CONCLUSION""}, {""value"": 10.0, ""strategy_id"": ""S16"", ""mean_fill"": 0.9540874076596397, ""p_meet"": 0.0, ""mean_cost"": 16310935.307592735, ""mcse_cost"": 13604.466839226741, ""mean_shortage_days"": 37.86518346111719, ""mean_cost_per_unit"": 13.60409747485258, ""capacity_utilization"": 5995709.45, ""feasible"": false, ""n_runs"": 20, ""eligibility"": ""NO_CONCLUSION""}, {""value"": 5.5, ""strategy_id"": ""S16"", ""mean_fill"": 0.9975493038307592, ""p_meet"": 0.9, ""mean_cost"": 16480806.413262974, ""mcse_cost"": 11461.668670420528, ""mean_shortage_days"": 3.7205093099671407, ""mean_cost_per_unit"": 13.143991508759404, ""capacity_utilization"": 6269382.6, ""feasible"": true, ""n_runs"": 20, ""eligibility"": ""NO_CONCLUSION""}, {""value"": 7.75, ""strategy_id"": ""S16"", ""mean_fill"": 0.9868607036804136, ""p_meet"": 0.55, ""mean_cost"": 16424908.637585431, ""mcse_cost"": 11673.185295937808, ""mean_shortage_days"": 13.491846933187295, ""mean_cost_per_unit"": 13.243362275959631, ""capacity_utilization"": 6201717.05, ""feasible"": false, ""n_runs"": 20, ""eligibility"": ""NO_CONCLUSION""}, {""value"": 6.625, ""strategy_id"": ""S16"", ""mean_fill"": 0.9944027159159973, ""p_meet"": 0.8, ""mean_cost"": 16456069.799106428, ""mcse_cost"": 12435.298851093166, ""mean_shortage_days"": 6.760925520262869, ""mean_cost_per_unit"": 13.16701792325417, ""capacity_utilization"": 6249211.5, ""feasible"": false, ""n_runs"": 20, ""eligibility"": ""NO_CONCLUSION""}, {""value"": 6.0625, ""strategy_id"": ""S16"", ""mean_fill"": 0.9971151203874975, ""p_meet"": 0.85, ""mean_cost"": 16481907.310080867, ""mcse_cost"": 11187.344321995242, ""mean_shortage_days"": 3.9105353231106235, ""mean_cost_per_unit"": 13.150691039590123, ""capacity_utilization"": 6266650.9, ""feasible"": false, ""n_runs"": 20, ""eligibility"": ""NO_CONCLUSION""}, {""value"": 5.78125, ""strategy_id"": ""S16"", ""mean_fill"": 0.9971151203874975, ""p_meet"": 0.85, ""mean_cost"": 16481907.310080867, ""mcse_cost"": 11187.344321995242, ""mean_shortage_days"": 3.9105353231106235, ""mean_cost_per_unit"": 13.150691039590123, ""capacity_utilization"": 6266650.9, ""feasible"": false, ""n_runs"": 20, ""eligibility"": ""NO_CONCLUSION""}]",bisection over 5 steps on 20 paired runs,5.5,5.78125
S17,sodium_bicarbonate_8_4_50ml,capacity_utilization,product.annual_demand_units,600000.0,1200000.0,2400000.0,True,False,1021875.0,feasible_below,"[{""value"": 600000.0, ""strategy_id"": ""S17"", ""mean_fill"": 0.9999287881707163, ""p_meet"": 1.0, ""mean_cost"": 17704127.361265916, ""mcse_cost"": 8081.367883032986, ""mean_shortage_days"": 0.44006024096385543, ""mean_cost_per_unit"": 28.172464935955936, ""capacity_utilization"": 3142234.65, ""feasible"": true, ""n_runs"": 20, ""eligibility"": ""NO_CONCLUSION""}, {""value"": 2400000.0, ""strategy_id"": ""S17"", ""mean_fill"": 0.7505285588038484, ""p_meet"": 0.0, ""mean_cost"": 20893964.609885495, ""mcse_cost"": 36651.74144298861, ""mean_shortage_days"": 261.4857954545454, ""mean_cost_per_unit"": 11.128650224995889, ""capacity_utilization"": 9396316.7, ""feasible"": false, ""n_runs"": 20, ""eligibility"": ""NO_CONCLUSION""}, {""value"": 1500000.0, ""strategy_id"": ""S17"", ""mean_fill"": 0.9895307633950718, ""p_meet"": 0.75, ""mean_cost"": 19864877.354978144, ""mcse_cost"": 12033.049050778143, ""mean_shortage_days"": 25.09343510405257, ""mean_cost_per_unit"": 12.778572288514505, ""capacity_utilization"": 7772652.6, ""feasible"": false, ""n_runs"": 20, ""eligibility"": ""NO_CONCLUSION""}, {""value"": 1050000.0, ""strategy_id"": ""S17"", ""mean_fill"": 0.9951861065435581, ""p_meet"": 0.85, ""mean_cost"": 18745703.14825519, ""mcse_cost"": 8994.957333184288, ""mean_shortage_days"": 16.49225766703176, ""mean_cost_per_unit"": 17.128514123331747, ""capacity_utilization"": 5472074.55, ""feasible"": false, ""n_runs"": 20, ""eligibility"": ""NO_CONCLUSION""}, {""value"": 825000.0, ""strategy_id"": ""S17"", ""mean_fill"": 0.9950259827119584, ""p_meet"": 0.95, ""mean_cost"": 18178316.47661712, ""mcse_cost"": 7429.89628841405, ""mean_shortage_days"": 15.512123493975903, ""mean_cost_per_unit"": 21.14300408963927, ""capacity_utilization"": 4299050.35, ""feasible"": true, ""n_runs"": 20, ""eligibility"": ""NO_CONCLUSION""}, {""value"": 937500.0, ""strategy_id"": ""S17"", ""mean_fill"": 0.9974035234677487, ""p_meet"": 1.0, ""mean_cost"": 18468635.50681589, ""mcse_cost"": 8278.431440043909, ""mean_shortage_days"": 10.981503285870755, ""mean_cost_per_unit"": 18.85654383394009, ""capacity_utilization"": 4897390.2, ""feasible"": true, ""n_runs"": 20, ""eligibility"": ""NO_CONCLUSION""}, {""value"": 993750.0, ""strategy_id"": ""S17"", ""mean_fill"": 0.9965220743437289, ""p_meet"": 0.95, ""mean_cost"": 18607435.881080154, ""mcse_cost"": 10211.887049194309, ""mean_shortage_days"": 13.821892113910186, ""mean_cost_per_unit"": 17.93944026839312, ""capacity_utilization"": 5186252.5, ""feasible"": true, ""n_runs"": 20, ""eligibility"": ""NO_CONCLUSION""}]",bisection over 5 steps on 20 paired runs,993750.0,1050000.0
S17,sodium_bicarbonate_8_4_50ml,fixed_qa_labor_per_node,product.fixed_qa_labor_usd_per_site_year,1500000.0,3000000.0,6000000.0,True,True,,feasible_everywhere,"[{""value"": 1500000.0, ""strategy_id"": ""S17"", ""mean_fill"": 0.9960556974346861, ""p_meet"": 0.9, ""mean_cost"": 16564318.399523025, ""mcse_cost"": 11341.138375816772, ""mean_shortage_days"": 16.152211117196057, ""mean_cost_per_unit"": 13.230190102291644, ""capacity_utilization"": 6260014.25, ""feasible"": true, ""n_runs"": 20, ""eligibility"": ""NO_CONCLUSION""}, {""value"": 6000000.0, ""strategy_id"": ""S17"", ""mean_fill"": 0.9960556974346861, ""p_meet"": 0.9, ""mean_cost"": 24274053.54787406, ""mcse_cost"": 11341.138375816856, ""mean_shortage_days"": 16.152211117196057, ""mean_cost_per_unit"": 19.388269007498923, ""capacity_utilization"": 6260014.25, ""feasible"": true, ""n_runs"": 20, ""eligibility"": ""NO_CONCLUSION""}]",feasibility does not change between 1500000.0 and 6000000.0; no threshold inside the recorded range,,
S17,sodium_bicarbonate_8_4_50ml,release_time,global.sterility_incubation_days,14.0,14.0,18.0,True,False,15.3125,feasible_below,"[{""value"": 14.0, ""strategy_id"": ""S17"", ""mean_fill"": 0.9960556974346861, ""p_meet"": 0.9, ""mean_cost"": 19134230.115640633, ""mcse_cost"": 11341.138375816736, ""mean_shortage_days"": 16.152211117196057, ""mean_cost_per_unit"": 15.282883070694542, ""capacity_utilization"": 6260014.25, ""feasible"": true, ""n_runs"": 20, ""eligibility"": ""NO_CONCLUSION""}, {""value"": 18.0, ""strategy_id"": ""S17"", ""mean_fill"": 0.9944998318808584, ""p_meet"": 0.8, ""mean_cost"": 19129185.314564407, ""mcse_cost"": 6646.432258178151, ""mean_shortage_days"": 17.982461664841185, ""mean_cost_per_unit"": 15.304320632374901, ""capacity_utilization"": 6249450.9, ""feasible"": false, ""n_runs"": 20, ""eligibility"": ""NO_CONCLUSION""}, {""value"": 16.0, ""strategy_id"": ""S17"", ""mean_fill"": 0.9951707716034968, ""p_meet"": 0.85, ""mean_cost"": 19130780.18403383, ""mcse_cost"": 9900.019866554998, ""mean_shortage_days"": 17.392380887185105, ""mean_cost_per_unit"": 15.295649080207927, ""capacity_utilization"": 6253506.9, ""feasible"": false, ""n_runs"": 20, ""eligibility"": ""NO_CONCLUSION""}, {""value"": 15.0, ""strategy_id"": ""S17"", ""mean_fill"": 0.9956828338107288, ""p_meet"": 0.9, ""mean_cost"": 19132002.563826617, ""mcse_cost"": 9973.23747644618, ""mean_shortage_days"": 15.39210706462213, ""mean_cost_per_unit"": 15.287897708340594, ""capacity_utilization"": 6257074.45, ""feasible"": true, ""n_runs"": 20, ""eligibility"": ""NO_CONCLUSION""}, {""value"": 15.5, ""strategy_id"": ""S17"", ""mean_fill"": 0.9950905761554389, ""p_meet"": 0.85, ""mean_cost"": 19134848.418733966, ""mcse_cost"": 10276.187347044845, ""mean_shortage_days"": 18.402519167579406, ""mean_cost_per_unit"": 15.298357681622386, ""capacity_utilization"": 6253937.95, ""feasible"": false, ""n_runs"": 20, ""eligibility"": ""NO_CONCLUSION""}, {""value"": 15.25, ""strategy_id"": ""S17"", ""mean_fill"": 0.9958268942638222, ""p_meet"": 0.9, ""mean_cost"": 19133631.432849437, ""mcse_cost"": 12049.66813217218, ""mean_shortage_days"": 18.67255613362541, ""mean_cost_per_unit"": 15.28669575764232, ""capacity_utilization"": 6258287.3, ""feasible"": true, ""n_runs"": 20, ""eligibility"": ""NO_CONCLUSION""}, {""value"": 15.375, ""strategy_id"": ""S17"", ""mean_fill"": 0.9953289528647711, ""p_meet"": 0.8, ""mean_cost"": 19127957.343249485, ""mcse_cost"": 8909.640997401675, ""mean_shortage_days"": 18.872583515881708, ""mean_cost_per_unit"": 15.291038223630897, ""capacity_utilization"": 6254556.2, ""feasible"": false, ""n_runs"": 20, ""eligibility"": ""NO_CONCLUSION""}]",bisection over 5 steps on 20 paired runs,15.25,15.375
S17,sodium_bicarbonate_8_4_50ml,shelf_life,product.shelf_life_months,12.0,24.0,36.0,True,True,,feasible_everywhere,"[{""value"": 12.0, ""strategy_id"": ""S17"", ""mean_fill"": 0.9958866396977939, ""p_meet"": 0.95, ""mean_cost"": 19211644.82314154, ""mcse_cost"": 9492.242943594716, ""mean_shortage_days"": 17.30236856516977, ""mean_cost_per_unit"": 15.348579642934492, ""capacity_utilization"": 6258487.85, ""feasible"": true, ""n_runs"": 20, ""eligibility"": ""NO_CONCLUSION""}, {""value"": 36.0, ""strategy_id"": ""S17"", ""mean_fill"": 0.9960556974346861, ""p_meet"": 0.9, ""mean_cost"": 19134230.115640633, ""mcse_cost"": 11341.138375816736, ""mean_shortage_days"": 16.152211117196057, ""mean_cost_per_unit"": 15.282883070694542, ""capacity_utilization"": 6260014.25, ""feasible"": true, ""n_runs"": 20, ""eligibility"": ""NO_CONCLUSION""}]",feasibility does not change between 12.0 and 36.0; no threshold inside the recorded range,,
S17,sodium_bicarbonate_8_4_50ml,raw_material_lead_time,product.material_lead_time_days,30.0,90.0,240.0,False,False,,infeasible_everywhere,"[{""value"": 30.0, ""strategy_id"": ""S17"", ""mean_fill"": 0.9958517684714023, ""p_meet"": 0.85, ""mean_cost"": 19081589.661660712, ""mcse_cost"": 9593.912556104677, ""mean_shortage_days"": 16.662280941949618, ""mean_cost_per_unit"": 15.244005574494185, ""capacity_utilization"": 6258729.25, ""feasible"": false, ""n_runs"": 20, ""eligibility"": ""NO_CONCLUSION""}, {""value"": 240.0, ""strategy_id"": ""S17"", ""mean_fill"": 0.99586217825223, ""p_meet"": 0.85, ""mean_cost"": 19269907.119199507, ""mcse_cost"": 10766.580946184926, ""mean_shortage_days"": 16.732290525739323, ""mean_cost_per_unit"": 15.394260117941727, ""capacity_utilization"": 6258785.5, ""feasible"": false, ""n_runs"": 20, ""eligibility"": ""NO_CONCLUSION""}]",feasibility does not change between 30.0 and 240.0; no threshold inside the recorded range,,
S17,sodium_bicarbonate_8_4_50ml,common_cause_dependence,global.common_cause_events_per_year,0.02,0.1,0.3,True,False,0.155625,feasible_below,"[{""value"": 0.02, ""strategy_id"": ""S17"", ""mean_fill"": 0.9969495505942865, ""p_meet"": 1.0, ""mean_cost"": 19138424.75784761, ""mcse_cost"": 10939.366612019141, ""mean_shortage_days"": 13.751882530120483, ""mean_cost_per_unit"": 15.275702451349451, ""capacity_utilization"": 6264453.55, ""feasible"": true, ""n_runs"": 20, ""eligibility"": ""NO_CONCLUSION""}, {""value"": 0.3, ""strategy_id"": ""S17"", ""mean_fill"": 0.9875160649696969, ""p_meet"": 0.7, ""mean_cost"": 19100344.43119403, ""mcse_cost"": 10060.334783838352, ""mean_shortage_days"": 24.94341456736035, ""mean_cost_per_unit"": 15.39208095759891, ""capacity_utilization"": 6204886.75, ""feasible"": false, ""n_runs"": 20, ""eligibility"": ""NO_CONCLUSION""}, {""value"": 0.16, ""strategy_id"": ""S17"", ""mean_fill"": 0.9916007148322589, ""p_meet"": 0.8, ""mean_cost"": 19124651.815385953, ""mcse_cost"": 10621.980638966414, ""mean_shortage_days"": 20.08274917853231, ""mean_cost_per_unit"": 15.345644790557802, ""capacity_utilization"": 6231478.6, ""feasible"": false, ""n_runs"": 20, ""eligibility"": ""NO_CONCLUSION""}, {""value"": 0.09, ""strategy_id"": ""S17"", ""mean_fill"": 0.9962590593119662, ""p_meet"": 0.9, ""mean_cost"": 19138102.48154159, ""mcse_cost"": 9660.393449543864, ""mean_shortage_days"": 14.862034501642935, ""mean_cost_per_unit"": 15.28290868569795, ""capacity_utilization"": 6261308.3, ""feasible"": true, ""n_runs"": 20, ""eligibility"": ""NO_CONCLUSION""}, {""value"": 0.125, ""strategy_id"": ""S17"", ""mean_fill"": 0.994987324591575, ""p_meet"": 0.9, ""mean_cost"": 19133765.268399645, ""mcse_cost"": 10749.9210442346, ""mean_shortage_days"": 16.152211117196057, ""mean_cost_per_unit"": 15.299141988959516, ""capacity_utilization"": 6253015.45, ""feasible"": true, ""n_runs"": 20, ""eligibility"": ""NO_CONCLUSION""}, {""value"": 0.14250000000000002, ""strategy_id"": ""S17"", ""mean_fill"": 0.9926381578513442, ""p_meet"": 0.9, ""mean_cost"": 19128331.79720795, ""mcse_cost"": 11376.574177171831, ""mean_shortage_days"": 17.3223713033954, ""mean_cost_per_unit"": 15.33246568458053, ""capacity_utilization"": 6237989.55, ""feasible"": true, ""n_runs"": 20, ""eligibility"": ""NO_CONCLUSION""}, {""value"": 0.15125, ""strategy_id"": ""S17"", ""mean_fill"": 0.9926937330696456, ""p_meet"": 0.9, ""mean_cost"": 19129243.36463424, ""mcse_cost"": 12060.27979607942, ""mean_shortage_days"": 18.0624726177437, ""mean_cost_per_unit"": 15.332302184259081, ""capacity_utilization"": 6238341.95, ""feasible"": true, ""n_runs"": 20, ""eligibility"": ""NO_CONCLUSION""}]",bisection over 5 steps on 20 paired runs,0.15125,0.16
S17,sodium_bicarbonate_8_4_50ml,supplier_concentration,global.supplier_disruptions_per_supplier_year,0.05,0.2,0.6,True,False,0.31640625,feasible_below,"[{""value"": 0.05, ""strategy_id"": ""S17"", ""mean_fill"": 0.9960289169291482, ""p_meet"": 0.9, ""mean_cost"": 19135695.623722102, ""mcse_cost"": 11211.666758890071, ""mean_shortage_days"": 16.5822699890471, ""mean_cost_per_unit"": 15.284470756539793, ""capacity_utilization"": 6259847.15, ""feasible"": true, ""n_runs"": 20, ""eligibility"": ""NO_CONCLUSION""}, {""value"": 0.6, ""strategy_id"": ""S17"", ""mean_fill"": 0.9957387833499582, ""p_meet"": 0.85, ""mean_cost"": 19136589.25968536, ""mcse_cost"": 10030.294165453117, ""mean_shortage_days"": 17.422384994523547, ""mean_cost_per_unit"": 15.289653458707395, ""capacity_utilization"": 6257990.25, ""feasible"": false, ""n_runs"": 20, ""eligibility"": ""NO_CONCLUSION""}, {""value"": 0.325, ""strategy_id"": ""S17"", ""mean_fill"": 0.9958144743883514, ""p_meet"": 0.8, ""mean_cost"": 19132225.535207268, ""mcse_cost"": 11008.830508904792, ""mean_shortage_days"": 16.91231516976999, ""mean_cost_per_unit"": 15.285028591246686, ""capacity_utilization"": 6258483.95, ""feasible"": false, ""n_runs"": 20, ""eligibility"": ""NO_CONCLUSION""}, {""value"": 0.1875, ""strategy_id"": ""S17"", ""mean_fill"": 0.9960556974346861, ""p_meet"": 0.9, ""mean_cost"": 19134268.05862009, ""mcse_cost"": 11283.939229052557, ""mean_shortage_days"": 16.152211117196057, ""mean_cost_per_unit"": 15.282916530970573, ""capacity_utilization"": 6260014.25, ""feasible"": true, ""n_runs"": 20, ""eligibility"": ""NO_CONCLUSION""}, {""value"": 0.25625, ""strategy_id"": ""S17"", ""mean_fill"": 0.9960198994873588, ""p_meet"": 0.9, ""mean_cost"": 19135165.287765004, ""mcse_cost"": 11181.234774389068, ""mean_shortage_days"": 16.272227546549836, ""mean_cost_per_unit"": 15.284186469816083, ""capacity_utilization"": 6259791.35, ""feasible"": true, ""n_runs"": 20, ""eligibility"": ""NO_CONCLUSION""}, {""value"": 0.290625, ""strategy_id"": ""S17"", ""mean_fill"": 0.9960321963768228, ""p_meet"": 0.9, ""mean_cost"": 19132575.186380018, ""mcse_cost"": 11255.211244412965, ""mean_shortage_days"": 16.23222207009858, ""mean_cost_per_unit"": 15.281930794171908, ""capacity_utilization"": 6259865.35, ""feasible"": true, ""n_runs"": 20, ""eligibility"": ""NO_CONCLUSION""}, {""value"": 0.30781250000000004, ""strategy_id"": ""S17"", ""mean_fill"": 0.9960347202034232, ""p_meet"": 0.9, ""mean_cost"": 19132580.21460799, ""mcse_cost"": 11257.211382455194, ""mean_shortage_days"": 16.432249452354874, ""mean_cost_per_unit"": 15.281896163746444, ""capacity_utilization"": 6259881.15, ""feasible"": true, ""n_runs"": 20, ""eligibility"": ""NO_CONCLUSION""}]",bisection over 5 steps on 20 paired runs,0.30781250000000004,0.325
S17,sodium_bicarbonate_8_4_50ml,commissioning_days,global.node_commissioning_days,365.0,730.0,1095.0,True,True,,feasible_everywhere,"[{""value"": 365.0, ""strategy_id"": ""S17"", ""mean_fill"": 0.9960556974346861, ""p_meet"": 0.9, ""mean_cost"": 19134230.115640633, ""mcse_cost"": 11341.138375816736, ""mean_shortage_days"": 16.152211117196057, ""mean_cost_per_unit"": 15.282883070694542, ""capacity_utilization"": 6260014.25, ""feasible"": true, ""n_runs"": 20, ""eligibility"": ""NO_CONCLUSION""}, {""value"": 1095.0, ""strategy_id"": ""S17"", ""mean_fill"": 0.9960556974346861, ""p_meet"": 0.9, ""mean_cost"": 19134230.115640633, ""mcse_cost"": 11341.138375816736, ""mean_shortage_days"": 16.152211117196057, ""mean_cost_per_unit"": 15.282883070694542, ""capacity_utilization"": 6260014.25, ""feasible"": true, ""n_runs"": 20, ""eligibility"": ""NO_CONCLUSION""}]",feasibility does not change between 365.0 and 1095.0; no threshold inside the recorded range,,
S17,sodium_bicarbonate_8_4_50ml,activation_latency_days,global.reserved_capacity_activation_days,7.0,21.0,60.0,True,True,,feasible_everywhere,"[{""value"": 7.0, ""strategy_id"": ""S17"", ""mean_fill"": 0.9960556974346861, ""p_meet"": 0.9, ""mean_cost"": 19134230.115640633, ""mcse_cost"": 11341.138375816736, ""mean_shortage_days"": 16.152211117196057, ""mean_cost_per_unit"": 15.282883070694542, ""capacity_utilization"": 6260014.25, ""feasible"": true, ""n_runs"": 20, ""eligibility"": ""NO_CONCLUSION""}, {""value"": 60.0, ""strategy_id"": ""S17"", ""mean_fill"": 0.9960556974346861, ""p_meet"": 0.9, ""mean_cost"": 19134230.115640633, ""mcse_cost"": 11341.138375816736, ""mean_shortage_days"": 16.152211117196057, ""mean_cost_per_unit"": 15.282883070694542, ""capacity_utilization"": 6260014.25, ""feasible"": true, ""n_runs"": 20, ""eligibility"": ""NO_CONCLUSION""}]",feasibility does not change between 7.0 and 60.0; no threshold inside the recorded range,,
S17,sodium_bicarbonate_8_4_50ml,node_capital,product.capital_usd_per_site,15000000.0,40000000.0,100000000.0,True,True,,feasible_everywhere,"[{""value"": 15000000.0, ""strategy_id"": ""S17"", ""mean_fill"": 0.9960556974346861, ""p_meet"": 0.9, ""mean_cost"": 13113843.441393677, ""mcse_cost"": 11341.138375816732, ""mean_shortage_days"": 16.152211117196057, ""mean_cost_per_unit"": 10.47415547285993, ""capacity_utilization"": 6260014.25, ""feasible"": true, ""n_runs"": 20, ""eligibility"": ""NO_CONCLUSION""}, {""value"": 100000000.0, ""strategy_id"": ""S17"", ""mean_fill"": 0.9960556974346861, ""p_meet"": 0.9, ""mean_cost"": 33583158.13383245, ""mcse_cost"": 11341.138375816807, ""mean_shortage_days"": 16.152211117196057, ""mean_cost_per_unit"": 26.82382930549691, ""capacity_utilization"": 6260014.25, ""feasible"": true, ""n_runs"": 20, ""eligibility"": ""NO_CONCLUSION""}]",feasibility does not change between 15000000.0 and 100000000.0; no threshold inside the recorded range,,
S17,sodium_bicarbonate_8_4_50ml,batches_per_site_year,product.batches_per_site_year_nominal,30.0,45.0,70.0,False,True,44.375,feasible_above,"[{""value"": 30.0, ""strategy_id"": ""S17"", ""mean_fill"": 0.9787634154783804, ""p_meet"": 0.45, ""mean_cost"": 18989215.983177334, ""mcse_cost"": 13613.741002226867, ""mean_shortage_days"": 34.41471111719606, ""mean_cost_per_unit"": 15.441630997824143, ""capacity_utilization"": 6149990.85, ""feasible"": false, ""n_runs"": 20, ""eligibility"": ""NO_CONCLUSION""}, {""value"": 70.0, ""strategy_id"": ""S17"", ""mean_fill"": 0.9967796213713649, ""p_meet"": 1.0, ""mean_cost"": 19267021.55669806, ""mcse_cost"": 11051.547675178275, ""mean_shortage_days"": 13.351827765607888, ""mean_cost_per_unit"": 15.37833502940527, ""capacity_utilization"": 6264495.5, ""feasible"": true, ""n_runs"": 20, ""eligibility"": ""NO_CONCLUSION""}, {""value"": 50.0, ""strategy_id"": ""S17"", ""mean_fill"": 0.9966518276553729, ""p_meet"": 0.95, ""mean_cost"": 19159228.962976415, ""mcse_cost"": 10341.600028406829, ""mean_shortage_days"": 14.551992059145672, ""mean_cost_per_unit"": 15.294901055432891, ""capacity_utilization"": 6263140.65, ""feasible"": true, ""n_runs"": 20, ""eligibility"": ""NO_CONCLUSION""}, {""value"": 40.0, ""strategy_id"": ""S17"", ""mean_fill"": 0.9946850244633667, ""p_meet"": 0.75, ""mean_cost"": 19099433.793168895, ""mcse_cost"": 9270.962081994114, ""mean_shortage_days"": 17.342374041621028, ""mean_cost_per_unit"": 15.276636347950134, ""capacity_utilization"": 6251095.45, ""feasible"": false, ""n_runs"": 20, ""eligibility"": ""NO_CONCLUSION""}, {""value"": 45.0, ""strategy_id"": ""S17"", ""mean_fill"": 0.9960556974346861, ""p_meet"": 0.9, ""mean_cost"": 19134230.115640633, ""mcse_cost"": 11341.138375816736, ""mean_shortage_days"": 16.152211117196057, ""mean_cost_per_unit"": 15.282883070694542, ""capacity_utilization"": 6260014.25, ""feasible"": true, ""n_runs"": 20, ""eligibility"": ""NO_CONCLUSION""}, {""value"": 42.5, ""strategy_id"": ""S17"", ""mean_fill"": 0.9949887800397447, ""p_meet"": 0.75, ""mean_cost"": 19115897.61651796, ""mcse_cost"": 8741.189266574966, ""mean_shortage_days"": 18.382516429353778, ""mean_cost_per_unit"": 15.28632009090425, ""capacity_utilization"": 6252422.65, ""feasible"": false, ""n_runs"": 20, ""eligibility"": ""NO_CONCLUSION""}, {""value"": 43.75, ""strategy_id"": ""S17"", ""mean_fill"": 0.9943059769769296, ""p_meet"": 0.75, ""mean_cost"": 19130302.681862198, ""mcse_cost"": 10351.435452947851, ""mean_shortage_days"": 18.22249452354874, ""mean_cost_per_unit"": 15.307440769201751, ""capacity_utilization"": 6248673.8, ""feasible"": false, ""n_runs"": 20, ""eligibility"": ""NO_CONCLUSION""}]",bisection over 5 steps on 20 paired runs,43.75,45.0
S17,sodium_bicarbonate_8_4_50ml,changeover_burden,product.changeover_days,1.0,3.0,10.0,True,False,4.515625,feasible_below,"[{""value"": 1.0, ""strategy_id"": ""S17"", ""mean_fill"": 0.9956987681007947, ""p_meet"": 0.95, ""mean_cost"": 19131489.811061673, ""mcse_cost"": 8589.495372216914, ""mean_shortage_days"": 16.522261774370207, ""mean_cost_per_unit"": 15.286092023037039, ""capacity_utilization"": 6257539.95, ""feasible"": true, ""n_runs"": 20, ""eligibility"": ""NO_CONCLUSION""}, {""value"": 10.0, ""strategy_id"": ""S17"", ""mean_fill"": 0.9930742949066863, ""p_meet"": 0.8, ""mean_cost"": 19110191.849814065, ""mcse_cost"": 6937.468366153823, ""mean_shortage_days"": 20.05274507119387, ""mean_cost_per_unit"": 15.309558488318382, ""capacity_utilization"": 6240824.0, ""feasible"": false, ""n_runs"": 20, ""eligibility"": ""NO_CONCLUSION""}, {""value"": 5.5, ""strategy_id"": ""S17"", ""mean_fill"": 0.9946467038609524, ""p_meet"": 0.8, ""mean_cost"": 19132010.76897244, ""mcse_cost"": 9748.33392031557, ""mean_shortage_days"": 17.54240142387733, ""mean_cost_per_unit"": 15.302718306687513, ""capacity_utilization"": 6250956.0, ""feasible"": false, ""n_runs"": 20, ""eligibility"": ""NO_CONCLUSION""}, {""value"": 3.25, ""strategy_id"": ""S17"", ""mean_fill"": 0.9960556974346861, ""p_meet"": 0.9, ""mean_cost"": 19134230.115640633, ""mcse_cost"": 11341.138375816736, ""mean_shortage_days"": 16.152211117196057, ""mean_cost_per_unit"": 15.282883070694542, ""capacity_utilization"": 6260014.25, ""feasible"": true, ""n_runs"": 20, ""eligibility"": ""NO_CONCLUSION""}, {""value"": 4.375, ""strategy_id"": ""S17"", ""mean_fill"": 0.9958810673833984, ""p_meet"": 0.95, ""mean_cost"": 19130019.131610967, ""mcse_cost"": 10505.147897609271, ""mean_shortage_days"": 16.96232201533406, ""mean_cost_per_unit"": 15.282368933161539, ""capacity_utilization"": 6258960.8, ""feasible"": true, ""n_runs"": 20, ""eligibility"": ""NO_CONCLUSION""}, {""value"": 4.9375, ""strategy_id"": ""S17"", ""mean_fill"": 0.9946467038609524, ""p_meet"": 0.8, ""mean_cost"": 19132010.76897244, ""mcse_cost"": 9748.33392031557, ""mean_shortage_days"": 17.54240142387733, ""mean_cost_per_unit"": 15.302718306687513, ""capacity_utilization"": 6250956.0, ""feasible"": false, ""n_runs"": 20, ""eligibility"": ""NO_CONCLUSION""}, {""value"": 4.65625, ""strategy_id"": ""S17"", ""mean_fill"": 0.9946467038609524, ""p_meet"": 0.8, ""mean_cost"": 19132010.76897244, ""mcse_cost"": 9748.33392031557, ""mean_shortage_days"": 17.54240142387733, ""mean_cost_per_unit"": 15.302718306687513, ""capacity_utilization"": 6250956.0, ""feasible"": false, ""n_runs"": 20, ""eligibility"": ""NO_CONCLUSION""}]",bisection over 5 steps on 20 paired runs,4.375,4.65625
S18,sodium_bicarbonate_8_4_50ml,capacity_utilization,product.annual_demand_units,600000.0,1200000.0,2400000.0,True,False,1190625.0,feasible_below,"[{""value"": 600000.0, ""strategy_id"": ""S18"", ""mean_fill"": 1.0, ""p_meet"": 1.0, ""mean_cost"": 22516932.99803246, ""mcse_cost"": 6561.393815526461, ""mean_shortage_days"": 0.0, ""mean_cost_per_unit"": 35.82830836199473, ""capacity_utilization"": 3142458.6, ""feasible"": true, ""n_runs"": 20, ""eligibility"": ""NO_CONCLUSION""}, {""value"": 2400000.0, ""strategy_id"": ""S18"", ""mean_fill"": 0.6401191057080423, ""p_meet"": 0.0, ""mean_cost"": 24368644.970608227, ""mcse_cost"": 41608.222149523455, ""mean_shortage_days"": 267.94667990142386, ""mean_cost_per_unit"": 15.253212336105605, ""capacity_utilization"": 8003391.95, ""feasible"": false, ""n_runs"": 20, ""eligibility"": ""NO_CONCLUSION""}, {""value"": 1500000.0, ""strategy_id"": ""S18"", ""mean_fill"": 0.9633844738283361, ""p_meet"": 0.3, ""mean_cost"": 24132056.4902771, ""mcse_cost"": 42437.91874672211, ""mean_shortage_days"": 34.1746782584885, ""mean_cost_per_unit"": 15.95798585763282, ""capacity_utilization"": 7567172.3, ""feasible"": false, ""n_runs"": 20, ""eligibility"": ""NO_CONCLUSION""}, {""value"": 1050000.0, ""strategy_id"": ""S18"", ""mean_fill"": 1.0, ""p_meet"": 1.0, ""mean_cost"": 23637670.56903589, ""mcse_cost"": 17492.54176817073, ""mean_shortage_days"": 0.0, ""mean_cost_per_unit"": 21.492265875638925, ""capacity_utilization"": 5499303.25, ""feasible"": true, ""n_runs"": 20, ""eligibility"": ""NO_CONCLUSION""}, {""value"": 1275000.0, ""strategy_id"": ""S18"", ""mean_fill"": 0.9939667288781561, ""p_meet"": 0.75, ""mean_cost"": 24090457.696332097, ""mcse_cost"": 34461.70250046432, ""mean_shortage_days"": 6.950951533406352, ""mean_cost_per_unit"": 18.148890431230086, ""capacity_utilization"": 6637246.75, ""feasible"": false, ""n_runs"": 20, ""eligibility"": ""NO_CONCLUSION""}, {""value"": 1162500.0, ""strategy_id"": ""S18"", ""mean_fill"": 0.9992803563626881, ""p_meet"": 0.95, ""mean_cost"": 23877535.814756565, ""mcse_cost"": 15075.410356226954, ""mean_shortage_days"": 2.030277929901424, ""mean_cost_per_unit"": 19.623383382415756, ""capacity_utilization"": 6084133.05, ""feasible"": true, ""n_runs"": 20, ""eligibility"": ""NO_CONCLUSION""}, {""value"": 1218750.0, ""strategy_id"": ""S18"", ""mean_fill"": 0.9971596844264964, ""p_meet"": 0.85, ""mean_cost"": 23995655.298498236, ""mcse_cost"": 24490.868023752562, ""mean_shortage_days"": 3.8505271084337345, ""mean_cost_per_unit"": 18.85074375856687, ""capacity_utilization"": 6364940.0, ""feasible"": false, ""n_runs"": 20, ""eligibility"": ""NO_CONCLUSION""}]",bisection over 5 steps on 20 paired runs,1162500.0,1218750.0
S18,sodium_bicarbonate_8_4_50ml,fixed_qa_labor_per_node,product.fixed_qa_labor_usd_per_site_year,1500000.0,3000000.0,6000000.0,True,True,,feasible_everywhere,"[{""value"": 1500000.0, ""strategy_id"": ""S18"", ""mean_fill"": 0.9979150742575429, ""p_meet"": 0.9, ""mean_cost"": 21398509.834063966, ""mcse_cost"": 20819.380486193466, ""mean_shortage_days"": 3.0704203176341727, ""mean_cost_per_unit"": 17.059908026219485, ""capacity_utilization"": 6271784.65, ""feasible"": true, ""n_runs"": 20, ""eligibility"": ""NO_CONCLUSION""}, {""value"": 6000000.0, ""strategy_id"": ""S18"", ""mean_fill"": 0.9979150742575429, ""p_meet"": 0.9, ""mean_cost"": 29074123.166487258, ""mcse_cost"": 20819.380486193466, ""mean_shortage_days"": 3.0704203176341727, ""mean_cost_per_unit"": 23.1795028099169, ""capacity_utilization"": 6271784.65, ""feasible"": true, ""n_runs"": 20, ""eligibility"": ""NO_CONCLUSION""}]",feasibility does not change between 1500000.0 and 6000000.0; no threshold inside the recorded range,,
S18,sodium_bicarbonate_8_4_50ml,release_time,global.sterility_incubation_days,14.0,14.0,18.0,True,True,,feasible_everywhere,"[{""value"": 14.0, ""strategy_id"": ""S18"", ""mean_fill"": 0.9979150742575429, ""p_meet"": 0.9, ""mean_cost"": 23957047.6115384, ""mcse_cost"": 20819.380486193466, ""mean_shortage_days"": 3.0704203176341727, ""mean_cost_per_unit"": 19.099772954118624, ""capacity_utilization"": 6271784.65, ""feasible"": true, ""n_runs"": 20, ""eligibility"": ""NO_CONCLUSION""}, {""value"": 18.0, ""strategy_id"": ""S18"", ""mean_fill"": 0.9974972070542855, ""p_meet"": 0.9, ""mean_cost"": 23954797.9976541, ""mcse_cost"": 21230.515222755068, ""mean_shortage_days"": 3.2604463307776563, ""mean_cost_per_unit"": 19.10616489920619, ""capacity_utilization"": 6269158.2, ""feasible"": true, ""n_runs"": 20, ""eligibility"": ""NO_CONCLUSION""}]",feasibility does not change between 14.0 and 18.0; no threshold inside the recorded range,,
S18,sodium_bicarbonate_8_4_50ml,shelf_life,product.shelf_life_months,12.0,24.0,36.0,True,True,,feasible_everywhere,"[{""value"": 12.0, ""strategy_id"": ""S18"", ""mean_fill"": 0.9978781199003439, ""p_meet"": 0.9, ""mean_cost"": 24057219.019130595, ""mcse_cost"": 35244.52312806807, ""mean_shortage_days"": 3.090423055859803, ""mean_cost_per_unit"": 19.18030933267456, ""capacity_utilization"": 6271550.8, ""feasible"": true, ""n_runs"": 20, ""eligibility"": ""NO_CONCLUSION""}, {""value"": 36.0, ""strategy_id"": ""S18"", ""mean_fill"": 0.9979150742575429, ""p_meet"": 0.9, ""mean_cost"": 23957047.6115384, ""mcse_cost"": 20819.380486193466, ""mean_shortage_days"": 3.0704203176341727, ""mean_cost_per_unit"": 19.099772954118624, ""capacity_utilization"": 6271784.65, ""feasible"": true, ""n_runs"": 20, ""eligibility"": ""NO_CONCLUSION""}]",feasibility does not change between 12.0 and 36.0; no threshold inside the recorded range,,
S18,sodium_bicarbonate_8_4_50ml,raw_material_lead_time,product.material_lead_time_days,30.0,90.0,240.0,True,True,,feasible_everywhere,"[{""value"": 30.0, ""strategy_id"": ""S18"", ""mean_fill"": 0.9970227652121743, ""p_meet"": 0.9, ""mean_cost"": 23928922.9285263, ""mcse_cost"": 22432.94367175218, ""mean_shortage_days"": 3.570488773274918, ""mean_cost_per_unit"": 19.09447764175443, ""capacity_utilization"": 6266075.9, ""feasible"": true, ""n_runs"": 20, ""eligibility"": ""NO_CONCLUSION""}, {""value"": 240.0, ""strategy_id"": ""S18"", ""mean_fill"": 0.9983799393392297, ""p_meet"": 0.95, ""mean_cost"": 24012727.30544141, ""mcse_cost"": 19594.44532592264, ""mean_shortage_days"": 2.2203039430449065, ""mean_cost_per_unit"": 19.135210184575822, ""capacity_utilization"": 6274739.3, ""feasible"": true, ""n_runs"": 20, ""eligibility"": ""NO_CONCLUSION""}]",feasibility does not change between 30.0 and 240.0; no threshold inside the recorded range,,
S18,sodium_bicarbonate_8_4_50ml,common_cause_dependence,global.common_cause_events_per_year,0.02,0.1,0.3,True,False,0.138125,feasible_below,"[{""value"": 0.02, ""strategy_id"": ""S18"", ""mean_fill"": 1.0, ""p_meet"": 1.0, ""mean_cost"": 24010271.887152728, ""mcse_cost"": 10385.677353573165, ""mean_shortage_days"": 0.0, ""mean_cost_per_unit"": 19.102033250134816, ""capacity_utilization"": 6284911.2, ""feasible"": true, ""n_runs"": 20, ""eligibility"": ""NO_CONCLUSION""}, {""value"": 0.3, ""strategy_id"": ""S18"", ""mean_fill"": 0.9898548766970174, ""p_meet"": 0.75, ""mean_cost"": 23833097.611242406, ""mcse_cost"": 44573.441270818315, ""mean_shortage_days"": 9.571310240963854, ""mean_cost_per_unit"": 19.158653282973507, ""capacity_utilization"": 6220357.75, ""feasible"": false, ""n_runs"": 20, ""eligibility"": ""NO_CONCLUSION""}, {""value"": 0.16, ""strategy_id"": ""S18"", ""mean_fill"": 0.9953922389394501, ""p_meet"": 0.85, ""mean_cost"": 23922489.857939355, ""mcse_cost"": 25177.34156582128, ""mean_shortage_days"": 5.340731106243154, ""mean_cost_per_unit"": 19.121911222119305, ""capacity_utilization"": 6255656.7, ""feasible"": false, ""n_runs"": 20, ""eligibility"": ""NO_CONCLUSION""}, {""value"": 0.09, ""strategy_id"": ""S18"", ""mean_fill"": 0.9979150742575429, ""p_meet"": 0.9, ""mean_cost"": 23972870.25019289, ""mcse_cost"": 15626.305651648285, ""mean_shortage_days"": 3.0404162102957284, ""mean_cost_per_unit"": 19.11241803689082, ""capacity_utilization"": 6271784.65, ""feasible"": true, ""n_runs"": 20, ""eligibility"": ""NO_CONCLUSION""}, {""value"": 0.125, ""strategy_id"": ""S18"", ""mean_fill"": 0.997962592963923, ""p_meet"": 0.9, ""mean_cost"": 23950160.925186045, ""mcse_cost"": 20986.41658593537, ""mean_shortage_days"": 3.2604463307776554, ""mean_cost_per_unit"": 19.093146794064133, ""capacity_utilization"": 6272001.15, ""feasible"": true, ""n_runs"": 20, ""eligibility"": ""NO_CONCLUSION""}, {""value"": 0.14250000000000002, ""strategy_id"": ""S18"", ""mean_fill"": 0.9956566337362143, ""p_meet"": 0.85, ""mean_cost"": 23933008.50510503, ""mcse_cost"": 23267.793446106054, ""mean_shortage_days"": 5.320728368017525, ""mean_cost_per_unit"": 19.12523810080912, ""capacity_utilization"": 6257311.9, ""feasible"": false, ""n_runs"": 20, ""eligibility"": ""NO_CONCLUSION""}, {""value"": 0.13375, ""strategy_id"": ""S18"", ""mean_fill"": 0.997962592963923, ""p_meet"": 0.9, ""mean_cost"": 23944977.622002114, ""mcse_cost"": 22203.135906673375, ""mean_shortage_days"": 3.2604463307776554, ""mean_cost_per_unit"": 19.088989344170578, ""capacity_utilization"": 6272001.15, ""feasible"": true, ""n_runs"": 20, ""eligibility"": ""NO_CONCLUSION""}]",bisection over 5 steps on 20 paired runs,0.13375,0.14250000000000002
S18,sodium_bicarbonate_8_4_50ml,supplier_concentration,global.supplier_disruptions_per_supplier_year,0.05,0.2,0.6,True,False,0.5570312500000001,feasible_below,"[{""value"": 0.05, ""strategy_id"": ""S18"", ""mean_fill"": 0.9983799393392297, ""p_meet"": 0.95, ""mean_cost"": 23971236.361740813, ""mcse_cost"": 20527.887501847643, ""mean_shortage_days"": 2.2203039430449065, ""mean_cost_per_unit"": 19.102135302248872, ""capacity_utilization"": 6274739.3, ""feasible"": true, ""n_runs"": 20, ""eligibility"": ""NO_CONCLUSION""}, {""value"": 0.6, ""strategy_id"": ""S18"", ""mean_fill"": 0.9954278846102129, ""p_meet"": 0.85, ""mean_cost"": 23908246.588819094, ""mcse_cost"": 29149.16106901775, ""mean_shortage_days"": 4.910672234392114, ""mean_cost_per_unit"": 19.110117737784417, ""capacity_utilization"": 6256256.55, ""feasible"": false, ""n_runs"": 20, ""eligibility"": ""NO_CONCLUSION""}, {""value"": 0.325, ""strategy_id"": ""S18"", ""mean_fill"": 0.9970128625145742, ""p_meet"": 0.9, ""mean_cost"": 23936969.397683308, ""mcse_cost"": 24394.662287610387, ""mean_shortage_days"": 3.5404846659364737, ""mean_cost_per_unit"": 19.101569046464924, ""capacity_utilization"": 6266150.3, ""feasible"": true, ""n_runs"": 20, ""eligibility"": ""NO_CONCLUSION""}, {""value"": 0.4625, ""strategy_id"": ""S18"", ""mean_fill"": 0.9959951661194466, ""p_meet"": 0.9, ""mean_cost"": 23916057.239832558, ""mcse_cost"": 29803.040046856288, ""mean_shortage_days"": 3.800520262869661, ""mean_cost_per_unit"": 19.10556711758573, ""capacity_utilization"": 6259848.1, ""feasible"": true, ""n_runs"": 20, ""eligibility"": ""NO_CONCLUSION""}, {""value"": 0.53125, ""strategy_id"": ""S18"", ""mean_fill"": 0.9957863181358227, ""p_meet"": 0.9, ""mean_cost"": 23919724.955955554, ""mcse_cost"": 27925.979751333638, ""mean_shortage_days"": 4.37059830230011, ""mean_cost_per_unit"": 19.112408475244955, ""capacity_utilization"": 6258525.85, ""feasible"": true, ""n_runs"": 20, ""eligibility"": ""NO_CONCLUSION""}, {""value"": 0.565625, ""strategy_id"": ""S18"", ""mean_fill"": 0.9954278846102129, ""p_meet"": 0.85, ""mean_cost"": 23916724.661449853, ""mcse_cost"": 28450.07540288097, ""mean_shortage_days"": 4.910672234392114, ""mean_cost_per_unit"": 19.116845437270324, ""capacity_utilization"": 6256256.55, ""feasible"": false, ""n_runs"": 20, ""eligibility"": ""NO_CONCLUSION""}, {""value"": 0.5484375, ""strategy_id"": ""S18"", ""mean_fill"": 0.9957863181358227, ""p_meet"": 0.9, ""mean_cost"": 23917380.267867014, ""mcse_cost"": 28499.813199953704, ""mean_shortage_days"": 4.37059830230011, ""mean_cost_per_unit"": 19.11050748001811, ""capacity_utilization"": 6258525.85, ""feasible"": true, ""n_runs"": 20, ""eligibility"": ""NO_CONCLUSION""}]",bisection over 5 steps on 20 paired runs,0.5484375,0.565625
S18,sodium_bicarbonate_8_4_50ml,commissioning_days,global.node_commissioning_days,365.0,730.0,1095.0,True,True,,feasible_everywhere,"[{""value"": 365.0, ""strategy_id"": ""S18"", ""mean_fill"": 0.9979150742575429, ""p_meet"": 0.9, ""mean_cost"": 23957047.6115384, ""mcse_cost"": 20819.380486193466, ""mean_shortage_days"": 3.0704203176341727, ""mean_cost_per_unit"": 19.099772954118624, ""capacity_utilization"": 6271784.65, ""feasible"": true, ""n_runs"": 20, ""eligibility"": ""NO_CONCLUSION""}, {""value"": 1095.0, ""strategy_id"": ""S18"", ""mean_fill"": 0.9979150742575429, ""p_meet"": 0.9, ""mean_cost"": 23957047.6115384, ""mcse_cost"": 20819.380486193466, ""mean_shortage_days"": 3.0704203176341727, ""mean_cost_per_unit"": 19.099772954118624, ""capacity_utilization"": 6271784.65, ""feasible"": true, ""n_runs"": 20, ""eligibility"": ""NO_CONCLUSION""}]",feasibility does not change between 365.0 and 1095.0; no threshold inside the recorded range,,
S18,sodium_bicarbonate_8_4_50ml,activation_latency_days,global.reserved_capacity_activation_days,7.0,21.0,60.0,True,True,,feasible_everywhere,"[{""value"": 7.0, ""strategy_id"": ""S18"", ""mean_fill"": 0.9979150742575429, ""p_meet"": 0.9, ""mean_cost"": 23957047.6115384, ""mcse_cost"": 20819.380486193466, ""mean_shortage_days"": 3.0704203176341727, ""mean_cost_per_unit"": 19.099772954118624, ""capacity_utilization"": 6271784.65, ""feasible"": true, ""n_runs"": 20, ""eligibility"": ""NO_CONCLUSION""}, {""value"": 60.0, ""strategy_id"": ""S18"", ""mean_fill"": 0.9979150742575429, ""p_meet"": 0.9, ""mean_cost"": 23957047.6115384, ""mcse_cost"": 20819.380486193466, ""mean_shortage_days"": 3.0704203176341727, ""mean_cost_per_unit"": 19.099772954118624, ""capacity_utilization"": 6271784.65, ""feasible"": true, ""n_runs"": 20, ""eligibility"": ""NO_CONCLUSION""}]",feasibility does not change between 7.0 and 60.0; no threshold inside the recorded range,,
S18,sodium_bicarbonate_8_4_50ml,node_capital,product.capital_usd_per_site,15000000.0,40000000.0,100000000.0,True,True,,feasible_everywhere,"[{""value"": 15000000.0, ""strategy_id"": ""S18"", ""mean_fill"": 0.9979150742575429, ""p_meet"": 0.9, ""mean_cost"": 15698911.757656762, ""mcse_cost"": 20819.380486193517, ""mean_shortage_days"": 3.0704203176341727, ""mean_cost_per_unit"": 12.51574599681961, ""capacity_utilization"": 6271784.65, ""feasible"": true, ""n_runs"": 20, ""eligibility"": ""NO_CONCLUSION""}, {""value"": 100000000.0, ""strategy_id"": ""S18"", ""mean_fill"": 0.9979150742575429, ""p_meet"": 0.9, ""mean_cost"": 43776573.66085052, ""mcse_cost"": 20819.380486193455, ""mean_shortage_days"": 3.0704203176341727, ""mean_cost_per_unit"": 34.90143765163323, ""capacity_utilization"": 6271784.65, ""feasible"": true, ""n_runs"": 20, ""eligibility"": ""NO_CONCLUSION""}]",feasibility does not change between 15000000.0 and 100000000.0; no threshold inside the recorded range,,
S18,sodium_bicarbonate_8_4_50ml,batches_per_site_year,product.batches_per_site_year_nominal,30.0,45.0,70.0,False,True,43.125,feasible_above,"[{""value"": 30.0, ""strategy_id"": ""S18"", ""mean_fill"": 0.8482004445756717, ""p_meet"": 0.0, ""mean_cost"": 22929490.048815213, ""mcse_cost"": 26801.885714444423, ""mean_shortage_days"": 172.34359255202634, ""mean_cost_per_unit"": 21.590099035040197, ""capacity_utilization"": 5321580.7, ""feasible"": false, ""n_runs"": 20, ""eligibility"": ""NO_CONCLUSION""}, {""value"": 70.0, ""strategy_id"": ""S18"", ""mean_fill"": 1.0, ""p_meet"": 1.0, ""mean_cost"": 24630936.55005209, ""mcse_cost"": 30007.98404468493, ""mean_shortage_days"": 0.0, ""mean_cost_per_unit"": 19.596057500279827, ""capacity_utilization"": 6284911.2, ""feasible"": true, ""n_runs"": 20, ""eligibility"": ""NO_CONCLUSION""}, {""value"": 50.0, ""strategy_id"": ""S18"", ""mean_fill"": 1.0, ""p_meet"": 1.0, ""mean_cost"": 24087854.88560024, ""mcse_cost"": 17616.321787354744, ""mean_shortage_days"": 0.0, ""mean_cost_per_unit"": 19.163888672866157, ""capacity_utilization"": 6284911.2, ""feasible"": true, ""n_runs"": 20, ""eligibility"": ""NO_CONCLUSION""}, {""value"": 40.0, ""strategy_id"": ""S18"", ""mean_fill"": 0.9887593489703234, ""p_meet"": 0.7, ""mean_cost"": 23753871.08141174, ""mcse_cost"": 39633.75627314924, ""mean_shortage_days"": 12.191668948521357, ""mean_cost_per_unit"": 19.116143264190708, ""capacity_utilization"": 6213866.1, ""feasible"": false, ""n_runs"": 20, ""eligibility"": ""NO_CONCLUSION""}, {""value"": 45.0, ""strategy_id"": ""S18"", ""mean_fill"": 0.9979150742575429, ""p_meet"": 0.9, ""mean_cost"": 23957047.6115384, ""mcse_cost"": 20819.380486193466, ""mean_shortage_days"": 3.0704203176341727, ""mean_cost_per_unit"": 19.099772954118624, ""capacity_utilization"": 6271784.65, ""feasible"": true, ""n_runs"": 20, ""eligibility"": ""NO_CONCLUSION""}, {""value"": 42.5, ""strategy_id"": ""S18"", ""mean_fill"": 0.9904700685663295, ""p_meet"": 0.7, ""mean_cost"": 23843678.18213447, ""mcse_cost"": 31978.237813273165, ""mean_shortage_days"": 10.011370481927711, ""mean_cost_per_unit"": 19.154016763445192, ""capacity_utilization"": 6224654.75, ""feasible"": false, ""n_runs"": 20, ""eligibility"": ""NO_CONCLUSION""}, {""value"": 43.75, ""strategy_id"": ""S18"", ""mean_fill"": 0.997415547392376, ""p_meet"": 0.9, ""mean_cost"": 23953307.919580616, ""mcse_cost"": 22313.034454550292, ""mean_shortage_days"": 2.7603778751369115, ""mean_cost_per_unit"": 19.106493354014127, ""capacity_utilization"": 6268598.6, ""feasible"": true, ""n_runs"": 20, ""eligibility"": ""NO_CONCLUSION""}]",bisection over 5 steps on 20 paired runs,42.5,43.75
S18,sodium_bicarbonate_8_4_50ml,changeover_burden,product.changeover_days,1.0,3.0,10.0,True,False,6.484375,feasible_below,"[{""value"": 1.0, ""strategy_id"": ""S18"", ""mean_fill"": 0.9980709828341446, ""p_meet"": 0.9, ""mean_cost"": 23958664.432911742, ""mcse_cost"": 20800.896060054536, ""mean_shortage_days"": 2.9203997809419495, ""mean_cost_per_unit"": 19.09800928882574, ""capacity_utilization"": 6272765.75, ""feasible"": true, ""n_runs"": 20, ""eligibility"": ""NO_CONCLUSION""}, {""value"": 10.0, ""strategy_id"": ""S18"", ""mean_fill"": 0.9187875680350229, ""p_meet"": 0.0, ""mean_cost"": 23127788.368895996, ""mcse_cost"": 20380.739014235656, ""mean_shortage_days"": 81.96121987951808, ""mean_cost_per_unit"": 20.050719706338548, ""capacity_utilization"": 5771613.15, ""feasible"": false, ""n_runs"": 20, ""eligibility"": ""NO_CONCLUSION""}, {""value"": 5.5, ""strategy_id"": ""S18"", ""mean_fill"": 0.9977681759882824, ""p_meet"": 0.9, ""mean_cost"": 23955322.564471986, ""mcse_cost"": 20984.61117840609, ""mean_shortage_days"": 3.0904230558598025, ""mean_cost_per_unit"": 19.101254485019556, ""capacity_utilization"": 6270861.3, ""feasible"": true, ""n_runs"": 20, ""eligibility"": ""NO_CONCLUSION""}, {""value"": 7.75, ""strategy_id"": ""S18"", ""mean_fill"": 0.9781250876627418, ""p_meet"": 0.45, ""mean_cost"": 23581820.19969472, ""mcse_cost"": 33672.24087970955, ""mean_shortage_days"": 19.882721796276012, ""mean_cost_per_unit"": 19.18819679873252, ""capacity_utilization"": 6146759.6, ""feasible"": false, ""n_runs"": 20, ""eligibility"": ""NO_CONCLUSION""}, {""value"": 6.625, ""strategy_id"": ""S18"", ""mean_fill"": 0.9906919304461346, ""p_meet"": 0.7, ""mean_cost"": 23846514.208885957, ""mcse_cost"": 31708.746052192084, ""mean_shortage_days"": 10.081380065717415, ""mean_cost_per_unit"": 19.15195346148288, ""capacity_utilization"": 6226034.8, ""feasible"": false, ""n_runs"": 20, ""eligibility"": ""NO_CONCLUSION""}, {""value"": 6.0625, ""strategy_id"": ""S18"", ""mean_fill"": 0.9976653453076316, ""p_meet"": 0.9, ""mean_cost"": 23956067.779816587, ""mcse_cost"": 20994.960170068643, ""mean_shortage_days"": 3.3404572836801747, ""mean_cost_per_unit"": 19.10387687988513, ""capacity_utilization"": 6270215.7, ""feasible"": true, ""n_runs"": 20, ""eligibility"": ""NO_CONCLUSION""}, {""value"": 6.34375, ""strategy_id"": ""S18"", ""mean_fill"": 0.9976653453076316, ""p_meet"": 0.9, ""mean_cost"": 23956067.779816587, ""mcse_cost"": 20994.960170068643, ""mean_shortage_days"": 3.3404572836801747, ""mean_cost_per_unit"": 19.10387687988513, ""capacity_utilization"": 6270215.7, ""feasible"": true, ""n_runs"": 20, ""eligibility"": ""NO_CONCLUSION""}]",bisection over 5 steps on 20 paired runs,6.34375,6.625
S19,sodium_bicarbonate_8_4_50ml,capacity_utilization,product.annual_demand_units,600000.0,1200000.0,2400000.0,True,False,1021875.0,feasible_below,"[{""value"": 600000.0, ""strategy_id"": ""S19"", ""mean_fill"": 1.0, ""p_meet"": 1.0, ""mean_cost"": 15442677.945799833, ""mcse_cost"": 6490.389147201064, ""mean_shortage_days"": 0.0, ""mean_cost_per_unit"": 24.571858766912392, ""capacity_utilization"": 3142458.6, ""feasible"": true, ""n_runs"": 20, ""eligibility"": ""NO_CONCLUSION""}, {""value"": 2400000.0, ""strategy_id"": ""S19"", ""mean_fill"": 0.47608467795931214, ""p_meet"": 0.0, ""mean_cost"": 16702868.480867837, ""mcse_cost"": 27191.00285089632, ""mean_shortage_days"": 275.827758762322, ""mean_cost_per_unit"": 14.09571317666531, ""capacity_utilization"": 5933730.35, ""feasible"": false, ""n_runs"": 20, ""eligibility"": ""NO_CONCLUSION""}, {""value"": 1500000.0, ""strategy_id"": ""S19"", ""mean_fill"": 0.7471715815898374, ""p_meet"": 0.0, ""mean_cost"": 16467960.268734565, ""mcse_cost"": 28234.359866954845, ""mean_shortage_days"": 167.93298877327493, ""mean_cost_per_unit"": 14.10876920360079, ""capacity_utilization"": 5846152.05, ""feasible"": false, ""n_runs"": 20, ""eligibility"": ""NO_CONCLUSION""}, {""value"": 1050000.0, ""strategy_id"": ""S19"", ""mean_fill"": 0.9918075459433394, ""p_meet"": 0.85, ""mean_cost"": 16349679.535330411, ""mcse_cost"": 28266.384535103647, ""mean_shortage_days"": 8.931222617743702, ""mean_cost_per_unit"": 14.99293870472761, ""capacity_utilization"": 5454063.4, ""feasible"": false, ""n_runs"": 20, ""eligibility"": ""NO_CONCLUSION""}, {""value"": 825000.0, ""strategy_id"": ""S19"", ""mean_fill"": 1.0, ""p_meet"": 1.0, ""mean_cost"": 16092084.993516628, ""mcse_cost"": 21349.15822163661, ""mean_shortage_days"": 0.0, ""mean_cost_per_unit"": 18.621650043566415, ""capacity_utilization"": 4320881.5, ""feasible"": true, ""n_runs"": 20, ""eligibility"": ""NO_CONCLUSION""}, {""value"": 937500.0, ""strategy_id"": ""S19"", ""mean_fill"": 0.9999764663065391, ""p_meet"": 1.0, ""mean_cost"": 16293374.799697822, ""mcse_cost"": 31171.46802247471, ""mean_shortage_days"": 0.3500479189485214, ""mean_cost_per_unit"": 16.592453769294487, ""capacity_utilization"": 4909968.3, ""feasible"": true, ""n_runs"": 20, ""eligibility"": ""NO_CONCLUSION""}, {""value"": 993750.0, ""strategy_id"": ""S19"", ""mean_fill"": 0.9982170418586629, ""p_meet"": 0.9, ""mean_cost"": 16319185.340917587, ""mcse_cost"": 29839.9896929064, ""mean_shortage_days"": 1.8702560240963855, ""mean_cost_per_unit"": 15.707397335479694, ""capacity_utilization"": 5194768.75, ""feasible"": true, ""n_runs"": 20, ""eligibility"": ""NO_CONCLUSION""}]",bisection over 5 steps on 20 paired runs,993750.0,1050000.0
S19,sodium_bicarbonate_8_4_50ml,fixed_qa_labor_per_node,product.fixed_qa_labor_usd_per_site_year,1500000.0,3000000.0,6000000.0,False,False,,infeasible_everywhere,"[{""value"": 1500000.0, ""strategy_id"": ""S19"", ""mean_fill"": 0.9197272715476826, ""p_meet"": 0.0, ""mean_cost"": 14360568.029131975, ""mcse_cost"": 28885.369290458264, ""mean_shortage_days"": 82.60130750273824, ""mean_cost_per_unit"": 12.460440471677451, ""capacity_utilization"": 5771250.35, ""feasible"": false, ""n_runs"": 20, ""eligibility"": ""NO_CONCLUSION""}, {""value"": 6000000.0, ""strategy_id"": ""S19"", ""mean_fill"": 0.9197272715476826, ""p_meet"": 0.0, ""mean_cost"": 20443420.80552923, ""mcse_cost"": 28885.36929045821, ""mean_shortage_days"": 82.60130750273824, ""mean_cost_per_unit"": 17.740554458963167, ""capacity_utilization"": 5771250.35, ""feasible"": false, ""n_runs"": 20, ""eligibility"": ""NO_CONCLUSION""}]",feasibility does not change between 1500000.0 and 6000000.0; no threshold inside the recorded range,,
S19,sodium_bicarbonate_8_4_50ml,release_time,global.sterility_incubation_days,14.0,14.0,18.0,False,False,,infeasible_everywhere,"[{""value"": 14.0, ""strategy_id"": ""S19"", ""mean_fill"": 0.9197272715476826, ""p_meet"": 0.0, ""mean_cost"": 16388185.621264225, ""mcse_cost"": 28885.36929045815, ""mean_shortage_days"": 82.60130750273824, ""mean_cost_per_unit"": 14.220478467439218, ""capacity_utilization"": 5771250.35, ""feasible"": false, ""n_runs"": 20, ""eligibility"": ""NO_CONCLUSION""}, {""value"": 18.0, ""strategy_id"": ""S19"", ""mean_fill"": 0.9180373363550081, ""p_meet"": 0.0, ""mean_cost"": 16382985.465690976, ""mcse_cost"": 29459.104601344367, ""mean_shortage_days"": 83.88148274917852, ""mean_cost_per_unit"": 14.254267459707375, ""capacity_utilization"": 5756303.15, ""feasible"": false, ""n_runs"": 20, ""eligibility"": ""NO_CONCLUSION""}]",feasibility does not change between 14.0 and 18.0; no threshold inside the recorded range,,
S19,sodium_bicarbonate_8_4_50ml,shelf_life,product.shelf_life_months,12.0,24.0,36.0,False,False,,infeasible_everywhere,"[{""value"": 12.0, ""strategy_id"": ""S19"", ""mean_fill"": 0.9081645356435398, ""p_meet"": 0.0, ""mean_cost"": 16397961.50910768, ""mcse_cost"": 28093.26246408378, ""mean_shortage_days"": 90.20234802847754, ""mean_cost_per_unit"": 14.417167759474818, ""capacity_utilization"": 5695540.85, ""feasible"": false, ""n_runs"": 20, ""eligibility"": ""NO_CONCLUSION""}, {""value"": 36.0, ""strategy_id"": ""S19"", ""mean_fill"": 0.9197272715476826, ""p_meet"": 0.0, ""mean_cost"": 16388185.621264225, ""mcse_cost"": 28885.36929045815, ""mean_shortage_days"": 82.60130750273824, ""mean_cost_per_unit"": 14.220478467439218, ""capacity_utilization"": 5771250.35, ""feasible"": false, ""n_runs"": 20, ""eligibility"": ""NO_CONCLUSION""}]",feasibility does not change between 12.0 and 36.0; no threshold inside the recorded range,,
S19,sodium_bicarbonate_8_4_50ml,raw_material_lead_time,product.material_lead_time_days,30.0,90.0,240.0,False,False,,infeasible_everywhere,"[{""value"": 30.0, ""strategy_id"": ""S19"", ""mean_fill"": 0.9191047553153462, ""p_meet"": 0.0, ""mean_cost"": 16363668.867468247, ""mcse_cost"": 29801.52935065981, ""mean_shortage_days"": 82.74132667031765, ""mean_cost_per_unit"": 14.210750675631028, ""capacity_utilization"": 5767095.5, ""feasible"": false, ""n_runs"": 20, ""eligibility"": ""NO_CONCLUSION""}, {""value"": 240.0, ""strategy_id"": ""S19"", ""mean_fill"": 0.9173208168221956, ""p_meet"": 0.0, ""mean_cost"": 16436110.107111787, ""mcse_cost"": 28951.020552854705, ""mean_shortage_days"": 82.0412308324206, ""mean_cost_per_unit"": 14.303115340935017, ""capacity_utilization"": 5755270.35, ""feasible"": false, ""n_runs"": 20, ""eligibility"": ""NO_CONCLUSION""}]",feasibility does not change between 30.0 and 240.0; no threshold inside the recorded range,,
S19,sodium_bicarbonate_8_4_50ml,common_cause_dependence,global.common_cause_events_per_year,0.02,0.1,0.3,False,False,,infeasible_everywhere,"[{""value"": 0.02, ""strategy_id"": ""S19"", ""mean_fill"": 0.963514771810017, ""p_meet"": 0.2, ""mean_cost"": 16527289.608145107, ""mcse_cost"": 20106.966385357984, ""mean_shortage_days"": 45.62624589266155, ""mean_cost_per_unit"": 13.682814730201201, ""capacity_utilization"": 6042097.15, ""feasible"": false, ""n_runs"": 20, ""eligibility"": ""NO_CONCLUSION""}, {""value"": 0.3, ""strategy_id"": ""S19"", ""mean_fill"": 0.8438132060344461, ""p_meet"": 0.0, ""mean_cost"": 16145336.273744147, ""mcse_cost"": 32430.935261388586, ""mean_shortage_days"": 121.07657447973713, ""mean_cost_per_unit"": 15.316273751061937, ""capacity_utilization"": 5286105.75, ""feasible"": false, ""n_runs"": 20, ""eligibility"": ""NO_CONCLUSION""}]",feasibility does not change between 0.02 and 0.3; no threshold inside the recorded range,,
S19,sodium_bicarbonate_8_4_50ml,supplier_concentration,global.supplier_disruptions_per_supplier_year,0.05,0.2,0.6,False,False,,infeasible_everywhere,"[{""value"": 0.05, ""strategy_id"": ""S19"", ""mean_fill"": 0.9197272715476826, ""p_meet"": 0.0, ""mean_cost"": 16388213.946488326, ""mcse_cost"": 28872.91341824512, ""mean_shortage_days"": 82.60130750273824, ""mean_cost_per_unit"": 14.220505411245023, ""capacity_utilization"": 5771250.35, ""feasible"": false, ""n_runs"": 20, ""eligibility"": ""NO_CONCLUSION""}, {""value"": 0.6, ""strategy_id"": ""S19"", ""mean_fill"": 0.9125642953546184, ""p_meet"": 0.0, ""mean_cost"": 16362991.004796406, ""mcse_cost"": 30596.214036091937, ""mean_shortage_days"": 88.47211117196058, ""mean_cost_per_unit"": 14.325190991581213, ""capacity_utilization"": 5721411.9, ""feasible"": false, ""n_runs"": 20, ""eligibility"": ""NO_CONCLUSION""}]",feasibility does not change between 0.05 and 0.6; no threshold inside the recorded range,,
S19,sodium_bicarbonate_8_4_50ml,commissioning_days,global.node_commissioning_days,365.0,730.0,1095.0,False,False,,infeasible_everywhere,"[{""value"": 365.0, ""strategy_id"": ""S19"", ""mean_fill"": 0.9197272715476826, ""p_meet"": 0.0, ""mean_cost"": 16388185.621264225, ""mcse_cost"": 28885.36929045815, ""mean_shortage_days"": 82.60130750273824, ""mean_cost_per_unit"": 14.220478467439218, ""capacity_utilization"": 5771250.35, ""feasible"": false, ""n_runs"": 20, ""eligibility"": ""NO_CONCLUSION""}, {""value"": 1095.0, ""strategy_id"": ""S19"", ""mean_fill"": 0.9197272715476826, ""p_meet"": 0.0, ""mean_cost"": 16388185.621264225, ""mcse_cost"": 28885.36929045815, ""mean_shortage_days"": 82.60130750273824, ""mean_cost_per_unit"": 14.220478467439218, ""capacity_utilization"": 5771250.35, ""feasible"": false, ""n_runs"": 20, ""eligibility"": ""NO_CONCLUSION""}]",feasibility does not change between 365.0 and 1095.0; no threshold inside the recorded range,,
S19,sodium_bicarbonate_8_4_50ml,activation_latency_days,global.reserved_capacity_activation_days,7.0,21.0,60.0,False,False,,infeasible_everywhere,"[{""value"": 7.0, ""strategy_id"": ""S19"", ""mean_fill"": 0.9197272715476826, ""p_meet"": 0.0, ""mean_cost"": 16388185.621264225, ""mcse_cost"": 28885.36929045815, ""mean_shortage_days"": 82.60130750273824, ""mean_cost_per_unit"": 14.220478467439218, ""capacity_utilization"": 5771250.35, ""feasible"": false, ""n_runs"": 20, ""eligibility"": ""NO_CONCLUSION""}, {""value"": 60.0, ""strategy_id"": ""S19"", ""mean_fill"": 0.9197272715476826, ""p_meet"": 0.0, ""mean_cost"": 16388185.621264225, ""mcse_cost"": 28885.36929045815, ""mean_shortage_days"": 82.60130750273824, ""mean_cost_per_unit"": 14.220478467439218, ""capacity_utilization"": 5771250.35, ""feasible"": false, ""n_runs"": 20, ""eligibility"": ""NO_CONCLUSION""}]",feasibility does not change between 7.0 and 60.0; no threshold inside the recorded range,,
S19,sodium_bicarbonate_8_4_50ml,node_capital,product.capital_usd_per_site,15000000.0,40000000.0,100000000.0,False,False,,infeasible_everywhere,"[{""value"": 15000000.0, ""strategy_id"": ""S19"", ""mean_fill"": 0.9197272715476826, ""p_meet"": 0.0, ""mean_cost"": 10941834.344900481, ""mcse_cost"": 28885.36929045821, ""mean_shortage_days"": 82.60130750273824, ""mean_cost_per_unit"": 9.492868477339792, ""capacity_utilization"": 5771250.35, ""feasible"": false, ""n_runs"": 20, ""eligibility"": ""NO_CONCLUSION""}, {""value"": 100000000.0, ""strategy_id"": ""S19"", ""mean_fill"": 0.9197272715476826, ""p_meet"": 0.0, ""mean_cost"": 29459428.684536606, ""mcse_cost"": 28885.369290458068, ""mean_shortage_days"": 82.60130750273824, ""mean_cost_per_unit"": 25.5667424436773, ""capacity_utilization"": 5771250.35, ""feasible"": false, ""n_runs"": 20, ""eligibility"": ""NO_CONCLUSION""}]",feasibility does not change between 15000000.0 and 100000000.0; no threshold inside the recorded range,,
S19,sodium_bicarbonate_8_4_50ml,batches_per_site_year,product.batches_per_site_year_nominal,30.0,45.0,70.0,False,True,54.375,feasible_above,"[{""value"": 30.0, ""strategy_id"": ""S19"", ""mean_fill"": 0.6381489999512859, ""p_meet"": 0.0, ""mean_cost"": 15533712.242482627, ""mcse_cost"": 16972.970551272603, ""mean_shortage_days"": 219.76008351588166, ""mean_cost_per_unit"": 19.486671615059322, ""capacity_utilization"": 3991519.3, ""feasible"": false, ""n_runs"": 20, ""eligibility"": ""NO_CONCLUSION""}, {""value"": 70.0, ""strategy_id"": ""S19"", ""mean_fill"": 1.0, ""p_meet"": 1.0, ""mean_cost"": 17327345.835329495, ""mcse_cost"": 23368.550506203428, ""mean_shortage_days"": 0.0, ""mean_cost_per_unit"": 13.785067451097698, ""capacity_utilization"": 6284911.2, ""feasible"": true, ""n_runs"": 20, ""eligibility"": ""NO_CONCLUSION""}, {""value"": 50.0, ""strategy_id"": ""S19"", ""mean_fill"": 0.9882724921397787, ""p_meet"": 0.75, ""mean_cost"": 16701572.890352318, ""mcse_cost"": 33034.76872326886, ""mean_shortage_days"": 13.931907174151146, ""mean_cost_per_unit"": 13.456834484433662, ""capacity_utilization"": 6208981.2, ""feasible"": false, ""n_runs"": 20, ""eligibility"": ""NO_CONCLUSION""}, {""value"": 60.0, ""strategy_id"": ""S19"", ""mean_fill"": 1.0, ""p_meet"": 1.0, ""mean_cost"": 17089028.206429455, ""mcse_cost"": 35413.807269168974, ""mean_shortage_days"": 0.0, ""mean_cost_per_unit"": 13.595426329020361, ""capacity_utilization"": 6284911.2, ""feasible"": true, ""n_runs"": 20, ""eligibility"": ""NO_CONCLUSION""}, {""value"": 55.0, ""strategy_id"": ""S19"", ""mean_fill"": 1.0, ""p_meet"": 1.0, ""mean_cost"": 17067754.725939948, ""mcse_cost"": 39730.977104313046, ""mean_shortage_days"": 0.050006845564074476, ""mean_cost_per_unit"": 13.578427196792088, ""capacity_utilization"": 6284911.2, ""feasible"": true, ""n_runs"": 20, ""eligibility"": ""NO_CONCLUSION""}, {""value"": 52.5, ""strategy_id"": ""S19"", ""mean_fill"": 0.9897191852132048, ""p_meet"": 0.75, ""mean_cost"": 16712795.255716309, ""mcse_cost"": 30636.534166989702, ""mean_shortage_days"": 13.021782584884994, ""mean_cost_per_unit"": 13.4436105261341, ""capacity_utilization"": 6218317.3, ""feasible"": false, ""n_runs"": 20, ""eligibility"": ""NO_CONCLUSION""}, {""value"": 53.75, ""strategy_id"": ""S19"", ""mean_fill"": 0.9903147903044879, ""p_meet"": 0.85, ""mean_cost"": 16713952.707270622, ""mcse_cost"": 30476.20374793578, ""mean_shortage_days"": 12.151663472070098, ""mean_cost_per_unit"": 13.435544320604127, ""capacity_utilization"": 6222360.2, ""feasible"": false, ""n_runs"": 20, ""eligibility"": ""NO_CONCLUSION""}]",bisection over 5 steps on 20 paired runs,53.75,55.0
S19,sodium_bicarbonate_8_4_50ml,changeover_burden,product.changeover_days,1.0,3.0,10.0,False,False,,infeasible_everywhere,"[{""value"": 1.0, ""strategy_id"": ""S19"", ""mean_fill"": 0.9207666937288541, ""p_meet"": 0.0, ""mean_cost"": 16389676.721190518, ""mcse_cost"": 29026.981502833856, ""mean_shortage_days"": 81.77119386637459, ""mean_cost_per_unit"": 14.20219955112363, ""capacity_utilization"": 5779240.55, ""feasible"": false, ""n_runs"": 20, ""eligibility"": ""NO_CONCLUSION""}, {""value"": 10.0, ""strategy_id"": ""S19"", ""mean_fill"": 0.6930520830925978, ""p_meet"": 0.0, ""mean_cost"": 15697166.665216079, ""mcse_cost"": 13960.193225376972, ""mean_shortage_days"": 200.78748630887185, ""mean_cost_per_unit"": 18.111158527822386, ""capacity_utilization"": 4336714.9, ""feasible"": false, ""n_runs"": 20, ""eligibility"": ""NO_CONCLUSION""}]",feasibility does not change between 1.0 and 10.0; no threshold inside the recorded range,,
