strategy_id,product_id,input_name,parameter_id,low,base,high,feasible_at_low,feasible_at_high,threshold,direction,evaluations,note,bracket_low,bracket_high
S0,norepinephrine_1mgml_4ml,capacity_utilization,product.annual_demand_units,500000.0,900000.0,1800000.0,True,False,1048437.5,feasible_below,"[{""value"": 500000.0, ""strategy_id"": ""S0"", ""mean_fill"": 0.9998898494698695, ""p_meet"": 1.0, ""mean_cost"": 11894462.734407796, ""mcse_cost"": 6174.544724327065, ""mean_shortage_days"": 1.2701738773274918, ""mean_cost_per_unit"": 22.71356797978654, ""capacity_utilization"": 2618428.7, ""feasible"": true, ""n_runs"": 20, ""eligibility"": ""NO_CONCLUSION""}, {""value"": 1800000.0, ""strategy_id"": ""S0"", ""mean_fill"": 0.6506008664692453, ""p_meet"": 0.0, ""mean_cost"": 13441562.974810675, ""mcse_cost"": 22501.365103002532, ""mean_shortage_days"": 213.86927710843375, ""mean_cost_per_unit"": 11.024999995639948, ""capacity_utilization"": 6103226.9, ""feasible"": false, ""n_runs"": 20, ""eligibility"": ""NO_CONCLUSION""}, {""value"": 1150000.0, ""strategy_id"": ""S0"", ""mean_fill"": 0.9680048009856581, ""p_meet"": 0.25, ""mean_cost"": 13233187.137163008, ""mcse_cost"": 26500.396758921685, ""mean_shortage_days"": 62.128504928806116, ""mean_cost_per_unit"": 11.37325220851057, ""capacity_utilization"": 5823654.25, ""feasible"": false, ""n_runs"": 20, ""eligibility"": ""NO_CONCLUSION""}, {""value"": 825000.0, ""strategy_id"": ""S0"", ""mean_fill"": 0.997388344346974, ""p_meet"": 0.95, ""mean_cost"": 12755332.404272964, ""mcse_cost"": 13305.1937338382, ""mean_shortage_days"": 6.070831051478642, ""mean_cost_per_unit"": 14.79958016400857, ""capacity_utilization"": 4309439.0, ""feasible"": true, ""n_runs"": 20, ""eligibility"": ""NO_CONCLUSION""}, {""value"": 987500.0, ""strategy_id"": ""S0"", ""mean_fill"": 0.9961244755351191, ""p_meet"": 0.9, ""mean_cost"": 13153900.944315905, ""mcse_cost"": 21202.078904087535, ""mean_shortage_days"": 7.290998083242057, ""mean_cost_per_unit"": 12.767194106361092, ""capacity_utilization"": 5151501.05, ""feasible"": true, ""n_runs"": 20, ""eligibility"": ""NO_CONCLUSION""}, {""value"": 1068750.0, ""strategy_id"": ""S0"", ""mean_fill"": 0.9893775062481149, ""p_meet"": 0.85, ""mean_cost"": 13220164.2005207, ""mcse_cost"": 27856.3533744723, ""mean_shortage_days"": 19.252635542168672, ""mean_cost_per_unit"": 11.942607692021658, ""capacity_utilization"": 5536786.25, ""feasible"": false, ""n_runs"": 20, ""eligibility"": ""NO_CONCLUSION""}, {""value"": 1028125.0, ""strategy_id"": ""S0"", ""mean_fill"": 0.9929415029735476, ""p_meet"": 0.9, ""mean_cost"": 13212425.2064619, ""mcse_cost"": 27649.443675904153, ""mean_shortage_days"": 11.531578587075574, ""mean_cost_per_unit"": 12.359639278350325, ""capacity_utilization"": 5346189.05, ""feasible"": true, ""n_runs"": 20, ""eligibility"": ""NO_CONCLUSION""}]",bisection over 5 steps on 20 paired runs,1028125.0,1068750.0
S0,norepinephrine_1mgml_4ml,fixed_qa_labor_per_node,product.fixed_qa_labor_usd_per_site_year,1500000.0,3000000.0,6000000.0,True,True,,feasible_everywhere,"[{""value"": 1500000.0, ""strategy_id"": ""S0"", ""mean_fill"": 0.9968866670974602, ""p_meet"": 0.95, ""mean_cost"": 11380211.143103102, ""mcse_cost"": 18516.667239313665, ""mean_shortage_days"": 6.23085295728368, ""mean_cost_per_unit"": 12.109942889966408, ""capacity_utilization"": 4698791.65, ""feasible"": true, ""n_runs"": 20, ""eligibility"": ""NO_CONCLUSION""}, {""value"": 6000000.0, ""strategy_id"": ""S0"", ""mean_fill"": 0.9968866670974602, ""p_meet"": 0.95, ""mean_cost"": 16059328.663408736, ""mcse_cost"": 18516.667239313614, ""mean_shortage_days"": 6.23085295728368, ""mean_cost_per_unit"": 17.08928326761478, ""capacity_utilization"": 4698791.65, ""feasible"": true, ""n_runs"": 20, ""eligibility"": ""NO_CONCLUSION""}]",feasibility does not change between 1500000.0 and 6000000.0; no threshold inside the recorded range,,
S0,norepinephrine_1mgml_4ml,release_time,global.sterility_incubation_days,14.0,14.0,18.0,True,True,,feasible_everywhere,"[{""value"": 14.0, ""strategy_id"": ""S0"", ""mean_fill"": 0.9968866670974602, ""p_meet"": 0.95, ""mean_cost"": 12939916.98320498, ""mcse_cost"": 18516.667239313614, ""mean_shortage_days"": 6.23085295728368, ""mean_cost_per_unit"": 13.769723015849195, ""capacity_utilization"": 4698791.65, ""feasible"": true, ""n_runs"": 20, ""eligibility"": ""NO_CONCLUSION""}, {""value"": 18.0, ""strategy_id"": ""S0"", ""mean_fill"": 0.9968847907247363, ""p_meet"": 0.9, ""mean_cost"": 12935544.26488899, ""mcse_cost"": 18424.418510591993, ""mean_shortage_days"": 7.361007667031761, ""mean_cost_per_unit"": 13.76522354911794, ""capacity_utilization"": 4698780.5, ""feasible"": true, ""n_runs"": 20, ""eligibility"": ""NO_CONCLUSION""}]",feasibility does not change between 14.0 and 18.0; no threshold inside the recorded range,,
S0,norepinephrine_1mgml_4ml,shelf_life,product.shelf_life_months,12.0,24.0,30.0,False,True,16.78125,feasible_above,"[{""value"": 12.0, ""strategy_id"": ""S0"", ""mean_fill"": 0.9866077319548026, ""p_meet"": 0.75, ""mean_cost"": 13015621.146272223, ""mcse_cost"": 23785.41260523207, ""mean_shortage_days"": 23.45321056955093, ""mean_cost_per_unit"": 13.999499857392053, ""capacity_utilization"": 4649673.6, ""feasible"": false, ""n_runs"": 20, ""eligibility"": ""NO_CONCLUSION""}, {""value"": 30.0, ""strategy_id"": ""S0"", ""mean_fill"": 0.9976119167949872, ""p_meet"": 0.95, ""mean_cost"": 12927157.062453834, ""mcse_cost"": 17196.63065566579, ""mean_shortage_days"": 4.940676341730557, ""mean_cost_per_unit"": 13.746102699576905, ""capacity_utilization"": 4702274.7, ""feasible"": true, ""n_runs"": 20, ""eligibility"": ""NO_CONCLUSION""}, {""value"": 21.0, ""strategy_id"": ""S0"", ""mean_fill"": 0.9967500028953996, ""p_meet"": 0.9, ""mean_cost"": 12945842.273166243, ""mcse_cost"": 19178.801293384167, ""mean_shortage_days"": 6.730921412924426, ""mean_cost_per_unit"": 13.778121619579029, ""capacity_utilization"": 4698137.5, ""feasible"": true, ""n_runs"": 20, ""eligibility"": ""NO_CONCLUSION""}, {""value"": 16.5, ""strategy_id"": ""S0"", ""mean_fill"": 0.9935507632417, ""p_meet"": 0.8, ""mean_cost"": 12981035.45155885, ""mcse_cost"": 21819.95555108779, ""mean_shortage_days"": 11.501574479737128, ""mean_cost_per_unit"": 13.861009201801497, ""capacity_utilization"": 4682816.0, ""feasible"": false, ""n_runs"": 20, ""eligibility"": ""NO_CONCLUSION""}, {""value"": 18.75, ""strategy_id"": ""S0"", ""mean_fill"": 0.9958082457170248, ""p_meet"": 0.9, ""mean_cost"": 12967401.202311378, ""mcse_cost"": 20620.235339637926, ""mean_shortage_days"": 8.21112404162103, ""mean_cost_per_unit"": 13.814699043568567, ""capacity_utilization"": 4693669.95, ""feasible"": true, ""n_runs"": 20, ""eligibility"": ""NO_CONCLUSION""}, {""value"": 17.625, ""strategy_id"": ""S0"", ""mean_fill"": 0.9948172608849072, ""p_meet"": 0.9, ""mean_cost"": 12971811.735397661, ""mcse_cost"": 20422.28775875563, ""mean_shortage_days"": 8.751197973713033, ""mean_cost_per_unit"": 13.833178061347194, ""capacity_utilization"": 4688862.85, ""feasible"": true, ""n_runs"": 20, ""eligibility"": ""NO_CONCLUSION""}, {""value"": 17.0625, ""strategy_id"": ""S0"", ""mean_fill"": 0.9942100422860157, ""p_meet"": 0.9, ""mean_cost"": 12981811.026487194, ""mcse_cost"": 21297.738284634903, ""mean_shortage_days"": 10.471433461117197, ""mean_cost_per_unit"": 13.852496233854902, ""capacity_utilization"": 4685984.15, ""feasible"": true, ""n_runs"": 20, ""eligibility"": ""NO_CONCLUSION""}]",bisection over 5 steps on 20 paired runs,16.5,17.0625
S0,norepinephrine_1mgml_4ml,raw_material_lead_time,product.material_lead_time_days,30.0,90.0,240.0,True,True,,feasible_everywhere,"[{""value"": 30.0, ""strategy_id"": ""S0"", ""mean_fill"": 0.998931249581409, ""p_meet"": 0.95, ""mean_cost"": 12981193.827457909, ""mcse_cost"": 12787.214683601094, ""mean_shortage_days"": 3.5904915115005474, ""mean_cost_per_unit"": 13.784845889907965, ""capacity_utilization"": 4708562.55, ""feasible"": true, ""n_runs"": 20, ""eligibility"": ""NO_CONCLUSION""}, {""value"": 240.0, ""strategy_id"": ""S0"", ""mean_fill"": 0.9964251603015105, ""p_meet"": 0.95, ""mean_cost"": 12919166.248867538, ""mcse_cost"": 18034.574902869397, ""mean_shortage_days"": 7.060966593647315, ""mean_cost_per_unit"": 13.754646277035377, ""capacity_utilization"": 4696613.2, ""feasible"": true, ""n_runs"": 20, ""eligibility"": ""NO_CONCLUSION""}]",feasibility does not change between 30.0 and 240.0; no threshold inside the recorded range,,
S0,norepinephrine_1mgml_4ml,common_cause_dependence,global.common_cause_events_per_year,0.02,0.1,0.3,True,False,0.173125,feasible_below,"[{""value"": 0.02, ""strategy_id"": ""S0"", ""mean_fill"": 0.99947125556109, ""p_meet"": 1.0, ""mean_cost"": 12971499.788452202, ""mcse_cost"": 9515.302149451052, ""mean_shortage_days"": 2.2403066812705363, ""mean_cost_per_unit"": 13.767250592113621, ""capacity_utilization"": 4711141.1, ""feasible"": true, ""n_runs"": 20, ""eligibility"": ""NO_CONCLUSION""}, {""value"": 0.3, ""strategy_id"": ""S0"", ""mean_fill"": 0.9853949938801909, ""p_meet"": 0.85, ""mean_cost"": 12865560.92945319, ""mcse_cost"": 32820.56466277121, ""mean_shortage_days"": 15.732153614457832, ""mean_cost_per_unit"": 13.868024310243669, ""capacity_utilization"": 4642697.1, ""feasible"": false, ""n_runs"": 20, ""eligibility"": ""NO_CONCLUSION""}, {""value"": 0.16, ""strategy_id"": ""S0"", ""mean_fill"": 0.9965324780928079, ""p_meet"": 0.9, ""mean_cost"": 12926793.3991868, ""mcse_cost"": 18216.69639058162, ""mean_shortage_days"": 7.120974808324204, ""mean_cost_per_unit"": 13.760482282632442, ""capacity_utilization"": 4697091.35, ""feasible"": true, ""n_runs"": 20, ""eligibility"": ""NO_CONCLUSION""}, {""value"": 0.22999999999999998, ""strategy_id"": ""S0"", ""mean_fill"": 0.985718939732009, ""p_meet"": 0.8, ""mean_cost"": 12873157.509664739, ""mcse_cost"": 31131.60070857615, ""mean_shortage_days"": 16.062198795180716, ""mean_cost_per_unit"": 13.864981380740456, ""capacity_utilization"": 4644831.7, ""feasible"": false, ""n_runs"": 20, ""eligibility"": ""NO_CONCLUSION""}, {""value"": 0.195, ""strategy_id"": ""S0"", ""mean_fill"": 0.9947497761819493, ""p_meet"": 0.8, ""mean_cost"": 12908704.113772757, ""mcse_cost"": 20737.51001830416, ""mean_shortage_days"": 9.771337623220152, ""mean_cost_per_unit"": 13.765557863936953, ""capacity_utilization"": 4688408.3, ""feasible"": false, ""n_runs"": 20, ""eligibility"": ""NO_CONCLUSION""}, {""value"": 0.1775, ""strategy_id"": ""S0"", ""mean_fill"": 0.9962020407355953, ""p_meet"": 0.85, ""mean_cost"": 12914193.82806623, ""mcse_cost"": 19288.654614127325, ""mean_shortage_days"": 7.731058324205913, ""mean_cost_per_unit"": 13.751628515552468, ""capacity_utilization"": 4695519.2, ""feasible"": false, ""n_runs"": 20, ""eligibility"": ""NO_CONCLUSION""}, {""value"": 0.16875, ""strategy_id"": ""S0"", ""mean_fill"": 0.9965001406052674, ""p_meet"": 0.9, ""mean_cost"": 12920606.170079846, ""mcse_cost"": 18433.03344013427, ""mean_shortage_days"": 7.1109734392113895, ""mean_cost_per_unit"": 13.754382743932876, ""capacity_utilization"": 4696937.8, ""feasible"": true, ""n_runs"": 20, ""eligibility"": ""NO_CONCLUSION""}]",bisection over 5 steps on 20 paired runs,0.16875,0.1775
S0,norepinephrine_1mgml_4ml,supplier_concentration,global.supplier_disruptions_per_supplier_year,0.05,0.2,0.6,True,True,,feasible_everywhere,"[{""value"": 0.05, ""strategy_id"": ""S0"", ""mean_fill"": 0.9971920866657797, ""p_meet"": 0.95, ""mean_cost"": 12960184.666699197, ""mcse_cost"": 17969.571108986373, ""mean_shortage_days"": 4.74064895947426, ""mean_cost_per_unit"": 13.786781192813077, ""capacity_utilization"": 4700286.4, ""feasible"": true, ""n_runs"": 20, ""eligibility"": ""NO_CONCLUSION""}, {""value"": 0.6, ""strategy_id"": ""S0"", ""mean_fill"": 0.9939846131495098, ""p_meet"": 0.9, ""mean_cost"": 12861966.574316876, ""mcse_cost"": 23647.422039415007, ""mean_shortage_days"": 11.011507393209202, ""mean_cost_per_unit"": 13.72736592658147, ""capacity_utilization"": 4685037.05, ""feasible"": true, ""n_runs"": 20, ""eligibility"": ""NO_CONCLUSION""}]",feasibility does not change between 0.05 and 0.6; no threshold inside the recorded range,,
S0,norepinephrine_1mgml_4ml,commissioning_days,global.node_commissioning_days,365.0,730.0,1095.0,True,True,,feasible_everywhere,"[{""value"": 365.0, ""strategy_id"": ""S0"", ""mean_fill"": 0.9968866670974602, ""p_meet"": 0.95, ""mean_cost"": 12939916.98320498, ""mcse_cost"": 18516.667239313614, ""mean_shortage_days"": 6.23085295728368, ""mean_cost_per_unit"": 13.769723015849195, ""capacity_utilization"": 4698791.65, ""feasible"": true, ""n_runs"": 20, ""eligibility"": ""NO_CONCLUSION""}, {""value"": 1095.0, ""strategy_id"": ""S0"", ""mean_fill"": 0.9968866670974602, ""p_meet"": 0.95, ""mean_cost"": 12939916.98320498, ""mcse_cost"": 18516.667239313614, ""mean_shortage_days"": 6.23085295728368, ""mean_cost_per_unit"": 13.769723015849195, ""capacity_utilization"": 4698791.65, ""feasible"": true, ""n_runs"": 20, ""eligibility"": ""NO_CONCLUSION""}]",feasibility does not change between 365.0 and 1095.0; no threshold inside the recorded range,,
S0,norepinephrine_1mgml_4ml,activation_latency_days,global.reserved_capacity_activation_days,7.0,21.0,60.0,True,True,,feasible_everywhere,"[{""value"": 7.0, ""strategy_id"": ""S0"", ""mean_fill"": 0.9968866670974602, ""p_meet"": 0.95, ""mean_cost"": 12939916.98320498, ""mcse_cost"": 18516.667239313614, ""mean_shortage_days"": 6.23085295728368, ""mean_cost_per_unit"": 13.769723015849195, ""capacity_utilization"": 4698791.65, ""feasible"": true, ""n_runs"": 20, ""eligibility"": ""NO_CONCLUSION""}, {""value"": 60.0, ""strategy_id"": ""S0"", ""mean_fill"": 0.9968866670974602, ""p_meet"": 0.95, ""mean_cost"": 12939916.98320498, ""mcse_cost"": 18516.667239313614, ""mean_shortage_days"": 6.23085295728368, ""mean_cost_per_unit"": 13.769723015849195, ""capacity_utilization"": 4698791.65, ""feasible"": true, ""n_runs"": 20, ""eligibility"": ""NO_CONCLUSION""}]",feasibility does not change between 7.0 and 60.0; no threshold inside the recorded range,,
S0,norepinephrine_1mgml_4ml,node_capital,product.capital_usd_per_site,15000000.0,40000000.0,100000000.0,True,True,,feasible_everywhere,"[{""value"": 15000000.0, ""strategy_id"": ""S0"", ""mean_fill"": 0.9968866670974602, ""p_meet"": 0.95, ""mean_cost"": 8750416.001386661, ""mcse_cost"": 18516.667239313614, ""mean_shortage_days"": 6.23085295728368, ""mean_cost_per_unit"": 9.311414091049459, ""capacity_utilization"": 4698791.65, ""feasible"": true, ""n_runs"": 20, ""eligibility"": ""NO_CONCLUSION""}, {""value"": 100000000.0, ""strategy_id"": ""S0"", ""mean_fill"": 0.9968866670974602, ""p_meet"": 0.95, ""mean_cost"": 22994719.339568257, ""mcse_cost"": 18516.667239313654, ""mean_shortage_days"": 6.23085295728368, ""mean_cost_per_unit"": 24.469664435367847, ""capacity_utilization"": 4698791.65, ""feasible"": true, ""n_runs"": 20, ""eligibility"": ""NO_CONCLUSION""}]",feasibility does not change between 15000000.0 and 100000000.0; no threshold inside the recorded range,,
S0,norepinephrine_1mgml_4ml,batches_per_site_year,product.batches_per_site_year_nominal,30.0,45.0,70.0,False,True,39.375,feasible_above,"[{""value"": 30.0, ""strategy_id"": ""S0"", ""mean_fill"": 0.822130029694826, ""p_meet"": 0.0, ""mean_cost"": 12301607.868059078, ""mcse_cost"": 15105.285822705002, ""mean_shortage_days"": 196.01683324205914, ""mean_cost_per_unit"": 15.933319946699365, ""capacity_utilization"": 3865928.5, ""feasible"": false, ""n_runs"": 20, ""eligibility"": ""NO_CONCLUSION""}, {""value"": 70.0, ""strategy_id"": ""S0"", ""mean_fill"": 0.9999208252787962, ""p_meet"": 1.0, ""mean_cost"": 13007037.247413788, ""mcse_cost"": 9533.667836749828, ""mean_shortage_days"": 1.3701875684556408, ""mean_cost_per_unit"": 13.798563883460076, ""capacity_utilization"": 4713313.45, ""feasible"": true, ""n_runs"": 20, ""eligibility"": ""NO_CONCLUSION""}, {""value"": 50.0, ""strategy_id"": ""S0"", ""mean_fill"": 0.999217341039828, ""p_meet"": 0.95, ""mean_cost"": 12964364.06470764, ""mcse_cost"": 14825.220304515471, ""mean_shortage_days"": 3.770516155531215, ""mean_cost_per_unit"": 13.763756572404793, ""capacity_utilization"": 4709719.65, ""feasible"": true, ""n_runs"": 20, ""eligibility"": ""NO_CONCLUSION""}, {""value"": 40.0, ""strategy_id"": ""S0"", ""mean_fill"": 0.9950992336947202, ""p_meet"": 0.9, ""mean_cost"": 12903778.385068815, ""mcse_cost"": 20970.362854482988, ""mean_shortage_days"": 8.831208926615554, ""mean_cost_per_unit"": 13.757575507053463, ""capacity_utilization"": 4690267.95, ""feasible"": true, ""n_runs"": 20, ""eligibility"": ""NO_CONCLUSION""}, {""value"": 35.0, ""strategy_id"": ""S0"", ""mean_fill"": 0.9456293171805591, ""p_meet"": 0.15, ""mean_cost"": 12564040.113267886, ""mcse_cost"": 18120.329288874553, ""mean_shortage_days"": 96.51321193866373, ""mean_cost_per_unit"": 14.131568637366916, ""capacity_utilization"": 4451208.4, ""feasible"": false, ""n_runs"": 20, ""eligibility"": ""NO_CONCLUSION""}, {""value"": 37.5, ""strategy_id"": ""S0"", ""mean_fill"": 0.985278573781718, ""p_meet"": 0.75, ""mean_cost"": 12726402.415696384, ""mcse_cost"": 23588.78589673486, ""mean_shortage_days"": 28.103847207009853, ""mean_cost_per_unit"": 13.717229832115976, ""capacity_utilization"": 4641522.7, ""feasible"": false, ""n_runs"": 20, ""eligibility"": ""NO_CONCLUSION""}, {""value"": 38.75, ""strategy_id"": ""S0"", ""mean_fill"": 0.9854275768138374, ""p_meet"": 0.75, ""mean_cost"": 12730579.500147775, ""mcse_cost"": 22853.537427326668, ""mean_shortage_days"": 27.123713033953997, ""mean_cost_per_unit"": 13.71669903077185, ""capacity_utilization"": 4643001.45, ""feasible"": false, ""n_runs"": 20, ""eligibility"": ""NO_CONCLUSION""}]",bisection over 5 steps on 20 paired runs,38.75,40.0
S0,norepinephrine_1mgml_4ml,changeover_burden,product.changeover_days,1.0,3.0,10.0,True,False,7.609375,feasible_below,"[{""value"": 1.0, ""strategy_id"": ""S0"", ""mean_fill"": 0.9970258762684274, ""p_meet"": 0.95, ""mean_cost"": 12931689.851132106, ""mcse_cost"": 18075.21373020815, ""mean_shortage_days"": 6.15084200438116, ""mean_cost_per_unit"": 13.759133905996924, ""capacity_utilization"": 4699484.1, ""feasible"": true, ""n_runs"": 20, ""eligibility"": ""NO_CONCLUSION""}, {""value"": 10.0, ""strategy_id"": ""S0"", ""mean_fill"": 0.8897832676368729, ""p_meet"": 0.0, ""mean_cost"": 12441039.036533974, ""mcse_cost"": 10859.063185355162, ""mean_shortage_days"": 155.30125958378966, ""mean_cost_per_unit"": 14.87605842919545, ""capacity_utilization"": 4184134.45, ""feasible"": false, ""n_runs"": 20, ""eligibility"": ""NO_CONCLUSION""}, {""value"": 5.5, ""strategy_id"": ""S0"", ""mean_fill"": 0.9964898343399483, ""p_meet"": 0.9, ""mean_cost"": 12930170.643912645, ""mcse_cost"": 17291.95657509573, ""mean_shortage_days"": 6.72092004381161, ""mean_cost_per_unit"": 13.764948379799472, ""capacity_utilization"": 4696900.65, ""feasible"": true, ""n_runs"": 20, ""eligibility"": ""NO_CONCLUSION""}, {""value"": 7.75, ""strategy_id"": ""S0"", ""mean_fill"": 0.988707765332362, ""p_meet"": 0.7, ""mean_cost"": 12741243.05833262, ""mcse_cost"": 19440.6406862412, ""mean_shortage_days"": 24.953415936473164, ""mean_cost_per_unit"": 13.68290445876112, ""capacity_utilization"": 4657225.65, ""feasible"": false, ""n_runs"": 20, ""eligibility"": ""NO_CONCLUSION""}, {""value"": 6.625, ""strategy_id"": ""S0"", ""mean_fill"": 0.9956034306170481, ""p_meet"": 0.9, ""mean_cost"": 12906865.50731041, ""mcse_cost"": 19871.52780433452, ""mean_shortage_days"": 8.62118017524644, ""mean_cost_per_unit"": 13.753278386841108, ""capacity_utilization"": 4692691.05, ""feasible"": true, ""n_runs"": 20, ""eligibility"": ""NO_CONCLUSION""}, {""value"": 7.1875, ""strategy_id"": ""S0"", ""mean_fill"": 0.9956034306170481, ""p_meet"": 0.9, ""mean_cost"": 12906865.50731041, ""mcse_cost"": 19871.52780433452, ""mean_shortage_days"": 8.62118017524644, ""mean_cost_per_unit"": 13.753278386841108, ""capacity_utilization"": 4692691.05, ""feasible"": true, ""n_runs"": 20, ""eligibility"": ""NO_CONCLUSION""}, {""value"": 7.46875, ""strategy_id"": ""S0"", ""mean_fill"": 0.9956034306170481, ""p_meet"": 0.9, ""mean_cost"": 12906865.50731041, ""mcse_cost"": 19871.52780433452, ""mean_shortage_days"": 8.62118017524644, ""mean_cost_per_unit"": 13.753278386841108, ""capacity_utilization"": 4692691.05, ""feasible"": true, ""n_runs"": 20, ""eligibility"": ""NO_CONCLUSION""}]",bisection over 5 steps on 20 paired runs,7.46875,7.75
S1,norepinephrine_1mgml_4ml,capacity_utilization,product.annual_demand_units,500000.0,900000.0,1800000.0,True,False,1048437.5,feasible_below,"[{""value"": 500000.0, ""strategy_id"": ""S1"", ""mean_fill"": 0.9998898494698695, ""p_meet"": 1.0, ""mean_cost"": 11894462.734407796, ""mcse_cost"": 6174.544724327065, ""mean_shortage_days"": 1.2701738773274918, ""mean_cost_per_unit"": 22.71356797978654, ""capacity_utilization"": 2618428.7, ""feasible"": true, ""n_runs"": 20, ""eligibility"": ""NO_CONCLUSION""}, {""value"": 1800000.0, ""strategy_id"": ""S1"", ""mean_fill"": 0.6506008664692453, ""p_meet"": 0.0, ""mean_cost"": 13441562.974810675, ""mcse_cost"": 22501.365103002532, ""mean_shortage_days"": 213.86927710843375, ""mean_cost_per_unit"": 11.024999995639948, ""capacity_utilization"": 6103226.9, ""feasible"": false, ""n_runs"": 20, ""eligibility"": ""NO_CONCLUSION""}, {""value"": 1150000.0, ""strategy_id"": ""S1"", ""mean_fill"": 0.9680048009856581, ""p_meet"": 0.25, ""mean_cost"": 13233187.137163008, ""mcse_cost"": 26500.396758921685, ""mean_shortage_days"": 62.128504928806116, ""mean_cost_per_unit"": 11.37325220851057, ""capacity_utilization"": 5823654.25, ""feasible"": false, ""n_runs"": 20, ""eligibility"": ""NO_CONCLUSION""}, {""value"": 825000.0, ""strategy_id"": ""S1"", ""mean_fill"": 0.997388344346974, ""p_meet"": 0.95, ""mean_cost"": 12755332.404272964, ""mcse_cost"": 13305.1937338382, ""mean_shortage_days"": 6.070831051478642, ""mean_cost_per_unit"": 14.79958016400857, ""capacity_utilization"": 4309439.0, ""feasible"": true, ""n_runs"": 20, ""eligibility"": ""NO_CONCLUSION""}, {""value"": 987500.0, ""strategy_id"": ""S1"", ""mean_fill"": 0.9961244755351191, ""p_meet"": 0.9, ""mean_cost"": 13153900.944315905, ""mcse_cost"": 21202.078904087535, ""mean_shortage_days"": 7.290998083242057, ""mean_cost_per_unit"": 12.767194106361092, ""capacity_utilization"": 5151501.05, ""feasible"": true, ""n_runs"": 20, ""eligibility"": ""NO_CONCLUSION""}, {""value"": 1068750.0, ""strategy_id"": ""S1"", ""mean_fill"": 0.9893775062481149, ""p_meet"": 0.85, ""mean_cost"": 13220164.2005207, ""mcse_cost"": 27856.3533744723, ""mean_shortage_days"": 19.252635542168672, ""mean_cost_per_unit"": 11.942607692021658, ""capacity_utilization"": 5536786.25, ""feasible"": false, ""n_runs"": 20, ""eligibility"": ""NO_CONCLUSION""}, {""value"": 1028125.0, ""strategy_id"": ""S1"", ""mean_fill"": 0.9929415029735476, ""p_meet"": 0.9, ""mean_cost"": 13212425.2064619, ""mcse_cost"": 27649.443675904153, ""mean_shortage_days"": 11.531578587075574, ""mean_cost_per_unit"": 12.359639278350325, ""capacity_utilization"": 5346189.05, ""feasible"": true, ""n_runs"": 20, ""eligibility"": ""NO_CONCLUSION""}]",bisection over 5 steps on 20 paired runs,1028125.0,1068750.0
S1,norepinephrine_1mgml_4ml,fixed_qa_labor_per_node,product.fixed_qa_labor_usd_per_site_year,1500000.0,3000000.0,6000000.0,True,True,,feasible_everywhere,"[{""value"": 1500000.0, ""strategy_id"": ""S1"", ""mean_fill"": 0.9968866670974602, ""p_meet"": 0.95, ""mean_cost"": 11380211.143103102, ""mcse_cost"": 18516.667239313665, ""mean_shortage_days"": 6.23085295728368, ""mean_cost_per_unit"": 12.109942889966408, ""capacity_utilization"": 4698791.65, ""feasible"": true, ""n_runs"": 20, ""eligibility"": ""NO_CONCLUSION""}, {""value"": 6000000.0, ""strategy_id"": ""S1"", ""mean_fill"": 0.9968866670974602, ""p_meet"": 0.95, ""mean_cost"": 16059328.663408736, ""mcse_cost"": 18516.667239313614, ""mean_shortage_days"": 6.23085295728368, ""mean_cost_per_unit"": 17.08928326761478, ""capacity_utilization"": 4698791.65, ""feasible"": true, ""n_runs"": 20, ""eligibility"": ""NO_CONCLUSION""}]",feasibility does not change between 1500000.0 and 6000000.0; no threshold inside the recorded range,,
S1,norepinephrine_1mgml_4ml,release_time,global.sterility_incubation_days,14.0,14.0,18.0,True,True,,feasible_everywhere,"[{""value"": 14.0, ""strategy_id"": ""S1"", ""mean_fill"": 0.9968866670974602, ""p_meet"": 0.95, ""mean_cost"": 12939916.98320498, ""mcse_cost"": 18516.667239313614, ""mean_shortage_days"": 6.23085295728368, ""mean_cost_per_unit"": 13.769723015849195, ""capacity_utilization"": 4698791.65, ""feasible"": true, ""n_runs"": 20, ""eligibility"": ""NO_CONCLUSION""}, {""value"": 18.0, ""strategy_id"": ""S1"", ""mean_fill"": 0.9968847907247363, ""p_meet"": 0.9, ""mean_cost"": 12935544.26488899, ""mcse_cost"": 18424.418510591993, ""mean_shortage_days"": 7.361007667031761, ""mean_cost_per_unit"": 13.76522354911794, ""capacity_utilization"": 4698780.5, ""feasible"": true, ""n_runs"": 20, ""eligibility"": ""NO_CONCLUSION""}]",feasibility does not change between 14.0 and 18.0; no threshold inside the recorded range,,
S1,norepinephrine_1mgml_4ml,shelf_life,product.shelf_life_months,12.0,24.0,30.0,False,True,16.78125,feasible_above,"[{""value"": 12.0, ""strategy_id"": ""S1"", ""mean_fill"": 0.9866077319548026, ""p_meet"": 0.75, ""mean_cost"": 13015621.146272223, ""mcse_cost"": 23785.41260523207, ""mean_shortage_days"": 23.45321056955093, ""mean_cost_per_unit"": 13.999499857392053, ""capacity_utilization"": 4649673.6, ""feasible"": false, ""n_runs"": 20, ""eligibility"": ""NO_CONCLUSION""}, {""value"": 30.0, ""strategy_id"": ""S1"", ""mean_fill"": 0.9976119167949872, ""p_meet"": 0.95, ""mean_cost"": 12927157.062453834, ""mcse_cost"": 17196.63065566579, ""mean_shortage_days"": 4.940676341730557, ""mean_cost_per_unit"": 13.746102699576905, ""capacity_utilization"": 4702274.7, ""feasible"": true, ""n_runs"": 20, ""eligibility"": ""NO_CONCLUSION""}, {""value"": 21.0, ""strategy_id"": ""S1"", ""mean_fill"": 0.9967500028953996, ""p_meet"": 0.9, ""mean_cost"": 12945842.273166243, ""mcse_cost"": 19178.801293384167, ""mean_shortage_days"": 6.730921412924426, ""mean_cost_per_unit"": 13.778121619579029, ""capacity_utilization"": 4698137.5, ""feasible"": true, ""n_runs"": 20, ""eligibility"": ""NO_CONCLUSION""}, {""value"": 16.5, ""strategy_id"": ""S1"", ""mean_fill"": 0.9935507632417, ""p_meet"": 0.8, ""mean_cost"": 12981035.45155885, ""mcse_cost"": 21819.95555108779, ""mean_shortage_days"": 11.501574479737128, ""mean_cost_per_unit"": 13.861009201801497, ""capacity_utilization"": 4682816.0, ""feasible"": false, ""n_runs"": 20, ""eligibility"": ""NO_CONCLUSION""}, {""value"": 18.75, ""strategy_id"": ""S1"", ""mean_fill"": 0.9958082457170248, ""p_meet"": 0.9, ""mean_cost"": 12967401.202311378, ""mcse_cost"": 20620.235339637926, ""mean_shortage_days"": 8.21112404162103, ""mean_cost_per_unit"": 13.814699043568567, ""capacity_utilization"": 4693669.95, ""feasible"": true, ""n_runs"": 20, ""eligibility"": ""NO_CONCLUSION""}, {""value"": 17.625, ""strategy_id"": ""S1"", ""mean_fill"": 0.9948172608849072, ""p_meet"": 0.9, ""mean_cost"": 12971811.735397661, ""mcse_cost"": 20422.28775875563, ""mean_shortage_days"": 8.751197973713033, ""mean_cost_per_unit"": 13.833178061347194, ""capacity_utilization"": 4688862.85, ""feasible"": true, ""n_runs"": 20, ""eligibility"": ""NO_CONCLUSION""}, {""value"": 17.0625, ""strategy_id"": ""S1"", ""mean_fill"": 0.9942100422860157, ""p_meet"": 0.9, ""mean_cost"": 12981811.026487194, ""mcse_cost"": 21297.738284634903, ""mean_shortage_days"": 10.471433461117197, ""mean_cost_per_unit"": 13.852496233854902, ""capacity_utilization"": 4685984.15, ""feasible"": true, ""n_runs"": 20, ""eligibility"": ""NO_CONCLUSION""}]",bisection over 5 steps on 20 paired runs,16.5,17.0625
S1,norepinephrine_1mgml_4ml,raw_material_lead_time,product.material_lead_time_days,30.0,90.0,240.0,True,True,,feasible_everywhere,"[{""value"": 30.0, ""strategy_id"": ""S1"", ""mean_fill"": 0.998931249581409, ""p_meet"": 0.95, ""mean_cost"": 12981193.827457909, ""mcse_cost"": 12787.214683601094, ""mean_shortage_days"": 3.5904915115005474, ""mean_cost_per_unit"": 13.784845889907965, ""capacity_utilization"": 4708562.55, ""feasible"": true, ""n_runs"": 20, ""eligibility"": ""NO_CONCLUSION""}, {""value"": 240.0, ""strategy_id"": ""S1"", ""mean_fill"": 0.9964251603015105, ""p_meet"": 0.95, ""mean_cost"": 12919166.248867538, ""mcse_cost"": 18034.574902869397, ""mean_shortage_days"": 7.060966593647315, ""mean_cost_per_unit"": 13.754646277035377, ""capacity_utilization"": 4696613.2, ""feasible"": true, ""n_runs"": 20, ""eligibility"": ""NO_CONCLUSION""}]",feasibility does not change between 30.0 and 240.0; no threshold inside the recorded range,,
S1,norepinephrine_1mgml_4ml,common_cause_dependence,global.common_cause_events_per_year,0.02,0.1,0.3,True,False,0.173125,feasible_below,"[{""value"": 0.02, ""strategy_id"": ""S1"", ""mean_fill"": 0.99947125556109, ""p_meet"": 1.0, ""mean_cost"": 12971499.788452202, ""mcse_cost"": 9515.302149451052, ""mean_shortage_days"": 2.2403066812705363, ""mean_cost_per_unit"": 13.767250592113621, ""capacity_utilization"": 4711141.1, ""feasible"": true, ""n_runs"": 20, ""eligibility"": ""NO_CONCLUSION""}, {""value"": 0.3, ""strategy_id"": ""S1"", ""mean_fill"": 0.9853949938801909, ""p_meet"": 0.85, ""mean_cost"": 12865560.92945319, ""mcse_cost"": 32820.56466277121, ""mean_shortage_days"": 15.732153614457832, ""mean_cost_per_unit"": 13.868024310243669, ""capacity_utilization"": 4642697.1, ""feasible"": false, ""n_runs"": 20, ""eligibility"": ""NO_CONCLUSION""}, {""value"": 0.16, ""strategy_id"": ""S1"", ""mean_fill"": 0.9965324780928079, ""p_meet"": 0.9, ""mean_cost"": 12926793.3991868, ""mcse_cost"": 18216.69639058162, ""mean_shortage_days"": 7.120974808324204, ""mean_cost_per_unit"": 13.760482282632442, ""capacity_utilization"": 4697091.35, ""feasible"": true, ""n_runs"": 20, ""eligibility"": ""NO_CONCLUSION""}, {""value"": 0.22999999999999998, ""strategy_id"": ""S1"", ""mean_fill"": 0.985718939732009, ""p_meet"": 0.8, ""mean_cost"": 12873157.509664739, ""mcse_cost"": 31131.60070857615, ""mean_shortage_days"": 16.062198795180716, ""mean_cost_per_unit"": 13.864981380740456, ""capacity_utilization"": 4644831.7, ""feasible"": false, ""n_runs"": 20, ""eligibility"": ""NO_CONCLUSION""}, {""value"": 0.195, ""strategy_id"": ""S1"", ""mean_fill"": 0.9947497761819493, ""p_meet"": 0.8, ""mean_cost"": 12908704.113772757, ""mcse_cost"": 20737.51001830416, ""mean_shortage_days"": 9.771337623220152, ""mean_cost_per_unit"": 13.765557863936953, ""capacity_utilization"": 4688408.3, ""feasible"": false, ""n_runs"": 20, ""eligibility"": ""NO_CONCLUSION""}, {""value"": 0.1775, ""strategy_id"": ""S1"", ""mean_fill"": 0.9962020407355953, ""p_meet"": 0.85, ""mean_cost"": 12914193.82806623, ""mcse_cost"": 19288.654614127325, ""mean_shortage_days"": 7.731058324205913, ""mean_cost_per_unit"": 13.751628515552468, ""capacity_utilization"": 4695519.2, ""feasible"": false, ""n_runs"": 20, ""eligibility"": ""NO_CONCLUSION""}, {""value"": 0.16875, ""strategy_id"": ""S1"", ""mean_fill"": 0.9965001406052674, ""p_meet"": 0.9, ""mean_cost"": 12920606.170079846, ""mcse_cost"": 18433.03344013427, ""mean_shortage_days"": 7.1109734392113895, ""mean_cost_per_unit"": 13.754382743932876, ""capacity_utilization"": 4696937.8, ""feasible"": true, ""n_runs"": 20, ""eligibility"": ""NO_CONCLUSION""}]",bisection over 5 steps on 20 paired runs,0.16875,0.1775
S1,norepinephrine_1mgml_4ml,supplier_concentration,global.supplier_disruptions_per_supplier_year,0.05,0.2,0.6,True,True,,feasible_everywhere,"[{""value"": 0.05, ""strategy_id"": ""S1"", ""mean_fill"": 0.9971920866657797, ""p_meet"": 0.95, ""mean_cost"": 12960184.666699197, ""mcse_cost"": 17969.571108986373, ""mean_shortage_days"": 4.74064895947426, ""mean_cost_per_unit"": 13.786781192813077, ""capacity_utilization"": 4700286.4, ""feasible"": true, ""n_runs"": 20, ""eligibility"": ""NO_CONCLUSION""}, {""value"": 0.6, ""strategy_id"": ""S1"", ""mean_fill"": 0.9939846131495098, ""p_meet"": 0.9, ""mean_cost"": 12861966.574316876, ""mcse_cost"": 23647.422039415007, ""mean_shortage_days"": 11.011507393209202, ""mean_cost_per_unit"": 13.72736592658147, ""capacity_utilization"": 4685037.05, ""feasible"": true, ""n_runs"": 20, ""eligibility"": ""NO_CONCLUSION""}]",feasibility does not change between 0.05 and 0.6; no threshold inside the recorded range,,
S1,norepinephrine_1mgml_4ml,commissioning_days,global.node_commissioning_days,365.0,730.0,1095.0,True,True,,feasible_everywhere,"[{""value"": 365.0, ""strategy_id"": ""S1"", ""mean_fill"": 0.9968866670974602, ""p_meet"": 0.95, ""mean_cost"": 12939916.98320498, ""mcse_cost"": 18516.667239313614, ""mean_shortage_days"": 6.23085295728368, ""mean_cost_per_unit"": 13.769723015849195, ""capacity_utilization"": 4698791.65, ""feasible"": true, ""n_runs"": 20, ""eligibility"": ""NO_CONCLUSION""}, {""value"": 1095.0, ""strategy_id"": ""S1"", ""mean_fill"": 0.9968866670974602, ""p_meet"": 0.95, ""mean_cost"": 12939916.98320498, ""mcse_cost"": 18516.667239313614, ""mean_shortage_days"": 6.23085295728368, ""mean_cost_per_unit"": 13.769723015849195, ""capacity_utilization"": 4698791.65, ""feasible"": true, ""n_runs"": 20, ""eligibility"": ""NO_CONCLUSION""}]",feasibility does not change between 365.0 and 1095.0; no threshold inside the recorded range,,
S1,norepinephrine_1mgml_4ml,activation_latency_days,global.reserved_capacity_activation_days,7.0,21.0,60.0,True,True,,feasible_everywhere,"[{""value"": 7.0, ""strategy_id"": ""S1"", ""mean_fill"": 0.9968866670974602, ""p_meet"": 0.95, ""mean_cost"": 12939916.98320498, ""mcse_cost"": 18516.667239313614, ""mean_shortage_days"": 6.23085295728368, ""mean_cost_per_unit"": 13.769723015849195, ""capacity_utilization"": 4698791.65, ""feasible"": true, ""n_runs"": 20, ""eligibility"": ""NO_CONCLUSION""}, {""value"": 60.0, ""strategy_id"": ""S1"", ""mean_fill"": 0.9968866670974602, ""p_meet"": 0.95, ""mean_cost"": 12939916.98320498, ""mcse_cost"": 18516.667239313614, ""mean_shortage_days"": 6.23085295728368, ""mean_cost_per_unit"": 13.769723015849195, ""capacity_utilization"": 4698791.65, ""feasible"": true, ""n_runs"": 20, ""eligibility"": ""NO_CONCLUSION""}]",feasibility does not change between 7.0 and 60.0; no threshold inside the recorded range,,
S1,norepinephrine_1mgml_4ml,node_capital,product.capital_usd_per_site,15000000.0,40000000.0,100000000.0,True,True,,feasible_everywhere,"[{""value"": 15000000.0, ""strategy_id"": ""S1"", ""mean_fill"": 0.9968866670974602, ""p_meet"": 0.95, ""mean_cost"": 8750416.001386661, ""mcse_cost"": 18516.667239313614, ""mean_shortage_days"": 6.23085295728368, ""mean_cost_per_unit"": 9.311414091049459, ""capacity_utilization"": 4698791.65, ""feasible"": true, ""n_runs"": 20, ""eligibility"": ""NO_CONCLUSION""}, {""value"": 100000000.0, ""strategy_id"": ""S1"", ""mean_fill"": 0.9968866670974602, ""p_meet"": 0.95, ""mean_cost"": 22994719.339568257, ""mcse_cost"": 18516.667239313654, ""mean_shortage_days"": 6.23085295728368, ""mean_cost_per_unit"": 24.469664435367847, ""capacity_utilization"": 4698791.65, ""feasible"": true, ""n_runs"": 20, ""eligibility"": ""NO_CONCLUSION""}]",feasibility does not change between 15000000.0 and 100000000.0; no threshold inside the recorded range,,
S1,norepinephrine_1mgml_4ml,batches_per_site_year,product.batches_per_site_year_nominal,30.0,45.0,70.0,False,True,39.375,feasible_above,"[{""value"": 30.0, ""strategy_id"": ""S1"", ""mean_fill"": 0.822130029694826, ""p_meet"": 0.0, ""mean_cost"": 12301607.868059078, ""mcse_cost"": 15105.285822705002, ""mean_shortage_days"": 196.01683324205914, ""mean_cost_per_unit"": 15.933319946699365, ""capacity_utilization"": 3865928.5, ""feasible"": false, ""n_runs"": 20, ""eligibility"": ""NO_CONCLUSION""}, {""value"": 70.0, ""strategy_id"": ""S1"", ""mean_fill"": 0.9999208252787962, ""p_meet"": 1.0, ""mean_cost"": 13007037.247413788, ""mcse_cost"": 9533.667836749828, ""mean_shortage_days"": 1.3701875684556408, ""mean_cost_per_unit"": 13.798563883460076, ""capacity_utilization"": 4713313.45, ""feasible"": true, ""n_runs"": 20, ""eligibility"": ""NO_CONCLUSION""}, {""value"": 50.0, ""strategy_id"": ""S1"", ""mean_fill"": 0.999217341039828, ""p_meet"": 0.95, ""mean_cost"": 12964364.06470764, ""mcse_cost"": 14825.220304515471, ""mean_shortage_days"": 3.770516155531215, ""mean_cost_per_unit"": 13.763756572404793, ""capacity_utilization"": 4709719.65, ""feasible"": true, ""n_runs"": 20, ""eligibility"": ""NO_CONCLUSION""}, {""value"": 40.0, ""strategy_id"": ""S1"", ""mean_fill"": 0.9950992336947202, ""p_meet"": 0.9, ""mean_cost"": 12903778.385068815, ""mcse_cost"": 20970.362854482988, ""mean_shortage_days"": 8.831208926615554, ""mean_cost_per_unit"": 13.757575507053463, ""capacity_utilization"": 4690267.95, ""feasible"": true, ""n_runs"": 20, ""eligibility"": ""NO_CONCLUSION""}, {""value"": 35.0, ""strategy_id"": ""S1"", ""mean_fill"": 0.9456293171805591, ""p_meet"": 0.15, ""mean_cost"": 12564040.113267886, ""mcse_cost"": 18120.329288874553, ""mean_shortage_days"": 96.51321193866373, ""mean_cost_per_unit"": 14.131568637366916, ""capacity_utilization"": 4451208.4, ""feasible"": false, ""n_runs"": 20, ""eligibility"": ""NO_CONCLUSION""}, {""value"": 37.5, ""strategy_id"": ""S1"", ""mean_fill"": 0.985278573781718, ""p_meet"": 0.75, ""mean_cost"": 12726402.415696384, ""mcse_cost"": 23588.78589673486, ""mean_shortage_days"": 28.103847207009853, ""mean_cost_per_unit"": 13.717229832115976, ""capacity_utilization"": 4641522.7, ""feasible"": false, ""n_runs"": 20, ""eligibility"": ""NO_CONCLUSION""}, {""value"": 38.75, ""strategy_id"": ""S1"", ""mean_fill"": 0.9854275768138374, ""p_meet"": 0.75, ""mean_cost"": 12730579.500147775, ""mcse_cost"": 22853.537427326668, ""mean_shortage_days"": 27.123713033953997, ""mean_cost_per_unit"": 13.71669903077185, ""capacity_utilization"": 4643001.45, ""feasible"": false, ""n_runs"": 20, ""eligibility"": ""NO_CONCLUSION""}]",bisection over 5 steps on 20 paired runs,38.75,40.0
S1,norepinephrine_1mgml_4ml,changeover_burden,product.changeover_days,1.0,3.0,10.0,True,False,7.609375,feasible_below,"[{""value"": 1.0, ""strategy_id"": ""S1"", ""mean_fill"": 0.9970258762684274, ""p_meet"": 0.95, ""mean_cost"": 12931689.851132106, ""mcse_cost"": 18075.21373020815, ""mean_shortage_days"": 6.15084200438116, ""mean_cost_per_unit"": 13.759133905996924, ""capacity_utilization"": 4699484.1, ""feasible"": true, ""n_runs"": 20, ""eligibility"": ""NO_CONCLUSION""}, {""value"": 10.0, ""strategy_id"": ""S1"", ""mean_fill"": 0.8897832676368729, ""p_meet"": 0.0, ""mean_cost"": 12441039.036533974, ""mcse_cost"": 10859.063185355162, ""mean_shortage_days"": 155.30125958378966, ""mean_cost_per_unit"": 14.87605842919545, ""capacity_utilization"": 4184134.45, ""feasible"": false, ""n_runs"": 20, ""eligibility"": ""NO_CONCLUSION""}, {""value"": 5.5, ""strategy_id"": ""S1"", ""mean_fill"": 0.9964898343399483, ""p_meet"": 0.9, ""mean_cost"": 12930170.643912645, ""mcse_cost"": 17291.95657509573, ""mean_shortage_days"": 6.72092004381161, ""mean_cost_per_unit"": 13.764948379799472, ""capacity_utilization"": 4696900.65, ""feasible"": true, ""n_runs"": 20, ""eligibility"": ""NO_CONCLUSION""}, {""value"": 7.75, ""strategy_id"": ""S1"", ""mean_fill"": 0.988707765332362, ""p_meet"": 0.7, ""mean_cost"": 12741243.05833262, ""mcse_cost"": 19440.6406862412, ""mean_shortage_days"": 24.953415936473164, ""mean_cost_per_unit"": 13.68290445876112, ""capacity_utilization"": 4657225.65, ""feasible"": false, ""n_runs"": 20, ""eligibility"": ""NO_CONCLUSION""}, {""value"": 6.625, ""strategy_id"": ""S1"", ""mean_fill"": 0.9956034306170481, ""p_meet"": 0.9, ""mean_cost"": 12906865.50731041, ""mcse_cost"": 19871.52780433452, ""mean_shortage_days"": 8.62118017524644, ""mean_cost_per_unit"": 13.753278386841108, ""capacity_utilization"": 4692691.05, ""feasible"": true, ""n_runs"": 20, ""eligibility"": ""NO_CONCLUSION""}, {""value"": 7.1875, ""strategy_id"": ""S1"", ""mean_fill"": 0.9956034306170481, ""p_meet"": 0.9, ""mean_cost"": 12906865.50731041, ""mcse_cost"": 19871.52780433452, ""mean_shortage_days"": 8.62118017524644, ""mean_cost_per_unit"": 13.753278386841108, ""capacity_utilization"": 4692691.05, ""feasible"": true, ""n_runs"": 20, ""eligibility"": ""NO_CONCLUSION""}, {""value"": 7.46875, ""strategy_id"": ""S1"", ""mean_fill"": 0.9956034306170481, ""p_meet"": 0.9, ""mean_cost"": 12906865.50731041, ""mcse_cost"": 19871.52780433452, ""mean_shortage_days"": 8.62118017524644, ""mean_cost_per_unit"": 13.753278386841108, ""capacity_utilization"": 4692691.05, ""feasible"": true, ""n_runs"": 20, ""eligibility"": ""NO_CONCLUSION""}]",bisection over 5 steps on 20 paired runs,7.46875,7.75
S2,norepinephrine_1mgml_4ml,capacity_utilization,product.annual_demand_units,500000.0,900000.0,1800000.0,True,False,967187.5,feasible_below,"[{""value"": 500000.0, ""strategy_id"": ""S2"", ""mean_fill"": 1.0, ""p_meet"": 1.0, ""mean_cost"": 17140142.761561755, ""mcse_cost"": 7925.062841474074, ""mean_shortage_days"": 0.0, ""mean_cost_per_unit"": 32.727541394666495, ""capacity_utilization"": 2618716.6, ""feasible"": true, ""n_runs"": 20, ""eligibility"": ""NO_CONCLUSION""}, {""value"": 1800000.0, ""strategy_id"": ""S2"", ""mean_fill"": 0.6537045724418682, ""p_meet"": 0.0, ""mean_cost"": 18553177.597082827, ""mcse_cost"": 26171.901601742466, ""mean_shortage_days"": 253.9247604052574, ""mean_cost_per_unit"": 15.152682276348589, ""capacity_utilization"": 6132295.95, ""feasible"": false, ""n_runs"": 20, ""eligibility"": ""NO_CONCLUSION""}, {""value"": 1150000.0, ""strategy_id"": ""S2"", ""mean_fill"": 0.9650422930833052, ""p_meet"": 0.4, ""mean_cost"": 18198258.53450706, ""mcse_cost"": 22199.507501650733, ""mean_shortage_days"": 38.57528066812705, ""mean_cost_per_unit"": 15.672477111752404, ""capacity_utilization"": 5811268.9, ""feasible"": false, ""n_runs"": 20, ""eligibility"": ""NO_CONCLUSION""}, {""value"": 825000.0, ""strategy_id"": ""S2"", ""mean_fill"": 0.9999260876528222, ""p_meet"": 1.0, ""mean_cost"": 17852794.745618347, ""mcse_cost"": 6093.1700695914615, ""mean_shortage_days"": 0.32004381161007667, ""mean_cost_per_unit"": 20.660909502632038, ""capacity_utilization"": 4320557.05, ""feasible"": true, ""n_runs"": 20, ""eligibility"": ""NO_CONCLUSION""}, {""value"": 987500.0, ""strategy_id"": ""S2"", ""mean_fill"": 0.9953360849809647, ""p_meet"": 0.85, ""mean_cost"": 18177975.330824867, ""mcse_cost"": 25430.00361176763, ""mean_shortage_days"": 5.0306886637458925, ""mean_cost_per_unit"": 17.65819734172236, ""capacity_utilization"": 5147634.3, ""feasible"": false, ""n_runs"": 20, ""eligibility"": ""NO_CONCLUSION""}, {""value"": 906250.0, ""strategy_id"": ""S2"", ""mean_fill"": 0.9978171120314758, ""p_meet"": 0.95, ""mean_cost"": 18047123.12144559, ""mcse_cost"": 12949.52979979515, ""mean_shortage_days"": 2.6203587075575028, ""mean_cost_per_unit"": 19.053995196359544, ""capacity_utilization"": 4735954.25, ""feasible"": true, ""n_runs"": 20, ""eligibility"": ""NO_CONCLUSION""}, {""value"": 946875.0, ""strategy_id"": ""S2"", ""mean_fill"": 0.9957901625381302, ""p_meet"": 0.9, ""mean_cost"": 18114520.741792016, ""mcse_cost"": 20822.12258958065, ""mean_shortage_days"": 4.910672234392113, ""mean_cost_per_unit"": 18.342947148757087, ""capacity_utilization"": 4938119.15, ""feasible"": true, ""n_runs"": 20, ""eligibility"": ""NO_CONCLUSION""}]",bisection over 5 steps on 20 paired runs,946875.0,987500.0
S2,norepinephrine_1mgml_4ml,fixed_qa_labor_per_node,product.fixed_qa_labor_usd_per_site_year,1500000.0,3000000.0,6000000.0,True,True,,feasible_everywhere,"[{""value"": 1500000.0, ""strategy_id"": ""S2"", ""mean_fill"": 0.9980792132269782, ""p_meet"": 0.95, ""mean_cost"": 16123081.539523762, ""mcse_cost"": 11998.656268262086, ""mean_shortage_days"": 2.470338170865279, ""mean_cost_per_unit"": 17.136191930271075, ""capacity_utilization"": 4704537.05, ""feasible"": true, ""n_runs"": 20, ""eligibility"": ""NO_CONCLUSION""}, {""value"": 6000000.0, ""strategy_id"": ""S2"", ""mean_fill"": 0.9980792132269782, ""p_meet"": 0.95, ""mean_cost"": 21855260.565817792, ""mcse_cost"": 11998.65626826211, ""mean_shortage_days"": 2.470338170865279, ""mean_cost_per_unit"": 23.22864068241168, ""capacity_utilization"": 4704537.05, ""feasible"": true, ""n_runs"": 20, ""eligibility"": ""NO_CONCLUSION""}]",feasibility does not change between 1500000.0 and 6000000.0; no threshold inside the recorded range,,
S2,norepinephrine_1mgml_4ml,release_time,global.sterility_incubation_days,14.0,14.0,18.0,True,True,,feasible_everywhere,"[{""value"": 14.0, ""strategy_id"": ""S2"", ""mean_fill"": 0.9980792132269782, ""p_meet"": 0.95, ""mean_cost"": 18033807.88162177, ""mcse_cost"": 11998.656268262079, ""mean_shortage_days"": 2.470338170865279, ""mean_cost_per_unit"": 19.16700818098461, ""capacity_utilization"": 4704537.05, ""feasible"": true, ""n_runs"": 20, ""eligibility"": ""NO_CONCLUSION""}, {""value"": 18.0, ""strategy_id"": ""S2"", ""mean_fill"": 0.997758335381676, ""p_meet"": 0.95, ""mean_cost"": 18031318.737932287, ""mcse_cost"": 12310.775640022988, ""mean_shortage_days"": 2.510343647316539, ""mean_cost_per_unit"": 19.170613412392086, ""capacity_utilization"": 4703020.5, ""feasible"": true, ""n_runs"": 20, ""eligibility"": ""NO_CONCLUSION""}]",feasibility does not change between 14.0 and 18.0; no threshold inside the recorded range,,
S2,norepinephrine_1mgml_4ml,shelf_life,product.shelf_life_months,12.0,24.0,30.0,True,True,,feasible_everywhere,"[{""value"": 12.0, ""strategy_id"": ""S2"", ""mean_fill"": 0.9973647932908255, ""p_meet"": 0.9, ""mean_cost"": 18088426.151392803, ""mcse_cost"": 17972.68519530315, ""mean_shortage_days"": 2.910398411829134, ""mean_cost_per_unit"": 19.23917795250672, ""capacity_utilization"": 4701151.8, ""feasible"": true, ""n_runs"": 20, ""eligibility"": ""NO_CONCLUSION""}, {""value"": 30.0, ""strategy_id"": ""S2"", ""mean_fill"": 0.9980792132269782, ""p_meet"": 0.95, ""mean_cost"": 18033807.88162177, ""mcse_cost"": 11998.656268262079, ""mean_shortage_days"": 2.470338170865279, ""mean_cost_per_unit"": 19.16700818098461, ""capacity_utilization"": 4704537.05, ""feasible"": true, ""n_runs"": 20, ""eligibility"": ""NO_CONCLUSION""}]",feasibility does not change between 12.0 and 30.0; no threshold inside the recorded range,,
S2,norepinephrine_1mgml_4ml,raw_material_lead_time,product.material_lead_time_days,30.0,90.0,240.0,True,False,105.46875,feasible_below,"[{""value"": 30.0, ""strategy_id"": ""S2"", ""mean_fill"": 0.9989735488915118, ""p_meet"": 0.95, ""mean_cost"": 18049893.380788967, ""mcse_cost"": 10256.949099732647, ""mean_shortage_days"": 1.0901492332968234, ""mean_cost_per_unit"": 19.166618922617097, ""capacity_utilization"": 4708774.05, ""feasible"": true, ""n_runs"": 20, ""eligibility"": ""NO_CONCLUSION""}, {""value"": 240.0, ""strategy_id"": ""S2"", ""mean_fill"": 0.9608592763231234, ""p_meet"": 0.1, ""mean_cost"": 17906224.028591726, ""mcse_cost"": 17966.55377457794, ""mean_shortage_days"": 34.774760405257396, ""mean_cost_per_unit"": 19.776333082093508, ""capacity_utilization"": 4528510.25, ""feasible"": false, ""n_runs"": 20, ""eligibility"": ""NO_CONCLUSION""}, {""value"": 135.0, ""strategy_id"": ""S2"", ""mean_fill"": 0.9935863488881258, ""p_meet"": 0.8, ""mean_cost"": 18005964.28894765, ""mcse_cost"": 16310.160580367437, ""mean_shortage_days"": 6.880941949616647, ""mean_cost_per_unit"": 19.22516606221533, ""capacity_utilization"": 4683162.2, ""feasible"": false, ""n_runs"": 20, ""eligibility"": ""NO_CONCLUSION""}, {""value"": 82.5, ""strategy_id"": ""S2"", ""mean_fill"": 0.9978447124747882, ""p_meet"": 0.95, ""mean_cost"": 18035956.440487966, ""mcse_cost"": 12267.226925249292, ""mean_shortage_days"": 2.5203450164293537, ""mean_cost_per_unit"": 19.173911651820767, ""capacity_utilization"": 4703414.1, ""feasible"": true, ""n_runs"": 20, ""eligibility"": ""NO_CONCLUSION""}, {""value"": 108.75, ""strategy_id"": ""S2"", ""mean_fill"": 0.9967752345385881, ""p_meet"": 0.85, ""mean_cost"": 18022111.772960357, ""mcse_cost"": 14506.793004852529, ""mean_shortage_days"": 3.750513417305586, ""mean_cost_per_unit"": 19.18017307234446, ""capacity_utilization"": 4698349.15, ""feasible"": false, ""n_runs"": 20, ""eligibility"": ""NO_CONCLUSION""}, {""value"": 95.625, ""strategy_id"": ""S2"", ""mean_fill"": 0.9970955070360462, ""p_meet"": 0.95, ""mean_cost"": 18029103.444365647, ""mcse_cost"": 12186.054869117695, ""mean_shortage_days"": 3.7305106790799565, ""mean_cost_per_unit"": 19.18175703531091, ""capacity_utilization"": 4699840.6, ""feasible"": true, ""n_runs"": 20, ""eligibility"": ""NO_CONCLUSION""}, {""value"": 102.1875, ""strategy_id"": ""S2"", ""mean_fill"": 0.9971234319181678, ""p_meet"": 0.9, ""mean_cost"": 18025564.688867245, ""mcse_cost"": 13510.493466477143, ""mean_shortage_days"": 3.560487404162103, ""mean_cost_per_unit"": 19.177308927034318, ""capacity_utilization"": 4699993.65, ""feasible"": true, ""n_runs"": 20, ""eligibility"": ""NO_CONCLUSION""}]",bisection over 5 steps on 20 paired runs,102.1875,108.75
S2,norepinephrine_1mgml_4ml,common_cause_dependence,global.common_cause_events_per_year,0.02,0.1,0.3,True,False,0.173125,feasible_below,"[{""value"": 0.02, ""strategy_id"": ""S2"", ""mean_fill"": 0.999694959590256, ""p_meet"": 1.0, ""mean_cost"": 18062670.797750555, ""mcse_cost"": 6517.7842757951075, ""mean_shortage_days"": 0.6200848849945235, ""mean_cost_per_unit"": 19.166294256764896, ""capacity_utilization"": 4712264.85, ""feasible"": true, ""n_runs"": 20, ""eligibility"": ""NO_CONCLUSION""}, {""value"": 0.3, ""strategy_id"": ""S2"", ""mean_fill"": 0.995539897742106, ""p_meet"": 0.85, ""mean_cost"": 17987872.679707576, ""mcse_cost"": 24219.600290982737, ""mean_shortage_days"": 4.410603778751369, ""mean_cost_per_unit"": 19.166959695189625, ""capacity_utilization"": 4692187.55, ""feasible"": false, ""n_runs"": 20, ""eligibility"": ""NO_CONCLUSION""}, {""value"": 0.16, ""strategy_id"": ""S2"", ""mean_fill"": 0.9975046023410101, ""p_meet"": 0.9, ""mean_cost"": 18025445.206715867, ""mcse_cost"": 9947.640542123185, ""mean_shortage_days"": 3.1704340087623217, ""mean_cost_per_unit"": 19.169376963333672, ""capacity_utilization"": 4701833.7, ""feasible"": true, ""n_runs"": 20, ""eligibility"": ""NO_CONCLUSION""}, {""value"": 0.22999999999999998, ""strategy_id"": ""S2"", ""mean_fill"": 0.9926166997834149, ""p_meet"": 0.75, ""mean_cost"": 17985276.9625829, ""mcse_cost"": 23368.354707905415, ""mean_shortage_days"": 7.120974808324206, ""mean_cost_per_unit"": 19.221428349199424, ""capacity_utilization"": 4678341.35, ""feasible"": false, ""n_runs"": 20, ""eligibility"": ""NO_CONCLUSION""}, {""value"": 0.195, ""strategy_id"": ""S2"", ""mean_fill"": 0.9949870510497882, ""p_meet"": 0.8, ""mean_cost"": 18013286.941177223, ""mcse_cost"": 12243.804501088773, ""mean_shortage_days"": 4.2805859802847745, ""mean_cost_per_unit"": 19.20531136219031, ""capacity_utilization"": 4689683.85, ""feasible"": false, ""n_runs"": 20, ""eligibility"": ""NO_CONCLUSION""}, {""value"": 0.1775, ""strategy_id"": ""S2"", ""mean_fill"": 0.9965323774244104, ""p_meet"": 0.85, ""mean_cost"": 18018808.59755612, ""mcse_cost"": 12052.241243939887, ""mean_shortage_days"": 3.35045865279299, ""mean_cost_per_unit"": 19.181793813039782, ""capacity_utilization"": 4697284.0, ""feasible"": false, ""n_runs"": 20, ""eligibility"": ""NO_CONCLUSION""}, {""value"": 0.16875, ""strategy_id"": ""S2"", ""mean_fill"": 0.997740157403296, ""p_meet"": 0.9, ""mean_cost"": 18024848.07186245, ""mcse_cost"": 9807.750587534585, ""mean_shortage_days"": 2.7103710295728365, ""mean_cost_per_unit"": 19.16424363608139, ""capacity_utilization"": 4702952.2, ""feasible"": true, ""n_runs"": 20, ""eligibility"": ""NO_CONCLUSION""}]",bisection over 5 steps on 20 paired runs,0.16875,0.1775
S2,norepinephrine_1mgml_4ml,supplier_concentration,global.supplier_disruptions_per_supplier_year,0.05,0.2,0.6,True,True,,feasible_everywhere,"[{""value"": 0.05, ""strategy_id"": ""S2"", ""mean_fill"": 0.9991720172939471, ""p_meet"": 0.95, ""mean_cost"": 18040095.862674408, ""mcse_cost"": 12222.057114560768, ""mean_shortage_days"": 1.510206736035049, ""mean_cost_per_unit"": 19.152383733476785, ""capacity_utilization"": 4709761.0, ""feasible"": true, ""n_runs"": 20, ""eligibility"": ""NO_CONCLUSION""}, {""value"": 0.6, ""strategy_id"": ""S2"", ""mean_fill"": 0.9981551494879579, ""p_meet"": 0.9, ""mean_cost"": 18006968.885915775, ""mcse_cost"": 19621.506984277778, ""mean_shortage_days"": 2.5203450164293537, ""mean_cost_per_unit"": 19.136744220143484, ""capacity_utilization"": 4704943.75, ""feasible"": true, ""n_runs"": 20, ""eligibility"": ""NO_CONCLUSION""}]",feasibility does not change between 0.05 and 0.6; no threshold inside the recorded range,,
S2,norepinephrine_1mgml_4ml,commissioning_days,global.node_commissioning_days,365.0,730.0,1095.0,True,True,,feasible_everywhere,"[{""value"": 365.0, ""strategy_id"": ""S2"", ""mean_fill"": 0.9980792132269782, ""p_meet"": 0.95, ""mean_cost"": 18033807.88162177, ""mcse_cost"": 11998.656268262079, ""mean_shortage_days"": 2.470338170865279, ""mean_cost_per_unit"": 19.16700818098461, ""capacity_utilization"": 4704537.05, ""feasible"": true, ""n_runs"": 20, ""eligibility"": ""NO_CONCLUSION""}, {""value"": 1095.0, ""strategy_id"": ""S2"", ""mean_fill"": 0.9980792132269782, ""p_meet"": 0.95, ""mean_cost"": 18033807.88162177, ""mcse_cost"": 11998.656268262079, ""mean_shortage_days"": 2.470338170865279, ""mean_cost_per_unit"": 19.16700818098461, ""capacity_utilization"": 4704537.05, ""feasible"": true, ""n_runs"": 20, ""eligibility"": ""NO_CONCLUSION""}]",feasibility does not change between 365.0 and 1095.0; no threshold inside the recorded range,,
S2,norepinephrine_1mgml_4ml,activation_latency_days,global.reserved_capacity_activation_days,7.0,21.0,60.0,True,True,,feasible_everywhere,"[{""value"": 7.0, ""strategy_id"": ""S2"", ""mean_fill"": 0.9980792132269782, ""p_meet"": 0.95, ""mean_cost"": 18033807.88162177, ""mcse_cost"": 11998.656268262079, ""mean_shortage_days"": 2.470338170865279, ""mean_cost_per_unit"": 19.16700818098461, ""capacity_utilization"": 4704537.05, ""feasible"": true, ""n_runs"": 20, ""eligibility"": ""NO_CONCLUSION""}, {""value"": 60.0, ""strategy_id"": ""S2"", ""mean_fill"": 0.9980792132269782, ""p_meet"": 0.95, ""mean_cost"": 18033807.88162177, ""mcse_cost"": 11998.656268262079, ""mean_shortage_days"": 2.470338170865279, ""mean_cost_per_unit"": 19.16700818098461, ""capacity_utilization"": 4704537.05, ""feasible"": true, ""n_runs"": 20, ""eligibility"": ""NO_CONCLUSION""}]",feasibility does not change between 7.0 and 60.0; no threshold inside the recorded range,,
S2,norepinephrine_1mgml_4ml,node_capital,product.capital_usd_per_site,15000000.0,40000000.0,100000000.0,True,True,,feasible_everywhere,"[{""value"": 15000000.0, ""strategy_id"": ""S2"", ""mean_fill"": 0.9980792132269782, ""p_meet"": 0.95, ""mean_cost"": 12044598.958062237, ""mcse_cost"": 11998.656268262055, ""mean_shortage_days"": 2.470338170865279, ""mean_cost_per_unit"": 12.801375100567629, ""capacity_utilization"": 4704537.05, ""feasible"": true, ""n_runs"": 20, ""eligibility"": ""NO_CONCLUSION""}, {""value"": 100000000.0, ""strategy_id"": ""S2"", ""mean_fill"": 0.9980792132269782, ""p_meet"": 0.95, ""mean_cost"": 32407909.298159897, ""mcse_cost"": 11998.65626826199, ""mean_shortage_days"": 2.470338170865279, ""mean_cost_per_unit"": 34.44452757398032, ""capacity_utilization"": 4704537.05, ""feasible"": true, ""n_runs"": 20, ""eligibility"": ""NO_CONCLUSION""}]",feasibility does not change between 15000000.0 and 100000000.0; no threshold inside the recorded range,,
S2,norepinephrine_1mgml_4ml,batches_per_site_year,product.batches_per_site_year_nominal,30.0,45.0,70.0,False,True,43.125,feasible_above,"[{""value"": 30.0, ""strategy_id"": ""S2"", ""mean_fill"": 0.8598498857457526, ""p_meet"": 0.0, ""mean_cost"": 17370475.691441264, ""mcse_cost"": 16677.187841233655, ""mean_shortage_days"": 177.57430859802847, ""mean_cost_per_unit"": 21.491780081007455, ""capacity_utilization"": 4048504.6, ""feasible"": false, ""n_runs"": 20, ""eligibility"": ""NO_CONCLUSION""}, {""value"": 70.0, ""strategy_id"": ""S2"", ""mean_fill"": 1.0, ""p_meet"": 1.0, ""mean_cost"": 18507231.57520505, ""mcse_cost"": 17183.939309044654, ""mean_shortage_days"": 0.0, ""mean_cost_per_unit"": 19.632326491537736, ""capacity_utilization"": 4713689.4, ""feasible"": true, ""n_runs"": 20, ""eligibility"": ""NO_CONCLUSION""}, {""value"": 50.0, ""strategy_id"": ""S2"", ""mean_fill"": 1.0, ""p_meet"": 1.0, ""mean_cost"": 18097467.142075468, ""mcse_cost"": 7424.598652104613, ""mean_shortage_days"": 0.15002053669222343, ""mean_cost_per_unit"": 19.197352335519696, ""capacity_utilization"": 4713689.4, ""feasible"": true, ""n_runs"": 20, ""eligibility"": ""NO_CONCLUSION""}, {""value"": 40.0, ""strategy_id"": ""S2"", ""mean_fill"": 0.9904550427550785, ""p_meet"": 0.7, ""mean_cost"": 17860198.434558176, ""mcse_cost"": 23289.213680699602, ""mean_shortage_days"": 9.451293811610077, ""mean_cost_per_unit"": 19.13216929085865, ""capacity_utilization"": 4668183.75, ""feasible"": false, ""n_runs"": 20, ""eligibility"": ""NO_CONCLUSION""}, {""value"": 45.0, ""strategy_id"": ""S2"", ""mean_fill"": 0.9980792132269782, ""p_meet"": 0.95, ""mean_cost"": 18033807.88162177, ""mcse_cost"": 11998.656268262079, ""mean_shortage_days"": 2.470338170865279, ""mean_cost_per_unit"": 19.16700818098461, ""capacity_utilization"": 4704537.05, ""feasible"": true, ""n_runs"": 20, ""eligibility"": ""NO_CONCLUSION""}, {""value"": 42.5, ""strategy_id"": ""S2"", ""mean_fill"": 0.9958465910026035, ""p_meet"": 0.85, ""mean_cost"": 17972279.21406594, ""mcse_cost"": 22139.93474504959, ""mean_shortage_days"": 3.9005339539978094, ""mean_cost_per_unit"": 19.14489395081979, ""capacity_utilization"": 4693890.3, ""feasible"": false, ""n_runs"": 20, ""eligibility"": ""NO_CONCLUSION""}, {""value"": 43.75, ""strategy_id"": ""S2"", ""mean_fill"": 0.9982207712500915, ""p_meet"": 0.95, ""mean_cost"": 18032128.959254358, ""mcse_cost"": 12466.032552397177, ""mean_shortage_days"": 1.8302505476451258, ""mean_cost_per_unit"": 19.162568363538355, ""capacity_utilization"": 4705179.25, ""feasible"": true, ""n_runs"": 20, ""eligibility"": ""NO_CONCLUSION""}]",bisection over 5 steps on 20 paired runs,42.5,43.75
S2,norepinephrine_1mgml_4ml,changeover_burden,product.changeover_days,1.0,3.0,10.0,True,True,,feasible_everywhere,"[{""value"": 1.0, ""strategy_id"": ""S2"", ""mean_fill"": 0.9982532341744298, ""p_meet"": 0.95, ""mean_cost"": 18034000.031796195, ""mcse_cost"": 11906.008280943053, ""mean_shortage_days"": 2.2103025739320916, ""mean_cost_per_unit"": 19.163816117002813, ""capacity_utilization"": 4705360.55, ""feasible"": true, ""n_runs"": 20, ""eligibility"": ""NO_CONCLUSION""}, {""value"": 10.0, ""strategy_id"": ""S2"", ""mean_fill"": 0.9974976342756607, ""p_meet"": 0.9, ""mean_cost"": 18028833.61954517, ""mcse_cost"": 12802.348515138303, ""mean_shortage_days"": 2.710371029572837, ""mean_cost_per_unit"": 19.173108167776615, ""capacity_utilization"": 4701783.8, ""feasible"": true, ""n_runs"": 20, ""eligibility"": ""NO_CONCLUSION""}]",feasibility does not change between 1.0 and 10.0; no threshold inside the recorded range,,
S3,norepinephrine_1mgml_4ml,capacity_utilization,product.annual_demand_units,500000.0,900000.0,1800000.0,True,False,1048437.5,feasible_below,"[{""value"": 500000.0, ""strategy_id"": ""S3"", ""mean_fill"": 1.0, ""p_meet"": 1.0, ""mean_cost"": 16404215.264944509, ""mcse_cost"": 5158.147503408832, ""mean_shortage_days"": 5.4607475355969335, ""mean_cost_per_unit"": 31.32218876746365, ""capacity_utilization"": 2618716.6, ""feasible"": true, ""n_runs"": 20, ""eligibility"": ""NO_CONCLUSION""}, {""value"": 1800000.0, ""strategy_id"": ""S3"", ""mean_fill"": 0.8983169169619633, ""p_meet"": 0.0, ""mean_cost"": 19215991.048286136, ""mcse_cost"": 26180.13312636948, ""mean_shortage_days"": 190.62609529025193, ""mean_cost_per_unit"": 11.369714438953029, ""capacity_utilization"": 8459365.2, ""feasible"": false, ""n_runs"": 20, ""eligibility"": ""NO_CONCLUSION""}, {""value"": 1150000.0, ""strategy_id"": ""S3"", ""mean_fill"": 0.9913843368390616, ""p_meet"": 0.7, ""mean_cost"": 18137577.490086056, ""mcse_cost"": 15130.488625795908, ""mean_shortage_days"": 15.522124863088715, ""mean_cost_per_unit"": 15.189473569059604, ""capacity_utilization"": 5970566.1, ""feasible"": false, ""n_runs"": 20, ""eligibility"": ""NO_CONCLUSION""}, {""value"": 825000.0, ""strategy_id"": ""S3"", ""mean_fill"": 0.9990173780144742, ""p_meet"": 0.95, ""mean_cost"": 17298057.062267177, ""mcse_cost"": 7635.037615349345, ""mean_shortage_days"": 6.760925520262869, ""mean_cost_per_unit"": 20.03706269689149, ""capacity_utilization"": 4316575.2, ""feasible"": true, ""n_runs"": 20, ""eligibility"": ""NO_CONCLUSION""}, {""value"": 987500.0, ""strategy_id"": ""S3"", ""mean_fill"": 0.9977475843231488, ""p_meet"": 0.9, ""mean_cost"": 17750493.66646954, ""mcse_cost"": 9959.662887870454, ""mean_shortage_days"": 8.381147316538883, ""mean_cost_per_unit"": 17.19974730663231, ""capacity_utilization"": 5160138.7, ""feasible"": true, ""n_runs"": 20, ""eligibility"": ""NO_CONCLUSION""}, {""value"": 1068750.0, ""strategy_id"": ""S3"", ""mean_fill"": 0.9950511366877219, ""p_meet"": 0.8, ""mean_cost"": 17933610.03573403, ""mcse_cost"": 14810.653724468406, ""mean_shortage_days"": 11.631592278203723, ""mean_cost_per_unit"": 16.099614528967543, ""capacity_utilization"": 5569354.9, ""feasible"": false, ""n_runs"": 20, ""eligibility"": ""NO_CONCLUSION""}, {""value"": 1028125.0, ""strategy_id"": ""S3"", ""mean_fill"": 0.9975361678922212, ""p_meet"": 0.9, ""mean_cost"": 17832471.48331582, ""mcse_cost"": 13039.914330635072, ""mean_shortage_days"": 9.101245892661554, ""mean_cost_per_unit"": 16.599981042297067, ""capacity_utilization"": 5371300.1, ""feasible"": true, ""n_runs"": 20, ""eligibility"": ""NO_CONCLUSION""}]",bisection over 5 steps on 20 paired runs,1028125.0,1068750.0
S3,norepinephrine_1mgml_4ml,fixed_qa_labor_per_node,product.fixed_qa_labor_usd_per_site_year,1500000.0,3000000.0,6000000.0,True,True,,feasible_everywhere,"[{""value"": 1500000.0, ""strategy_id"": ""S3"", ""mean_fill"": 0.9981504682492206, ""p_meet"": 0.95, ""mean_cost"": 14959674.091176933, ""mcse_cost"": 8890.680551331077, ""mean_shortage_days"": 8.221125410733844, ""mean_cost_per_unit"": 15.898187060900003, ""capacity_utilization"": 4704828.0, ""feasible"": true, ""n_runs"": 20, ""eligibility"": ""NO_CONCLUSION""}, {""value"": 6000000.0, ""strategy_id"": ""S3"", ""mean_fill"": 0.9981504682492206, ""p_meet"": 0.95, ""mean_cost"": 22580914.949699942, ""mcse_cost"": 8890.680551331, ""mean_shortage_days"": 8.221125410733844, ""mean_cost_per_unit"": 23.997736960790867, ""capacity_utilization"": 4704828.0, ""feasible"": true, ""n_runs"": 20, ""eligibility"": ""NO_CONCLUSION""}]",feasibility does not change between 1500000.0 and 6000000.0; no threshold inside the recorded range,,
S3,norepinephrine_1mgml_4ml,release_time,global.sterility_incubation_days,14.0,14.0,18.0,True,True,,feasible_everywhere,"[{""value"": 14.0, ""strategy_id"": ""S3"", ""mean_fill"": 0.9981504682492206, ""p_meet"": 0.95, ""mean_cost"": 17500087.710684605, ""mcse_cost"": 8890.680551331156, ""mean_shortage_days"": 8.221125410733844, ""mean_cost_per_unit"": 18.598037027530296, ""capacity_utilization"": 4704828.0, ""feasible"": true, ""n_runs"": 20, ""eligibility"": ""NO_CONCLUSION""}, {""value"": 18.0, ""strategy_id"": ""S3"", ""mean_fill"": 0.9979384409228779, ""p_meet"": 0.9, ""mean_cost"": 17496227.278369457, ""mcse_cost"": 9097.017286958311, ""mean_shortage_days"": 8.52116648411829, ""mean_cost_per_unit"": 18.597915502723232, ""capacity_utilization"": 4703815.3, ""feasible"": true, ""n_runs"": 20, ""eligibility"": ""NO_CONCLUSION""}]",feasibility does not change between 14.0 and 18.0; no threshold inside the recorded range,,
S3,norepinephrine_1mgml_4ml,shelf_life,product.shelf_life_months,12.0,24.0,30.0,True,True,,feasible_everywhere,"[{""value"": 12.0, ""strategy_id"": ""S3"", ""mean_fill"": 0.9981504682492206, ""p_meet"": 0.95, ""mean_cost"": 17500304.301846005, ""mcse_cost"": 9098.220006293468, ""mean_shortage_days"": 8.221125410733844, ""mean_cost_per_unit"": 18.59825248560781, ""capacity_utilization"": 4704828.0, ""feasible"": true, ""n_runs"": 20, ""eligibility"": ""NO_CONCLUSION""}, {""value"": 30.0, ""strategy_id"": ""S3"", ""mean_fill"": 0.9981504682492206, ""p_meet"": 0.95, ""mean_cost"": 17500171.480542433, ""mcse_cost"": 8893.726034480564, ""mean_shortage_days"": 8.221125410733844, ""mean_cost_per_unit"": 18.598125195222195, ""capacity_utilization"": 4704828.0, ""feasible"": true, ""n_runs"": 20, ""eligibility"": ""NO_CONCLUSION""}]",feasibility does not change between 12.0 and 30.0; no threshold inside the recorded range,,
S3,norepinephrine_1mgml_4ml,raw_material_lead_time,product.material_lead_time_days,30.0,90.0,240.0,True,False,125.15625,feasible_below,"[{""value"": 30.0, ""strategy_id"": ""S3"", ""mean_fill"": 1.0, ""p_meet"": 1.0, ""mean_cost"": 17511003.095967256, ""mcse_cost"": 8983.65810081791, ""mean_shortage_days"": 5.6907790251916754, ""mean_cost_per_unit"": 18.575079266090665, ""capacity_utilization"": 4713689.4, ""feasible"": true, ""n_runs"": 20, ""eligibility"": ""NO_CONCLUSION""}, {""value"": 240.0, ""strategy_id"": ""S3"", ""mean_fill"": 0.9934369447690342, ""p_meet"": 0.8, ""mean_cost"": 17414588.193262894, ""mcse_cost"": 8452.162811712184, ""mean_shortage_days"": 13.021782584884992, ""mean_cost_per_unit"": 18.596212122031464, ""capacity_utilization"": 4681984.65, ""feasible"": false, ""n_runs"": 20, ""eligibility"": ""NO_CONCLUSION""}, {""value"": 135.0, ""strategy_id"": ""S3"", ""mean_fill"": 0.9960086915351187, ""p_meet"": 0.85, ""mean_cost"": 17494447.486567628, ""mcse_cost"": 10628.802483872212, ""mean_shortage_days"": 9.451293811610075, ""mean_cost_per_unit"": 18.632235095131882, ""capacity_utilization"": 4694670.85, ""feasible"": false, ""n_runs"": 20, ""eligibility"": ""NO_CONCLUSION""}, {""value"": 82.5, ""strategy_id"": ""S3"", ""mean_fill"": 0.9992934175652433, ""p_meet"": 0.95, ""mean_cost"": 17512123.168382995, ""mcse_cost"": 8296.951837851222, ""mean_shortage_days"": 6.610904983570646, ""mean_cost_per_unit"": 18.58946875180095, ""capacity_utilization"": 4710305.8, ""feasible"": true, ""n_runs"": 20, ""eligibility"": ""NO_CONCLUSION""}, {""value"": 108.75, ""strategy_id"": ""S3"", ""mean_fill"": 0.9979779446753602, ""p_meet"": 0.9, ""mean_cost"": 17498856.884209383, ""mcse_cost"": 9314.315612984703, ""mean_shortage_days"": 8.831208926615552, ""mean_cost_per_unit"": 18.59831532541979, ""capacity_utilization"": 4704348.7, ""feasible"": true, ""n_runs"": 20, ""eligibility"": ""NO_CONCLUSION""}, {""value"": 121.875, ""strategy_id"": ""S3"", ""mean_fill"": 0.9967604633510186, ""p_meet"": 0.9, ""mean_cost"": 17485314.056982584, ""mcse_cost"": 10824.252791343537, ""mean_shortage_days"": 9.66132256297919, ""mean_cost_per_unit"": 18.606911496019485, ""capacity_utilization"": 4698606.15, ""feasible"": true, ""n_runs"": 20, ""eligibility"": ""NO_CONCLUSION""}, {""value"": 128.4375, ""strategy_id"": ""S3"", ""mean_fill"": 0.9964112122005592, ""p_meet"": 0.8, ""mean_cost"": 17499858.247055173, ""mcse_cost"": 10484.197599015479, ""mean_shortage_days"": 9.56130887185104, ""mean_cost_per_unit"": 18.629936308079618, ""capacity_utilization"": 4696532.7, ""feasible"": false, ""n_runs"": 20, ""eligibility"": ""NO_CONCLUSION""}]",bisection over 5 steps on 20 paired runs,121.875,128.4375
S3,norepinephrine_1mgml_4ml,common_cause_dependence,global.common_cause_events_per_year,0.02,0.1,0.3,True,False,0.155625,feasible_below,"[{""value"": 0.02, ""strategy_id"": ""S3"", ""mean_fill"": 0.999817893297276, ""p_meet"": 1.0, ""mean_cost"": 17513431.452991217, ""mcse_cost"": 7799.394467873458, ""mean_shortage_days"": 6.300862541073385, ""mean_cost_per_unit"": 18.581009592416518, ""capacity_utilization"": 4712795.9, ""feasible"": true, ""n_runs"": 20, ""eligibility"": ""NO_CONCLUSION""}, {""value"": 0.3, ""strategy_id"": ""S3"", ""mean_fill"": 0.9942436818172169, ""p_meet"": 0.8, ""mean_cost"": 17470657.926981293, ""mcse_cost"": 12095.602455756416, ""mean_shortage_days"": 10.201396495071194, ""mean_cost_per_unit"": 18.640359182942024, ""capacity_utilization"": 4686044.9, ""feasible"": false, ""n_runs"": 20, ""eligibility"": ""NO_CONCLUSION""}, {""value"": 0.16, ""strategy_id"": ""S3"", ""mean_fill"": 0.9956045513029814, ""p_meet"": 0.85, ""mean_cost"": 17493988.00491045, ""mcse_cost"": 8761.35935691252, ""mean_shortage_days"": 10.061377327491785, ""mean_cost_per_unit"": 18.639783343829883, ""capacity_utilization"": 4692749.2, ""feasible"": false, ""n_runs"": 20, ""eligibility"": ""NO_CONCLUSION""}, {""value"": 0.09, ""strategy_id"": ""S3"", ""mean_fill"": 0.9982198034811931, ""p_meet"": 0.95, ""mean_cost"": 17497959.77690315, ""mcse_cost"": 9991.005150950588, ""mean_shortage_days"": 7.941087075575027, ""mean_cost_per_unit"": 18.594422984890475, ""capacity_utilization"": 4705159.1, ""feasible"": true, ""n_runs"": 20, ""eligibility"": ""NO_CONCLUSION""}, {""value"": 0.125, ""strategy_id"": ""S3"", ""mean_fill"": 0.9970120366520261, ""p_meet"": 0.9, ""mean_cost"": 17500349.71422127, ""mcse_cost"": 8878.367271329713, ""mean_shortage_days"": 8.901218510405258, ""mean_cost_per_unit"": 18.619984735126906, ""capacity_utilization"": 4699477.55, ""feasible"": true, ""n_runs"": 20, ""eligibility"": ""NO_CONCLUSION""}, {""value"": 0.14250000000000002, ""strategy_id"": ""S3"", ""mean_fill"": 0.9970120366520261, ""p_meet"": 0.9, ""mean_cost"": 17502799.10842696, ""mcse_cost"": 8485.751564022816, ""mean_shortage_days"": 8.901218510405258, ""mean_cost_per_unit"": 18.622592757143554, ""capacity_utilization"": 4699477.55, ""feasible"": true, ""n_runs"": 20, ""eligibility"": ""NO_CONCLUSION""}, {""value"": 0.15125, ""strategy_id"": ""S3"", ""mean_fill"": 0.9970120366520261, ""p_meet"": 0.9, ""mean_cost"": 17503711.919106785, ""mcse_cost"": 8780.054551041145, ""mean_shortage_days"": 8.901218510405258, ""mean_cost_per_unit"": 18.623539449681477, ""capacity_utilization"": 4699477.55, ""feasible"": true, ""n_runs"": 20, ""eligibility"": ""NO_CONCLUSION""}]",bisection over 5 steps on 20 paired runs,0.15125,0.16
S3,norepinephrine_1mgml_4ml,supplier_concentration,global.supplier_disruptions_per_supplier_year,0.05,0.2,0.6,True,False,0.28203125,feasible_below,"[{""value"": 0.05, ""strategy_id"": ""S3"", ""mean_fill"": 0.9992714356015788, ""p_meet"": 0.95, ""mean_cost"": 17518089.683551386, ""mcse_cost"": 9639.850742831039, ""mean_shortage_days"": 6.090833789704272, ""mean_cost_per_unit"": 18.59614508310337, ""capacity_utilization"": 4710210.25, ""feasible"": true, ""n_runs"": 20, ""eligibility"": ""NO_CONCLUSION""}, {""value"": 0.6, ""strategy_id"": ""S3"", ""mean_fill"": 0.9842115378921898, ""p_meet"": 0.55, ""mean_cost"": 17396930.899707083, ""mcse_cost"": 19021.49844712401, ""mean_shortage_days"": 18.602546549835708, ""mean_cost_per_unit"": 18.756457072805233, ""capacity_utilization"": 4639281.7, ""feasible"": false, ""n_runs"": 20, ""eligibility"": ""NO_CONCLUSION""}, {""value"": 0.325, ""strategy_id"": ""S3"", ""mean_fill"": 0.9965954361764201, ""p_meet"": 0.85, ""mean_cost"": 17480588.363989033, ""mcse_cost"": 11603.957345772198, ""mean_shortage_days"": 9.181256845564075, ""mean_cost_per_unit"": 18.606831876365657, ""capacity_utilization"": 4697492.7, ""feasible"": false, ""n_runs"": 20, ""eligibility"": ""NO_CONCLUSION""}, {""value"": 0.1875, ""strategy_id"": ""S3"", ""mean_fill"": 0.997964188931298, ""p_meet"": 0.95, ""mean_cost"": 17501094.3881166, ""mcse_cost"": 9290.493413967999, ""mean_shortage_days"": 8.251129518072288, ""mean_cost_per_unit"": 18.60244649900648, ""capacity_utilization"": 4703911.85, ""feasible"": true, ""n_runs"": 20, ""eligibility"": ""NO_CONCLUSION""}, {""value"": 0.25625, ""strategy_id"": ""S3"", ""mean_fill"": 0.9972978004913955, ""p_meet"": 0.9, ""mean_cost"": 17488155.026580237, ""mcse_cost"": 8919.397798315144, ""mean_shortage_days"": 9.551307502738224, ""mean_cost_per_unit"": 18.601205108145308, ""capacity_utilization"": 4700708.7, ""feasible"": true, ""n_runs"": 20, ""eligibility"": ""NO_CONCLUSION""}, {""value"": 0.290625, ""strategy_id"": ""S3"", ""mean_fill"": 0.9964217956838244, ""p_meet"": 0.85, ""mean_cost"": 17479326.45548842, ""mcse_cost"": 12486.862172861036, ""mean_shortage_days"": 9.01123357064622, ""mean_cost_per_unit"": 18.61200879097948, ""capacity_utilization"": 4695843.0, ""feasible"": false, ""n_runs"": 20, ""eligibility"": ""NO_CONCLUSION""}, {""value"": 0.2734375, ""strategy_id"": ""S3"", ""mean_fill"": 0.9971986925680054, ""p_meet"": 0.9, ""mean_cost"": 17479085.869238768, ""mcse_cost"": 13013.74724695622, ""mean_shortage_days"": 9.701328039430448, ""mean_cost_per_unit"": 18.59654500584913, ""capacity_utilization"": 4699423.15, ""feasible"": true, ""n_runs"": 20, ""eligibility"": ""NO_CONCLUSION""}]",bisection over 5 steps on 20 paired runs,0.2734375,0.290625
S3,norepinephrine_1mgml_4ml,commissioning_days,global.node_commissioning_days,365.0,730.0,1095.0,True,True,,feasible_everywhere,"[{""value"": 365.0, ""strategy_id"": ""S3"", ""mean_fill"": 0.9981504682492206, ""p_meet"": 0.95, ""mean_cost"": 17500087.710684605, ""mcse_cost"": 8890.680551331156, ""mean_shortage_days"": 8.221125410733844, ""mean_cost_per_unit"": 18.598037027530296, ""capacity_utilization"": 4704828.0, ""feasible"": true, ""n_runs"": 20, ""eligibility"": ""NO_CONCLUSION""}, {""value"": 1095.0, ""strategy_id"": ""S3"", ""mean_fill"": 0.9981504682492206, ""p_meet"": 0.95, ""mean_cost"": 17500087.710684605, ""mcse_cost"": 8890.680551331156, ""mean_shortage_days"": 8.221125410733844, ""mean_cost_per_unit"": 18.598037027530296, ""capacity_utilization"": 4704828.0, ""feasible"": true, ""n_runs"": 20, ""eligibility"": ""NO_CONCLUSION""}]",feasibility does not change between 365.0 and 1095.0; no threshold inside the recorded range,,
S3,norepinephrine_1mgml_4ml,activation_latency_days,global.reserved_capacity_activation_days,7.0,21.0,60.0,True,True,,feasible_everywhere,"[{""value"": 7.0, ""strategy_id"": ""S3"", ""mean_fill"": 0.998190976440789, ""p_meet"": 0.9, ""mean_cost"": 17500682.113340206, ""mcse_cost"": 9084.264016375824, ""mean_shortage_days"": 8.09110761226725, ""mean_cost_per_unit"": 18.59781046673899, ""capacity_utilization"": 4705019.9, ""feasible"": true, ""n_runs"": 20, ""eligibility"": ""NO_CONCLUSION""}, {""value"": 60.0, ""strategy_id"": ""S3"", ""mean_fill"": 0.9976454819432646, ""p_meet"": 0.9, ""mean_cost"": 17498070.604515467, ""mcse_cost"": 9983.50349123727, ""mean_shortage_days"": 7.921084337349397, ""mean_cost_per_unit"": 18.605427982606656, ""capacity_utilization"": 4702412.75, ""feasible"": true, ""n_runs"": 20, ""eligibility"": ""NO_CONCLUSION""}]",feasibility does not change between 7.0 and 60.0; no threshold inside the recorded range,,
S3,norepinephrine_1mgml_4ml,node_capital,product.capital_usd_per_site,15000000.0,40000000.0,100000000.0,True,True,,feasible_everywhere,"[{""value"": 15000000.0, ""strategy_id"": ""S3"", ""mean_fill"": 0.9981504682492206, ""p_meet"": 0.95, ""mean_cost"": 11913345.346821796, ""mcse_cost"": 8890.680551331054, ""mean_shortage_days"": 8.221125410733844, ""mean_cost_per_unit"": 12.660670738504432, ""capacity_utilization"": 4704828.0, ""feasible"": true, ""n_runs"": 20, ""eligibility"": ""NO_CONCLUSION""}, {""value"": 100000000.0, ""strategy_id"": ""S3"", ""mean_fill"": 0.9981504682492206, ""p_meet"": 0.95, ""mean_cost"": 30908269.38395549, ""mcse_cost"": 8890.680551330985, ""mean_shortage_days"": 8.221125410733844, ""mean_cost_per_unit"": 32.84771612119253, ""capacity_utilization"": 4704828.0, ""feasible"": true, ""n_runs"": 20, ""eligibility"": ""NO_CONCLUSION""}]",feasibility does not change between 15000000.0 and 100000000.0; no threshold inside the recorded range,,
S3,norepinephrine_1mgml_4ml,batches_per_site_year,product.batches_per_site_year_nominal,30.0,45.0,70.0,False,True,39.375,feasible_above,"[{""value"": 30.0, ""strategy_id"": ""S3"", ""mean_fill"": 0.9713022098579452, ""p_meet"": 0.2, ""mean_cost"": 17276763.39085547, ""mcse_cost"": 9062.74905194264, ""mean_shortage_days"": 47.26647042716319, ""mean_cost_per_unit"": 18.872318409270708, ""capacity_utilization"": 4577927.1, ""feasible"": false, ""n_runs"": 20, ""eligibility"": ""NO_CONCLUSION""}, {""value"": 70.0, ""strategy_id"": ""S3"", ""mean_fill"": 0.9998535395852131, ""p_meet"": 1.0, ""mean_cost"": 17518677.190084957, ""mcse_cost"": 7625.929244197417, ""mean_shortage_days"": 6.020824205914568, ""mean_cost_per_unit"": 18.585927035498162, ""capacity_utilization"": 4712970.15, ""feasible"": true, ""n_runs"": 20, ""eligibility"": ""NO_CONCLUSION""}, {""value"": 50.0, ""strategy_id"": ""S3"", ""mean_fill"": 0.9980496492475099, ""p_meet"": 0.9, ""mean_cost"": 17501434.98046577, ""mcse_cost"": 9036.455643806052, ""mean_shortage_days"": 7.200985761226724, ""mean_cost_per_unit"": 18.60124364331589, ""capacity_utilization"": 4704342.45, ""feasible"": true, ""n_runs"": 20, ""eligibility"": ""NO_CONCLUSION""}, {""value"": 40.0, ""strategy_id"": ""S3"", ""mean_fill"": 0.9970008925533833, ""p_meet"": 0.9, ""mean_cost"": 17486071.530157793, ""mcse_cost"": 11335.979453719938, ""mean_shortage_days"": 9.531304764512594, ""mean_cost_per_unit"": 18.604816446774315, ""capacity_utilization"": 4699355.05, ""feasible"": true, ""n_runs"": 20, ""eligibility"": ""NO_CONCLUSION""}, {""value"": 35.0, ""strategy_id"": ""S3"", ""mean_fill"": 0.9914314427303236, ""p_meet"": 0.65, ""mean_cost"": 17452213.611898698, ""mcse_cost"": 12600.920705140716, ""mean_shortage_days"": 15.562130339539976, ""mean_cost_per_unit"": 18.674634841396124, ""capacity_utilization"": 4672840.55, ""feasible"": false, ""n_runs"": 20, ""eligibility"": ""NO_CONCLUSION""}, {""value"": 37.5, ""strategy_id"": ""S3"", ""mean_fill"": 0.9936080082315734, ""p_meet"": 0.75, ""mean_cost"": 17472303.6215666, ""mcse_cost"": 11585.56871111488, ""mean_shortage_days"": 13.921905805038332, ""mean_cost_per_unit"": 18.654251366737334, ""capacity_utilization"": 4683204.05, ""feasible"": false, ""n_runs"": 20, ""eligibility"": ""NO_CONCLUSION""}, {""value"": 38.75, ""strategy_id"": ""S3"", ""mean_fill"": 0.9943196554304856, ""p_meet"": 0.75, ""mean_cost"": 17470375.10550989, ""mcse_cost"": 12373.137910014628, ""mean_shortage_days"": 13.551855147864183, ""mean_cost_per_unit"": 18.638450712390096, ""capacity_utilization"": 4686581.1, ""feasible"": false, ""n_runs"": 20, ""eligibility"": ""NO_CONCLUSION""}]",bisection over 5 steps on 20 paired runs,38.75,40.0
S3,norepinephrine_1mgml_4ml,changeover_burden,product.changeover_days,1.0,3.0,10.0,True,False,7.609375,feasible_below,"[{""value"": 1.0, ""strategy_id"": ""S3"", ""mean_fill"": 0.9980119531328879, ""p_meet"": 0.9, ""mean_cost"": 17500015.253051426, ""mcse_cost"": 10099.161722745246, ""mean_shortage_days"": 8.351143209200437, ""mean_cost_per_unit"": 18.60052282441984, ""capacity_utilization"": 4704168.95, ""feasible"": true, ""n_runs"": 20, ""eligibility"": ""NO_CONCLUSION""}, {""value"": 10.0, ""strategy_id"": ""S3"", ""mean_fill"": 0.9616896572255517, ""p_meet"": 0.0, ""mean_cost"": 17241748.31884897, ""mcse_cost"": 6719.891640841483, ""mean_shortage_days"": 82.98135952902518, ""mean_cost_per_unit"": 19.030475239808972, ""capacity_utilization"": 4530069.15, ""feasible"": false, ""n_runs"": 20, ""eligibility"": ""NO_CONCLUSION""}, {""value"": 5.5, ""strategy_id"": ""S3"", ""mean_fill"": 0.9977741925560515, ""p_meet"": 0.9, ""mean_cost"": 17491778.135618232, ""mcse_cost"": 9070.577756037503, ""mean_shortage_days"": 8.041100766703176, ""mean_cost_per_unit"": 18.59622763491148, ""capacity_utilization"": 4703019.2, ""feasible"": true, ""n_runs"": 20, ""eligibility"": ""NO_CONCLUSION""}, {""value"": 7.75, ""strategy_id"": ""S3"", ""mean_fill"": 0.9901910454299273, ""p_meet"": 0.6, ""mean_cost"": 17343853.520993423, ""mcse_cost"": 11077.003431546409, ""mean_shortage_days"": 18.912588992332964, ""mean_cost_per_unit"": 18.5831758989111, ""capacity_utilization"": 4666443.65, ""feasible"": false, ""n_runs"": 20, ""eligibility"": ""NO_CONCLUSION""}, {""value"": 6.625, ""strategy_id"": ""S3"", ""mean_fill"": 0.9972974766457037, ""p_meet"": 0.9, ""mean_cost"": 17456476.68677912, ""mcse_cost"": 11879.880017854988, ""mean_shortage_days"": 9.17125547645126, ""mean_cost_per_unit"": 18.567819129309076, ""capacity_utilization"": 4700752.95, ""feasible"": true, ""n_runs"": 20, ""eligibility"": ""NO_CONCLUSION""}, {""value"": 7.1875, ""strategy_id"": ""S3"", ""mean_fill"": 0.9972974766457037, ""p_meet"": 0.9, ""mean_cost"": 17456476.68677912, ""mcse_cost"": 11879.880017854988, ""mean_shortage_days"": 9.17125547645126, ""mean_cost_per_unit"": 18.567819129309076, ""capacity_utilization"": 4700752.95, ""feasible"": true, ""n_runs"": 20, ""eligibility"": ""NO_CONCLUSION""}, {""value"": 7.46875, ""strategy_id"": ""S3"", ""mean_fill"": 0.9972974766457037, ""p_meet"": 0.9, ""mean_cost"": 17456476.68677912, ""mcse_cost"": 11879.880017854988, ""mean_shortage_days"": 9.17125547645126, ""mean_cost_per_unit"": 18.567819129309076, ""capacity_utilization"": 4700752.95, ""feasible"": true, ""n_runs"": 20, ""eligibility"": ""NO_CONCLUSION""}]",bisection over 5 steps on 20 paired runs,7.46875,7.75
S4,norepinephrine_1mgml_4ml,capacity_utilization,product.annual_demand_units,500000.0,900000.0,1800000.0,True,False,967187.5,feasible_below,"[{""value"": 500000.0, ""strategy_id"": ""S4"", ""mean_fill"": 1.0, ""p_meet"": 1.0, ""mean_cost"": 19179215.2880933, ""mcse_cost"": 5299.5165630481615, ""mean_shortage_days"": 0.0, ""mean_cost_per_unit"": 36.62100592918444, ""capacity_utilization"": 2618716.6, ""feasible"": true, ""n_runs"": 20, ""eligibility"": ""NO_CONCLUSION""}, {""value"": 1800000.0, ""strategy_id"": ""S4"", ""mean_fill"": 0.7561329719345157, ""p_meet"": 0.0, ""mean_cost"": 21106738.685280293, ""mcse_cost"": 23039.789049359824, ""mean_shortage_days"": 224.54073795180722, ""mean_cost_per_unit"": 14.84142816394532, ""capacity_utilization"": 7117219.95, ""feasible"": false, ""n_runs"": 20, ""eligibility"": ""NO_CONCLUSION""}, {""value"": 1150000.0, ""strategy_id"": ""S4"", ""mean_fill"": 0.9590321465569535, ""p_meet"": 0.25, ""mean_cost"": 20705532.45030775, ""mcse_cost"": 23473.19594905965, ""mean_shortage_days"": 38.53527519167579, ""mean_cost_per_unit"": 17.94098801268367, ""capacity_utilization"": 5775022.9, ""feasible"": false, ""n_runs"": 20, ""eligibility"": ""NO_CONCLUSION""}, {""value"": 825000.0, ""strategy_id"": ""S4"", ""mean_fill"": 0.9979483486074887, ""p_meet"": 0.95, ""mean_cost"": 20092109.336816102, ""mcse_cost"": 18019.806027491668, ""mean_shortage_days"": 1.340183461117196, ""mean_cost_per_unit"": 23.29978523501629, ""capacity_utilization"": 4311875.45, ""feasible"": true, ""n_runs"": 20, ""eligibility"": ""NO_CONCLUSION""}, {""value"": 987500.0, ""strategy_id"": ""S4"", ""mean_fill"": 0.9922903641536613, ""p_meet"": 0.75, ""mean_cost"": 20393432.317663223, ""mcse_cost"": 11941.71270252136, ""mean_shortage_days"": 7.571036418400875, ""mean_cost_per_unit"": 19.87451014367756, ""capacity_utilization"": 5131569.7, ""feasible"": false, ""n_runs"": 20, ""eligibility"": ""NO_CONCLUSION""}, {""value"": 906250.0, ""strategy_id"": ""S4"", ""mean_fill"": 0.9968742027824872, ""p_meet"": 0.95, ""mean_cost"": 20202159.466421362, ""mcse_cost"": 12905.54817776371, ""mean_shortage_days"": 2.3103162650602407, ""mean_cost_per_unit"": 21.351544653890436, ""capacity_utilization"": 4731343.05, ""feasible"": true, ""n_runs"": 20, ""eligibility"": ""NO_CONCLUSION""}, {""value"": 946875.0, ""strategy_id"": ""S4"", ""mean_fill"": 0.9949570175658102, ""p_meet"": 0.9, ""mean_cost"": 20289424.888261862, ""mcse_cost"": 11128.058743805894, ""mean_shortage_days"": 5.140703723986856, ""mean_cost_per_unit"": 20.565046396445947, ""capacity_utilization"": 4933857.85, ""feasible"": true, ""n_runs"": 20, ""eligibility"": ""NO_CONCLUSION""}]",bisection over 5 steps on 20 paired runs,946875.0,987500.0
S4,norepinephrine_1mgml_4ml,fixed_qa_labor_per_node,product.fixed_qa_labor_usd_per_site_year,1500000.0,3000000.0,6000000.0,True,True,,feasible_everywhere,"[{""value"": 1500000.0, ""strategy_id"": ""S4"", ""mean_fill"": 0.996690513903906, ""p_meet"": 0.95, ""mean_cost"": 18120839.49697084, ""mcse_cost"": 14344.869105238093, ""mean_shortage_days"": 2.0702834063526834, ""mean_cost_per_unit"": 19.288833718665384, ""capacity_utilization"": 4697841.55, ""feasible"": true, ""n_runs"": 20, ""eligibility"": ""NO_CONCLUSION""}, {""value"": 6000000.0, ""strategy_id"": ""S4"", ""mean_fill"": 0.996690513903906, ""p_meet"": 0.95, ""mean_cost"": 24332883.380628932, ""mcse_cost"": 14344.869105238093, ""mean_shortage_days"": 2.0702834063526834, ""mean_cost_per_unit"": 25.901492208293377, ""capacity_utilization"": 4697841.55, ""feasible"": true, ""n_runs"": 20, ""eligibility"": ""NO_CONCLUSION""}]",feasibility does not change between 1500000.0 and 6000000.0; no threshold inside the recorded range,,
S4,norepinephrine_1mgml_4ml,release_time,global.sterility_incubation_days,14.0,14.0,18.0,True,True,,feasible_everywhere,"[{""value"": 14.0, ""strategy_id"": ""S4"", ""mean_fill"": 0.996690513903906, ""p_meet"": 0.95, ""mean_cost"": 20191520.791523542, ""mcse_cost"": 14344.869105237993, ""mean_shortage_days"": 2.0702834063526834, ""mean_cost_per_unit"": 21.493053215208043, ""capacity_utilization"": 4697841.55, ""feasible"": true, ""n_runs"": 20, ""eligibility"": ""NO_CONCLUSION""}, {""value"": 18.0, ""strategy_id"": ""S4"", ""mean_fill"": 0.9964817976168764, ""p_meet"": 0.95, ""mean_cost"": 20190728.07115495, ""mcse_cost"": 14434.799879560833, ""mean_shortage_days"": 2.2203039430449065, ""mean_cost_per_unit"": 21.496885629543122, ""capacity_utilization"": 4696846.75, ""feasible"": true, ""n_runs"": 20, ""eligibility"": ""NO_CONCLUSION""}]",feasibility does not change between 14.0 and 18.0; no threshold inside the recorded range,,
S4,norepinephrine_1mgml_4ml,shelf_life,product.shelf_life_months,12.0,24.0,30.0,True,True,,feasible_everywhere,"[{""value"": 12.0, ""strategy_id"": ""S4"", ""mean_fill"": 0.996690513903906, ""p_meet"": 0.95, ""mean_cost"": 20350507.645010613, ""mcse_cost"": 19745.605808982193, ""mean_shortage_days"": 2.0702834063526834, ""mean_cost_per_unit"": 21.6622458985945, ""capacity_utilization"": 4697841.55, ""feasible"": true, ""n_runs"": 20, ""eligibility"": ""NO_CONCLUSION""}, {""value"": 30.0, ""strategy_id"": ""S4"", ""mean_fill"": 0.996690513903906, ""p_meet"": 0.95, ""mean_cost"": 20164483.716340236, ""mcse_cost"": 9134.571681539095, ""mean_shortage_days"": 2.0702834063526834, ""mean_cost_per_unit"": 21.464238131319554, ""capacity_utilization"": 4697841.55, ""feasible"": true, ""n_runs"": 20, ""eligibility"": ""NO_CONCLUSION""}]",feasibility does not change between 12.0 and 30.0; no threshold inside the recorded range,,
S4,norepinephrine_1mgml_4ml,raw_material_lead_time,product.material_lead_time_days,30.0,90.0,240.0,True,False,144.84375,feasible_below,"[{""value"": 30.0, ""strategy_id"": ""S4"", ""mean_fill"": 0.9987760729252546, ""p_meet"": 0.95, ""mean_cost"": 20233566.297821674, ""mcse_cost"": 11369.361045283002, ""mean_shortage_days"": 0.8401150054764512, ""mean_cost_per_unit"": 21.489869776626836, ""capacity_utilization"": 4707828.4, ""feasible"": true, ""n_runs"": 20, ""eligibility"": ""NO_CONCLUSION""}, {""value"": 240.0, ""strategy_id"": ""S4"", ""mean_fill"": 0.9785666028909166, ""p_meet"": 0.6, ""mean_cost"": 20086690.82822134, ""mcse_cost"": 10779.243118167427, ""mean_shortage_days"": 23.973281763417305, ""mean_cost_per_unit"": 21.786350272314536, ""capacity_utilization"": 4611280.85, ""feasible"": false, ""n_runs"": 20, ""eligibility"": ""NO_CONCLUSION""}, {""value"": 135.0, ""strategy_id"": ""S4"", ""mean_fill"": 0.995307718757658, ""p_meet"": 0.95, ""mean_cost"": 20150513.01239521, ""mcse_cost"": 10004.997351682734, ""mean_shortage_days"": 5.330729737130339, ""mean_cost_per_unit"": 21.48033335590109, ""capacity_utilization"": 4691189.35, ""feasible"": true, ""n_runs"": 20, ""eligibility"": ""NO_CONCLUSION""}, {""value"": 187.5, ""strategy_id"": ""S4"", ""mean_fill"": 0.9901438732962609, ""p_meet"": 0.7, ""mean_cost"": 20123388.79494681, ""mcse_cost"": 7459.214074852316, ""mean_shortage_days"": 11.331551204819275, ""mean_cost_per_unit"": 21.561229808752067, ""capacity_utilization"": 4666565.1, ""feasible"": false, ""n_runs"": 20, ""eligibility"": ""NO_CONCLUSION""}, {""value"": 161.25, ""strategy_id"": ""S4"", ""mean_fill"": 0.9936167025805963, ""p_meet"": 0.8, ""mean_cost"": 20137452.17387553, ""mcse_cost"": 7511.825470403588, ""mean_shortage_days"": 8.551170591456735, ""mean_cost_per_unit"": 21.501146207781836, ""capacity_utilization"": 4683107.35, ""feasible"": false, ""n_runs"": 20, ""eligibility"": ""NO_CONCLUSION""}, {""value"": 148.125, ""strategy_id"": ""S4"", ""mean_fill"": 0.9938471527708945, ""p_meet"": 0.8, ""mean_cost"": 20140297.85394454, ""mcse_cost"": 8928.355969635548, ""mean_shortage_days"": 7.931085706462213, ""mean_cost_per_unit"": 21.499748835296476, ""capacity_utilization"": 4684170.25, ""feasible"": false, ""n_runs"": 20, ""eligibility"": ""NO_CONCLUSION""}, {""value"": 141.5625, ""strategy_id"": ""S4"", ""mean_fill"": 0.9945830160171989, ""p_meet"": 0.9, ""mean_cost"": 20148624.89736777, ""mcse_cost"": 10255.19855867718, ""mean_shortage_days"": 5.680777656078861, ""mean_cost_per_unit"": 21.493964463194253, ""capacity_utilization"": 4687719.35, ""feasible"": true, ""n_runs"": 20, ""eligibility"": ""NO_CONCLUSION""}]",bisection over 5 steps on 20 paired runs,141.5625,148.125
S4,norepinephrine_1mgml_4ml,common_cause_dependence,global.common_cause_events_per_year,0.02,0.1,0.3,True,False,0.190625,feasible_below,"[{""value"": 0.02, ""strategy_id"": ""S4"", ""mean_fill"": 1.0, ""p_meet"": 1.0, ""mean_cost"": 20223221.05685604, ""mcse_cost"": 11869.72118073106, ""mean_shortage_days"": 0.0, ""mean_cost_per_unit"": 21.452530521808708, ""capacity_utilization"": 4713689.4, ""feasible"": true, ""n_runs"": 20, ""eligibility"": ""NO_CONCLUSION""}, {""value"": 0.3, ""strategy_id"": ""S4"", ""mean_fill"": 0.990503885492976, ""p_meet"": 0.8, ""mean_cost"": 20133010.380327493, ""mcse_cost"": 16375.81518014243, ""mean_shortage_days"": 6.790929627601315, ""mean_cost_per_unit"": 21.566167962035102, ""capacity_utilization"": 4667945.7, ""feasible"": false, ""n_runs"": 20, ""eligibility"": ""NO_CONCLUSION""}, {""value"": 0.16, ""strategy_id"": ""S4"", ""mean_fill"": 0.9956867272272912, ""p_meet"": 0.95, ""mean_cost"": 20170918.846264206, ""mcse_cost"": 14967.696525905068, ""mean_shortage_days"": 3.7905188937568455, ""mean_cost_per_unit"": 21.49269901348303, ""capacity_utilization"": 4693053.35, ""feasible"": true, ""n_runs"": 20, ""eligibility"": ""NO_CONCLUSION""}, {""value"": 0.22999999999999998, ""strategy_id"": ""S4"", ""mean_fill"": 0.9877669998529983, ""p_meet"": 0.85, ""mean_cost"": 20127730.75775979, ""mcse_cost"": 18094.209838469014, ""mean_shortage_days"": 10.331414293537787, ""mean_cost_per_unit"": 21.62659623294585, ""capacity_utilization"": 4654749.95, ""feasible"": false, ""n_runs"": 20, ""eligibility"": ""NO_CONCLUSION""}, {""value"": 0.195, ""strategy_id"": ""S4"", ""mean_fill"": 0.9939000558978203, ""p_meet"": 0.85, ""mean_cost"": 20155890.59265856, ""mcse_cost"": 14111.075749191024, ""mean_shortage_days"": 6.160843373493975, ""mean_cost_per_unit"": 21.5142356388652, ""capacity_utilization"": 4684399.15, ""feasible"": false, ""n_runs"": 20, ""eligibility"": ""NO_CONCLUSION""}, {""value"": 0.1775, ""strategy_id"": ""S4"", ""mean_fill"": 0.9958332349152764, ""p_meet"": 0.95, ""mean_cost"": 20168334.372728456, ""mcse_cost"": 15281.666505782076, ""mean_shortage_days"": 4.72064622124863, ""mean_cost_per_unit"": 21.4860153160192, ""capacity_utilization"": 4693779.2, ""feasible"": true, ""n_runs"": 20, ""eligibility"": ""NO_CONCLUSION""}, {""value"": 0.18625, ""strategy_id"": ""S4"", ""mean_fill"": 0.9949395622001875, ""p_meet"": 0.9, ""mean_cost"": 20162520.778336715, ""mcse_cost"": 14800.083598233261, ""mean_shortage_days"": 5.220714676889375, ""mean_cost_per_unit"": 21.499245739250814, ""capacity_utilization"": 4689511.6, ""feasible"": true, ""n_runs"": 20, ""eligibility"": ""NO_CONCLUSION""}]",bisection over 5 steps on 20 paired runs,0.18625,0.195
S4,norepinephrine_1mgml_4ml,supplier_concentration,global.supplier_disruptions_per_supplier_year,0.05,0.2,0.6,True,False,0.5570312500000001,feasible_below,"[{""value"": 0.05, ""strategy_id"": ""S4"", ""mean_fill"": 0.9990817623380452, ""p_meet"": 0.95, ""mean_cost"": 20211004.978929613, ""mcse_cost"": 12845.105613494805, ""mean_shortage_days"": 0.7401013143483023, ""mean_cost_per_unit"": 21.459161105708027, ""capacity_utilization"": 4709292.25, ""feasible"": true, ""n_runs"": 20, ""eligibility"": ""NO_CONCLUSION""}, {""value"": 0.6, ""strategy_id"": ""S4"", ""mean_fill"": 0.9934765919867529, ""p_meet"": 0.85, ""mean_cost"": 20145084.099014185, ""mcse_cost"": 11701.016668050403, ""mean_shortage_days"": 7.701054216867469, ""mean_cost_per_unit"": 21.51312632491058, ""capacity_utilization"": 4682838.95, ""feasible"": false, ""n_runs"": 20, ""eligibility"": ""NO_CONCLUSION""}, {""value"": 0.325, ""strategy_id"": ""S4"", ""mean_fill"": 0.9975371381876045, ""p_meet"": 0.9, ""mean_cost"": 20180320.967982464, ""mcse_cost"": 12377.567725830528, ""mean_shortage_days"": 3.5804901423877324, ""mean_cost_per_unit"": 21.46001641153752, ""capacity_utilization"": 4701982.4, ""feasible"": true, ""n_runs"": 20, ""eligibility"": ""NO_CONCLUSION""}, {""value"": 0.4625, ""strategy_id"": ""S4"", ""mean_fill"": 0.9956033435622176, ""p_meet"": 0.9, ""mean_cost"": 20164175.862494882, ""mcse_cost"": 12601.877743793477, ""mean_shortage_days"": 3.500479189485213, ""mean_cost_per_unit"": 21.48666608217167, ""capacity_utilization"": 4692903.2, ""feasible"": true, ""n_runs"": 20, ""eligibility"": ""NO_CONCLUSION""}, {""value"": 0.53125, ""strategy_id"": ""S4"", ""mean_fill"": 0.9952994924877595, ""p_meet"": 0.9, ""mean_cost"": 20155217.59001584, ""mcse_cost"": 11799.99732723519, ""mean_shortage_days"": 4.78065443592552, ""mean_cost_per_unit"": 21.483868181051573, ""capacity_utilization"": 4691473.75, ""feasible"": true, ""n_runs"": 20, ""eligibility"": ""NO_CONCLUSION""}, {""value"": 0.565625, ""strategy_id"": ""S4"", ""mean_fill"": 0.99369253732704, ""p_meet"": 0.85, ""mean_cost"": 20148167.00811749, ""mcse_cost"": 12177.368499502601, ""mean_shortage_days"": 6.730921412924426, ""mean_cost_per_unit"": 21.511691123770937, ""capacity_utilization"": 4683843.35, ""feasible"": false, ""n_runs"": 20, ""eligibility"": ""NO_CONCLUSION""}, {""value"": 0.5484375, ""strategy_id"": ""S4"", ""mean_fill"": 0.9952994924877595, ""p_meet"": 0.9, ""mean_cost"": 20152918.418200914, ""mcse_cost"": 11894.21461869281, ""mean_shortage_days"": 4.78065443592552, ""mean_cost_per_unit"": 21.481440704767543, ""capacity_utilization"": 4691473.75, ""feasible"": true, ""n_runs"": 20, ""eligibility"": ""NO_CONCLUSION""}]",bisection over 5 steps on 20 paired runs,0.5484375,0.565625
S4,norepinephrine_1mgml_4ml,commissioning_days,global.node_commissioning_days,365.0,730.0,1095.0,True,False,923.90625,feasible_below,"[{""value"": 365.0, ""strategy_id"": ""S4"", ""mean_fill"": 1.0, ""p_meet"": 1.0, ""mean_cost"": 20731682.698434718, ""mcse_cost"": 11669.60118642944, ""mean_shortage_days"": 0.0, ""mean_cost_per_unit"": 21.991779664661795, ""capacity_utilization"": 4713689.4, ""feasible"": true, ""n_runs"": 20, ""eligibility"": ""NO_CONCLUSION""}, {""value"": 1095.0, ""strategy_id"": ""S4"", ""mean_fill"": 0.989655059694166, ""p_meet"": 0.85, ""mean_cost"": 19656535.025518335, ""mcse_cost"": 10928.589828174434, ""mean_shortage_days"": 10.981503285870755, ""mean_cost_per_unit"": 21.075925271564977, ""capacity_utilization"": 4663936.35, ""feasible"": false, ""n_runs"": 20, ""eligibility"": ""NO_CONCLUSION""}, {""value"": 730.0, ""strategy_id"": ""S4"", ""mean_fill"": 0.996690513903906, ""p_meet"": 0.95, ""mean_cost"": 20191520.791523542, ""mcse_cost"": 14344.869105237993, ""mean_shortage_days"": 2.0702834063526834, ""mean_cost_per_unit"": 21.493053215208043, ""capacity_utilization"": 4697841.55, ""feasible"": true, ""n_runs"": 20, ""eligibility"": ""NO_CONCLUSION""}, {""value"": 912.5, ""strategy_id"": ""S4"", ""mean_fill"": 0.9949874380395045, ""p_meet"": 0.9, ""mean_cost"": 19915579.80709728, ""mcse_cost"": 9089.371445912775, ""mean_shortage_days"": 5.510754381161007, ""mean_cost_per_unit"": 21.236322228410256, ""capacity_utilization"": 4689534.9, ""feasible"": true, ""n_runs"": 20, ""eligibility"": ""NO_CONCLUSION""}, {""value"": 1003.75, ""strategy_id"": ""S4"", ""mean_fill"": 0.9916577352731718, ""p_meet"": 0.85, ""mean_cost"": 19785535.17346348, ""mcse_cost"": 9609.35068474397, ""mean_shortage_days"": 7.671050109529024, ""mean_cost_per_unit"": 21.169608409739023, ""capacity_utilization"": 4673518.85, ""feasible"": false, ""n_runs"": 20, ""eligibility"": ""NO_CONCLUSION""}, {""value"": 958.125, ""strategy_id"": ""S4"", ""mean_fill"": 0.993220245426107, ""p_meet"": 0.85, ""mean_cost"": 19850494.50882336, ""mcse_cost"": 9072.84986848735, ""mean_shortage_days"": 6.690915936473165, ""mean_cost_per_unit"": 21.204671700715046, ""capacity_utilization"": 4681038.6, ""feasible"": false, ""n_runs"": 20, ""eligibility"": ""NO_CONCLUSION""}, {""value"": 935.3125, ""strategy_id"": ""S4"", ""mean_fill"": 0.9940471674539347, ""p_meet"": 0.85, ""mean_cost"": 19883925.459029503, ""mcse_cost"": 9095.548424864652, ""mean_shortage_days"": 6.200848849945236, ""mean_cost_per_unit"": 21.222537685547472, ""capacity_utilization"": 4685018.75, ""feasible"": false, ""n_runs"": 20, ""eligibility"": ""NO_CONCLUSION""}]",bisection over 5 steps on 20 paired runs,912.5,935.3125
S4,norepinephrine_1mgml_4ml,activation_latency_days,global.reserved_capacity_activation_days,7.0,21.0,60.0,True,True,,feasible_everywhere,"[{""value"": 7.0, ""strategy_id"": ""S4"", ""mean_fill"": 0.996690513903906, ""p_meet"": 0.95, ""mean_cost"": 20191520.791523542, ""mcse_cost"": 14344.869105237993, ""mean_shortage_days"": 2.0702834063526834, ""mean_cost_per_unit"": 21.493053215208043, ""capacity_utilization"": 4697841.55, ""feasible"": true, ""n_runs"": 20, ""eligibility"": ""NO_CONCLUSION""}, {""value"": 60.0, ""strategy_id"": ""S4"", ""mean_fill"": 0.996690513903906, ""p_meet"": 0.95, ""mean_cost"": 20191520.791523542, ""mcse_cost"": 14344.869105237993, ""mean_shortage_days"": 2.0702834063526834, ""mean_cost_per_unit"": 21.493053215208043, ""capacity_utilization"": 4697841.55, ""feasible"": true, ""n_runs"": 20, ""eligibility"": ""NO_CONCLUSION""}]",feasibility does not change between 7.0 and 60.0; no threshold inside the recorded range,,
S4,norepinephrine_1mgml_4ml,node_capital,product.capital_usd_per_site,15000000.0,40000000.0,100000000.0,True,True,,feasible_everywhere,"[{""value"": 15000000.0, ""strategy_id"": ""S4"", ""mean_fill"": 0.996690513903906, ""p_meet"": 0.95, ""mean_cost"": 13073935.09258489, ""mcse_cost"": 14344.86910523805, ""mean_shortage_days"": 2.0702834063526834, ""mean_cost_per_unit"": 13.916454533805046, ""capacity_utilization"": 4697841.55, ""feasible"": true, ""n_runs"": 20, ""eligibility"": ""NO_CONCLUSION""}, {""value"": 100000000.0, ""strategy_id"": ""S4"", ""mean_fill"": 0.996690513903906, ""p_meet"": 0.95, ""mean_cost"": 37273726.46897637, ""mcse_cost"": 14344.86910523801, ""mean_shortage_days"": 2.0702834063526834, ""mean_cost_per_unit"": 39.676890050575324, ""capacity_utilization"": 4697841.55, ""feasible"": true, ""n_runs"": 20, ""eligibility"": ""NO_CONCLUSION""}]",feasibility does not change between 15000000.0 and 100000000.0; no threshold inside the recorded range,,
S4,norepinephrine_1mgml_4ml,batches_per_site_year,product.batches_per_site_year_nominal,30.0,45.0,70.0,False,True,43.125,feasible_above,"[{""value"": 30.0, ""strategy_id"": ""S4"", ""mean_fill"": 0.9023639419292827, ""p_meet"": 0.0, ""mean_cost"": 19709171.467776332, ""mcse_cost"": 18352.823812217983, ""mean_shortage_days"": 78.51074753559692, ""mean_cost_per_unit"": 23.188038975011352, ""capacity_utilization"": 4252349.05, ""feasible"": false, ""n_runs"": 20, ""eligibility"": ""NO_CONCLUSION""}, {""value"": 70.0, ""strategy_id"": ""S4"", ""mean_fill"": 1.0, ""p_meet"": 1.0, ""mean_cost"": 20519520.116534837, ""mcse_cost"": 11915.280282137406, ""mean_shortage_days"": 0.0, ""mean_cost_per_unit"": 21.766705421707226, ""capacity_utilization"": 4713689.4, ""feasible"": true, ""n_runs"": 20, ""eligibility"": ""NO_CONCLUSION""}, {""value"": 50.0, ""strategy_id"": ""S4"", ""mean_fill"": 0.9988557816719583, ""p_meet"": 0.95, ""mean_cost"": 20313305.036791362, ""mcse_cost"": 17176.066745159722, ""mean_shortage_days"": 0.9601314348302299, ""mean_cost_per_unit"": 21.573037242204244, ""capacity_utilization"": 4708210.1, ""feasible"": true, ""n_runs"": 20, ""eligibility"": ""NO_CONCLUSION""}, {""value"": 40.0, ""strategy_id"": ""S4"", ""mean_fill"": 0.9914689049838209, ""p_meet"": 0.7, ""mean_cost"": 20129221.926005, ""mcse_cost"": 10992.266910983019, ""mean_shortage_days"": 8.751197973713035, ""mean_cost_per_unit"": 21.541959717423588, ""capacity_utilization"": 4672966.8, ""feasible"": false, ""n_runs"": 20, ""eligibility"": ""NO_CONCLUSION""}, {""value"": 45.0, ""strategy_id"": ""S4"", ""mean_fill"": 0.996690513903906, ""p_meet"": 0.95, ""mean_cost"": 20191520.791523542, ""mcse_cost"": 14344.869105237993, ""mean_shortage_days"": 2.0702834063526834, ""mean_cost_per_unit"": 21.493053215208043, ""capacity_utilization"": 4697841.55, ""feasible"": true, ""n_runs"": 20, ""eligibility"": ""NO_CONCLUSION""}, {""value"": 42.5, ""strategy_id"": ""S4"", ""mean_fill"": 0.9924101673163497, ""p_meet"": 0.7, ""mean_cost"": 20132746.943398193, ""mcse_cost"": 9845.63828506488, ""mean_shortage_days"": 8.281133625410734, ""mean_cost_per_unit"": 21.5240675054169, ""capacity_utilization"": 4677417.7, ""feasible"": false, ""n_runs"": 20, ""eligibility"": ""NO_CONCLUSION""}, {""value"": 43.75, ""strategy_id"": ""S4"", ""mean_fill"": 0.9966905033739522, ""p_meet"": 0.95, ""mean_cost"": 20190931.76185587, ""mcse_cost"": 14328.411293810983, ""mean_shortage_days"": 2.1202902519167575, ""mean_cost_per_unit"": 21.492426192479826, ""capacity_utilization"": 4697841.5, ""feasible"": true, ""n_runs"": 20, ""eligibility"": ""NO_CONCLUSION""}]",bisection over 5 steps on 20 paired runs,42.5,43.75
S4,norepinephrine_1mgml_4ml,changeover_burden,product.changeover_days,1.0,3.0,10.0,True,False,9.578125,feasible_below,"[{""value"": 1.0, ""strategy_id"": ""S4"", ""mean_fill"": 0.9967481358135137, ""p_meet"": 0.95, ""mean_cost"": 20193425.636668183, ""mcse_cost"": 14632.000148004607, ""mean_shortage_days"": 2.0602820372398685, ""mean_cost_per_unit"": 21.493702057483063, ""capacity_utilization"": 4698117.25, ""feasible"": true, ""n_runs"": 20, ""eligibility"": ""NO_CONCLUSION""}, {""value"": 10.0, ""strategy_id"": ""S4"", ""mean_fill"": 0.992154023452904, ""p_meet"": 0.75, ""mean_cost"": 20132130.545900404, ""mcse_cost"": 9374.020700396302, ""mean_shortage_days"": 9.191258214676889, ""mean_cost_per_unit"": 21.528494694552403, ""capacity_utilization"": 4676177.8, ""feasible"": false, ""n_runs"": 20, ""eligibility"": ""NO_CONCLUSION""}, {""value"": 5.5, ""strategy_id"": ""S4"", ""mean_fill"": 0.996577494370501, ""p_meet"": 0.95, ""mean_cost"": 20190322.178936727, ""mcse_cost"": 14486.256860407399, ""mean_shortage_days"": 2.1402929901423877, ""mean_cost_per_unit"": 21.494376451577963, ""capacity_utilization"": 4697301.95, ""feasible"": true, ""n_runs"": 20, ""eligibility"": ""NO_CONCLUSION""}, {""value"": 7.75, ""strategy_id"": ""S4"", ""mean_fill"": 0.9964399115839726, ""p_meet"": 0.95, ""mean_cost"": 20188959.722128384, ""mcse_cost"": 14528.739225708588, ""mean_shortage_days"": 2.2303053121577214, ""mean_cost_per_unit"": 21.49596203990197, ""capacity_utilization"": 4696646.45, ""feasible"": true, ""n_runs"": 20, ""eligibility"": ""NO_CONCLUSION""}, {""value"": 8.875, ""strategy_id"": ""S4"", ""mean_fill"": 0.9963830413392023, ""p_meet"": 0.95, ""mean_cost"": 20188031.168010134, ""mcse_cost"": 14427.329387183689, ""mean_shortage_days"": 2.3403203723986854, ""mean_cost_per_unit"": 21.49626870404784, ""capacity_utilization"": 4696375.2, ""feasible"": true, ""n_runs"": 20, ""eligibility"": ""NO_CONCLUSION""}, {""value"": 9.4375, ""strategy_id"": ""S4"", ""mean_fill"": 0.9963830413392023, ""p_meet"": 0.95, ""mean_cost"": 20188031.168010134, ""mcse_cost"": 14427.329387183689, ""mean_shortage_days"": 2.3403203723986854, ""mean_cost_per_unit"": 21.49626870404784, ""capacity_utilization"": 4696375.2, ""feasible"": true, ""n_runs"": 20, ""eligibility"": ""NO_CONCLUSION""}, {""value"": 9.71875, ""strategy_id"": ""S4"", ""mean_fill"": 0.992154023452904, ""p_meet"": 0.75, ""mean_cost"": 20132130.545900404, ""mcse_cost"": 9374.020700396302, ""mean_shortage_days"": 9.191258214676889, ""mean_cost_per_unit"": 21.528494694552403, ""capacity_utilization"": 4676177.8, ""feasible"": false, ""n_runs"": 20, ""eligibility"": ""NO_CONCLUSION""}]",bisection over 5 steps on 20 paired runs,9.4375,9.71875
S5,norepinephrine_1mgml_4ml,capacity_utilization,product.annual_demand_units,500000.0,900000.0,1800000.0,True,False,926562.5,feasible_below,"[{""value"": 500000.0, ""strategy_id"": ""S5"", ""mean_fill"": 0.9993110235505268, ""p_meet"": 1.0, ""mean_cost"": 18735180.604522996, ""mcse_cost"": 10287.304798974035, ""mean_shortage_days"": 2.3503217415115008, ""mean_cost_per_unit"": 35.79581638590655, ""capacity_utilization"": 2617037.95, ""feasible"": true, ""n_runs"": 20, ""eligibility"": ""NO_CONCLUSION""}, {""value"": 1800000.0, ""strategy_id"": ""S5"", ""mean_fill"": 0.687607850044315, ""p_meet"": 0.0, ""mean_cost"": 20809486.368411504, ""mcse_cost"": 30578.467100452544, ""mean_shortage_days"": 254.9449000547645, ""mean_cost_per_unit"": 16.130273886476928, ""capacity_utilization"": 6457832.65, ""feasible"": false, ""n_runs"": 20, ""eligibility"": ""NO_CONCLUSION""}, {""value"": 1150000.0, ""strategy_id"": ""S5"", ""mean_fill"": 0.9773043216574726, ""p_meet"": 0.55, ""mean_cost"": 20533575.846384898, ""mcse_cost"": 31244.580531850508, ""mean_shortage_days"": 41.315655805038325, ""mean_cost_per_unit"": 17.45294995631902, ""capacity_utilization"": 5884860.95, ""feasible"": false, ""n_runs"": 20, ""eligibility"": ""NO_CONCLUSION""}, {""value"": 825000.0, ""strategy_id"": ""S5"", ""mean_fill"": 0.998187758411645, ""p_meet"": 1.0, ""mean_cost"": 19799378.895409714, ""mcse_cost"": 15346.659850820513, ""mean_shortage_days"": 4.76065169769989, ""mean_cost_per_unit"": 22.95245851420583, ""capacity_utilization"": 4313251.75, ""feasible"": true, ""n_runs"": 20, ""eligibility"": ""NO_CONCLUSION""}, {""value"": 987500.0, ""strategy_id"": ""S5"", ""mean_fill"": 0.9950329024114039, ""p_meet"": 0.85, ""mean_cost"": 20344981.871966563, ""mcse_cost"": 16835.82442777604, ""mean_shortage_days"": 10.801478641840088, ""mean_cost_per_unit"": 19.766278544599167, ""capacity_utilization"": 5146125.9, ""feasible"": false, ""n_runs"": 20, ""eligibility"": ""NO_CONCLUSION""}, {""value"": 906250.0, ""strategy_id"": ""S5"", ""mean_fill"": 0.9979236815567718, ""p_meet"": 1.0, ""mean_cost"": 20079582.88132939, ""mcse_cost"": 14294.054514363586, ""mean_shortage_days"": 4.9106722343921145, ""mean_cost_per_unit"": 21.195617414775672, ""capacity_utilization"": 4736738.0, ""feasible"": true, ""n_runs"": 20, ""eligibility"": ""NO_CONCLUSION""}, {""value"": 946875.0, ""strategy_id"": ""S5"", ""mean_fill"": 0.995728192259684, ""p_meet"": 0.8, ""mean_cost"": 20226159.830705132, ""mcse_cost"": 13435.488539421392, ""mean_shortage_days"": 9.11124726177437, ""mean_cost_per_unit"": 20.47929550998518, ""capacity_utilization"": 4937909.2, ""feasible"": false, ""n_runs"": 20, ""eligibility"": ""NO_CONCLUSION""}]",bisection over 5 steps on 20 paired runs,906250.0,946875.0
S5,norepinephrine_1mgml_4ml,fixed_qa_labor_per_node,product.fixed_qa_labor_usd_per_site_year,1500000.0,3000000.0,6000000.0,True,True,,feasible_everywhere,"[{""value"": 1500000.0, ""strategy_id"": ""S5"", ""mean_fill"": 0.9982622203729197, ""p_meet"": 1.0, ""mean_cost"": 17677623.44998405, ""mcse_cost"": 15058.796172952627, ""mean_shortage_days"": 5.090696878422783, ""mean_cost_per_unit"": 18.783400385172676, ""capacity_utilization"": 4705707.45, ""feasible"": true, ""n_runs"": 20, ""eligibility"": ""NO_CONCLUSION""}, {""value"": 6000000.0, ""strategy_id"": ""S5"", ""mean_fill"": 0.9982622203729197, ""p_meet"": 1.0, ""mean_cost"": 24855935.31187509, ""mcse_cost"": 15058.796172952621, ""mean_shortage_days"": 5.090696878422783, ""mean_cost_per_unit"": 26.411015758394353, ""capacity_utilization"": 4705707.45, ""feasible"": true, ""n_runs"": 20, ""eligibility"": ""NO_CONCLUSION""}]",feasibility does not change between 1500000.0 and 6000000.0; no threshold inside the recorded range,,
S5,norepinephrine_1mgml_4ml,release_time,global.sterility_incubation_days,14.0,14.0,18.0,True,True,,feasible_everywhere,"[{""value"": 14.0, ""strategy_id"": ""S5"", ""mean_fill"": 0.9982622203729197, ""p_meet"": 1.0, ""mean_cost"": 20070394.0706144, ""mcse_cost"": 15058.796172952734, ""mean_shortage_days"": 5.090696878422783, ""mean_cost_per_unit"": 21.32593884291324, ""capacity_utilization"": 4705707.45, ""feasible"": true, ""n_runs"": 20, ""eligibility"": ""NO_CONCLUSION""}, {""value"": 18.0, ""strategy_id"": ""S5"", ""mean_fill"": 0.9979502837965739, ""p_meet"": 1.0, ""mean_cost"": 20067617.267233867, ""mcse_cost"": 15166.764776581966, ""mean_shortage_days"": 6.080832420591458, ""mean_cost_per_unit"": 21.33036859160019, ""capacity_utilization"": 4704094.0, ""feasible"": true, ""n_runs"": 20, ""eligibility"": ""NO_CONCLUSION""}]",feasibility does not change between 14.0 and 18.0; no threshold inside the recorded range,,
S5,norepinephrine_1mgml_4ml,shelf_life,product.shelf_life_months,12.0,24.0,30.0,False,True,19.59375,feasible_above,"[{""value"": 12.0, ""strategy_id"": ""S5"", ""mean_fill"": 0.9827239477442553, ""p_meet"": 0.55, ""mean_cost"": 20298402.557851814, ""mcse_cost"": 20243.210609847338, ""mean_shortage_days"": 32.284419496166485, ""mean_cost_per_unit"": 21.913163958983894, ""capacity_utilization"": 4632078.95, ""feasible"": false, ""n_runs"": 20, ""eligibility"": ""NO_CONCLUSION""}, {""value"": 30.0, ""strategy_id"": ""S5"", ""mean_fill"": 0.9988355210996342, ""p_meet"": 1.0, ""mean_cost"": 19995658.30233899, ""mcse_cost"": 13862.243855359993, ""mean_shortage_days"": 3.80052026286966, ""mean_cost_per_unit"": 21.234268673863262, ""capacity_utilization"": 4708423.25, ""feasible"": true, ""n_runs"": 20, ""eligibility"": ""NO_CONCLUSION""}, {""value"": 21.0, ""strategy_id"": ""S5"", ""mean_fill"": 0.9979711147763103, ""p_meet"": 0.9, ""mean_cost"": 20118248.13508783, ""mcse_cost"": 14021.103815088583, ""mean_shortage_days"": 5.550759857612267, ""mean_cost_per_unit"": 21.38319116377186, ""capacity_utilization"": 4704337.7, ""feasible"": true, ""n_runs"": 20, ""eligibility"": ""NO_CONCLUSION""}, {""value"": 16.5, ""strategy_id"": ""S5"", ""mean_fill"": 0.9927280386985574, ""p_meet"": 0.75, ""mean_cost"": 20186050.086431887, ""mcse_cost"": 18335.500363517538, ""mean_shortage_days"": 12.56171960569551, ""mean_cost_per_unit"": 21.570193823745623, ""capacity_utilization"": 4679468.9, ""feasible"": false, ""n_runs"": 20, ""eligibility"": ""NO_CONCLUSION""}, {""value"": 18.75, ""strategy_id"": ""S5"", ""mean_fill"": 0.9959388529971787, ""p_meet"": 0.85, ""mean_cost"": 20140403.339616068, ""mcse_cost"": 15300.109768581364, ""mean_shortage_days"": 8.851211664841184, ""mean_cost_per_unit"": 21.45063764870209, ""capacity_utilization"": 4694649.65, ""feasible"": false, ""n_runs"": 20, ""eligibility"": ""NO_CONCLUSION""}, {""value"": 19.875, ""strategy_id"": ""S5"", ""mean_fill"": 0.9970222153620891, ""p_meet"": 0.95, ""mean_cost"": 20114943.08863701, ""mcse_cost"": 14181.422658085045, ""mean_shortage_days"": 7.2509926067908, ""mean_cost_per_unit"": 21.399992364798845, ""capacity_utilization"": 4699823.25, ""feasible"": true, ""n_runs"": 20, ""eligibility"": ""NO_CONCLUSION""}, {""value"": 19.3125, ""strategy_id"": ""S5"", ""mean_fill"": 0.9964546270558439, ""p_meet"": 0.85, ""mean_cost"": 20134401.63112933, ""mcse_cost"": 18317.102425331064, ""mean_shortage_days"": 8.271132256297916, ""mean_cost_per_unit"": 21.432749890015877, ""capacity_utilization"": 4697120.95, ""feasible"": false, ""n_runs"": 20, ""eligibility"": ""NO_CONCLUSION""}]",bisection over 5 steps on 20 paired runs,19.3125,19.875
S5,norepinephrine_1mgml_4ml,raw_material_lead_time,product.material_lead_time_days,30.0,90.0,240.0,True,True,,feasible_everywhere,"[{""value"": 30.0, ""strategy_id"": ""S5"", ""mean_fill"": 0.9982936386920546, ""p_meet"": 1.0, ""mean_cost"": 20067093.006673884, ""mcse_cost"": 15509.741594734453, ""mean_shortage_days"": 5.000684556407448, ""mean_cost_per_unit"": 21.321740501431417, ""capacity_utilization"": 4705853.75, ""feasible"": true, ""n_runs"": 20, ""eligibility"": ""NO_CONCLUSION""}, {""value"": 240.0, ""strategy_id"": ""S5"", ""mean_fill"": 0.996823576558522, ""p_meet"": 0.95, ""mean_cost"": 20039264.064282812, ""mcse_cost"": 13030.442868035603, ""mean_shortage_days"": 7.981092552026287, ""mean_cost_per_unit"": 21.323441785108468, ""capacity_utilization"": 4698616.7, ""feasible"": true, ""n_runs"": 20, ""eligibility"": ""NO_CONCLUSION""}]",feasibility does not change between 30.0 and 240.0; no threshold inside the recorded range,,
S5,norepinephrine_1mgml_4ml,common_cause_dependence,global.common_cause_events_per_year,0.02,0.1,0.3,True,True,,feasible_everywhere,"[{""value"": 0.02, ""strategy_id"": ""S5"", ""mean_fill"": 0.9987399594913453, ""p_meet"": 1.0, ""mean_cost"": 20054746.749345154, ""mcse_cost"": 12224.821947378534, ""mean_shortage_days"": 3.9705435377875142, ""mean_cost_per_unit"": 21.299276891545766, ""capacity_utilization"": 4707986.9, ""feasible"": true, ""n_runs"": 20, ""eligibility"": ""NO_CONCLUSION""}, {""value"": 0.3, ""strategy_id"": ""S5"", ""mean_fill"": 0.9920353693547458, ""p_meet"": 0.9, ""mean_cost"": 20040691.15861999, ""mcse_cost"": 28367.719545162883, ""mean_shortage_days"": 12.451704545454547, ""mean_cost_per_unit"": 21.437869308613084, ""capacity_utilization"": 4675613.7, ""feasible"": true, ""n_runs"": 20, ""eligibility"": ""NO_CONCLUSION""}]",feasibility does not change between 0.02 and 0.3; no threshold inside the recorded range,,
S5,norepinephrine_1mgml_4ml,supplier_concentration,global.supplier_disruptions_per_supplier_year,0.05,0.2,0.6,True,True,,feasible_everywhere,"[{""value"": 0.05, ""strategy_id"": ""S5"", ""mean_fill"": 0.998414619848428, ""p_meet"": 1.0, ""mean_cost"": 20055270.571163446, ""mcse_cost"": 12048.147650771742, ""mean_shortage_days"": 4.740648959474261, ""mean_cost_per_unit"": 21.30672245518269, ""capacity_utilization"": 4706417.45, ""feasible"": true, ""n_runs"": 20, ""eligibility"": ""NO_CONCLUSION""}, {""value"": 0.6, ""strategy_id"": ""S5"", ""mean_fill"": 0.9962973089964355, ""p_meet"": 0.95, ""mean_cost"": 20045313.49025341, ""mcse_cost"": 12105.61897930775, ""mean_shortage_days"": 7.991093921139101, ""mean_cost_per_unit"": 21.341973042288117, ""capacity_utilization"": 4696380.7, ""feasible"": true, ""n_runs"": 20, ""eligibility"": ""NO_CONCLUSION""}]",feasibility does not change between 0.05 and 0.6; no threshold inside the recorded range,,
S5,norepinephrine_1mgml_4ml,commissioning_days,global.node_commissioning_days,365.0,730.0,1095.0,True,True,,feasible_everywhere,"[{""value"": 365.0, ""strategy_id"": ""S5"", ""mean_fill"": 0.9989635889527598, ""p_meet"": 1.0, ""mean_cost"": 20381046.130161017, ""mcse_cost"": 20284.457196128362, ""mean_shortage_days"": 3.6605010952902517, ""mean_cost_per_unit"": 21.64079956448824, ""capacity_utilization"": 4709027.3, ""feasible"": true, ""n_runs"": 20, ""eligibility"": ""NO_CONCLUSION""}, {""value"": 1095.0, ""strategy_id"": ""S5"", ""mean_fill"": 0.9967423587640043, ""p_meet"": 0.95, ""mean_cost"": 19734483.087720968, ""mcse_cost"": 17934.91278790821, ""mean_shortage_days"": 7.441018619934281, ""mean_cost_per_unit"": 21.001331169134833, ""capacity_utilization"": 4698453.5, ""feasible"": true, ""n_runs"": 20, ""eligibility"": ""NO_CONCLUSION""}]",feasibility does not change between 365.0 and 1095.0; no threshold inside the recorded range,,
S5,norepinephrine_1mgml_4ml,activation_latency_days,global.reserved_capacity_activation_days,7.0,21.0,60.0,True,True,,feasible_everywhere,"[{""value"": 7.0, ""strategy_id"": ""S5"", ""mean_fill"": 0.9982622203729197, ""p_meet"": 1.0, ""mean_cost"": 20070394.0706144, ""mcse_cost"": 15058.796172952734, ""mean_shortage_days"": 5.090696878422783, ""mean_cost_per_unit"": 21.32593884291324, ""capacity_utilization"": 4705707.45, ""feasible"": true, ""n_runs"": 20, ""eligibility"": ""NO_CONCLUSION""}, {""value"": 60.0, ""strategy_id"": ""S5"", ""mean_fill"": 0.9982622203729197, ""p_meet"": 1.0, ""mean_cost"": 20070394.0706144, ""mcse_cost"": 15058.796172952734, ""mean_shortage_days"": 5.090696878422783, ""mean_cost_per_unit"": 21.32593884291324, ""capacity_utilization"": 4705707.45, ""feasible"": true, ""n_runs"": 20, ""eligibility"": ""NO_CONCLUSION""}]",feasibility does not change between 7.0 and 60.0; no threshold inside the recorded range,,
S5,norepinephrine_1mgml_4ml,node_capital,product.capital_usd_per_site,15000000.0,40000000.0,100000000.0,True,True,,feasible_everywhere,"[{""value"": 15000000.0, ""strategy_id"": ""S5"", ""mean_fill"": 0.9982622203729197, ""p_meet"": 1.0, ""mean_cost"": 14441115.60607725, ""mcse_cost"": 15058.79617295268, ""mean_shortage_days"": 5.090696878422783, ""mean_cost_per_unit"": 15.344313666637063, ""capacity_utilization"": 4705707.45, ""feasible"": true, ""n_runs"": 20, ""eligibility"": ""NO_CONCLUSION""}, {""value"": 100000000.0, ""strategy_id"": ""S5"", ""mean_fill"": 0.9982622203729197, ""p_meet"": 1.0, ""mean_cost"": 33580662.38550158, ""mcse_cost"": 15058.796172952812, ""mean_shortage_days"": 5.090696878422783, ""mean_cost_per_unit"": 35.68183926597394, ""capacity_utilization"": 4705707.45, ""feasible"": true, ""n_runs"": 20, ""eligibility"": ""NO_CONCLUSION""}]",feasibility does not change between 15000000.0 and 100000000.0; no threshold inside the recorded range,,
S5,norepinephrine_1mgml_4ml,batches_per_site_year,product.batches_per_site_year_nominal,30.0,45.0,70.0,False,True,40.625,feasible_above,"[{""value"": 30.0, ""strategy_id"": ""S5"", ""mean_fill"": 0.9235888243070718, ""p_meet"": 0.0, ""mean_cost"": 19513283.81421321, ""mcse_cost"": 23442.89860113975, ""mean_shortage_days"": 142.55951533406352, ""mean_cost_per_unit"": 22.466614244447044, ""capacity_utilization"": 4350234.85, ""feasible"": false, ""n_runs"": 20, ""eligibility"": ""NO_CONCLUSION""}, {""value"": 70.0, ""strategy_id"": ""S5"", ""mean_fill"": 0.9988921860844622, ""p_meet"": 1.0, ""mean_cost"": 20063276.540215053, ""mcse_cost"": 12835.231692646617, ""mean_shortage_days"": 3.1904367469879515, ""mean_cost_per_unit"": 21.30571147031376, ""capacity_utilization"": 4708544.9, ""feasible"": true, ""n_runs"": 20, ""eligibility"": ""NO_CONCLUSION""}, {""value"": 50.0, ""strategy_id"": ""S5"", ""mean_fill"": 0.9989185677521103, ""p_meet"": 1.0, ""mean_cost"": 20047334.558627594, ""mcse_cost"": 13820.224118147617, ""mean_shortage_days"": 3.600492880613362, ""mean_cost_per_unit"": 21.28830899136262, ""capacity_utilization"": 4708676.75, ""feasible"": true, ""n_runs"": 20, ""eligibility"": ""NO_CONCLUSION""}, {""value"": 40.0, ""strategy_id"": ""S5"", ""mean_fill"": 0.9945039378304548, ""p_meet"": 0.85, ""mean_cost"": 20032858.907134555, ""mcse_cost"": 17064.45634012801, ""mean_shortage_days"": 10.941497809419497, ""mean_cost_per_unit"": 21.36649314269353, ""capacity_utilization"": 4687559.4, ""feasible"": false, ""n_runs"": 20, ""eligibility"": ""NO_CONCLUSION""}, {""value"": 45.0, ""strategy_id"": ""S5"", ""mean_fill"": 0.9982622203729197, ""p_meet"": 1.0, ""mean_cost"": 20070394.0706144, ""mcse_cost"": 15058.796172952734, ""mean_shortage_days"": 5.090696878422783, ""mean_cost_per_unit"": 21.32593884291324, ""capacity_utilization"": 4705707.45, ""feasible"": true, ""n_runs"": 20, ""eligibility"": ""NO_CONCLUSION""}, {""value"": 42.5, ""strategy_id"": ""S5"", ""mean_fill"": 0.9983678429618127, ""p_meet"": 1.0, ""mean_cost"": 20065020.47540989, ""mcse_cost"": 12765.906355633622, ""mean_shortage_days"": 4.900670865279299, ""mean_cost_per_unit"": 21.318071595856914, ""capacity_utilization"": 4706211.3, ""feasible"": true, ""n_runs"": 20, ""eligibility"": ""NO_CONCLUSION""}, {""value"": 41.25, ""strategy_id"": ""S5"", ""mean_fill"": 0.9977752662661322, ""p_meet"": 0.95, ""mean_cost"": 20048865.456289377, ""mcse_cost"": 12043.650241204225, ""mean_shortage_days"": 5.450746166484118, ""mean_cost_per_unit"": 21.31357560761348, ""capacity_utilization"": 4703388.25, ""feasible"": true, ""n_runs"": 20, ""eligibility"": ""NO_CONCLUSION""}]",bisection over 5 steps on 20 paired runs,40.0,41.25
S5,norepinephrine_1mgml_4ml,changeover_burden,product.changeover_days,1.0,3.0,10.0,True,False,7.609375,feasible_below,"[{""value"": 1.0, ""strategy_id"": ""S5"", ""mean_fill"": 0.9987980025221852, ""p_meet"": 1.0, ""mean_cost"": 20061742.347238354, ""mcse_cost"": 12081.331908214404, ""mean_shortage_days"": 4.470611993428258, ""mean_cost_per_unit"": 21.305945406788272, ""capacity_utilization"": 4708153.95, ""feasible"": true, ""n_runs"": 20, ""eligibility"": ""NO_CONCLUSION""}, {""value"": 10.0, ""strategy_id"": ""S5"", ""mean_fill"": 0.965115094238713, ""p_meet"": 0.15, ""mean_cost"": 19561620.804802917, ""mcse_cost"": 15472.438463625185, ""mean_shortage_days"": 80.1109665936473, ""mean_cost_per_unit"": 21.52846961049719, ""capacity_utilization"": 4545861.1, ""feasible"": false, ""n_runs"": 20, ""eligibility"": ""NO_CONCLUSION""}, {""value"": 5.5, ""strategy_id"": ""S5"", ""mean_fill"": 0.9980549814406988, ""p_meet"": 1.0, ""mean_cost"": 20037781.89717048, ""mcse_cost"": 15579.249019413919, ""mean_shortage_days"": 5.890806407447973, ""mean_cost_per_unit"": 21.29584159558717, ""capacity_utilization"": 4704656.9, ""feasible"": true, ""n_runs"": 20, ""eligibility"": ""NO_CONCLUSION""}, {""value"": 7.75, ""strategy_id"": ""S5"", ""mean_fill"": 0.9931722657977018, ""p_meet"": 0.8, ""mean_cost"": 19931097.777928907, ""mcse_cost"": 19147.013607826208, ""mean_shortage_days"": 14.972049561883901, ""mean_cost_per_unit"": 21.28776852572228, ""capacity_utilization"": 4680967.6, ""feasible"": false, ""n_runs"": 20, ""eligibility"": ""NO_CONCLUSION""}, {""value"": 6.625, ""strategy_id"": ""S5"", ""mean_fill"": 0.997767003287829, ""p_meet"": 1.0, ""mean_cost"": 20001095.741952848, ""mcse_cost"": 13872.975467146553, ""mean_shortage_days"": 6.350869386637459, ""mean_cost_per_unit"": 21.263687030555676, ""capacity_utilization"": 4703209.25, ""feasible"": true, ""n_runs"": 20, ""eligibility"": ""NO_CONCLUSION""}, {""value"": 7.1875, ""strategy_id"": ""S5"", ""mean_fill"": 0.997767003287829, ""p_meet"": 1.0, ""mean_cost"": 20001095.741952848, ""mcse_cost"": 13872.975467146553, ""mean_shortage_days"": 6.350869386637459, ""mean_cost_per_unit"": 21.263687030555676, ""capacity_utilization"": 4703209.25, ""feasible"": true, ""n_runs"": 20, ""eligibility"": ""NO_CONCLUSION""}, {""value"": 7.46875, ""strategy_id"": ""S5"", ""mean_fill"": 0.997767003287829, ""p_meet"": 1.0, ""mean_cost"": 20001095.741952848, ""mcse_cost"": 13872.975467146553, ""mean_shortage_days"": 6.350869386637459, ""mean_cost_per_unit"": 21.263687030555676, ""capacity_utilization"": 4703209.25, ""feasible"": true, ""n_runs"": 20, ""eligibility"": ""NO_CONCLUSION""}]",bisection over 5 steps on 20 paired runs,7.46875,7.75
S6,norepinephrine_1mgml_4ml,capacity_utilization,product.annual_demand_units,500000.0,900000.0,1800000.0,True,False,926562.5,feasible_below,"[{""value"": 500000.0, ""strategy_id"": ""S6"", ""mean_fill"": 0.9993110235505268, ""p_meet"": 1.0, ""mean_cost"": 19727986.558429014, ""mcse_cost"": 10287.304798973966, ""mean_shortage_days"": 2.3503217415115008, ""mean_cost_per_unit"": 37.69272599303363, ""capacity_utilization"": 2617037.95, ""feasible"": true, ""n_runs"": 20, ""eligibility"": ""NO_CONCLUSION""}, {""value"": 1800000.0, ""strategy_id"": ""S6"", ""mean_fill"": 0.687607850044315, ""p_meet"": 0.0, ""mean_cost"": 21802292.32231752, ""mcse_cost"": 30578.467100452566, ""mean_shortage_days"": 254.9449000547645, ""mean_cost_per_unit"": 16.900027135827855, ""capacity_utilization"": 6457832.65, ""feasible"": false, ""n_runs"": 20, ""eligibility"": ""NO_CONCLUSION""}, {""value"": 1150000.0, ""strategy_id"": ""S6"", ""mean_fill"": 0.9773043216574726, ""p_meet"": 0.55, ""mean_cost"": 21526381.800290912, ""mcse_cost"": 31244.580531850606, ""mean_shortage_days"": 41.315655805038325, ""mean_cost_per_unit"": 18.296922977491498, ""capacity_utilization"": 5884860.95, ""feasible"": false, ""n_runs"": 20, ""eligibility"": ""NO_CONCLUSION""}, {""value"": 825000.0, ""strategy_id"": ""S6"", ""mean_fill"": 0.998187758411645, ""p_meet"": 1.0, ""mean_cost"": 20792184.849315733, ""mcse_cost"": 15346.659850820473, ""mean_shortage_days"": 4.76065169769989, ""mean_cost_per_unit"": 24.103397792616075, ""capacity_utilization"": 4313251.75, ""feasible"": true, ""n_runs"": 20, ""eligibility"": ""NO_CONCLUSION""}, {""value"": 987500.0, ""strategy_id"": ""S6"", ""mean_fill"": 0.9950329024114039, ""p_meet"": 0.85, ""mean_cost"": 21337787.82587257, ""mcse_cost"": 16835.824427776188, ""mean_shortage_days"": 10.801478641840088, ""mean_cost_per_unit"": 20.73086386176675, ""capacity_utilization"": 5146125.9, ""feasible"": false, ""n_runs"": 20, ""eligibility"": ""NO_CONCLUSION""}, {""value"": 906250.0, ""strategy_id"": ""S6"", ""mean_fill"": 0.9979236815567718, ""p_meet"": 1.0, ""mean_cost"": 21072388.835235402, ""mcse_cost"": 14294.054514363468, ""mean_shortage_days"": 4.9106722343921145, ""mean_cost_per_unit"": 22.243639544768662, ""capacity_utilization"": 4736738.0, ""feasible"": true, ""n_runs"": 20, ""eligibility"": ""NO_CONCLUSION""}, {""value"": 946875.0, ""strategy_id"": ""S6"", ""mean_fill"": 0.995728192259684, ""p_meet"": 0.8, ""mean_cost"": 21218965.784611143, ""mcse_cost"": 13435.48853942144, ""mean_shortage_days"": 9.11124726177437, ""mean_cost_per_unit"": 21.484540725697915, ""capacity_utilization"": 4937909.2, ""feasible"": false, ""n_runs"": 20, ""eligibility"": ""NO_CONCLUSION""}]",bisection over 5 steps on 20 paired runs,906250.0,946875.0
S6,norepinephrine_1mgml_4ml,fixed_qa_labor_per_node,product.fixed_qa_labor_usd_per_site_year,1500000.0,3000000.0,6000000.0,True,True,,feasible_everywhere,"[{""value"": 1500000.0, ""strategy_id"": ""S6"", ""mean_fill"": 0.9982622203729197, ""p_meet"": 1.0, ""mean_cost"": 18499517.21670209, ""mcse_cost"": 15058.796172952705, ""mean_shortage_days"": 5.090696878422783, ""mean_cost_per_unit"": 19.6567379679901, ""capacity_utilization"": 4705707.45, ""feasible"": true, ""n_runs"": 20, ""eligibility"": ""NO_CONCLUSION""}, {""value"": 6000000.0, ""strategy_id"": ""S6"", ""mean_fill"": 0.9982622203729197, ""p_meet"": 1.0, ""mean_cost"": 26190565.640157055, ""mcse_cost"": 15058.796172952672, ""mean_shortage_days"": 5.090696878422783, ""mean_cost_per_unit"": 27.829183010727924, ""capacity_utilization"": 4705707.45, ""feasible"": true, ""n_runs"": 20, ""eligibility"": ""NO_CONCLUSION""}]",feasibility does not change between 1500000.0 and 6000000.0; no threshold inside the recorded range,,
S6,norepinephrine_1mgml_4ml,release_time,global.sterility_incubation_days,14.0,14.0,18.0,True,True,,feasible_everywhere,"[{""value"": 14.0, ""strategy_id"": ""S6"", ""mean_fill"": 0.9982622203729197, ""p_meet"": 1.0, ""mean_cost"": 21063200.024520412, ""mcse_cost"": 15058.796172952572, ""mean_shortage_days"": 5.090696878422783, ""mean_cost_per_unit"": 22.380886315569377, ""capacity_utilization"": 4705707.45, ""feasible"": true, ""n_runs"": 20, ""eligibility"": ""NO_CONCLUSION""}, {""value"": 18.0, ""strategy_id"": ""S6"", ""mean_fill"": 0.9979502837965739, ""p_meet"": 1.0, ""mean_cost"": 21060423.221139878, ""mcse_cost"": 15166.764776582015, ""mean_shortage_days"": 6.080832420591458, ""mean_cost_per_unit"": 22.385676061744824, ""capacity_utilization"": 4704094.0, ""feasible"": true, ""n_runs"": 20, ""eligibility"": ""NO_CONCLUSION""}]",feasibility does not change between 14.0 and 18.0; no threshold inside the recorded range,,
S6,norepinephrine_1mgml_4ml,shelf_life,product.shelf_life_months,12.0,24.0,30.0,False,True,19.59375,feasible_above,"[{""value"": 12.0, ""strategy_id"": ""S6"", ""mean_fill"": 0.9827239477442553, ""p_meet"": 0.55, ""mean_cost"": 21291208.51175782, ""mcse_cost"": 20243.210609847232, ""mean_shortage_days"": 32.284419496166485, ""mean_cost_per_unit"": 22.98500116262047, ""capacity_utilization"": 4632078.95, ""feasible"": false, ""n_runs"": 20, ""eligibility"": ""NO_CONCLUSION""}, {""value"": 30.0, ""strategy_id"": ""S6"", ""mean_fill"": 0.9988355210996342, ""p_meet"": 1.0, ""mean_cost"": 20988464.256245006, ""mcse_cost"": 13862.243855359968, ""mean_shortage_days"": 3.80052026286966, ""mean_cost_per_unit"": 22.288609006037348, ""capacity_utilization"": 4708423.25, ""feasible"": true, ""n_runs"": 20, ""eligibility"": ""NO_CONCLUSION""}, {""value"": 21.0, ""strategy_id"": ""S6"", ""mean_fill"": 0.9979711147763103, ""p_meet"": 0.9, ""mean_cost"": 21111054.088993844, ""mcse_cost"": 14021.103815088481, ""mean_shortage_days"": 5.550759857612267, ""mean_cost_per_unit"": 22.438452311141276, ""capacity_utilization"": 4704337.7, ""feasible"": true, ""n_runs"": 20, ""eligibility"": ""NO_CONCLUSION""}, {""value"": 16.5, ""strategy_id"": ""S6"", ""mean_fill"": 0.9927280386985574, ""p_meet"": 0.75, ""mean_cost"": 21178856.04033791, ""mcse_cost"": 18335.500363517574, ""mean_shortage_days"": 12.56171960569551, ""mean_cost_per_unit"": 22.631117527566325, ""capacity_utilization"": 4679468.9, ""feasible"": false, ""n_runs"": 20, ""eligibility"": ""NO_CONCLUSION""}, {""value"": 18.75, ""strategy_id"": ""S6"", ""mean_fill"": 0.9959388529971787, ""p_meet"": 0.85, ""mean_cost"": 21133209.293522086, ""mcse_cost"": 15300.109768581291, ""mean_shortage_days"": 8.851211664841184, ""mean_cost_per_unit"": 22.508064531400912, ""capacity_utilization"": 4694649.65, ""feasible"": false, ""n_runs"": 20, ""eligibility"": ""NO_CONCLUSION""}, {""value"": 19.875, ""strategy_id"": ""S6"", ""mean_fill"": 0.9970222153620891, ""p_meet"": 0.95, ""mean_cost"": 21107749.042543024, ""mcse_cost"": 14181.42265808492, ""mean_shortage_days"": 7.2509926067908, ""mean_cost_per_unit"": 22.45625606855078, ""capacity_utilization"": 4699823.25, ""feasible"": true, ""n_runs"": 20, ""eligibility"": ""NO_CONCLUSION""}, {""value"": 19.3125, ""strategy_id"": ""S6"", ""mean_fill"": 0.9964546270558439, ""p_meet"": 0.85, ""mean_cost"": 21127207.58503534, ""mcse_cost"": 18317.102425331104, ""mean_shortage_days"": 8.271132256297916, ""mean_cost_per_unit"": 22.489622851234977, ""capacity_utilization"": 4697120.95, ""feasible"": false, ""n_runs"": 20, ""eligibility"": ""NO_CONCLUSION""}]",bisection over 5 steps on 20 paired runs,19.3125,19.875
S6,norepinephrine_1mgml_4ml,raw_material_lead_time,product.material_lead_time_days,30.0,90.0,240.0,True,True,,feasible_everywhere,"[{""value"": 30.0, ""strategy_id"": ""S6"", ""mean_fill"": 0.9982936386920546, ""p_meet"": 1.0, ""mean_cost"": 21059898.9605799, ""mcse_cost"": 15509.741594734473, ""mean_shortage_days"": 5.000684556407448, ""mean_cost_per_unit"": 22.37665407891754, ""capacity_utilization"": 4705853.75, ""feasible"": true, ""n_runs"": 20, ""eligibility"": ""NO_CONCLUSION""}, {""value"": 240.0, ""strategy_id"": ""S6"", ""mean_fill"": 0.996823576558522, ""p_meet"": 0.95, ""mean_cost"": 21032070.018188827, ""mcse_cost"": 13030.442868035649, ""mean_shortage_days"": 7.981092552026287, ""mean_cost_per_unit"": 22.379877804094498, ""capacity_utilization"": 4698616.7, ""feasible"": true, ""n_runs"": 20, ""eligibility"": ""NO_CONCLUSION""}]",feasibility does not change between 30.0 and 240.0; no threshold inside the recorded range,,
S6,norepinephrine_1mgml_4ml,common_cause_dependence,global.common_cause_events_per_year,0.02,0.1,0.3,True,True,,feasible_everywhere,"[{""value"": 0.02, ""strategy_id"": ""S6"", ""mean_fill"": 0.9987399594913453, ""p_meet"": 1.0, ""mean_cost"": 21047552.703251164, ""mcse_cost"": 12224.821947378412, ""mean_shortage_days"": 3.9705435377875142, ""mean_cost_per_unit"": 22.353722862562904, ""capacity_utilization"": 4707986.9, ""feasible"": true, ""n_runs"": 20, ""eligibility"": ""NO_CONCLUSION""}, {""value"": 0.3, ""strategy_id"": ""S6"", ""mean_fill"": 0.9920353693547458, ""p_meet"": 0.9, ""mean_cost"": 21033497.112526003, ""mcse_cost"": 28367.719545162854, ""mean_shortage_days"": 12.451704545454547, ""mean_cost_per_unit"": 22.500031769009787, ""capacity_utilization"": 4675613.7, ""feasible"": true, ""n_runs"": 20, ""eligibility"": ""NO_CONCLUSION""}]",feasibility does not change between 0.02 and 0.3; no threshold inside the recorded range,,
S6,norepinephrine_1mgml_4ml,supplier_concentration,global.supplier_disruptions_per_supplier_year,0.05,0.2,0.6,True,True,,feasible_everywhere,"[{""value"": 0.05, ""strategy_id"": ""S6"", ""mean_fill"": 0.998414619848428, ""p_meet"": 1.0, ""mean_cost"": 21048076.525069453, ""mcse_cost"": 12048.147650771678, ""mean_shortage_days"": 4.740648959474261, ""mean_cost_per_unit"": 22.36150602712585, ""capacity_utilization"": 4706417.45, ""feasible"": true, ""n_runs"": 20, ""eligibility"": ""NO_CONCLUSION""}, {""value"": 0.6, ""strategy_id"": ""S6"", ""mean_fill"": 0.9962973089964355, ""p_meet"": 0.95, ""mean_cost"": 21038119.444159426, ""mcse_cost"": 12105.61897930773, ""mean_shortage_days"": 7.991093921139101, ""mean_cost_per_unit"": 22.3990139569011, ""capacity_utilization"": 4696380.7, ""feasible"": true, ""n_runs"": 20, ""eligibility"": ""NO_CONCLUSION""}]",feasibility does not change between 0.05 and 0.6; no threshold inside the recorded range,,
S6,norepinephrine_1mgml_4ml,commissioning_days,global.node_commissioning_days,365.0,730.0,1095.0,True,True,,feasible_everywhere,"[{""value"": 365.0, ""strategy_id"": ""S6"", ""mean_fill"": 0.9989635889527598, ""p_meet"": 1.0, ""mean_cost"": 21387780.82188374, ""mcse_cost"": 20284.457196128304, ""mean_shortage_days"": 3.6605010952902517, ""mean_cost_per_unit"": 22.709795040523915, ""capacity_utilization"": 4709027.3, ""feasible"": true, ""n_runs"": 20, ""eligibility"": ""NO_CONCLUSION""}, {""value"": 1095.0, ""strategy_id"": ""S6"", ""mean_fill"": 0.9967423587640043, ""p_meet"": 0.95, ""mean_cost"": 20713360.303810246, ""mcse_cost"": 17934.912787908255, ""mean_shortage_days"": 7.441018619934281, ""mean_cost_per_unit"": 22.043088324868442, ""capacity_utilization"": 4698453.5, ""feasible"": true, ""n_runs"": 20, ""eligibility"": ""NO_CONCLUSION""}]",feasibility does not change between 365.0 and 1095.0; no threshold inside the recorded range,,
S6,norepinephrine_1mgml_4ml,activation_latency_days,global.reserved_capacity_activation_days,7.0,21.0,60.0,True,True,,feasible_everywhere,"[{""value"": 7.0, ""strategy_id"": ""S6"", ""mean_fill"": 0.9982622203729197, ""p_meet"": 1.0, ""mean_cost"": 21063200.024520412, ""mcse_cost"": 15058.796172952572, ""mean_shortage_days"": 5.090696878422783, ""mean_cost_per_unit"": 22.380886315569377, ""capacity_utilization"": 4705707.45, ""feasible"": true, ""n_runs"": 20, ""eligibility"": ""NO_CONCLUSION""}, {""value"": 60.0, ""strategy_id"": ""S6"", ""mean_fill"": 0.9982622203729197, ""p_meet"": 1.0, ""mean_cost"": 21063200.024520412, ""mcse_cost"": 15058.796172952572, ""mean_shortage_days"": 5.090696878422783, ""mean_cost_per_unit"": 22.380886315569377, ""capacity_utilization"": 4705707.45, ""feasible"": true, ""n_runs"": 20, ""eligibility"": ""NO_CONCLUSION""}]",feasibility does not change between 7.0 and 60.0; no threshold inside the recorded range,,
S6,norepinephrine_1mgml_4ml,node_capital,product.capital_usd_per_site,15000000.0,40000000.0,100000000.0,True,True,,feasible_everywhere,"[{""value"": 15000000.0, ""strategy_id"": ""S6"", ""mean_fill"": 0.9982622203729197, ""p_meet"": 1.0, ""mean_cost"": 15433921.559983263, ""mcse_cost"": 15058.796172952621, ""mean_shortage_days"": 5.090696878422783, ""mean_cost_per_unit"": 16.3992611392932, ""capacity_utilization"": 4705707.45, ""feasible"": true, ""n_runs"": 20, ""eligibility"": ""NO_CONCLUSION""}, {""value"": 100000000.0, ""strategy_id"": ""S6"", ""mean_fill"": 0.9982622203729197, ""p_meet"": 1.0, ""mean_cost"": 34573468.339407586, ""mcse_cost"": 15058.79617295261, ""mean_shortage_days"": 5.090696878422783, ""mean_cost_per_unit"": 36.73678673863009, ""capacity_utilization"": 4705707.45, ""feasible"": true, ""n_runs"": 20, ""eligibility"": ""NO_CONCLUSION""}]",feasibility does not change between 15000000.0 and 100000000.0; no threshold inside the recorded range,,
S6,norepinephrine_1mgml_4ml,batches_per_site_year,product.batches_per_site_year_nominal,30.0,45.0,70.0,False,True,40.625,feasible_above,"[{""value"": 30.0, ""strategy_id"": ""S6"", ""mean_fill"": 0.9235888243070718, ""p_meet"": 0.0, ""mean_cost"": 20506089.768119223, ""mcse_cost"": 23442.89860113969, ""mean_shortage_days"": 142.55951533406352, ""mean_cost_per_unit"": 23.609953043427083, ""capacity_utilization"": 4350234.85, ""feasible"": false, ""n_runs"": 20, ""eligibility"": ""NO_CONCLUSION""}, {""value"": 70.0, ""strategy_id"": ""S6"", ""mean_fill"": 0.9988921860844622, ""p_meet"": 1.0, ""mean_cost"": 21056082.494121067, ""mcse_cost"": 12835.231692646574, ""mean_shortage_days"": 3.1904367469879515, ""mean_cost_per_unit"": 22.36002110607468, ""capacity_utilization"": 4708544.9, ""feasible"": true, ""n_runs"": 20, ""eligibility"": ""NO_CONCLUSION""}, {""value"": 50.0, ""strategy_id"": ""S6"", ""mean_fill"": 0.9989185677521103, ""p_meet"": 1.0, ""mean_cost"": 21040140.512533613, ""mcse_cost"": 13820.224118147478, ""mean_shortage_days"": 3.600492880613362, ""mean_cost_per_unit"": 22.34259177822627, ""capacity_utilization"": 4708676.75, ""feasible"": true, ""n_runs"": 20, ""eligibility"": ""NO_CONCLUSION""}, {""value"": 40.0, ""strategy_id"": ""S6"", ""mean_fill"": 0.9945039378304548, ""p_meet"": 0.85, ""mean_cost"": 21025664.861040574, ""mcse_cost"": 17064.456340127985, ""mean_shortage_days"": 10.941497809419497, ""mean_cost_per_unit"": 22.425408134420024, ""capacity_utilization"": 4687559.4, ""feasible"": false, ""n_runs"": 20, ""eligibility"": ""NO_CONCLUSION""}, {""value"": 45.0, ""strategy_id"": ""S6"", ""mean_fill"": 0.9982622203729197, ""p_meet"": 1.0, ""mean_cost"": 21063200.024520412, ""mcse_cost"": 15058.796172952572, ""mean_shortage_days"": 5.090696878422783, ""mean_cost_per_unit"": 22.380886315569377, ""capacity_utilization"": 4705707.45, ""feasible"": true, ""n_runs"": 20, ""eligibility"": ""NO_CONCLUSION""}, {""value"": 42.5, ""strategy_id"": ""S6"", ""mean_fill"": 0.9983678429618127, ""p_meet"": 1.0, ""mean_cost"": 21057826.4293159, ""mcse_cost"": 12765.906355633508, ""mean_shortage_days"": 4.900670865279299, ""mean_cost_per_unit"": 22.372908308558607, ""capacity_utilization"": 4706211.3, ""feasible"": true, ""n_runs"": 20, ""eligibility"": ""NO_CONCLUSION""}, {""value"": 41.25, ""strategy_id"": ""S6"", ""mean_fill"": 0.9977752662661322, ""p_meet"": 0.95, ""mean_cost"": 21041671.410195388, ""mcse_cost"": 12043.650241203999, ""mean_shortage_days"": 5.450746166484118, ""mean_cost_per_unit"": 22.369037761873773, ""capacity_utilization"": 4703388.25, ""feasible"": true, ""n_runs"": 20, ""eligibility"": ""NO_CONCLUSION""}]",bisection over 5 steps on 20 paired runs,40.0,41.25
S6,norepinephrine_1mgml_4ml,changeover_burden,product.changeover_days,1.0,3.0,10.0,True,False,7.609375,feasible_below,"[{""value"": 1.0, ""strategy_id"": ""S6"", ""mean_fill"": 0.9987980025221852, ""p_meet"": 1.0, ""mean_cost"": 21054548.301144365, ""mcse_cost"": 12081.331908214468, ""mean_shortage_days"": 4.470611993428258, ""mean_cost_per_unit"": 22.360349581072107, ""capacity_utilization"": 4708153.95, ""feasible"": true, ""n_runs"": 20, ""eligibility"": ""NO_CONCLUSION""}, {""value"": 10.0, ""strategy_id"": ""S6"", ""mean_fill"": 0.965115094238713, ""p_meet"": 0.15, ""mean_cost"": 20554426.758708928, ""mcse_cost"": 15472.438463625118, ""mean_shortage_days"": 80.1109665936473, ""mean_cost_per_unit"": 22.621199201504233, ""capacity_utilization"": 4545861.1, ""feasible"": false, ""n_runs"": 20, ""eligibility"": ""NO_CONCLUSION""}, {""value"": 5.5, ""strategy_id"": ""S6"", ""mean_fill"": 0.9980549814406988, ""p_meet"": 1.0, ""mean_cost"": 21030587.85107649, ""mcse_cost"": 15579.249019413943, ""mean_shortage_days"": 5.890806407447973, ""mean_cost_per_unit"": 22.351014306952255, ""capacity_utilization"": 4704656.9, ""feasible"": true, ""n_runs"": 20, ""eligibility"": ""NO_CONCLUSION""}, {""value"": 7.75, ""strategy_id"": ""S6"", ""mean_fill"": 0.9931722657977018, ""p_meet"": 0.8, ""mean_cost"": 20923903.731834915, ""mcse_cost"": 19147.013607826222, ""mean_shortage_days"": 14.972049561883901, ""mean_cost_per_unit"": 22.348171635856065, ""capacity_utilization"": 4680967.6, ""feasible"": false, ""n_runs"": 20, ""eligibility"": ""NO_CONCLUSION""}, {""value"": 6.625, ""strategy_id"": ""S6"", ""mean_fill"": 0.997767003287829, ""p_meet"": 1.0, ""mean_cost"": 20993901.69585886, ""mcse_cost"": 13872.975467146596, ""mean_shortage_days"": 6.350869386637459, ""mean_cost_per_unit"": 22.319185643596153, ""capacity_utilization"": 4703209.25, ""feasible"": true, ""n_runs"": 20, ""eligibility"": ""NO_CONCLUSION""}, {""value"": 7.1875, ""strategy_id"": ""S6"", ""mean_fill"": 0.997767003287829, ""p_meet"": 1.0, ""mean_cost"": 20993901.69585886, ""mcse_cost"": 13872.975467146596, ""mean_shortage_days"": 6.350869386637459, ""mean_cost_per_unit"": 22.319185643596153, ""capacity_utilization"": 4703209.25, ""feasible"": true, ""n_runs"": 20, ""eligibility"": ""NO_CONCLUSION""}, {""value"": 7.46875, ""strategy_id"": ""S6"", ""mean_fill"": 0.997767003287829, ""p_meet"": 1.0, ""mean_cost"": 20993901.69585886, ""mcse_cost"": 13872.975467146596, ""mean_shortage_days"": 6.350869386637459, ""mean_cost_per_unit"": 22.319185643596153, ""capacity_utilization"": 4703209.25, ""feasible"": true, ""n_runs"": 20, ""eligibility"": ""NO_CONCLUSION""}]",bisection over 5 steps on 20 paired runs,7.46875,7.75
S7,norepinephrine_1mgml_4ml,capacity_utilization,product.annual_demand_units,500000.0,900000.0,1800000.0,True,False,1048437.5,feasible_below,"[{""value"": 500000.0, ""strategy_id"": ""S7"", ""mean_fill"": 0.9997812989408711, ""p_meet"": 1.0, ""mean_cost"": 14796204.049251396, ""mcse_cost"": 11006.671846106265, ""mean_shortage_days"": 0.9101245892661556, ""mean_cost_per_unit"": 28.25804286924069, ""capacity_utilization"": 2618131.5, ""feasible"": true, ""n_runs"": 20, ""eligibility"": ""NO_CONCLUSION""}, {""value"": 1800000.0, ""strategy_id"": ""S7"", ""mean_fill"": 0.658006560187624, ""p_meet"": 0.0, ""mean_cost"": 16387724.403395373, ""mcse_cost"": 24698.038648572918, ""mean_shortage_days"": 223.86064485213583, ""mean_cost_per_unit"": 13.300036472702896, ""capacity_utilization"": 6169673.0, ""feasible"": false, ""n_runs"": 20, ""eligibility"": ""NO_CONCLUSION""}, {""value"": 1150000.0, ""strategy_id"": ""S7"", ""mean_fill"": 0.9739711969322279, ""p_meet"": 0.45, ""mean_cost"": 16156656.208183601, ""mcse_cost"": 27553.52120411769, ""mean_shortage_days"": 53.22728641840088, ""mean_cost_per_unit"": 13.793503688063698, ""capacity_utilization"": 5862237.0, ""feasible"": false, ""n_runs"": 20, ""eligibility"": ""NO_CONCLUSION""}, {""value"": 825000.0, ""strategy_id"": ""S7"", ""mean_fill"": 0.9977336102247574, ""p_meet"": 0.95, ""mean_cost"": 15675854.557957005, ""mcse_cost"": 15961.29316986886, ""mean_shortage_days"": 5.100698247535598, ""mean_cost_per_unit"": 18.181709426863964, ""capacity_utilization"": 4310935.65, ""feasible"": true, ""n_runs"": 20, ""eligibility"": ""NO_CONCLUSION""}, {""value"": 987500.0, ""strategy_id"": ""S7"", ""mean_fill"": 0.9964473940688144, ""p_meet"": 0.95, ""mean_cost"": 16068268.094758356, ""mcse_cost"": 23978.8001203931, ""mean_shortage_days"": 6.760925520262869, ""mean_cost_per_unit"": 15.591068506433038, ""capacity_utilization"": 5153309.45, ""feasible"": true, ""n_runs"": 20, ""eligibility"": ""NO_CONCLUSION""}, {""value"": 1068750.0, ""strategy_id"": ""S7"", ""mean_fill"": 0.9904277957842103, ""p_meet"": 0.8, ""mean_cost"": 16144537.487231791, ""mcse_cost"": 30907.08984520926, ""mean_shortage_days"": 16.652279572836797, ""mean_cost_per_unit"": 14.567865935083006, ""capacity_utilization"": 5543054.9, ""feasible"": false, ""n_runs"": 20, ""eligibility"": ""NO_CONCLUSION""}, {""value"": 1028125.0, ""strategy_id"": ""S7"", ""mean_fill"": 0.9937574012496325, ""p_meet"": 0.9, ""mean_cost"": 16131145.712320428, ""mcse_cost"": 29895.244393074867, ""mean_shortage_days"": 10.3414156626506, ""mean_cost_per_unit"": 15.077557062769083, ""capacity_utilization"": 5350646.05, ""feasible"": true, ""n_runs"": 20, ""eligibility"": ""NO_CONCLUSION""}]",bisection over 5 steps on 20 paired runs,1028125.0,1068750.0
S7,norepinephrine_1mgml_4ml,fixed_qa_labor_per_node,product.fixed_qa_labor_usd_per_site_year,1500000.0,3000000.0,6000000.0,True,True,,feasible_everywhere,"[{""value"": 1500000.0, ""strategy_id"": ""S7"", ""mean_fill"": 0.9972217335519291, ""p_meet"": 0.95, ""mean_cost"": 13734165.35416308, ""mcse_cost"": 19944.67408234601, ""mean_shortage_days"": 5.000684556407447, ""mean_cost_per_unit"": 14.610200804920648, ""capacity_utilization"": 4700409.65, ""feasible"": true, ""n_runs"": 20, ""eligibility"": ""NO_CONCLUSION""}, {""value"": 6000000.0, ""strategy_id"": ""S7"", ""mean_fill"": 0.9972217335519291, ""p_meet"": 0.95, ""mean_cost"": 20095095.936645962, ""mcse_cost"": 19944.67408234601, ""mean_shortage_days"": 5.000684556407447, ""mean_cost_per_unit"": 21.377066632796677, ""capacity_utilization"": 4700409.65, ""feasible"": true, ""n_runs"": 20, ""eligibility"": ""NO_CONCLUSION""}]",feasibility does not change between 1500000.0 and 6000000.0; no threshold inside the recorded range,,
S7,norepinephrine_1mgml_4ml,release_time,global.sterility_incubation_days,14.0,14.0,18.0,True,True,,feasible_everywhere,"[{""value"": 14.0, ""strategy_id"": ""S7"", ""mean_fill"": 0.9972217335519291, ""p_meet"": 0.95, ""mean_cost"": 15854475.54832404, ""mcse_cost"": 19944.67408234602, ""mean_shortage_days"": 5.000684556407447, ""mean_cost_per_unit"": 16.86582274754599, ""capacity_utilization"": 4700409.65, ""feasible"": true, ""n_runs"": 20, ""eligibility"": ""NO_CONCLUSION""}, {""value"": 18.0, ""strategy_id"": ""S7"", ""mean_fill"": 0.9971540940198974, ""p_meet"": 0.95, ""mean_cost"": 15848351.89058629, ""mcse_cost"": 18540.207288469897, ""mean_shortage_days"": 4.910672234392114, ""mean_cost_per_unit"": 16.86045597776473, ""capacity_utilization"": 4700088.55, ""feasible"": true, ""n_runs"": 20, ""eligibility"": ""NO_CONCLUSION""}]",feasibility does not change between 14.0 and 18.0; no threshold inside the recorded range,,
S7,norepinephrine_1mgml_4ml,shelf_life,product.shelf_life_months,12.0,24.0,30.0,False,True,17.34375,feasible_above,"[{""value"": 12.0, ""strategy_id"": ""S7"", ""mean_fill"": 0.9880055043450777, ""p_meet"": 0.75, ""mean_cost"": 15929241.602199117, ""mcse_cost"": 25267.8167454025, ""mean_shortage_days"": 19.162623220153343, ""mean_cost_per_unit"": 17.10871755439531, ""capacity_utilization"": 4656434.5, ""feasible"": false, ""n_runs"": 20, ""eligibility"": ""NO_CONCLUSION""}, {""value"": 30.0, ""strategy_id"": ""S7"", ""mean_fill"": 0.9979173073940402, ""p_meet"": 0.95, ""mean_cost"": 15837636.122214993, ""mcse_cost"": 17809.77734929764, ""mean_shortage_days"": 4.0605558598028475, ""mean_cost_per_unit"": 16.836051528259862, ""capacity_utilization"": 4703747.45, ""feasible"": true, ""n_runs"": 20, ""eligibility"": ""NO_CONCLUSION""}, {""value"": 21.0, ""strategy_id"": ""S7"", ""mean_fill"": 0.9969956127356004, ""p_meet"": 0.95, ""mean_cost"": 15865036.27366941, ""mcse_cost"": 20116.258588405224, ""mean_shortage_days"": 4.810658543263965, ""mean_cost_per_unit"": 16.88115561141114, ""capacity_utilization"": 4699337.1, ""feasible"": true, ""n_runs"": 20, ""eligibility"": ""NO_CONCLUSION""}, {""value"": 16.5, ""strategy_id"": ""S7"", ""mean_fill"": 0.9944101823367986, ""p_meet"": 0.85, ""mean_cost"": 15895547.806628887, ""mcse_cost"": 22958.243035794225, ""mean_shortage_days"": 7.871077491785324, ""mean_cost_per_unit"": 16.958914416100875, ""capacity_utilization"": 4686983.5, ""feasible"": false, ""n_runs"": 20, ""eligibility"": ""NO_CONCLUSION""}, {""value"": 18.75, ""strategy_id"": ""S7"", ""mean_fill"": 0.9958654775570851, ""p_meet"": 0.9, ""mean_cost"": 15880712.607007882, ""mcse_cost"": 21976.070514562223, ""mean_shortage_days"": 6.25085569550931, ""mean_cost_per_unit"": 16.91759336637437, ""capacity_utilization"": 4693946.9, ""feasible"": true, ""n_runs"": 20, ""eligibility"": ""NO_CONCLUSION""}, {""value"": 17.625, ""strategy_id"": ""S7"", ""mean_fill"": 0.9953975713738314, ""p_meet"": 0.9, ""mean_cost"": 15891474.676000442, ""mcse_cost"": 23461.537787389516, ""mean_shortage_days"": 7.341004928806133, ""mean_cost_per_unit"": 16.93725605885657, ""capacity_utilization"": 4691672.85, ""feasible"": true, ""n_runs"": 20, ""eligibility"": ""NO_CONCLUSION""}, {""value"": 17.0625, ""strategy_id"": ""S7"", ""mean_fill"": 0.9945384935578078, ""p_meet"": 0.85, ""mean_cost"": 15895425.740929415, ""mcse_cost"": 23433.156282901797, ""mean_shortage_days"": 8.041100766703178, ""mean_cost_per_unit"": 16.956341608751636, ""capacity_utilization"": 4687580.65, ""feasible"": false, ""n_runs"": 20, ""eligibility"": ""NO_CONCLUSION""}]",bisection over 5 steps on 20 paired runs,17.0625,17.625
S7,norepinephrine_1mgml_4ml,raw_material_lead_time,product.material_lead_time_days,30.0,90.0,240.0,True,True,,feasible_everywhere,"[{""value"": 30.0, ""strategy_id"": ""S7"", ""mean_fill"": 0.9995927722433414, ""p_meet"": 1.0, ""mean_cost"": 15893705.97604211, ""mcse_cost"": 14176.353452058564, ""mean_shortage_days"": 1.8302505476451256, ""mean_cost_per_unit"": 16.8666533737976, ""capacity_utilization"": 4711744.6, ""feasible"": true, ""n_runs"": 20, ""eligibility"": ""NO_CONCLUSION""}, {""value"": 240.0, ""strategy_id"": ""S7"", ""mean_fill"": 0.9965947606058905, ""p_meet"": 0.95, ""mean_cost"": 15867574.86485593, ""mcse_cost"": 19811.817298810394, ""mean_shortage_days"": 5.820796823658268, ""mean_cost_per_unit"": 16.890678717046676, ""capacity_utilization"": 4697459.6, ""feasible"": true, ""n_runs"": 20, ""eligibility"": ""NO_CONCLUSION""}]",feasibility does not change between 30.0 and 240.0; no threshold inside the recorded range,,
S7,norepinephrine_1mgml_4ml,common_cause_dependence,global.common_cause_events_per_year,0.02,0.1,0.3,True,False,0.181875,feasible_below,"[{""value"": 0.02, ""strategy_id"": ""S7"", ""mean_fill"": 0.999672002992746, ""p_meet"": 1.0, ""mean_cost"": 15892411.027109582, ""mcse_cost"": 13799.377557760648, ""mean_shortage_days"": 1.5702149507119385, ""mean_cost_per_unit"": 16.864075884775296, ""capacity_utilization"": 4712110.6, ""feasible"": true, ""n_runs"": 20, ""eligibility"": ""NO_CONCLUSION""}, {""value"": 0.3, ""strategy_id"": ""S7"", ""mean_fill"": 0.9856902327658654, ""p_meet"": 0.85, ""mean_cost"": 15771715.4718867, ""mcse_cost"": 34918.597951071366, ""mean_shortage_days"": 14.36196604600219, ""mean_cost_per_unit"": 16.996338487347067, ""capacity_utilization"": 4644010.2, ""feasible"": false, ""n_runs"": 20, ""eligibility"": ""NO_CONCLUSION""}, {""value"": 0.16, ""strategy_id"": ""S7"", ""mean_fill"": 0.9976055905602452, ""p_meet"": 0.95, ""mean_cost"": 15842959.897481466, ""mcse_cost"": 19809.27000024188, ""mean_shortage_days"": 5.1707078313253, ""mean_cost_per_unit"": 16.84656289090629, ""capacity_utilization"": 4702221.9, ""feasible"": true, ""n_runs"": 20, ""eligibility"": ""NO_CONCLUSION""}, {""value"": 0.22999999999999998, ""strategy_id"": ""S7"", ""mean_fill"": 0.9858949907704508, ""p_meet"": 0.8, ""mean_cost"": 15786976.738776857, ""mcse_cost"": 35222.17547569915, ""mean_shortage_days"": 14.932044085432636, ""mean_cost_per_unit"": 17.001195082170987, ""capacity_utilization"": 4645585.1, ""feasible"": false, ""n_runs"": 20, ""eligibility"": ""NO_CONCLUSION""}, {""value"": 0.195, ""strategy_id"": ""S7"", ""mean_fill"": 0.9960762508284974, ""p_meet"": 0.8, ""mean_cost"": 15825597.342898678, ""mcse_cost"": 23359.952410879247, ""mean_shortage_days"": 7.681051478641841, ""mean_cost_per_unit"": 16.85373379863858, ""capacity_utilization"": 4694861.75, ""feasible"": false, ""n_runs"": 20, ""eligibility"": ""NO_CONCLUSION""}, {""value"": 0.1775, ""strategy_id"": ""S7"", ""mean_fill"": 0.9970683306266365, ""p_meet"": 0.9, ""mean_cost"": 15830528.919315767, ""mcse_cost"": 21494.99467059389, ""mean_shortage_days"": 6.080832420591455, ""mean_cost_per_unit"": 16.842372032719638, ""capacity_utilization"": 4699662.25, ""feasible"": true, ""n_runs"": 20, ""eligibility"": ""NO_CONCLUSION""}, {""value"": 0.18625, ""strategy_id"": ""S7"", ""mean_fill"": 0.9964785099852176, ""p_meet"": 0.85, ""mean_cost"": 15827690.059259703, ""mcse_cost"": 22800.32279556799, ""mean_shortage_days"": 6.860939211391018, ""mean_cost_per_unit"": 16.849323828692395, ""capacity_utilization"": 4696845.65, ""feasible"": false, ""n_runs"": 20, ""eligibility"": ""NO_CONCLUSION""}]",bisection over 5 steps on 20 paired runs,0.1775,0.18625
S7,norepinephrine_1mgml_4ml,supplier_concentration,global.supplier_disruptions_per_supplier_year,0.05,0.2,0.6,True,True,,feasible_everywhere,"[{""value"": 0.05, ""strategy_id"": ""S7"", ""mean_fill"": 0.9971619275587695, ""p_meet"": 0.95, ""mean_cost"": 15874122.088248596, ""mcse_cost"": 20006.031854313125, ""mean_shortage_days"": 4.430606516976998, ""mean_cost_per_unit"": 16.887458666525195, ""capacity_utilization"": 4700151.95, ""feasible"": true, ""n_runs"": 20, ""eligibility"": ""NO_CONCLUSION""}, {""value"": 0.6, ""strategy_id"": ""S7"", ""mean_fill"": 0.9945082057866946, ""p_meet"": 0.9, ""mean_cost"": 15785344.423086494, ""mcse_cost"": 25767.491750314148, ""mean_shortage_days"": 9.241265060240965, ""mean_cost_per_unit"": 16.839095604794167, ""capacity_utilization"": 4687585.85, ""feasible"": true, ""n_runs"": 20, ""eligibility"": ""NO_CONCLUSION""}]",feasibility does not change between 0.05 and 0.6; no threshold inside the recorded range,,
S7,norepinephrine_1mgml_4ml,commissioning_days,global.node_commissioning_days,365.0,730.0,1095.0,True,True,,feasible_everywhere,"[{""value"": 365.0, ""strategy_id"": ""S7"", ""mean_fill"": 0.9972217335519291, ""p_meet"": 0.95, ""mean_cost"": 15854475.54832404, ""mcse_cost"": 19944.67408234602, ""mean_shortage_days"": 5.000684556407447, ""mean_cost_per_unit"": 16.86582274754599, ""capacity_utilization"": 4700409.65, ""feasible"": true, ""n_runs"": 20, ""eligibility"": ""NO_CONCLUSION""}, {""value"": 1095.0, ""strategy_id"": ""S7"", ""mean_fill"": 0.9972217335519291, ""p_meet"": 0.95, ""mean_cost"": 15854475.54832404, ""mcse_cost"": 19944.67408234602, ""mean_shortage_days"": 5.000684556407447, ""mean_cost_per_unit"": 16.86582274754599, ""capacity_utilization"": 4700409.65, ""feasible"": true, ""n_runs"": 20, ""eligibility"": ""NO_CONCLUSION""}]",feasibility does not change between 365.0 and 1095.0; no threshold inside the recorded range,,
S7,norepinephrine_1mgml_4ml,activation_latency_days,global.reserved_capacity_activation_days,7.0,21.0,60.0,True,True,,feasible_everywhere,"[{""value"": 7.0, ""strategy_id"": ""S7"", ""mean_fill"": 0.9972217335519291, ""p_meet"": 0.95, ""mean_cost"": 15854475.54832404, ""mcse_cost"": 19944.67408234602, ""mean_shortage_days"": 5.000684556407447, ""mean_cost_per_unit"": 16.86582274754599, ""capacity_utilization"": 4700409.65, ""feasible"": true, ""n_runs"": 20, ""eligibility"": ""NO_CONCLUSION""}, {""value"": 60.0, ""strategy_id"": ""S7"", ""mean_fill"": 0.9972217335519291, ""p_meet"": 0.95, ""mean_cost"": 15854475.54832404, ""mcse_cost"": 19944.67408234602, ""mean_shortage_days"": 5.000684556407447, ""mean_cost_per_unit"": 16.86582274754599, ""capacity_utilization"": 4700409.65, ""feasible"": true, ""n_runs"": 20, ""eligibility"": ""NO_CONCLUSION""}]",feasibility does not change between 7.0 and 60.0; no threshold inside the recorded range,,
S7,norepinephrine_1mgml_4ml,node_capital,product.capital_usd_per_site,15000000.0,40000000.0,100000000.0,True,True,,feasible_everywhere,"[{""value"": 15000000.0, ""strategy_id"": ""S7"", ""mean_fill"": 0.9972217335519291, ""p_meet"": 0.95, ""mean_cost"": 10990709.406665865, ""mcse_cost"": 19944.67408234607, ""mean_shortage_days"": 5.000684556407447, ""mean_cost_per_unit"": 11.691665842044857, ""capacity_utilization"": 4700409.65, ""feasible"": true, ""n_runs"": 20, ""eligibility"": ""NO_CONCLUSION""}, {""value"": 100000000.0, ""strategy_id"": ""S7"", ""mean_fill"": 0.9972217335519291, ""p_meet"": 0.95, ""mean_cost"": 27527514.288302284, ""mcse_cost"": 19944.674082346028, ""mean_shortage_days"": 5.000684556407447, ""mean_cost_per_unit"": 29.28379932074726, ""capacity_utilization"": 4700409.65, ""feasible"": true, ""n_runs"": 20, ""eligibility"": ""NO_CONCLUSION""}]",feasibility does not change between 15000000.0 and 100000000.0; no threshold inside the recorded range,,
S7,norepinephrine_1mgml_4ml,batches_per_site_year,product.batches_per_site_year_nominal,30.0,45.0,70.0,False,True,39.375,feasible_above,"[{""value"": 30.0, ""strategy_id"": ""S7"", ""mean_fill"": 0.8320028819017459, ""p_meet"": 0.0, ""mean_cost"": 15205497.549742285, ""mcse_cost"": 16815.84193015576, ""mean_shortage_days"": 182.2349466046002, ""mean_cost_per_unit"": 19.472074577194707, ""capacity_utilization"": 3911275.45, ""feasible"": false, ""n_runs"": 20, ""eligibility"": ""NO_CONCLUSION""}, {""value"": 70.0, ""strategy_id"": ""S7"", ""mean_fill"": 0.9997612893882643, ""p_meet"": 1.0, ""mean_cost"": 15938335.172191987, ""mcse_cost"": 15601.006952832557, ""mean_shortage_days"": 1.0801478641840085, ""mean_cost_per_unit"": 16.911139589115358, ""capacity_utilization"": 4712550.4, ""feasible"": true, ""n_runs"": 20, ""eligibility"": ""NO_CONCLUSION""}, {""value"": 50.0, ""strategy_id"": ""S7"", ""mean_fill"": 0.999249265402784, ""p_meet"": 1.0, ""mean_cost"": 15880698.422594786, ""mcse_cost"": 14959.70028711346, ""mean_shortage_days"": 2.3203176341730556, ""mean_cost_per_unit"": 16.85868391494804, ""capacity_utilization"": 4710110.35, ""feasible"": true, ""n_runs"": 20, ""eligibility"": ""NO_CONCLUSION""}, {""value"": 40.0, ""strategy_id"": ""S7"", ""mean_fill"": 0.9958350893018567, ""p_meet"": 0.95, ""mean_cost"": 15821479.755348762, ""mcse_cost"": 22860.640359449822, ""mean_shortage_days"": 6.870940580503834, ""mean_cost_per_unit"": 16.856101885294812, ""capacity_utilization"": 4693805.65, ""feasible"": true, ""n_runs"": 20, ""eligibility"": ""NO_CONCLUSION""}, {""value"": 35.0, ""strategy_id"": ""S7"", ""mean_fill"": 0.9509189181434665, ""p_meet"": 0.2, ""mean_cost"": 15466791.989513924, ""mcse_cost"": 19711.20535010028, ""mean_shortage_days"": 85.10164978094194, ""mean_cost_per_unit"": 17.300929384167567, ""capacity_utilization"": 4475843.55, ""feasible"": false, ""n_runs"": 20, ""eligibility"": ""NO_CONCLUSION""}, {""value"": 37.5, ""strategy_id"": ""S7"", ""mean_fill"": 0.9871541813479426, ""p_meet"": 0.75, ""mean_cost"": 15637917.514815938, ""mcse_cost"": 23808.724186370277, ""mean_shortage_days"": 23.67324069003286, ""mean_cost_per_unit"": 16.820380780954796, ""capacity_utilization"": 4651063.85, ""feasible"": false, ""n_runs"": 20, ""eligibility"": ""NO_CONCLUSION""}, {""value"": 38.75, ""strategy_id"": ""S7"", ""mean_fill"": 0.9880800762378978, ""p_meet"": 0.75, ""mean_cost"": 15642724.533313792, ""mcse_cost"": 23448.15825983172, ""mean_shortage_days"": 21.522946330777657, ""mean_cost_per_unit"": 16.808534257500682, ""capacity_utilization"": 4655364.55, ""feasible"": false, ""n_runs"": 20, ""eligibility"": ""NO_CONCLUSION""}]",bisection over 5 steps on 20 paired runs,38.75,40.0
S7,norepinephrine_1mgml_4ml,changeover_burden,product.changeover_days,1.0,3.0,10.0,True,False,7.609375,feasible_below,"[{""value"": 1.0, ""strategy_id"": ""S7"", ""mean_fill"": 0.9972100243520767, ""p_meet"": 0.95, ""mean_cost"": 15848764.81820465, ""mcse_cost"": 18330.277808237315, ""mean_shortage_days"": 4.300588718510405, ""mean_cost_per_unit"": 16.859960847288622, ""capacity_utilization"": 4700375.7, ""feasible"": true, ""n_runs"": 20, ""eligibility"": ""NO_CONCLUSION""}, {""value"": 10.0, ""strategy_id"": ""S7"", ""mean_fill"": 0.9025130153677579, ""p_meet"": 0.0, ""mean_cost"": 15354846.940079879, ""mcse_cost"": 14744.520079755894, ""mean_shortage_days"": 136.47868291347206, ""mean_cost_per_unit"": 18.094524943892274, ""capacity_utilization"": 4246715.9, ""feasible"": false, ""n_runs"": 20, ""eligibility"": ""NO_CONCLUSION""}, {""value"": 5.5, ""strategy_id"": ""S7"", ""mean_fill"": 0.9973488981197087, ""p_meet"": 0.95, ""mean_cost"": 15858956.625717923, ""mcse_cost"": 19448.812195074122, ""mean_shortage_days"": 4.540621577217962, ""mean_cost_per_unit"": 16.868500089781012, ""capacity_utilization"": 4701030.95, ""feasible"": true, ""n_runs"": 20, ""eligibility"": ""NO_CONCLUSION""}, {""value"": 7.75, ""strategy_id"": ""S7"", ""mean_fill"": 0.9901003432518353, ""p_meet"": 0.75, ""mean_cost"": 15658369.491631508, ""mcse_cost"": 20723.137190159956, ""mean_shortage_days"": 19.05260815991237, ""mean_cost_per_unit"": 16.78588341248543, ""capacity_utilization"": 4665304.1, ""feasible"": false, ""n_runs"": 20, ""eligibility"": ""NO_CONCLUSION""}, {""value"": 6.625, ""strategy_id"": ""S7"", ""mean_fill"": 0.996197956820656, ""p_meet"": 0.95, ""mean_cost"": 15818104.668438047, ""mcse_cost"": 21116.303260829583, ""mean_shortage_days"": 5.890806407447974, ""mean_cost_per_unit"": 16.84552180150728, ""capacity_utilization"": 4695531.75, ""feasible"": true, ""n_runs"": 20, ""eligibility"": ""NO_CONCLUSION""}, {""value"": 7.1875, ""strategy_id"": ""S7"", ""mean_fill"": 0.996197956820656, ""p_meet"": 0.95, ""mean_cost"": 15818104.668438047, ""mcse_cost"": 21116.303260829583, ""mean_shortage_days"": 5.890806407447974, ""mean_cost_per_unit"": 16.84552180150728, ""capacity_utilization"": 4695531.75, ""feasible"": true, ""n_runs"": 20, ""eligibility"": ""NO_CONCLUSION""}, {""value"": 7.46875, ""strategy_id"": ""S7"", ""mean_fill"": 0.996197956820656, ""p_meet"": 0.95, ""mean_cost"": 15818104.668438047, ""mcse_cost"": 21116.303260829583, ""mean_shortage_days"": 5.890806407447974, ""mean_cost_per_unit"": 16.84552180150728, ""capacity_utilization"": 4695531.75, ""feasible"": true, ""n_runs"": 20, ""eligibility"": ""NO_CONCLUSION""}]",bisection over 5 steps on 20 paired runs,7.46875,7.75
S8,norepinephrine_1mgml_4ml,capacity_utilization,product.annual_demand_units,500000.0,900000.0,1800000.0,True,False,642187.5,feasible_below,"[{""value"": 500000.0, ""strategy_id"": ""S8"", ""mean_fill"": 0.9993359324177031, ""p_meet"": 0.95, ""mean_cost"": 21335277.81812734, ""mcse_cost"": 4993.687434661061, ""mean_shortage_days"": 0.5300725629791895, ""mean_cost_per_unit"": 40.76508972483957, ""capacity_utilization"": 2616980.6, ""feasible"": true, ""n_runs"": 20, ""eligibility"": ""NO_CONCLUSION""}, {""value"": 1800000.0, ""strategy_id"": ""S8"", ""mean_fill"": 0.9124827001768084, ""p_meet"": 0.0, ""mean_cost"": 24428545.11131739, ""mcse_cost"": 28566.06551327086, ""mean_shortage_days"": 63.27866237677985, ""mean_cost_per_unit"": 14.180911639898884, ""capacity_utilization"": 8613910.5, ""feasible"": false, ""n_runs"": 20, ""eligibility"": ""NO_CONCLUSION""}, {""value"": 1150000.0, ""strategy_id"": ""S8"", ""mean_fill"": 0.98780302027641, ""p_meet"": 0.65, ""mean_cost"": 23072367.942302026, ""mcse_cost"": 15512.323133591912, ""mean_shortage_days"": 12.221673055859801, ""mean_cost_per_unit"": 19.39398165173353, ""capacity_utilization"": 5949238.2, ""feasible"": false, ""n_runs"": 20, ""eligibility"": ""NO_CONCLUSION""}, {""value"": 825000.0, ""strategy_id"": ""S8"", ""mean_fill"": 0.996960423167409, ""p_meet"": 0.85, ""mean_cost"": 22229003.63688622, ""mcse_cost"": 7394.079472566599, ""mean_shortage_days"": 2.980407995618839, ""mean_cost_per_unit"": 25.798431422095877, ""capacity_utilization"": 4308582.85, ""feasible"": false, ""n_runs"": 20, ""eligibility"": ""NO_CONCLUSION""}, {""value"": 662500.0, ""strategy_id"": ""S8"", ""mean_fill"": 0.9946708154463325, ""p_meet"": 0.8, ""mean_cost"": 21774465.40794327, ""mcse_cost"": 6862.0521311950415, ""mean_shortage_days"": 5.560761226725082, ""mean_cost_per_unit"": 31.54204272069335, ""capacity_utilization"": 3452130.2, ""feasible"": false, ""n_runs"": 20, ""eligibility"": ""NO_CONCLUSION""}, {""value"": 581250.0, ""strategy_id"": ""S8"", ""mean_fill"": 0.9992349150645234, ""p_meet"": 1.0, ""mean_cost"": 21561591.002748102, ""mcse_cost"": 5136.876936608339, ""mean_shortage_days"": 0.8101108981380065, ""mean_cost_per_unit"": 35.44221392308113, ""capacity_utilization"": 3041929.2, ""feasible"": true, ""n_runs"": 20, ""eligibility"": ""NO_CONCLUSION""}, {""value"": 621875.0, ""strategy_id"": ""S8"", ""mean_fill"": 0.9995129236896076, ""p_meet"": 1.0, ""mean_cost"": 21676543.27118694, ""mcse_cost"": 4891.584967686779, ""mean_shortage_days"": 0.8201122672508212, ""mean_cost_per_unit"": 33.290375634845326, ""capacity_utilization"": 3255804.35, ""feasible"": true, ""n_runs"": 20, ""eligibility"": ""NO_CONCLUSION""}]",bisection over 5 steps on 20 paired runs,621875.0,662500.0
S8,norepinephrine_1mgml_4ml,fixed_qa_labor_per_node,product.fixed_qa_labor_usd_per_site_year,1500000.0,3000000.0,6000000.0,False,False,,infeasible_everywhere,"[{""value"": 1500000.0, ""strategy_id"": ""S8"", ""mean_fill"": 0.9965920344719066, ""p_meet"": 0.85, ""mean_cost"": 19831690.515223034, ""mcse_cost"": 8805.744406283104, ""mean_shortage_days"": 3.060418948521358, ""mean_cost_per_unit"": 21.10966149644404, ""capacity_utilization"": 4697855.1, ""feasible"": false, ""n_runs"": 20, ""eligibility"": ""NO_CONCLUSION""}, {""value"": 6000000.0, ""strategy_id"": ""S8"", ""mean_fill"": 0.9965920344719066, ""p_meet"": 0.85, ""mean_cost"": 27630931.585125588, ""mcse_cost"": 8805.744406283058, ""mean_shortage_days"": 3.060418948521358, ""mean_cost_per_unit"": 29.411733281555932, ""capacity_utilization"": 4697855.1, ""feasible"": false, ""n_runs"": 20, ""eligibility"": ""NO_CONCLUSION""}]",feasibility does not change between 1500000.0 and 6000000.0; no threshold inside the recorded range,,
S8,norepinephrine_1mgml_4ml,release_time,global.sterility_incubation_days,14.0,14.0,18.0,False,False,,infeasible_everywhere,"[{""value"": 14.0, ""strategy_id"": ""S8"", ""mean_fill"": 0.9965920344719066, ""p_meet"": 0.85, ""mean_cost"": 22431437.53852389, ""mcse_cost"": 8805.74440628304, ""mean_shortage_days"": 3.060418948521358, ""mean_cost_per_unit"": 23.877018758148004, ""capacity_utilization"": 4697855.1, ""feasible"": false, ""n_runs"": 20, ""eligibility"": ""NO_CONCLUSION""}, {""value"": 18.0, ""strategy_id"": ""S8"", ""mean_fill"": 0.9939090411141924, ""p_meet"": 0.8, ""mean_cost"": 22412178.73546299, ""mcse_cost"": 9776.432142700833, ""mean_shortage_days"": 4.880668127053669, ""mean_cost_per_unit"": 23.920830893616216, ""capacity_utilization"": 4685288.9, ""feasible"": false, ""n_runs"": 20, ""eligibility"": ""NO_CONCLUSION""}]",feasibility does not change between 14.0 and 18.0; no threshold inside the recorded range,,
S8,norepinephrine_1mgml_4ml,shelf_life,product.shelf_life_months,12.0,24.0,30.0,False,False,,infeasible_everywhere,"[{""value"": 12.0, ""strategy_id"": ""S8"", ""mean_fill"": 0.9965920344719066, ""p_meet"": 0.85, ""mean_cost"": 22482664.419421684, ""mcse_cost"": 10728.349963937002, ""mean_shortage_days"": 3.060418948521358, ""mean_cost_per_unit"": 23.931489496018038, ""capacity_utilization"": 4697855.1, ""feasible"": false, ""n_runs"": 20, ""eligibility"": ""NO_CONCLUSION""}, {""value"": 30.0, ""strategy_id"": ""S8"", ""mean_fill"": 0.9965920344719066, ""p_meet"": 0.85, ""mean_cost"": 22428622.46561399, ""mcse_cost"": 8854.98316494177, ""mean_shortage_days"": 3.060418948521358, ""mean_cost_per_unit"": 23.874004504111937, ""capacity_utilization"": 4697855.1, ""feasible"": false, ""n_runs"": 20, ""eligibility"": ""NO_CONCLUSION""}]",feasibility does not change between 12.0 and 30.0; no threshold inside the recorded range,,
S8,norepinephrine_1mgml_4ml,raw_material_lead_time,product.material_lead_time_days,30.0,90.0,240.0,True,False,85.78125,feasible_below,"[{""value"": 30.0, ""strategy_id"": ""S8"", ""mean_fill"": 0.9969062396074116, ""p_meet"": 0.9, ""mean_cost"": 22431808.266618438, ""mcse_cost"": 9881.363910473454, ""mean_shortage_days"": 2.280312157721796, ""mean_cost_per_unit"": 23.870993870804753, ""capacity_utilization"": 4699185.75, ""feasible"": true, ""n_runs"": 20, ""eligibility"": ""NO_CONCLUSION""}, {""value"": 240.0, ""strategy_id"": ""S8"", ""mean_fill"": 0.9884205924900933, ""p_meet"": 0.65, ""mean_cost"": 22346249.875237335, ""mcse_cost"": 8630.07136090286, ""mean_shortage_days"": 9.56130887185104, ""mean_cost_per_unit"": 23.98088678210166, ""capacity_utilization"": 4659658.25, ""feasible"": false, ""n_runs"": 20, ""eligibility"": ""NO_CONCLUSION""}, {""value"": 135.0, ""strategy_id"": ""S8"", ""mean_fill"": 0.9912896365043474, ""p_meet"": 0.7, ""mean_cost"": 22415139.237771813, ""mcse_cost"": 8694.661692039334, ""mean_shortage_days"": 5.750787239868565, ""mean_cost_per_unit"": 23.985253285003886, ""capacity_utilization"": 4672838.0, ""feasible"": false, ""n_runs"": 20, ""eligibility"": ""NO_CONCLUSION""}, {""value"": 82.5, ""strategy_id"": ""S8"", ""mean_fill"": 0.9973317310103778, ""p_meet"": 0.9, ""mean_cost"": 22433331.73248087, ""mcse_cost"": 8337.644716541123, ""mean_shortage_days"": 3.510480558598028, ""mean_cost_per_unit"": 23.859172461843777, ""capacity_utilization"": 4701547.0, ""feasible"": true, ""n_runs"": 20, ""eligibility"": ""NO_CONCLUSION""}, {""value"": 108.75, ""strategy_id"": ""S8"", ""mean_fill"": 0.993644240526282, ""p_meet"": 0.75, ""mean_cost"": 22424182.12818437, ""mcse_cost"": 9716.765804324861, ""mean_shortage_days"": 5.450746166484118, ""mean_cost_per_unit"": 23.937772965574414, ""capacity_utilization"": 4684170.65, ""feasible"": false, ""n_runs"": 20, ""eligibility"": ""NO_CONCLUSION""}, {""value"": 95.625, ""strategy_id"": ""S8"", ""mean_fill"": 0.9928657967501573, ""p_meet"": 0.75, ""mean_cost"": 22424755.18223488, ""mcse_cost"": 9608.933038252946, ""mean_shortage_days"": 5.500753012048193, ""mean_cost_per_unit"": 23.960751967831648, ""capacity_utilization"": 4680004.25, ""feasible"": false, ""n_runs"": 20, ""eligibility"": ""NO_CONCLUSION""}, {""value"": 89.0625, ""strategy_id"": ""S8"", ""mean_fill"": 0.9964824203913516, ""p_meet"": 0.85, ""mean_cost"": 22431629.456764303, ""mcse_cost"": 8844.866390892217, ""mean_shortage_days"": 2.970406626506024, ""mean_cost_per_unit"": 23.880225403746607, ""capacity_utilization"": 4697282.65, ""feasible"": false, ""n_runs"": 20, ""eligibility"": ""NO_CONCLUSION""}]",bisection over 5 steps on 20 paired runs,82.5,89.0625
S8,norepinephrine_1mgml_4ml,common_cause_dependence,global.common_cause_events_per_year,0.02,0.1,0.3,True,False,0.08562499999999999,feasible_below,"[{""value"": 0.02, ""strategy_id"": ""S8"", ""mean_fill"": 0.9993285215244325, ""p_meet"": 0.95, ""mean_cost"": 22449934.44972075, ""mcse_cost"": 7534.726739408473, ""mean_shortage_days"": 0.9001232201533407, ""mean_cost_per_unit"": 23.829820443613755, ""capacity_utilization"": 4710682.45, ""feasible"": true, ""n_runs"": 20, ""eligibility"": ""NO_CONCLUSION""}, {""value"": 0.3, ""strategy_id"": ""S8"", ""mean_fill"": 0.9959779419023598, ""p_meet"": 0.85, ""mean_cost"": 22421391.702653527, ""mcse_cost"": 9208.169519593494, ""mean_shortage_days"": 3.5904915115005474, ""mean_cost_per_unit"": 23.881324506244034, ""capacity_utilization"": 4694676.7, ""feasible"": false, ""n_runs"": 20, ""eligibility"": ""NO_CONCLUSION""}, {""value"": 0.16, ""strategy_id"": ""S8"", ""mean_fill"": 0.9946683948503882, ""p_meet"": 0.8, ""mean_cost"": 22423613.15535127, ""mcse_cost"": 10248.699014155585, ""mean_shortage_days"": 4.230579134720701, ""mean_cost_per_unit"": 23.911763671493148, ""capacity_utilization"": 4689366.55, ""feasible"": false, ""n_runs"": 20, ""eligibility"": ""NO_CONCLUSION""}, {""value"": 0.09, ""strategy_id"": ""S8"", ""mean_fill"": 0.9965920344719066, ""p_meet"": 0.85, ""mean_cost"": 22433149.720459856, ""mcse_cost"": 8340.252221455312, ""mean_shortage_days"": 3.0004107338444688, ""mean_cost_per_unit"": 23.879405639231187, ""capacity_utilization"": 4697749.8, ""feasible"": false, ""n_runs"": 20, ""eligibility"": ""NO_CONCLUSION""}, {""value"": 0.055, ""strategy_id"": ""S8"", ""mean_fill"": 0.9985978776087409, ""p_meet"": 0.9, ""mean_cost"": 22441151.17193715, ""mcse_cost"": 7347.444024105685, ""mean_shortage_days"": 1.5902176889375685, ""mean_cost_per_unit"": 23.838198970207664, ""capacity_utilization"": 4707251.9, ""feasible"": true, ""n_runs"": 20, ""eligibility"": ""NO_CONCLUSION""}, {""value"": 0.0725, ""strategy_id"": ""S8"", ""mean_fill"": 0.9983495498117663, ""p_meet"": 0.9, ""mean_cost"": 22437710.062301897, ""mcse_cost"": 8449.62274326435, ""mean_shortage_days"": 1.6802300109529025, ""mean_cost_per_unit"": 23.841319418489796, ""capacity_utilization"": 4705956.05, ""feasible"": true, ""n_runs"": 20, ""eligibility"": ""NO_CONCLUSION""}, {""value"": 0.08124999999999999, ""strategy_id"": ""S8"", ""mean_fill"": 0.9982559265857291, ""p_meet"": 0.9, ""mean_cost"": 22436734.4597895, ""mcse_cost"": 8626.156097823035, ""mean_shortage_days"": 2.1402929901423873, ""mean_cost_per_unit"": 23.842231604099336, ""capacity_utilization"": 4705577.85, ""feasible"": true, ""n_runs"": 20, ""eligibility"": ""NO_CONCLUSION""}]",bisection over 5 steps on 20 paired runs,0.08124999999999999,0.09
S8,norepinephrine_1mgml_4ml,supplier_concentration,global.supplier_disruptions_per_supplier_year,0.05,0.2,0.6,True,False,0.11015625,feasible_below,"[{""value"": 0.05, ""strategy_id"": ""S8"", ""mean_fill"": 0.9985015172471146, ""p_meet"": 0.9, ""mean_cost"": 22444103.143372186, ""mcse_cost"": 9992.180103895338, ""mean_shortage_days"": 1.5202081051478642, ""mean_cost_per_unit"": 23.84350070398943, ""capacity_utilization"": 4706838.4, ""feasible"": true, ""n_runs"": 20, ""eligibility"": ""NO_CONCLUSION""}, {""value"": 0.6, ""strategy_id"": ""S8"", ""mean_fill"": 0.9912643023481283, ""p_meet"": 0.85, ""mean_cost"": 22415963.322659817, ""mcse_cost"": 13516.362851514928, ""mean_shortage_days"": 5.6807776560788605, ""mean_cost_per_unit"": 23.996568497259933, ""capacity_utilization"": 4672732.7, ""feasible"": false, ""n_runs"": 20, ""eligibility"": ""NO_CONCLUSION""}, {""value"": 0.325, ""strategy_id"": ""S8"", ""mean_fill"": 0.9938942793440433, ""p_meet"": 0.8, ""mean_cost"": 22420517.21573549, ""mcse_cost"": 9719.78520516975, ""mean_shortage_days"": 4.33059282584885, ""mean_cost_per_unit"": 23.931314856654353, ""capacity_utilization"": 4684792.35, ""feasible"": false, ""n_runs"": 20, ""eligibility"": ""NO_CONCLUSION""}, {""value"": 0.1875, ""strategy_id"": ""S8"", ""mean_fill"": 0.9965920344719066, ""p_meet"": 0.85, ""mean_cost"": 22432988.955887325, ""mcse_cost"": 9605.891215596504, ""mean_shortage_days"": 3.060418948521358, ""mean_cost_per_unit"": 23.878606603300664, ""capacity_utilization"": 4697855.1, ""feasible"": false, ""n_runs"": 20, ""eligibility"": ""NO_CONCLUSION""}, {""value"": 0.11875, ""strategy_id"": ""S8"", ""mean_fill"": 0.9975641172808682, ""p_meet"": 0.85, ""mean_cost"": 22442757.37531475, ""mcse_cost"": 9951.01828852648, ""mean_shortage_days"": 2.0802847754654983, ""mean_cost_per_unit"": 23.864857844347583, ""capacity_utilization"": 4702428.25, ""feasible"": false, ""n_runs"": 20, ""eligibility"": ""NO_CONCLUSION""}, {""value"": 0.084375, ""strategy_id"": ""S8"", ""mean_fill"": 0.9985015172471146, ""p_meet"": 0.9, ""mean_cost"": 22444513.69434522, ""mcse_cost"": 9983.338731786878, ""mean_shortage_days"": 1.550212212486309, ""mean_cost_per_unit"": 23.84393595475982, ""capacity_utilization"": 4706838.4, ""feasible"": true, ""n_runs"": 20, ""eligibility"": ""NO_CONCLUSION""}, {""value"": 0.1015625, ""strategy_id"": ""S8"", ""mean_fill"": 0.9985015172471146, ""p_meet"": 0.9, ""mean_cost"": 22444170.145651318, ""mcse_cost"": 10015.627902416898, ""mean_shortage_days"": 1.550212212486309, ""mean_cost_per_unit"": 23.84357188568057, ""capacity_utilization"": 4706838.4, ""feasible"": true, ""n_runs"": 20, ""eligibility"": ""NO_CONCLUSION""}]",bisection over 5 steps on 20 paired runs,0.1015625,0.11875
S8,norepinephrine_1mgml_4ml,commissioning_days,global.node_commissioning_days,365.0,730.0,1095.0,False,False,,infeasible_everywhere,"[{""value"": 365.0, ""strategy_id"": ""S8"", ""mean_fill"": 0.9965920344719066, ""p_meet"": 0.85, ""mean_cost"": 22431437.53852389, ""mcse_cost"": 8805.74440628304, ""mean_shortage_days"": 3.060418948521358, ""mean_cost_per_unit"": 23.877018758148004, ""capacity_utilization"": 4697855.1, ""feasible"": false, ""n_runs"": 20, ""eligibility"": ""NO_CONCLUSION""}, {""value"": 1095.0, ""strategy_id"": ""S8"", ""mean_fill"": 0.9965920344719066, ""p_meet"": 0.85, ""mean_cost"": 22431437.53852389, ""mcse_cost"": 8805.74440628304, ""mean_shortage_days"": 3.060418948521358, ""mean_cost_per_unit"": 23.877018758148004, ""capacity_utilization"": 4697855.1, ""feasible"": false, ""n_runs"": 20, ""eligibility"": ""NO_CONCLUSION""}]",feasibility does not change between 365.0 and 1095.0; no threshold inside the recorded range,,
S8,norepinephrine_1mgml_4ml,activation_latency_days,global.reserved_capacity_activation_days,7.0,21.0,60.0,False,False,,infeasible_everywhere,"[{""value"": 7.0, ""strategy_id"": ""S8"", ""mean_fill"": 0.9965920344719066, ""p_meet"": 0.85, ""mean_cost"": 22431437.53852389, ""mcse_cost"": 8805.74440628304, ""mean_shortage_days"": 3.060418948521358, ""mean_cost_per_unit"": 23.877018758148004, ""capacity_utilization"": 4697855.1, ""feasible"": false, ""n_runs"": 20, ""eligibility"": ""NO_CONCLUSION""}, {""value"": 60.0, ""strategy_id"": ""S8"", ""mean_fill"": 0.9965920344719066, ""p_meet"": 0.85, ""mean_cost"": 22431437.53852389, ""mcse_cost"": 8805.74440628304, ""mean_shortage_days"": 3.060418948521358, ""mean_cost_per_unit"": 23.877018758148004, ""capacity_utilization"": 4697855.1, ""feasible"": false, ""n_runs"": 20, ""eligibility"": ""NO_CONCLUSION""}]",feasibility does not change between 7.0 and 60.0; no threshold inside the recorded range,,
S8,norepinephrine_1mgml_4ml,node_capital,product.capital_usd_per_site,15000000.0,40000000.0,100000000.0,False,False,,infeasible_everywhere,"[{""value"": 15000000.0, ""strategy_id"": ""S8"", ""mean_fill"": 0.9965920344719066, ""p_meet"": 0.85, ""mean_cost"": 14052435.574886467, ""mcse_cost"": 8805.744406283091, ""mean_shortage_days"": 3.060418948521358, ""mean_cost_per_unit"": 14.957807880290051, ""capacity_utilization"": 4697855.1, ""feasible"": false, ""n_runs"": 20, ""eligibility"": ""NO_CONCLUSION""}, {""value"": 100000000.0, ""strategy_id"": ""S8"", ""mean_fill"": 0.9965920344719066, ""p_meet"": 0.85, ""mean_cost"": 42541042.25124884, ""mcse_cost"": 8805.744406283107, ""mean_shortage_days"": 3.060418948521358, ""mean_cost_per_unit"": 45.28312486500194, ""capacity_utilization"": 4697855.1, ""feasible"": false, ""n_runs"": 20, ""eligibility"": ""NO_CONCLUSION""}]",feasibility does not change between 15000000.0 and 100000000.0; no threshold inside the recorded range,,
S8,norepinephrine_1mgml_4ml,batches_per_site_year,product.batches_per_site_year_nominal,30.0,45.0,70.0,False,True,49.375,feasible_above,"[{""value"": 30.0, ""strategy_id"": ""S8"", ""mean_fill"": 0.9599235267327803, ""p_meet"": 0.1, ""mean_cost"": 22316656.82050567, ""mcse_cost"": 13878.833492226491, ""mean_shortage_days"": 44.46608707557502, ""mean_cost_per_unit"": 24.6641075917087, ""capacity_utilization"": 4525341.9, ""feasible"": false, ""n_runs"": 20, ""eligibility"": ""NO_CONCLUSION""}, {""value"": 70.0, ""strategy_id"": ""S8"", ""mean_fill"": 0.99948324646401, ""p_meet"": 1.0, ""mean_cost"": 22452164.33062692, ""mcse_cost"": 7613.44368259755, ""mean_shortage_days"": 0.7601040525739321, ""mean_cost_per_unit"": 23.828876542655674, ""capacity_utilization"": 4711298.5, ""feasible"": true, ""n_runs"": 20, ""eligibility"": ""NO_CONCLUSION""}, {""value"": 50.0, ""strategy_id"": ""S8"", ""mean_fill"": 0.9970234623271967, ""p_meet"": 0.9, ""mean_cost"": 22436550.100548718, ""mcse_cost"": 8538.842270147703, ""mean_shortage_days"": 2.7903819824753553, ""mean_cost_per_unit"": 23.867227925043895, ""capacity_utilization"": 4700762.55, ""feasible"": true, ""n_runs"": 20, ""eligibility"": ""NO_CONCLUSION""}, {""value"": 40.0, ""strategy_id"": ""S8"", ""mean_fill"": 0.9935062382827884, ""p_meet"": 0.8, ""mean_cost"": 22422172.52827955, ""mcse_cost"": 10680.45260159295, ""mean_shortage_days"": 5.770789978094195, ""mean_cost_per_unit"": 23.94237707805499, ""capacity_utilization"": 4683297.15, ""feasible"": false, ""n_runs"": 20, ""eligibility"": ""NO_CONCLUSION""}, {""value"": 45.0, ""strategy_id"": ""S8"", ""mean_fill"": 0.9965920344719066, ""p_meet"": 0.85, ""mean_cost"": 22431437.53852389, ""mcse_cost"": 8805.74440628304, ""mean_shortage_days"": 3.060418948521358, ""mean_cost_per_unit"": 23.877018758148004, ""capacity_utilization"": 4697855.1, ""feasible"": false, ""n_runs"": 20, ""eligibility"": ""NO_CONCLUSION""}, {""value"": 47.5, ""strategy_id"": ""S8"", ""mean_fill"": 0.9966733887147091, ""p_meet"": 0.85, ""mean_cost"": 22427839.855244964, ""mcse_cost"": 9168.512296188059, ""mean_shortage_days"": 2.9504038882803942, ""mean_cost_per_unit"": 23.87084474953672, ""capacity_utilization"": 4698298.4, ""feasible"": false, ""n_runs"": 20, ""eligibility"": ""NO_CONCLUSION""}, {""value"": 48.75, ""strategy_id"": ""S8"", ""mean_fill"": 0.9969741948379924, ""p_meet"": 0.85, ""mean_cost"": 22431125.64593521, ""mcse_cost"": 9138.710169101518, ""mean_shortage_days"": 2.7103710295728365, ""mean_cost_per_unit"": 23.86616066987937, ""capacity_utilization"": 4699863.05, ""feasible"": false, ""n_runs"": 20, ""eligibility"": ""NO_CONCLUSION""}]",bisection over 5 steps on 20 paired runs,48.75,50.0
S8,norepinephrine_1mgml_4ml,changeover_burden,product.changeover_days,1.0,3.0,10.0,False,False,,infeasible_everywhere,"[{""value"": 1.0, ""strategy_id"": ""S8"", ""mean_fill"": 0.9967069279083504, ""p_meet"": 0.85, ""mean_cost"": 22442918.206474476, ""mcse_cost"": 9864.104043866315, ""mean_shortage_days"": 2.8603915662650605, ""mean_cost_per_unit"": 23.88602405182941, ""capacity_utilization"": 4698457.8, ""feasible"": false, ""n_runs"": 20, ""eligibility"": ""NO_CONCLUSION""}, {""value"": 10.0, ""strategy_id"": ""S8"", ""mean_fill"": 0.9753865502441548, ""p_meet"": 0.35, ""mean_cost"": 22355748.00011749, ""mcse_cost"": 12492.071407127565, ""mean_shortage_days"": 31.224274370208104, ""mean_cost_per_unit"": 24.319209517553222, ""capacity_utilization"": 4597580.55, ""feasible"": false, ""n_runs"": 20, ""eligibility"": ""NO_CONCLUSION""}]",feasibility does not change between 1.0 and 10.0; no threshold inside the recorded range,,
S9,norepinephrine_1mgml_4ml,capacity_utilization,product.annual_demand_units,500000.0,900000.0,1800000.0,True,False,642187.5,feasible_below,"[{""value"": 500000.0, ""strategy_id"": ""S9"", ""mean_fill"": 1.0, ""p_meet"": 1.0, ""mean_cost"": 22167879.02551537, ""mcse_cost"": 4489.89385305564, ""mean_shortage_days"": 0.0, ""mean_cost_per_unit"": 42.32751545387717, ""capacity_utilization"": 2618716.6, ""feasible"": true, ""n_runs"": 20, ""eligibility"": ""NO_CONCLUSION""}, {""value"": 1800000.0, ""strategy_id"": ""S9"", ""mean_fill"": 0.8804712934371881, ""p_meet"": 0.0, ""mean_cost"": 24960934.451929502, ""mcse_cost"": 33364.79888281911, ""mean_shortage_days"": 93.94286007667031, ""mean_cost_per_unit"": 15.031751631220668, ""capacity_utilization"": 8309391.5, ""feasible"": false, ""n_runs"": 20, ""eligibility"": ""NO_CONCLUSION""}, {""value"": 1150000.0, ""strategy_id"": ""S9"", ""mean_fill"": 0.9819272057578269, ""p_meet"": 0.6, ""mean_cost"": 23905499.07724009, ""mcse_cost"": 18644.35203527047, ""mean_shortage_days"": 18.162486308871852, ""mean_cost_per_unit"": 20.217678985953096, ""capacity_utilization"": 5915104.95, ""feasible"": false, ""n_runs"": 20, ""eligibility"": ""NO_CONCLUSION""}, {""value"": 825000.0, ""strategy_id"": ""S9"", ""mean_fill"": 0.9967396988502701, ""p_meet"": 0.85, ""mean_cost"": 23068169.527176004, ""mcse_cost"": 8347.794148478322, ""mean_shortage_days"": 2.590354600219058, ""mean_cost_per_unit"": 26.784245736343316, ""capacity_utilization"": 4306910.2, ""feasible"": false, ""n_runs"": 20, ""eligibility"": ""NO_CONCLUSION""}, {""value"": 662500.0, ""strategy_id"": ""S9"", ""mean_fill"": 0.9981318060276371, ""p_meet"": 0.85, ""mean_cost"": 22618320.63898302, ""mcse_cost"": 5432.189876873016, ""mean_shortage_days"": 1.530209474260679, ""mean_cost_per_unit"": 32.65644421722778, ""capacity_utilization"": 3463371.4, ""feasible"": false, ""n_runs"": 20, ""eligibility"": ""NO_CONCLUSION""}, {""value"": 581250.0, ""strategy_id"": ""S9"", ""mean_fill"": 1.0, ""p_meet"": 1.0, ""mean_cost"": 22394851.338989504, ""mcse_cost"": 5654.806209293389, ""mean_shortage_days"": 0.0, ""mean_cost_per_unit"": 36.78352000920036, ""capacity_utilization"": 3044253.25, ""feasible"": true, ""n_runs"": 20, ""eligibility"": ""NO_CONCLUSION""}, {""value"": 621875.0, ""strategy_id"": ""S9"", ""mean_fill"": 0.999679875938063, ""p_meet"": 1.0, ""mean_cost"": 22508869.417390294, ""mcse_cost"": 5330.145297355032, ""mean_shortage_days"": 0.46006297918948513, ""mean_cost_per_unit"": 34.56681788256697, ""capacity_utilization"": 3255993.8, ""feasible"": true, ""n_runs"": 20, ""eligibility"": ""NO_CONCLUSION""}]",bisection over 5 steps on 20 paired runs,621875.0,662500.0
S9,norepinephrine_1mgml_4ml,fixed_qa_labor_per_node,product.fixed_qa_labor_usd_per_site_year,1500000.0,3000000.0,6000000.0,False,False,,infeasible_everywhere,"[{""value"": 1500000.0, ""strategy_id"": ""S9"", ""mean_fill"": 0.9952723752151158, ""p_meet"": 0.85, ""mean_cost"": 20401037.243401214, ""mcse_cost"": 10382.267730795216, ""mean_shortage_days"": 3.9005339539978094, ""mean_cost_per_unit"": 21.74660625623479, ""capacity_utilization"": 4691573.1, ""feasible"": false, ""n_runs"": 20, ""eligibility"": ""NO_CONCLUSION""}, {""value"": 6000000.0, ""strategy_id"": ""S9"", ""mean_fill"": 0.9952723752151158, ""p_meet"": 0.85, ""mean_cost"": 29026824.55513106, ""mcse_cost"": 10382.267730795169, ""mean_shortage_days"": 3.9005339539978094, ""mean_cost_per_unit"": 30.941692571726396, ""capacity_utilization"": 4691573.1, ""feasible"": false, ""n_runs"": 20, ""eligibility"": ""NO_CONCLUSION""}]",feasibility does not change between 1500000.0 and 6000000.0; no threshold inside the recorded range,,
S9,norepinephrine_1mgml_4ml,release_time,global.sterility_incubation_days,14.0,14.0,18.0,False,False,,infeasible_everywhere,"[{""value"": 14.0, ""strategy_id"": ""S9"", ""mean_fill"": 0.9952723752151158, ""p_meet"": 0.85, ""mean_cost"": 23276299.680644494, ""mcse_cost"": 10382.267730795264, ""mean_shortage_days"": 3.9005339539978094, ""mean_cost_per_unit"": 24.811635028065318, ""capacity_utilization"": 4691573.1, ""feasible"": false, ""n_runs"": 20, ""eligibility"": ""NO_CONCLUSION""}, {""value"": 18.0, ""strategy_id"": ""S9"", ""mean_fill"": 0.9943197875711689, ""p_meet"": 0.8, ""mean_cost"": 23259764.54829851, ""mcse_cost"": 10655.39509185472, ""mean_shortage_days"": 4.620632530120481, ""mean_cost_per_unit"": 24.817542032554833, ""capacity_utilization"": 4687340.65, ""feasible"": false, ""n_runs"": 20, ""eligibility"": ""NO_CONCLUSION""}]",feasibility does not change between 14.0 and 18.0; no threshold inside the recorded range,,
S9,norepinephrine_1mgml_4ml,shelf_life,product.shelf_life_months,12.0,24.0,30.0,False,False,,infeasible_everywhere,"[{""value"": 12.0, ""strategy_id"": ""S9"", ""mean_fill"": 0.9952723752151158, ""p_meet"": 0.85, ""mean_cost"": 23333129.761054482, ""mcse_cost"": 10925.910332693622, ""mean_shortage_days"": 3.9005339539978094, ""mean_cost_per_unit"": 24.872234761091256, ""capacity_utilization"": 4691573.1, ""feasible"": false, ""n_runs"": 20, ""eligibility"": ""NO_CONCLUSION""}, {""value"": 30.0, ""strategy_id"": ""S9"", ""mean_fill"": 0.9952723752151158, ""p_meet"": 0.85, ""mean_cost"": 23270721.6623429, ""mcse_cost"": 10624.788016885008, ""mean_shortage_days"": 3.9005339539978094, ""mean_cost_per_unit"": 24.805657399785694, ""capacity_utilization"": 4691573.1, ""feasible"": false, ""n_runs"": 20, ""eligibility"": ""NO_CONCLUSION""}]",feasibility does not change between 12.0 and 30.0; no threshold inside the recorded range,,
S9,norepinephrine_1mgml_4ml,raw_material_lead_time,product.material_lead_time_days,30.0,90.0,240.0,False,False,,infeasible_everywhere,"[{""value"": 30.0, ""strategy_id"": ""S9"", ""mean_fill"": 0.9958600604353574, ""p_meet"": 0.85, ""mean_cost"": 23264232.154257435, ""mcse_cost"": 11544.888094639218, ""mean_shortage_days"": 3.690505202628697, ""mean_cost_per_unit"": 24.78383635373155, ""capacity_utilization"": 4694349.2, ""feasible"": false, ""n_runs"": 20, ""eligibility"": ""NO_CONCLUSION""}, {""value"": 240.0, ""strategy_id"": ""S9"", ""mean_fill"": 0.9886248122495885, ""p_meet"": 0.65, ""mean_cost"": 23241547.65324574, ""mcse_cost"": 11588.272412755756, ""mean_shortage_days"": 11.361555312157723, ""mean_cost_per_unit"": 24.931734019116885, ""capacity_utilization"": 4661832.75, ""feasible"": false, ""n_runs"": 20, ""eligibility"": ""NO_CONCLUSION""}]",feasibility does not change between 30.0 and 240.0; no threshold inside the recorded range,,
S9,norepinephrine_1mgml_4ml,common_cause_dependence,global.common_cause_events_per_year,0.02,0.1,0.3,True,False,0.06812499999999999,feasible_below,"[{""value"": 0.02, ""strategy_id"": ""S9"", ""mean_fill"": 0.998439333542987, ""p_meet"": 0.95, ""mean_cost"": 23290516.147879623, ""mcse_cost"": 7810.850443526758, ""mean_shortage_days"": 1.4101930449069002, ""mean_cost_per_unit"": 24.745568747258808, ""capacity_utilization"": 4706417.75, ""feasible"": true, ""n_runs"": 20, ""eligibility"": ""NO_CONCLUSION""}, {""value"": 0.3, ""strategy_id"": ""S9"", ""mean_fill"": 0.9902223394471339, ""p_meet"": 0.7, ""mean_cost"": 23248114.01626955, ""mcse_cost"": 9481.974972529053, ""mean_shortage_days"": 8.21112404162103, ""mean_cost_per_unit"": 24.90846177533606, ""capacity_utilization"": 4667889.25, ""feasible"": false, ""n_runs"": 20, ""eligibility"": ""NO_CONCLUSION""}, {""value"": 0.16, ""strategy_id"": ""S9"", ""mean_fill"": 0.9923892442191032, ""p_meet"": 0.8, ""mean_cost"": 23264502.693824146, ""mcse_cost"": 10987.573668332576, ""mean_shortage_days"": 5.930811883899233, ""mean_cost_per_unit"": 24.875155018836857, ""capacity_utilization"": 4678069.4, ""feasible"": false, ""n_runs"": 20, ""eligibility"": ""NO_CONCLUSION""}, {""value"": 0.09, ""strategy_id"": ""S9"", ""mean_fill"": 0.9962804135243314, ""p_meet"": 0.85, ""mean_cost"": 23278209.965795074, ""mcse_cost"": 9451.348117681353, ""mean_shortage_days"": 3.440470974808324, ""mean_cost_per_unit"": 24.78700355465158, ""capacity_utilization"": 4696264.85, ""feasible"": false, ""n_runs"": 20, ""eligibility"": ""NO_CONCLUSION""}, {""value"": 0.055, ""strategy_id"": ""S9"", ""mean_fill"": 0.996615346630857, ""p_meet"": 0.9, ""mean_cost"": 23280754.76489478, ""mcse_cost"": 9121.983064100332, ""mean_shortage_days"": 2.8603915662650605, ""mean_cost_per_unit"": 24.781184485321045, ""capacity_utilization"": 4697829.0, ""feasible"": true, ""n_runs"": 20, ""eligibility"": ""NO_CONCLUSION""}, {""value"": 0.0725, ""strategy_id"": ""S9"", ""mean_fill"": 0.9962804135243314, ""p_meet"": 0.85, ""mean_cost"": 23279726.82747602, ""mcse_cost"": 9446.69915227586, ""mean_shortage_days"": 3.100424424972618, ""mean_cost_per_unit"": 24.788622251146005, ""capacity_utilization"": 4696264.85, ""feasible"": false, ""n_runs"": 20, ""eligibility"": ""NO_CONCLUSION""}, {""value"": 0.06375, ""strategy_id"": ""S9"", ""mean_fill"": 0.996615346630857, ""p_meet"": 0.9, ""mean_cost"": 23279911.24098724, ""mcse_cost"": 9127.949228566691, ""mean_shortage_days"": 2.8603915662650605, ""mean_cost_per_unit"": 24.78028366507622, ""capacity_utilization"": 4697829.0, ""feasible"": true, ""n_runs"": 20, ""eligibility"": ""NO_CONCLUSION""}]",bisection over 5 steps on 20 paired runs,0.06375,0.0725
S9,norepinephrine_1mgml_4ml,supplier_concentration,global.supplier_disruptions_per_supplier_year,0.05,0.2,0.6,False,False,,infeasible_everywhere,"[{""value"": 0.05, ""strategy_id"": ""S9"", ""mean_fill"": 0.9961269019801435, ""p_meet"": 0.85, ""mean_cost"": 23279036.845906913, ""mcse_cost"": 10874.49845354366, ""mean_shortage_days"": 3.1004244249726174, ""mean_cost_per_unit"": 24.792898351983304, ""capacity_utilization"": 4695610.0, ""feasible"": false, ""n_runs"": 20, ""eligibility"": ""NO_CONCLUSION""}, {""value"": 0.6, ""strategy_id"": ""S9"", ""mean_fill"": 0.9944247347174775, ""p_meet"": 0.85, ""mean_cost"": 23265621.90589548, ""mcse_cost"": 10950.21173919158, ""mean_shortage_days"": 5.070694140197151, ""mean_cost_per_unit"": 24.82204524251793, ""capacity_utilization"": 4687593.45, ""feasible"": false, ""n_runs"": 20, ""eligibility"": ""NO_CONCLUSION""}]",feasibility does not change between 0.05 and 0.6; no threshold inside the recorded range,,
S9,norepinephrine_1mgml_4ml,commissioning_days,global.node_commissioning_days,365.0,730.0,1095.0,False,False,,infeasible_everywhere,"[{""value"": 365.0, ""strategy_id"": ""S9"", ""mean_fill"": 0.9952723752151158, ""p_meet"": 0.85, ""mean_cost"": 23276299.680644494, ""mcse_cost"": 10382.267730795264, ""mean_shortage_days"": 3.9005339539978094, ""mean_cost_per_unit"": 24.811635028065318, ""capacity_utilization"": 4691573.1, ""feasible"": false, ""n_runs"": 20, ""eligibility"": ""NO_CONCLUSION""}, {""value"": 1095.0, ""strategy_id"": ""S9"", ""mean_fill"": 0.9952723752151158, ""p_meet"": 0.85, ""mean_cost"": 23276299.680644494, ""mcse_cost"": 10382.267730795264, ""mean_shortage_days"": 3.9005339539978094, ""mean_cost_per_unit"": 24.811635028065318, ""capacity_utilization"": 4691573.1, ""feasible"": false, ""n_runs"": 20, ""eligibility"": ""NO_CONCLUSION""}]",feasibility does not change between 365.0 and 1095.0; no threshold inside the recorded range,,
S9,norepinephrine_1mgml_4ml,activation_latency_days,global.reserved_capacity_activation_days,7.0,21.0,60.0,False,False,,infeasible_everywhere,"[{""value"": 7.0, ""strategy_id"": ""S9"", ""mean_fill"": 0.9952723752151158, ""p_meet"": 0.85, ""mean_cost"": 23276299.680644494, ""mcse_cost"": 10382.267730795264, ""mean_shortage_days"": 3.9005339539978094, ""mean_cost_per_unit"": 24.811635028065318, ""capacity_utilization"": 4691573.1, ""feasible"": false, ""n_runs"": 20, ""eligibility"": ""NO_CONCLUSION""}, {""value"": 60.0, ""strategy_id"": ""S9"", ""mean_fill"": 0.9952723752151158, ""p_meet"": 0.85, ""mean_cost"": 23276299.680644494, ""mcse_cost"": 10382.267730795264, ""mean_shortage_days"": 3.9005339539978094, ""mean_cost_per_unit"": 24.811635028065318, ""capacity_utilization"": 4691573.1, ""feasible"": false, ""n_runs"": 20, ""eligibility"": ""NO_CONCLUSION""}]",feasibility does not change between 7.0 and 60.0; no threshold inside the recorded range,,
S9,norepinephrine_1mgml_4ml,node_capital,product.capital_usd_per_site,15000000.0,40000000.0,100000000.0,False,False,,infeasible_everywhere,"[{""value"": 15000000.0, ""strategy_id"": ""S9"", ""mean_fill"": 0.9952723752151158, ""p_meet"": 0.85, ""mean_cost"": 15139029.936518574, ""mcse_cost"": 10382.267730795267, ""mean_shortage_days"": 3.9005339539978094, ""mean_cost_per_unit"": 16.13730827206849, ""capacity_utilization"": 4691573.1, ""feasible"": false, ""n_runs"": 20, ""eligibility"": ""NO_CONCLUSION""}, {""value"": 100000000.0, ""strategy_id"": ""S9"", ""mean_fill"": 0.9952723752151158, ""p_meet"": 0.85, ""mean_cost"": 42805747.06654371, ""mcse_cost"": 10382.267730795229, ""mean_shortage_days"": 3.9005339539978094, ""mean_cost_per_unit"": 45.63001924245454, ""capacity_utilization"": 4691573.1, ""feasible"": false, ""n_runs"": 20, ""eligibility"": ""NO_CONCLUSION""}]",feasibility does not change between 15000000.0 and 100000000.0; no threshold inside the recorded range,,
S9,norepinephrine_1mgml_4ml,batches_per_site_year,product.batches_per_site_year_nominal,30.0,45.0,70.0,False,True,51.875,feasible_above,"[{""value"": 30.0, ""strategy_id"": ""S9"", ""mean_fill"": 0.9626469218086309, ""p_meet"": 0.2, ""mean_cost"": 23168204.449394055, ""mcse_cost"": 16881.020360000923, ""mean_shortage_days"": 38.375253285870755, ""mean_cost_per_unit"": 25.54213377570766, ""capacity_utilization"": 4538391.25, ""feasible"": false, ""n_runs"": 20, ""eligibility"": ""NO_CONCLUSION""}, {""value"": 70.0, ""strategy_id"": ""S9"", ""mean_fill"": 1.0, ""p_meet"": 1.0, ""mean_cost"": 23296946.919009224, ""mcse_cost"": 7712.1970963210715, ""mean_shortage_days"": 0.0, ""mean_cost_per_unit"": 24.712772057304065, ""capacity_utilization"": 4713689.4, ""feasible"": true, ""n_runs"": 20, ""eligibility"": ""NO_CONCLUSION""}, {""value"": 50.0, ""strategy_id"": ""S9"", ""mean_fill"": 0.9970631056764413, ""p_meet"": 0.85, ""mean_cost"": 23281552.810960025, ""mcse_cost"": 9693.781558677867, ""mean_shortage_days"": 2.360323110624315, ""mean_cost_per_unit"": 24.769246193736496, ""capacity_utilization"": 4700210.9, ""feasible"": false, ""n_runs"": 20, ""eligibility"": ""NO_CONCLUSION""}, {""value"": 60.0, ""strategy_id"": ""S9"", ""mean_fill"": 0.999808909436906, ""p_meet"": 1.0, ""mean_cost"": 23293798.70221153, ""mcse_cost"": 7372.546406167365, ""mean_shortage_days"": 0.4000547645125958, ""mean_cost_per_unit"": 24.71421909515317, ""capacity_utilization"": 4712797.0, ""feasible"": true, ""n_runs"": 20, ""eligibility"": ""NO_CONCLUSION""}, {""value"": 55.0, ""strategy_id"": ""S9"", ""mean_fill"": 0.9989587219351916, ""p_meet"": 0.95, ""mean_cost"": 23289647.542223472, ""mcse_cost"": 8467.467207038047, ""mean_shortage_days"": 1.1501574479737129, ""mean_cost_per_unit"": 24.73114082560147, ""capacity_utilization"": 4708829.25, ""feasible"": true, ""n_runs"": 20, ""eligibility"": ""NO_CONCLUSION""}, {""value"": 52.5, ""strategy_id"": ""S9"", ""mean_fill"": 0.9973102648004326, ""p_meet"": 0.9, ""mean_cost"": 23282698.245122604, ""mcse_cost"": 9228.694514232799, ""mean_shortage_days"": 2.3503217415115003, ""mean_cost_per_unit"": 24.765674810348678, ""capacity_utilization"": 4701102.7, ""feasible"": true, ""n_runs"": 20, ""eligibility"": ""NO_CONCLUSION""}, {""value"": 51.25, ""strategy_id"": ""S9"", ""mean_fill"": 0.9970665616737012, ""p_meet"": 0.85, ""mean_cost"": 23282796.420876827, ""mcse_cost"": 9638.588294538999, ""mean_shortage_days"": 2.260309419496166, ""mean_cost_per_unit"": 24.768811929447615, ""capacity_utilization"": 4700533.9, ""feasible"": false, ""n_runs"": 20, ""eligibility"": ""NO_CONCLUSION""}]",bisection over 5 steps on 20 paired runs,51.25,52.5
S9,norepinephrine_1mgml_4ml,changeover_burden,product.changeover_days,1.0,3.0,10.0,False,False,,infeasible_everywhere,"[{""value"": 1.0, ""strategy_id"": ""S9"", ""mean_fill"": 0.9954798792793582, ""p_meet"": 0.85, ""mean_cost"": 23283838.83357054, ""mcse_cost"": 11977.44697534815, ""mean_shortage_days"": 3.82052300109529, ""mean_cost_per_unit"": 24.813947044581454, ""capacity_utilization"": 4692578.75, ""feasible"": false, ""n_runs"": 20, ""eligibility"": ""NO_CONCLUSION""}, {""value"": 10.0, ""strategy_id"": ""S9"", ""mean_fill"": 0.9794809100668467, ""p_meet"": 0.5, ""mean_cost"": 23210421.285671096, ""mcse_cost"": 13916.526851718008, ""mean_shortage_days"": 21.782981927710843, ""mean_cost_per_unit"": 25.148368846424635, ""capacity_utilization"": 4617063.6, ""feasible"": false, ""n_runs"": 20, ""eligibility"": ""NO_CONCLUSION""}]",feasibility does not change between 1.0 and 10.0; no threshold inside the recorded range,,
S10,norepinephrine_1mgml_4ml,capacity_utilization,product.annual_demand_units,500000.0,900000.0,1800000.0,True,False,1007812.5,feasible_below,"[{""value"": 500000.0, ""strategy_id"": ""S10"", ""mean_fill"": 0.9937447260759373, ""p_meet"": 0.9, ""mean_cost"": 16736543.683551911, ""mcse_cost"": 7812.4549981141545, ""mean_shortage_days"": 12.151663472070098, ""mean_cost_per_unit"": 32.1561412714316, ""capacity_utilization"": 2602471.95, ""feasible"": true, ""n_runs"": 20, ""eligibility"": ""NO_CONCLUSION""}, {""value"": 1800000.0, ""strategy_id"": ""S10"", ""mean_fill"": 0.7712545475451351, ""p_meet"": 0.0, ""mean_cost"": 18890005.03786748, ""mcse_cost"": 27779.128348383783, ""mean_shortage_days"": 256.12506161007667, ""mean_cost_per_unit"": 13.04529746287508, ""capacity_utilization"": 7249758.9, ""feasible"": false, ""n_runs"": 20, ""eligibility"": ""NO_CONCLUSION""}, {""value"": 1150000.0, ""strategy_id"": ""S10"", ""mean_fill"": 0.9903879590688703, ""p_meet"": 0.7, ""mean_cost"": 18317852.019815676, ""mcse_cost"": 11668.660932724057, ""mean_shortage_days"": 22.013013417305586, ""mean_cost_per_unit"": 15.353678956677527, ""capacity_utilization"": 5964878.4, ""feasible"": false, ""n_runs"": 20, ""eligibility"": ""NO_CONCLUSION""}, {""value"": 825000.0, ""strategy_id"": ""S10"", ""mean_fill"": 0.9944029107937908, ""p_meet"": 0.95, ""mean_cost"": 17554508.784846637, ""mcse_cost"": 8329.522629833362, ""mean_shortage_days"": 12.251677163198249, ""mean_cost_per_unit"": 20.427563105835027, ""capacity_utilization"": 4296878.25, ""feasible"": true, ""n_runs"": 20, ""eligibility"": ""NO_CONCLUSION""}, {""value"": 987500.0, ""strategy_id"": ""S10"", ""mean_fill"": 0.9943933101689296, ""p_meet"": 0.9, ""mean_cost"": 17951608.946424156, ""mcse_cost"": 10611.71965012154, ""mean_shortage_days"": 12.901766155531215, ""mean_cost_per_unit"": 17.452269501601826, ""capacity_utilization"": 5143251.6, ""feasible"": true, ""n_runs"": 20, ""eligibility"": ""NO_CONCLUSION""}, {""value"": 1068750.0, ""strategy_id"": ""S10"", ""mean_fill"": 0.9930211709506223, ""p_meet"": 0.85, ""mean_cost"": 18162833.769971084, ""mcse_cost"": 7361.1615857437255, ""mean_shortage_days"": 14.972049561883898, ""mean_cost_per_unit"": 16.337553302193903, ""capacity_utilization"": 5558347.45, ""feasible"": false, ""n_runs"": 20, ""eligibility"": ""NO_CONCLUSION""}, {""value"": 1028125.0, ""strategy_id"": ""S10"", ""mean_fill"": 0.9927355764574847, ""p_meet"": 0.8, ""mean_cost"": 18073702.103274338, ""mcse_cost"": 9663.969036668503, ""mean_shortage_days"": 15.102067360350489, ""mean_cost_per_unit"": 16.904544453589345, ""capacity_utilization"": 5345458.3, ""feasible"": false, ""n_runs"": 20, ""eligibility"": ""NO_CONCLUSION""}]",bisection over 5 steps on 20 paired runs,987500.0,1028125.0
S10,norepinephrine_1mgml_4ml,fixed_qa_labor_per_node,product.fixed_qa_labor_usd_per_site_year,1500000.0,3000000.0,6000000.0,True,True,,feasible_everywhere,"[{""value"": 1500000.0, ""strategy_id"": ""S10"", ""mean_fill"": 0.9948898694479802, ""p_meet"": 0.95, ""mean_cost"": 15797661.35817993, ""mcse_cost"": 8294.67067626494, ""mean_shortage_days"": 11.001506024096384, ""mean_cost_per_unit"": 16.84301341315114, ""capacity_utilization"": 4689868.1, ""feasible"": true, ""n_runs"": 20, ""eligibility"": ""NO_CONCLUSION""}, {""value"": 6000000.0, ""strategy_id"": ""S10"", ""mean_fill"": 0.9948898694479802, ""p_meet"": 0.95, ""mean_cost"": 21677052.726043813, ""mcse_cost"": 8294.670676264992, ""mean_shortage_days"": 11.001506024096384, ""mean_cost_per_unit"": 23.11160414201605, ""capacity_utilization"": 4689868.1, ""feasible"": true, ""n_runs"": 20, ""eligibility"": ""NO_CONCLUSION""}]",feasibility does not change between 1500000.0 and 6000000.0; no threshold inside the recorded range,,
S10,norepinephrine_1mgml_4ml,release_time,global.sterility_incubation_days,14.0,14.0,18.0,True,True,,feasible_everywhere,"[{""value"": 14.0, ""strategy_id"": ""S10"", ""mean_fill"": 0.9948898694479802, ""p_meet"": 0.95, ""mean_cost"": 17757458.480801225, ""mcse_cost"": 8294.670676264956, ""mean_shortage_days"": 11.001506024096384, ""mean_cost_per_unit"": 18.93254365610611, ""capacity_utilization"": 4689868.1, ""feasible"": true, ""n_runs"": 20, ""eligibility"": ""NO_CONCLUSION""}, {""value"": 18.0, ""strategy_id"": ""S10"", ""mean_fill"": 0.993284513421224, ""p_meet"": 0.9, ""mean_cost"": 17768933.74427074, ""mcse_cost"": 11351.56784714358, ""mean_shortage_days"": 12.821755202628697, ""mean_cost_per_unit"": 18.975618811282317, ""capacity_utilization"": 4682218.8, ""feasible"": true, ""n_runs"": 20, ""eligibility"": ""NO_CONCLUSION""}]",feasibility does not change between 14.0 and 18.0; no threshold inside the recorded range,,
S10,norepinephrine_1mgml_4ml,shelf_life,product.shelf_life_months,12.0,24.0,30.0,False,True,12.28125,feasible_above,"[{""value"": 12.0, ""strategy_id"": ""S10"", ""mean_fill"": 0.9924256496574799, ""p_meet"": 0.85, ""mean_cost"": 17934084.69706186, ""mcse_cost"": 12546.583139224542, ""mean_shortage_days"": 18.542538335158817, ""mean_cost_per_unit"": 19.16870504039477, ""capacity_utilization"": 4678248.95, ""feasible"": false, ""n_runs"": 20, ""eligibility"": ""NO_CONCLUSION""}, {""value"": 30.0, ""strategy_id"": ""S10"", ""mean_fill"": 0.9948898694479802, ""p_meet"": 0.95, ""mean_cost"": 17758878.273094468, ""mcse_cost"": 8451.801872240912, ""mean_shortage_days"": 11.001506024096384, ""mean_cost_per_unit"": 18.934060401588532, ""capacity_utilization"": 4689868.1, ""feasible"": true, ""n_runs"": 20, ""eligibility"": ""NO_CONCLUSION""}, {""value"": 21.0, ""strategy_id"": ""S10"", ""mean_fill"": 0.9948689366399298, ""p_meet"": 0.95, ""mean_cost"": 17761390.351476204, ""mcse_cost"": 8123.973931700771, ""mean_shortage_days"": 11.021508762322016, ""mean_cost_per_unit"": 18.93716386244108, ""capacity_utilization"": 4689770.7, ""feasible"": true, ""n_runs"": 20, ""eligibility"": ""NO_CONCLUSION""}, {""value"": 16.5, ""strategy_id"": ""S10"", ""mean_fill"": 0.9952472170314397, ""p_meet"": 0.95, ""mean_cost"": 17814522.366579983, ""mcse_cost"": 11129.42081274213, ""mean_shortage_days"": 11.031510131434832, ""mean_cost_per_unit"": 18.98656080214464, ""capacity_utilization"": 4691542.7, ""feasible"": true, ""n_runs"": 20, ""eligibility"": ""NO_CONCLUSION""}, {""value"": 14.25, ""strategy_id"": ""S10"", ""mean_fill"": 0.9951372671694623, ""p_meet"": 0.95, ""mean_cost"": 17849978.438402496, ""mcse_cost"": 12578.23461017356, ""mean_shortage_days"": 13.48184556407448, ""mean_cost_per_unit"": 19.026591437803013, ""capacity_utilization"": 4691041.45, ""feasible"": true, ""n_runs"": 20, ""eligibility"": ""NO_CONCLUSION""}, {""value"": 13.125, ""strategy_id"": ""S10"", ""mean_fill"": 0.994747440445874, ""p_meet"": 0.9, ""mean_cost"": 17877607.848547477, ""mcse_cost"": 13950.063316089578, ""mean_shortage_days"": 15.37210432639649, ""mean_cost_per_unit"": 19.063219335515775, ""capacity_utilization"": 4689201.8, ""feasible"": true, ""n_runs"": 20, ""eligibility"": ""NO_CONCLUSION""}, {""value"": 12.5625, ""strategy_id"": ""S10"", ""mean_fill"": 0.9946233901866586, ""p_meet"": 0.95, ""mean_cost"": 17889268.06680178, ""mcse_cost"": 14318.009251660507, ""mean_shortage_days"": 15.822165936473164, ""mean_cost_per_unit"": 19.077928099668544, ""capacity_utilization"": 4688611.8, ""feasible"": true, ""n_runs"": 20, ""eligibility"": ""NO_CONCLUSION""}]",bisection over 5 steps on 20 paired runs,12.0,12.5625
S10,norepinephrine_1mgml_4ml,raw_material_lead_time,product.material_lead_time_days,30.0,90.0,240.0,True,True,,feasible_everywhere,"[{""value"": 30.0, ""strategy_id"": ""S10"", ""mean_fill"": 0.9952594259821416, ""p_meet"": 0.95, ""mean_cost"": 17747285.107535668, ""mcse_cost"": 8957.953079812803, ""mean_shortage_days"": 11.191532037239869, ""mean_cost_per_unit"": 18.914701150964635, ""capacity_utilization"": 4691629.9, ""feasible"": true, ""n_runs"": 20, ""eligibility"": ""NO_CONCLUSION""}, {""value"": 240.0, ""strategy_id"": ""S10"", ""mean_fill"": 0.9937168456270953, ""p_meet"": 0.9, ""mean_cost"": 17789106.733981054, ""mcse_cost"": 8872.004904664678, ""mean_shortage_days"": 12.50171139101862, ""mean_cost_per_unit"": 18.988191395350007, ""capacity_utilization"": 4683999.9, ""feasible"": true, ""n_runs"": 20, ""eligibility"": ""NO_CONCLUSION""}]",feasibility does not change between 30.0 and 240.0; no threshold inside the recorded range,,
S10,norepinephrine_1mgml_4ml,common_cause_dependence,global.common_cause_events_per_year,0.02,0.1,0.3,True,False,0.138125,feasible_below,"[{""value"": 0.02, ""strategy_id"": ""S10"", ""mean_fill"": 0.995201767342261, ""p_meet"": 0.95, ""mean_cost"": 17779073.096779946, ""mcse_cost"": 8188.209260670212, ""mean_shortage_days"": 10.011370481927711, ""mean_cost_per_unit"": 18.94978326658797, ""capacity_utilization"": 4691335.45, ""feasible"": true, ""n_runs"": 20, ""eligibility"": ""NO_CONCLUSION""}, {""value"": 0.3, ""strategy_id"": ""S10"", ""mean_fill"": 0.9879392253492105, ""p_meet"": 0.7, ""mean_cost"": 17692269.18254335, ""mcse_cost"": 18416.09449348394, ""mean_shortage_days"": 19.522672508214676, ""mean_cost_per_unit"": 19.0003334520353, ""capacity_utilization"": 4656418.05, ""feasible"": false, ""n_runs"": 20, ""eligibility"": ""NO_CONCLUSION""}, {""value"": 0.16, ""strategy_id"": ""S10"", ""mean_fill"": 0.9923946216381421, ""p_meet"": 0.8, ""mean_cost"": 17737865.32750229, ""mcse_cost"": 12181.257244908917, ""mean_shortage_days"": 13.881900328587076, ""mean_cost_per_unit"": 18.96035214235722, ""capacity_utilization"": 4677981.8, ""feasible"": false, ""n_runs"": 20, ""eligibility"": ""NO_CONCLUSION""}, {""value"": 0.09, ""strategy_id"": ""S10"", ""mean_fill"": 0.9949141085089913, ""p_meet"": 0.95, ""mean_cost"": 17761170.52804617, ""mcse_cost"": 7938.931827068032, ""mean_shortage_days"": 10.981503285870755, ""mean_cost_per_unit"": 18.936071066800533, ""capacity_utilization"": 4689983.85, ""feasible"": true, ""n_runs"": 20, ""eligibility"": ""NO_CONCLUSION""}, {""value"": 0.125, ""strategy_id"": ""S10"", ""mean_fill"": 0.9949904142090817, ""p_meet"": 0.95, ""mean_cost"": 17757481.48991898, ""mcse_cost"": 9721.983507650328, ""mean_shortage_days"": 11.071515607886088, ""mean_cost_per_unit"": 18.930610009463713, ""capacity_utilization"": 4690349.65, ""feasible"": true, ""n_runs"": 20, ""eligibility"": ""NO_CONCLUSION""}, {""value"": 0.14250000000000002, ""strategy_id"": ""S10"", ""mean_fill"": 0.9927512844700344, ""p_meet"": 0.85, ""mean_cost"": 17755161.52284255, ""mcse_cost"": 10584.033953017028, ""mean_shortage_days"": 13.251814074479736, ""mean_cost_per_unit"": 18.97185140043573, ""capacity_utilization"": 4679646.8, ""feasible"": false, ""n_runs"": 20, ""eligibility"": ""NO_CONCLUSION""}, {""value"": 0.13375, ""strategy_id"": ""S10"", ""mean_fill"": 0.9949059125766638, ""p_meet"": 0.95, ""mean_cost"": 17759968.898772564, ""mcse_cost"": 8593.718963145082, ""mean_shortage_days"": 11.311548466593647, ""mean_cost_per_unit"": 18.9349282254282, ""capacity_utilization"": 4689949.25, ""feasible"": true, ""n_runs"": 20, ""eligibility"": ""NO_CONCLUSION""}]",bisection over 5 steps on 20 paired runs,0.13375,0.14250000000000002
S10,norepinephrine_1mgml_4ml,supplier_concentration,global.supplier_disruptions_per_supplier_year,0.05,0.2,0.6,True,False,0.38515625000000003,feasible_below,"[{""value"": 0.05, ""strategy_id"": ""S10"", ""mean_fill"": 0.9949442304201392, ""p_meet"": 0.95, ""mean_cost"": 17758018.943183847, ""mcse_cost"": 8535.022479328536, ""mean_shortage_days"": 10.861486856516978, ""mean_cost_per_unit"": 18.932097563552325, ""capacity_utilization"": 4690123.85, ""feasible"": true, ""n_runs"": 20, ""eligibility"": ""NO_CONCLUSION""}, {""value"": 0.6, ""strategy_id"": ""S10"", ""mean_fill"": 0.9930862075556032, ""p_meet"": 0.75, ""mean_cost"": 17759494.84877447, ""mcse_cost"": 7771.059939643521, ""mean_shortage_days"": 13.951909912376781, ""mean_cost_per_unit"": 18.969270300877866, ""capacity_utilization"": 4681379.8, ""feasible"": false, ""n_runs"": 20, ""eligibility"": ""NO_CONCLUSION""}, {""value"": 0.325, ""strategy_id"": ""S10"", ""mean_fill"": 0.9948456216520565, ""p_meet"": 0.9, ""mean_cost"": 17761464.835764885, ""mcse_cost"": 7183.275714323059, ""mean_shortage_days"": 11.161527929901421, ""mean_cost_per_unit"": 18.937758008989846, ""capacity_utilization"": 4689656.95, ""feasible"": true, ""n_runs"": 20, ""eligibility"": ""NO_CONCLUSION""}, {""value"": 0.4625, ""strategy_id"": ""S10"", ""mean_fill"": 0.9933177341521958, ""p_meet"": 0.8, ""mean_cost"": 17756773.511403102, ""mcse_cost"": 7843.718696351663, ""mean_shortage_days"": 13.311822289156627, ""mean_cost_per_unit"": 18.961938408674246, ""capacity_utilization"": 4682460.0, ""feasible"": false, ""n_runs"": 20, ""eligibility"": ""NO_CONCLUSION""}, {""value"": 0.39375000000000004, ""strategy_id"": ""S10"", ""mean_fill"": 0.9939918958683578, ""p_meet"": 0.85, ""mean_cost"": 17758312.269836463, ""mcse_cost"": 8000.402049199937, ""mean_shortage_days"": 12.601725082146766, ""mean_cost_per_unit"": 18.950442520195715, ""capacity_utilization"": 4685585.7, ""feasible"": false, ""n_runs"": 20, ""eligibility"": ""NO_CONCLUSION""}, {""value"": 0.359375, ""strategy_id"": ""S10"", ""mean_fill"": 0.9948456216520565, ""p_meet"": 0.9, ""mean_cost"": 17760241.104259104, ""mcse_cost"": 7343.096555153673, ""mean_shortage_days"": 11.181530668127051, ""mean_cost_per_unit"": 18.936456662148895, ""capacity_utilization"": 4689656.95, ""feasible"": true, ""n_runs"": 20, ""eligibility"": ""NO_CONCLUSION""}, {""value"": 0.3765625, ""strategy_id"": ""S10"", ""mean_fill"": 0.9945638898145697, ""p_meet"": 0.9, ""mean_cost"": 17760865.77303987, ""mcse_cost"": 7407.761378786839, ""mean_shortage_days"": 11.661596385542165, ""mean_cost_per_unit"": 18.94227899503057, ""capacity_utilization"": 4688271.35, ""feasible"": true, ""n_runs"": 20, ""eligibility"": ""NO_CONCLUSION""}]",bisection over 5 steps on 20 paired runs,0.3765625,0.39375000000000004
S10,norepinephrine_1mgml_4ml,commissioning_days,global.node_commissioning_days,365.0,730.0,1095.0,True,True,,feasible_everywhere,"[{""value"": 365.0, ""strategy_id"": ""S10"", ""mean_fill"": 0.9948898694479802, ""p_meet"": 0.95, ""mean_cost"": 17757458.480801225, ""mcse_cost"": 8294.670676264956, ""mean_shortage_days"": 11.001506024096384, ""mean_cost_per_unit"": 18.93254365610611, ""capacity_utilization"": 4689868.1, ""feasible"": true, ""n_runs"": 20, ""eligibility"": ""NO_CONCLUSION""}, {""value"": 1095.0, ""strategy_id"": ""S10"", ""mean_fill"": 0.9948898694479802, ""p_meet"": 0.95, ""mean_cost"": 17757458.480801225, ""mcse_cost"": 8294.670676264956, ""mean_shortage_days"": 11.001506024096384, ""mean_cost_per_unit"": 18.93254365610611, ""capacity_utilization"": 4689868.1, ""feasible"": true, ""n_runs"": 20, ""eligibility"": ""NO_CONCLUSION""}]",feasibility does not change between 365.0 and 1095.0; no threshold inside the recorded range,,
S10,norepinephrine_1mgml_4ml,activation_latency_days,global.reserved_capacity_activation_days,7.0,21.0,60.0,True,True,,feasible_everywhere,"[{""value"": 7.0, ""strategy_id"": ""S10"", ""mean_fill"": 0.9948898694479802, ""p_meet"": 0.95, ""mean_cost"": 17757458.480801225, ""mcse_cost"": 8294.670676264956, ""mean_shortage_days"": 11.001506024096384, ""mean_cost_per_unit"": 18.93254365610611, ""capacity_utilization"": 4689868.1, ""feasible"": true, ""n_runs"": 20, ""eligibility"": ""NO_CONCLUSION""}, {""value"": 60.0, ""strategy_id"": ""S10"", ""mean_fill"": 0.9948898694479802, ""p_meet"": 0.95, ""mean_cost"": 17757458.480801225, ""mcse_cost"": 8294.670676264956, ""mean_shortage_days"": 11.001506024096384, ""mean_cost_per_unit"": 18.93254365610611, ""capacity_utilization"": 4689868.1, ""feasible"": true, ""n_runs"": 20, ""eligibility"": ""NO_CONCLUSION""}]",feasibility does not change between 7.0 and 60.0; no threshold inside the recorded range,,
S10,norepinephrine_1mgml_4ml,node_capital,product.capital_usd_per_site,15000000.0,40000000.0,100000000.0,True,True,,feasible_everywhere,"[{""value"": 15000000.0, ""strategy_id"": ""S10"", ""mean_fill"": 0.9948898694479802, ""p_meet"": 0.95, ""mean_cost"": 11940503.550158087, ""mcse_cost"": 8294.670676264961, ""mean_shortage_days"": 11.001506024096384, ""mean_cost_per_unit"": 12.73052248300246, ""capacity_utilization"": 4689868.1, ""feasible"": true, ""n_runs"": 20, ""eligibility"": ""NO_CONCLUSION""}, {""value"": 100000000.0, ""strategy_id"": ""S10"", ""mean_fill"": 0.9948898694479802, ""p_meet"": 0.95, ""mean_cost"": 31718150.3143466, ""mcse_cost"": 8294.670676264956, ""mean_shortage_days"": 11.001506024096384, ""mean_cost_per_unit"": 33.817394471556824, ""capacity_utilization"": 4689868.1, ""feasible"": true, ""n_runs"": 20, ""eligibility"": ""NO_CONCLUSION""}]",feasibility does not change between 15000000.0 and 100000000.0; no threshold inside the recorded range,,
S10,norepinephrine_1mgml_4ml,batches_per_site_year,product.batches_per_site_year_nominal,30.0,45.0,70.0,False,True,39.375,feasible_above,"[{""value"": 30.0, ""strategy_id"": ""S10"", ""mean_fill"": 0.9531639830053595, ""p_meet"": 0.0, ""mean_cost"": 17444704.618654415, ""mcse_cost"": 18593.08111373803, ""mean_shortage_days"": 86.51184282584884, ""mean_cost_per_unit"": 19.434424552205847, ""capacity_utilization"": 4492233.1, ""feasible"": false, ""n_runs"": 20, ""eligibility"": ""NO_CONCLUSION""}, {""value"": 70.0, ""strategy_id"": ""S10"", ""mean_fill"": 0.9949146818061854, ""p_meet"": 1.0, ""mean_cost"": 17927953.76493292, ""mcse_cost"": 14998.021847040913, ""mean_shortage_days"": 10.161391018619934, ""mean_cost_per_unit"": 19.114513899622604, ""capacity_utilization"": 4689867.95, ""feasible"": true, ""n_runs"": 20, ""eligibility"": ""NO_CONCLUSION""}, {""value"": 50.0, ""strategy_id"": ""S10"", ""mean_fill"": 0.9953118560441382, ""p_meet"": 0.95, ""mean_cost"": 17796499.888841614, ""mcse_cost"": 12181.324514192605, ""mean_shortage_days"": 10.191395125958376, ""mean_cost_per_unit"": 18.96656740452618, ""capacity_utilization"": 4691721.55, ""feasible"": true, ""n_runs"": 20, ""eligibility"": ""NO_CONCLUSION""}, {""value"": 40.0, ""strategy_id"": ""S10"", ""mean_fill"": 0.9941137894081269, ""p_meet"": 0.9, ""mean_cost"": 17714803.71841563, ""mcse_cost"": 10780.385293163907, ""mean_shortage_days"": 14.051923603504926, ""mean_cost_per_unit"": 18.90226348298686, ""capacity_utilization"": 4686100.6, ""feasible"": true, ""n_runs"": 20, ""eligibility"": ""NO_CONCLUSION""}, {""value"": 35.0, ""strategy_id"": ""S10"", ""mean_fill"": 0.9867507679573165, ""p_meet"": 0.7, ""mean_cost"": 17642225.924835153, ""mcse_cost"": 11979.747063186815, ""mean_shortage_days"": 28.233865005476456, ""mean_cost_per_unit"": 18.965658673210875, ""capacity_utilization"": 4650909.6, ""feasible"": false, ""n_runs"": 20, ""eligibility"": ""NO_CONCLUSION""}, {""value"": 37.5, ""strategy_id"": ""S10"", ""mean_fill"": 0.9916143790658921, ""p_meet"": 0.75, ""mean_cost"": 17689473.291251175, ""mcse_cost"": 7003.611033398177, ""mean_shortage_days"": 18.152484939759038, ""mean_cost_per_unit"": 18.92193522016644, ""capacity_utilization"": 4674036.3, ""feasible"": false, ""n_runs"": 20, ""eligibility"": ""NO_CONCLUSION""}, {""value"": 38.75, ""strategy_id"": ""S10"", ""mean_fill"": 0.9925458998334292, ""p_meet"": 0.8, ""mean_cost"": 17701763.065803505, ""mcse_cost"": 8617.362198116969, ""mean_shortage_days"": 16.292230284775464, ""mean_cost_per_unit"": 18.917413386524185, ""capacity_utilization"": 4678461.25, ""feasible"": false, ""n_runs"": 20, ""eligibility"": ""NO_CONCLUSION""}]",bisection over 5 steps on 20 paired runs,38.75,40.0
S10,norepinephrine_1mgml_4ml,changeover_burden,product.changeover_days,1.0,3.0,10.0,True,False,7.609375,feasible_below,"[{""value"": 1.0, ""strategy_id"": ""S10"", ""mean_fill"": 0.9960720453596152, ""p_meet"": 1.0, ""mean_cost"": 17780104.57440072, ""mcse_cost"": 10744.462168354798, ""mean_shortage_days"": 10.451430722891565, ""mean_cost_per_unit"": 18.93365008119419, ""capacity_utilization"": 4695536.95, ""feasible"": true, ""n_runs"": 20, ""eligibility"": ""NO_CONCLUSION""}, {""value"": 10.0, ""strategy_id"": ""S10"", ""mean_fill"": 0.9850969403827954, ""p_meet"": 0.35, ""mean_cost"": 17664341.76944766, ""mcse_cost"": 9114.00501384199, ""mean_shortage_days"": 32.37443181818182, ""mean_cost_per_unit"": 19.02076281869647, ""capacity_utilization"": 4643263.65, ""feasible"": false, ""n_runs"": 20, ""eligibility"": ""NO_CONCLUSION""}, {""value"": 5.5, ""strategy_id"": ""S10"", ""mean_fill"": 0.994263869404681, ""p_meet"": 0.9, ""mean_cost"": 17758652.270737022, ""mcse_cost"": 8969.470983376043, ""mean_shortage_days"": 12.031647042716319, ""mean_cost_per_unit"": 18.945867963673013, ""capacity_utilization"": 4686849.0, ""feasible"": true, ""n_runs"": 20, ""eligibility"": ""NO_CONCLUSION""}, {""value"": 7.75, ""strategy_id"": ""S10"", ""mean_fill"": 0.9910988898858115, ""p_meet"": 0.85, ""mean_cost"": 17714657.298144214, ""mcse_cost"": 8195.09710072323, ""mean_shortage_days"": 15.302094742606787, ""mean_cost_per_unit"": 18.9593541238097, ""capacity_utilization"": 4671551.8, ""feasible"": false, ""n_runs"": 20, ""eligibility"": ""NO_CONCLUSION""}, {""value"": 6.625, ""strategy_id"": ""S10"", ""mean_fill"": 0.9935550076195943, ""p_meet"": 0.9, ""mean_cost"": 17745779.794622384, ""mcse_cost"": 9822.362432890503, ""mean_shortage_days"": 12.481708652792989, ""mean_cost_per_unit"": 18.945401681660663, ""capacity_utilization"": 4683566.6, ""feasible"": true, ""n_runs"": 20, ""eligibility"": ""NO_CONCLUSION""}, {""value"": 7.1875, ""strategy_id"": ""S10"", ""mean_fill"": 0.9935550076195943, ""p_meet"": 0.9, ""mean_cost"": 17745779.794622384, ""mcse_cost"": 9822.362432890503, ""mean_shortage_days"": 12.481708652792989, ""mean_cost_per_unit"": 18.945401681660663, ""capacity_utilization"": 4683566.6, ""feasible"": true, ""n_runs"": 20, ""eligibility"": ""NO_CONCLUSION""}, {""value"": 7.46875, ""strategy_id"": ""S10"", ""mean_fill"": 0.9935550076195943, ""p_meet"": 0.9, ""mean_cost"": 17745779.794622384, ""mcse_cost"": 9822.362432890503, ""mean_shortage_days"": 12.481708652792989, ""mean_cost_per_unit"": 18.945401681660663, ""capacity_utilization"": 4683566.6, ""feasible"": true, ""n_runs"": 20, ""eligibility"": ""NO_CONCLUSION""}]",bisection over 5 steps on 20 paired runs,7.46875,7.75
S11,norepinephrine_1mgml_4ml,capacity_utilization,product.annual_demand_units,500000.0,900000.0,1800000.0,True,False,1007812.5,feasible_below,"[{""value"": 500000.0, ""strategy_id"": ""S11"", ""mean_fill"": 1.0, ""p_meet"": 1.0, ""mean_cost"": 14338571.20670622, ""mcse_cost"": 11095.72580711036, ""mean_shortage_days"": 0.0, ""mean_cost_per_unit"": 27.378697635480243, ""capacity_utilization"": 2618716.6, ""feasible"": true, ""n_runs"": 20, ""eligibility"": ""NO_CONCLUSION""}, {""value"": 1800000.0, ""strategy_id"": ""S11"", ""mean_fill"": 0.8208813392862488, ""p_meet"": 0.0, ""mean_cost"": 16647543.956080422, ""mcse_cost"": 41218.49037379806, ""mean_shortage_days"": 242.46319140197153, ""mean_cost_per_unit"": 10.7871399590306, ""capacity_utilization"": 7728320.55, ""feasible"": false, ""n_runs"": 20, ""eligibility"": ""NO_CONCLUSION""}, {""value"": 1150000.0, ""strategy_id"": ""S11"", ""mean_fill"": 0.9893283118559154, ""p_meet"": 0.6, ""mean_cost"": 15702613.751529003, ""mcse_cost"": 14450.010955063115, ""mean_shortage_days"": 14.411972891566265, ""mean_cost_per_unit"": 13.1770985032911, ""capacity_utilization"": 5958450.55, ""feasible"": false, ""n_runs"": 20, ""eligibility"": ""NO_CONCLUSION""}, {""value"": 825000.0, ""strategy_id"": ""S11"", ""mean_fill"": 0.9986886392413374, ""p_meet"": 0.95, ""mean_cost"": 15001394.331105333, ""mcse_cost"": 14181.070981183135, ""mean_shortage_days"": 1.7102341182913474, ""mean_cost_per_unit"": 17.38166346072075, ""capacity_utilization"": 4315280.2, ""feasible"": true, ""n_runs"": 20, ""eligibility"": ""NO_CONCLUSION""}, {""value"": 987500.0, ""strategy_id"": ""S11"", ""mean_fill"": 0.9975453392951765, ""p_meet"": 0.9, ""mean_cost"": 15368506.507553954, ""mcse_cost"": 13576.947159762683, ""mean_shortage_days"": 4.050554490690033, ""mean_cost_per_unit"": 14.891467443189189, ""capacity_utilization"": 5160076.55, ""feasible"": true, ""n_runs"": 20, ""eligibility"": ""NO_CONCLUSION""}, {""value"": 1068750.0, ""strategy_id"": ""S11"", ""mean_fill"": 0.9918965731897915, ""p_meet"": 0.7, ""mean_cost"": 15536216.377776375, ""mcse_cost"": 14493.711044088242, ""mean_shortage_days"": 8.981229463307775, ""mean_cost_per_unit"": 13.987020493334857, ""capacity_utilization"": 5553659.2, ""feasible"": false, ""n_runs"": 20, ""eligibility"": ""NO_CONCLUSION""}, {""value"": 1028125.0, ""strategy_id"": ""S11"", ""mean_fill"": 0.9941195349065193, ""p_meet"": 0.85, ""mean_cost"": 15450133.979006788, ""mcse_cost"": 13403.818809464598, ""mean_shortage_days"": 7.01095974808324, ""mean_cost_per_unit"": 14.427516555728493, ""capacity_utilization"": 5354212.9, ""feasible"": false, ""n_runs"": 20, ""eligibility"": ""NO_CONCLUSION""}]",bisection over 5 steps on 20 paired runs,987500.0,1028125.0
S11,norepinephrine_1mgml_4ml,fixed_qa_labor_per_node,product.fixed_qa_labor_usd_per_site_year,1500000.0,3000000.0,6000000.0,True,True,,feasible_everywhere,"[{""value"": 1500000.0, ""strategy_id"": ""S11"", ""mean_fill"": 0.9990224280983353, ""p_meet"": 1.0, ""mean_cost"": 13344843.531842677, ""mcse_cost"": 13807.126561305076, ""mean_shortage_days"": 2.280312157721796, ""mean_cost_per_unit"": 14.167280858271956, ""capacity_utilization"": 4709748.65, ""feasible"": true, ""n_runs"": 20, ""eligibility"": ""NO_CONCLUSION""}, {""value"": 6000000.0, ""strategy_id"": ""S11"", ""mean_fill"": 0.9990224280983353, ""p_meet"": 1.0, ""mean_cost"": 18799332.441771388, ""mcse_cost"": 13807.12656130512, ""mean_shortage_days"": 2.280312157721796, ""mean_cost_per_unit"": 19.958098107603327, ""capacity_utilization"": 4709748.65, ""feasible"": true, ""n_runs"": 20, ""eligibility"": ""NO_CONCLUSION""}]",feasibility does not change between 1500000.0 and 6000000.0; no threshold inside the recorded range,,
S11,norepinephrine_1mgml_4ml,release_time,global.sterility_incubation_days,14.0,14.0,18.0,True,False,17.1875,feasible_below,"[{""value"": 14.0, ""strategy_id"": ""S11"", ""mean_fill"": 0.9990224280983353, ""p_meet"": 1.0, ""mean_cost"": 15163006.50181884, ""mcse_cost"": 13807.126561305118, ""mean_shortage_days"": 2.280312157721796, ""mean_cost_per_unit"": 16.097553274715672, ""capacity_utilization"": 4709748.65, ""feasible"": true, ""n_runs"": 20, ""eligibility"": ""NO_CONCLUSION""}, {""value"": 18.0, ""strategy_id"": ""S11"", ""mean_fill"": 0.996551671345479, ""p_meet"": 0.85, ""mean_cost"": 15066963.92901234, ""mcse_cost"": 7802.730138053135, ""mean_shortage_days"": 5.230716046002191, ""mean_cost_per_unit"": 16.04028430188061, ""capacity_utilization"": 4696399.25, ""feasible"": false, ""n_runs"": 20, ""eligibility"": ""NO_CONCLUSION""}, {""value"": 16.0, ""strategy_id"": ""S11"", ""mean_fill"": 0.9980076174127307, ""p_meet"": 0.95, ""mean_cost"": 15100661.391378155, ""mcse_cost"": 11884.582634448565, ""mean_shortage_days"": 3.590491511500548, ""mean_cost_per_unit"": 16.052177198894107, ""capacity_utilization"": 4703622.8, ""feasible"": true, ""n_runs"": 20, ""eligibility"": ""NO_CONCLUSION""}, {""value"": 17.0, ""strategy_id"": ""S11"", ""mean_fill"": 0.9971324979794474, ""p_meet"": 0.9, ""mean_cost"": 15081487.532257816, ""mcse_cost"": 9828.16334147142, ""mean_shortage_days"": 4.740648959474261, ""mean_cost_per_unit"": 16.046097565990046, ""capacity_utilization"": 4699242.85, ""feasible"": true, ""n_runs"": 20, ""eligibility"": ""NO_CONCLUSION""}, {""value"": 17.5, ""strategy_id"": ""S11"", ""mean_fill"": 0.9968295739385298, ""p_meet"": 0.85, ""mean_cost"": 15076137.716107424, ""mcse_cost"": 8433.127735963539, ""mean_shortage_days"": 4.72064622124863, ""mean_cost_per_unit"": 16.042798903505478, ""capacity_utilization"": 4698495.05, ""feasible"": false, ""n_runs"": 20, ""eligibility"": ""NO_CONCLUSION""}, {""value"": 17.25, ""strategy_id"": ""S11"", ""mean_fill"": 0.9965228065095555, ""p_meet"": 0.85, ""mean_cost"": 15077075.944974685, ""mcse_cost"": 9359.628560732328, ""mean_shortage_days"": 4.570625684556407, ""mean_cost_per_unit"": 16.051593463766217, ""capacity_utilization"": 4696248.5, ""feasible"": false, ""n_runs"": 20, ""eligibility"": ""NO_CONCLUSION""}, {""value"": 17.125, ""strategy_id"": ""S11"", ""mean_fill"": 0.9967365742174911, ""p_meet"": 0.9, ""mean_cost"": 15078107.353457343, ""mcse_cost"": 9751.33774834251, ""mean_shortage_days"": 4.480613362541074, ""mean_cost_per_unit"": 16.04907312856613, ""capacity_utilization"": 4697329.15, ""feasible"": true, ""n_runs"": 20, ""eligibility"": ""NO_CONCLUSION""}]",bisection over 5 steps on 20 paired runs,17.125,17.25
S11,norepinephrine_1mgml_4ml,shelf_life,product.shelf_life_months,12.0,24.0,30.0,True,True,,feasible_everywhere,"[{""value"": 12.0, ""strategy_id"": ""S11"", ""mean_fill"": 0.9990224280983353, ""p_meet"": 1.0, ""mean_cost"": 15176892.915631747, ""mcse_cost"": 14829.925318677348, ""mean_shortage_days"": 2.280312157721796, ""mean_cost_per_unit"": 16.112320148213882, ""capacity_utilization"": 4709748.65, ""feasible"": true, ""n_runs"": 20, ""eligibility"": ""NO_CONCLUSION""}, {""value"": 30.0, ""strategy_id"": ""S11"", ""mean_fill"": 0.9990224280983353, ""p_meet"": 1.0, ""mean_cost"": 15162089.311792653, ""mcse_cost"": 13604.55421224894, ""mean_shortage_days"": 2.280312157721796, ""mean_cost_per_unit"": 16.096573026701144, ""capacity_utilization"": 4709748.65, ""feasible"": true, ""n_runs"": 20, ""eligibility"": ""NO_CONCLUSION""}]",feasibility does not change between 12.0 and 30.0; no threshold inside the recorded range,,
S11,norepinephrine_1mgml_4ml,raw_material_lead_time,product.material_lead_time_days,30.0,90.0,240.0,True,True,,feasible_everywhere,"[{""value"": 30.0, ""strategy_id"": ""S11"", ""mean_fill"": 0.9981548882836015, ""p_meet"": 0.95, ""mean_cost"": 15164821.166438019, ""mcse_cost"": 13394.745577370444, ""mean_shortage_days"": 2.1402929901423877, ""mean_cost_per_unit"": 16.115635560931448, ""capacity_utilization"": 4705086.55, ""feasible"": true, ""n_runs"": 20, ""eligibility"": ""NO_CONCLUSION""}, {""value"": 240.0, ""strategy_id"": ""S11"", ""mean_fill"": 0.9985510251896532, ""p_meet"": 0.95, ""mean_cost"": 15078145.073155064, ""mcse_cost"": 14146.293378751665, ""mean_shortage_days"": 2.000273822562979, ""mean_cost_per_unit"": 16.0175470139387, ""capacity_utilization"": 4706827.8, ""feasible"": true, ""n_runs"": 20, ""eligibility"": ""NO_CONCLUSION""}]",feasibility does not change between 30.0 and 240.0; no threshold inside the recorded range,,
S11,norepinephrine_1mgml_4ml,common_cause_dependence,global.common_cause_events_per_year,0.02,0.1,0.3,True,False,0.138125,feasible_below,"[{""value"": 0.02, ""strategy_id"": ""S11"", ""mean_fill"": 0.9989163389221695, ""p_meet"": 1.0, ""mean_cost"": 15215894.965002144, ""mcse_cost"": 12957.651817572254, ""mean_shortage_days"": 1.340183461117196, ""mean_cost_per_unit"": 16.15818565193979, ""capacity_utilization"": 4708535.1, ""feasible"": true, ""n_runs"": 20, ""eligibility"": ""NO_CONCLUSION""}, {""value"": 0.3, ""strategy_id"": ""S11"", ""mean_fill"": 0.9929339039690452, ""p_meet"": 0.8, ""mean_cost"": 15099690.922814066, ""mcse_cost"": 13391.896657319143, ""mean_shortage_days"": 7.391011774370208, ""mean_cost_per_unit"": 16.134520507486034, ""capacity_utilization"": 4679873.45, ""feasible"": false, ""n_runs"": 20, ""eligibility"": ""NO_CONCLUSION""}, {""value"": 0.16, ""strategy_id"": ""S11"", ""mean_fill"": 0.9949845897262046, ""p_meet"": 0.8, ""mean_cost"": 15128171.799990946, ""mcse_cost"": 12690.066996848149, ""mean_shortage_days"": 5.920810514786418, ""mean_cost_per_unit"": 16.12847796968836, ""capacity_utilization"": 4690079.65, ""feasible"": false, ""n_runs"": 20, ""eligibility"": ""NO_CONCLUSION""}, {""value"": 0.09, ""strategy_id"": ""S11"", ""mean_fill"": 0.998199179540638, ""p_meet"": 0.95, ""mean_cost"": 15172839.641939199, ""mcse_cost"": 12922.685219289207, ""mean_shortage_days"": 2.5703518619934282, ""mean_cost_per_unit"": 16.121600666562884, ""capacity_utilization"": 4705817.35, ""feasible"": true, ""n_runs"": 20, ""eligibility"": ""NO_CONCLUSION""}, {""value"": 0.125, ""strategy_id"": ""S11"", ""mean_fill"": 0.9977435762543324, ""p_meet"": 0.9, ""mean_cost"": 15159649.263484424, ""mcse_cost"": 13251.99031844691, ""mean_shortage_days"": 2.980407995618839, ""mean_cost_per_unit"": 16.11615284715989, ""capacity_utilization"": 4703252.95, ""feasible"": true, ""n_runs"": 20, ""eligibility"": ""NO_CONCLUSION""}, {""value"": 0.14250000000000002, ""strategy_id"": ""S11"", ""mean_fill"": 0.9956028299067589, ""p_meet"": 0.85, ""mean_cost"": 15144157.63526527, ""mcse_cost"": 14063.055763323968, ""mean_shortage_days"": 5.000684556407448, ""mean_cost_per_unit"": 16.135423183955684, ""capacity_utilization"": 4693035.6, ""feasible"": false, ""n_runs"": 20, ""eligibility"": ""NO_CONCLUSION""}, {""value"": 0.13375, ""strategy_id"": ""S11"", ""mean_fill"": 0.9977435762543324, ""p_meet"": 0.9, ""mean_cost"": 15156524.241991574, ""mcse_cost"": 13443.41296034446, ""mean_shortage_days"": 2.980407995618839, ""mean_cost_per_unit"": 16.112797962221926, ""capacity_utilization"": 4703252.95, ""feasible"": true, ""n_runs"": 20, ""eligibility"": ""NO_CONCLUSION""}]",bisection over 5 steps on 20 paired runs,0.13375,0.14250000000000002
S11,norepinephrine_1mgml_4ml,supplier_concentration,global.supplier_disruptions_per_supplier_year,0.05,0.2,0.6,True,False,0.48828125,feasible_below,"[{""value"": 0.05, ""strategy_id"": ""S11"", ""mean_fill"": 0.999360272237207, ""p_meet"": 1.0, ""mean_cost"": 15190460.173528388, ""mcse_cost"": 15787.484485544532, ""mean_shortage_days"": 1.360186199342826, ""mean_cost_per_unit"": 16.121324654053147, ""capacity_utilization"": 4711356.95, ""feasible"": true, ""n_runs"": 20, ""eligibility"": ""NO_CONCLUSION""}, {""value"": 0.6, ""strategy_id"": ""S11"", ""mean_fill"": 0.9955991025319733, ""p_meet"": 0.85, ""mean_cost"": 15092386.707341563, ""mcse_cost"": 14013.59460268454, ""mean_shortage_days"": 5.5807639649507115, ""mean_cost_per_unit"": 16.07777058146118, ""capacity_utilization"": 4693708.8, ""feasible"": false, ""n_runs"": 20, ""eligibility"": ""NO_CONCLUSION""}, {""value"": 0.325, ""strategy_id"": ""S11"", ""mean_fill"": 0.9979457655583884, ""p_meet"": 0.95, ""mean_cost"": 15138363.255302161, ""mcse_cost"": 13119.595033385422, ""mean_shortage_days"": 3.3204545454545444, ""mean_cost_per_unit"": 16.089001819237843, ""capacity_utilization"": 4704662.15, ""feasible"": true, ""n_runs"": 20, ""eligibility"": ""NO_CONCLUSION""}, {""value"": 0.4625, ""strategy_id"": ""S11"", ""mean_fill"": 0.9967126431394668, ""p_meet"": 0.9, ""mean_cost"": 15115253.194890877, ""mcse_cost"": 13960.266951584183, ""mean_shortage_days"": 3.8505271084337345, ""mean_cost_per_unit"": 16.084767599682042, ""capacity_utilization"": 4698774.65, ""feasible"": true, ""n_runs"": 20, ""eligibility"": ""NO_CONCLUSION""}, {""value"": 0.53125, ""strategy_id"": ""S11"", ""mean_fill"": 0.9937398380038049, ""p_meet"": 0.75, ""mean_cost"": 15107268.4070278, ""mcse_cost"": 15651.90536681103, ""mean_shortage_days"": 5.980818729463307, ""mean_cost_per_unit"": 16.12628410175103, ""capacity_utilization"": 4684461.05, ""feasible"": false, ""n_runs"": 20, ""eligibility"": ""NO_CONCLUSION""}, {""value"": 0.496875, ""strategy_id"": ""S11"", ""mean_fill"": 0.9946883796158204, ""p_meet"": 0.8, ""mean_cost"": 15110531.396863569, ""mcse_cost"": 14275.136690470084, ""mean_shortage_days"": 4.810658543263965, ""mean_cost_per_unit"": 16.113578339338236, ""capacity_utilization"": 4689021.15, ""feasible"": false, ""n_runs"": 20, ""eligibility"": ""NO_CONCLUSION""}, {""value"": 0.47968750000000004, ""strategy_id"": ""S11"", ""mean_fill"": 0.9967126431394668, ""p_meet"": 0.9, ""mean_cost"": 15113350.838441994, ""mcse_cost"": 13644.467162761555, ""mean_shortage_days"": 3.750513417305586, ""mean_cost_per_unit"": 16.0827939067472, ""capacity_utilization"": 4698774.65, ""feasible"": true, ""n_runs"": 20, ""eligibility"": ""NO_CONCLUSION""}]",bisection over 5 steps on 20 paired runs,0.47968750000000004,0.496875
S11,norepinephrine_1mgml_4ml,commissioning_days,global.node_commissioning_days,365.0,730.0,1095.0,True,True,,feasible_everywhere,"[{""value"": 365.0, ""strategy_id"": ""S11"", ""mean_fill"": 0.9990224280983353, ""p_meet"": 1.0, ""mean_cost"": 15163006.50181884, ""mcse_cost"": 13807.126561305118, ""mean_shortage_days"": 2.280312157721796, ""mean_cost_per_unit"": 16.097553274715672, ""capacity_utilization"": 4709748.65, ""feasible"": true, ""n_runs"": 20, ""eligibility"": ""NO_CONCLUSION""}, {""value"": 1095.0, ""strategy_id"": ""S11"", ""mean_fill"": 0.9990224280983353, ""p_meet"": 1.0, ""mean_cost"": 15163006.50181884, ""mcse_cost"": 13807.126561305118, ""mean_shortage_days"": 2.280312157721796, ""mean_cost_per_unit"": 16.097553274715672, ""capacity_utilization"": 4709748.65, ""feasible"": true, ""n_runs"": 20, ""eligibility"": ""NO_CONCLUSION""}]",feasibility does not change between 365.0 and 1095.0; no threshold inside the recorded range,,
S11,norepinephrine_1mgml_4ml,activation_latency_days,global.reserved_capacity_activation_days,7.0,21.0,60.0,True,True,,feasible_everywhere,"[{""value"": 7.0, ""strategy_id"": ""S11"", ""mean_fill"": 0.9988069308686329, ""p_meet"": 0.95, ""mean_cost"": 15161300.931775142, ""mcse_cost"": 13593.173127551965, ""mean_shortage_days"": 2.020276560788609, ""mean_cost_per_unit"": 16.099303651610736, ""capacity_utilization"": 4708737.5, ""feasible"": true, ""n_runs"": 20, ""eligibility"": ""NO_CONCLUSION""}, {""value"": 60.0, ""strategy_id"": ""S11"", ""mean_fill"": 0.9981703500383347, ""p_meet"": 0.95, ""mean_cost"": 15166851.540840292, ""mcse_cost"": 12606.27662522064, ""mean_shortage_days"": 2.8803943044906903, ""mean_cost_per_unit"": 16.114413144642498, ""capacity_utilization"": 4706088.9, ""feasible"": true, ""n_runs"": 20, ""eligibility"": ""NO_CONCLUSION""}]",feasibility does not change between 7.0 and 60.0; no threshold inside the recorded range,,
S11,norepinephrine_1mgml_4ml,node_capital,product.capital_usd_per_site,15000000.0,40000000.0,100000000.0,True,True,,feasible_everywhere,"[{""value"": 15000000.0, ""strategy_id"": ""S11"", ""mean_fill"": 0.9990224280983353, ""p_meet"": 1.0, ""mean_cost"": 10168216.135040546, ""mcse_cost"": 13807.126561305078, ""mean_shortage_days"": 2.280312157721796, ""mean_cost_per_unit"": 10.794779964445631, ""capacity_utilization"": 4709748.65, ""feasible"": true, ""n_runs"": 20, ""eligibility"": ""NO_CONCLUSION""}, {""value"": 100000000.0, ""strategy_id"": ""S11"", ""mean_fill"": 0.9990224280983353, ""p_meet"": 1.0, ""mean_cost"": 27150503.382086225, ""mcse_cost"": 13807.126561305142, ""mean_shortage_days"": 2.280312157721796, ""mean_cost_per_unit"": 28.824209219363205, ""capacity_utilization"": 4709748.65, ""feasible"": true, ""n_runs"": 20, ""eligibility"": ""NO_CONCLUSION""}]",feasibility does not change between 15000000.0 and 100000000.0; no threshold inside the recorded range,,
S11,norepinephrine_1mgml_4ml,batches_per_site_year,product.batches_per_site_year_nominal,30.0,45.0,70.0,False,True,38.125,feasible_above,"[{""value"": 30.0, ""strategy_id"": ""S11"", ""mean_fill"": 0.9661540858861889, ""p_meet"": 0.2, ""mean_cost"": 14824698.554237887, ""mcse_cost"": 17922.51951813789, ""mean_shortage_days"": 39.69543400876233, ""mean_cost_per_unit"": 16.28974792754502, ""capacity_utilization"": 4554292.3, ""feasible"": false, ""n_runs"": 20, ""eligibility"": ""NO_CONCLUSION""}, {""value"": 70.0, ""strategy_id"": ""S11"", ""mean_fill"": 0.9984191943406279, ""p_meet"": 0.95, ""mean_cost"": 15416358.052504033, ""mcse_cost"": 11602.532077072476, ""mean_shortage_days"": 1.6302231653888282, ""mean_cost_per_unit"": 16.379220640221483, ""capacity_utilization"": 4706136.7, ""feasible"": true, ""n_runs"": 20, ""eligibility"": ""NO_CONCLUSION""}, {""value"": 50.0, ""strategy_id"": ""S11"", ""mean_fill"": 0.998750228844026, ""p_meet"": 0.95, ""mean_cost"": 15217737.237852788, ""mcse_cost"": 12547.402448433464, ""mean_shortage_days"": 1.8902587623220153, ""mean_cost_per_unit"": 16.162773397054814, ""capacity_utilization"": 4707741.55, ""feasible"": true, ""n_runs"": 20, ""eligibility"": ""NO_CONCLUSION""}, {""value"": 40.0, ""strategy_id"": ""S11"", ""mean_fill"": 0.997221802720575, ""p_meet"": 0.9, ""mean_cost"": 15099118.595179979, ""mcse_cost"": 13433.480732215068, ""mean_shortage_days"": 3.920536692223439, ""mean_cost_per_unit"": 16.061062514626233, ""capacity_utilization"": 4700580.45, ""feasible"": true, ""n_runs"": 20, ""eligibility"": ""NO_CONCLUSION""}, {""value"": 35.0, ""strategy_id"": ""S11"", ""mean_fill"": 0.990306346458043, ""p_meet"": 0.7, ""mean_cost"": 14989980.792816658, ""mcse_cost"": 14661.184841164391, ""mean_shortage_days"": 11.471570372398684, ""mean_cost_per_unit"": 16.0531454940623, ""capacity_utilization"": 4668955.75, ""feasible"": false, ""n_runs"": 20, ""eligibility"": ""NO_CONCLUSION""}, {""value"": 37.5, ""strategy_id"": ""S11"", ""mean_fill"": 0.9946828179768842, ""p_meet"": 0.85, ""mean_cost"": 15058608.32913215, ""mcse_cost"": 16076.040706550215, ""mean_shortage_days"": 7.050965224534501, ""mean_cost_per_unit"": 16.059515907347098, ""capacity_utilization"": 4688624.6, ""feasible"": false, ""n_runs"": 20, ""eligibility"": ""NO_CONCLUSION""}, {""value"": 38.75, ""strategy_id"": ""S11"", ""mean_fill"": 0.9960584814384263, ""p_meet"": 0.9, ""mean_cost"": 15072803.90830199, ""mcse_cost"": 15310.27591915881, ""mean_shortage_days"": 5.78079134720701, ""mean_cost_per_unit"": 16.05420750384575, ""capacity_utilization"": 4694476.7, ""feasible"": true, ""n_runs"": 20, ""eligibility"": ""NO_CONCLUSION""}]",bisection over 5 steps on 20 paired runs,37.5,38.75
S11,norepinephrine_1mgml_4ml,changeover_burden,product.changeover_days,1.0,3.0,10.0,True,False,6.484375,feasible_below,"[{""value"": 1.0, ""strategy_id"": ""S11"", ""mean_fill"": 0.9989746210029576, ""p_meet"": 0.95, ""mean_cost"": 15220010.774066577, ""mcse_cost"": 17375.836273205306, ""mean_shortage_days"": 2.200301204819277, ""mean_cost_per_unit"": 16.15850492036977, ""capacity_utilization"": 4709675.85, ""feasible"": true, ""n_runs"": 20, ""eligibility"": ""NO_CONCLUSION""}, {""value"": 10.0, ""strategy_id"": ""S11"", ""mean_fill"": 0.9906571390062714, ""p_meet"": 0.7, ""mean_cost"": 15018330.124767777, ""mcse_cost"": 9980.872164314442, ""mean_shortage_days"": 13.501848302300107, ""mean_cost_per_unit"": 16.085598889138172, ""capacity_utilization"": 4668376.2, ""feasible"": false, ""n_runs"": 20, ""eligibility"": ""NO_CONCLUSION""}, {""value"": 5.5, ""strategy_id"": ""S11"", ""mean_fill"": 0.9982059551769886, ""p_meet"": 0.95, ""mean_cost"": 15112852.966618758, ""mcse_cost"": 11128.567043503464, ""mean_shortage_days"": 3.300451807228916, ""mean_cost_per_unit"": 16.059081359057693, ""capacity_utilization"": 4705394.85, ""feasible"": true, ""n_runs"": 20, ""eligibility"": ""NO_CONCLUSION""}, {""value"": 7.75, ""strategy_id"": ""S11"", ""mean_fill"": 0.9947856285138783, ""p_meet"": 0.75, ""mean_cost"": 15051261.326367805, ""mcse_cost"": 9823.536172239305, ""mean_shortage_days"": 6.210850219058051, ""mean_cost_per_unit"": 16.05172795856747, ""capacity_utilization"": 4688319.2, ""feasible"": false, ""n_runs"": 20, ""eligibility"": ""NO_CONCLUSION""}, {""value"": 6.625, ""strategy_id"": ""S11"", ""mean_fill"": 0.9961542147250377, ""p_meet"": 0.85, ""mean_cost"": 15071884.951383557, ""mcse_cost"": 9245.73997694094, ""mean_shortage_days"": 5.600766703176342, ""mean_cost_per_unit"": 16.04870272137685, ""capacity_utilization"": 4695457.15, ""feasible"": false, ""n_runs"": 20, ""eligibility"": ""NO_CONCLUSION""}, {""value"": 6.0625, ""strategy_id"": ""S11"", ""mean_fill"": 0.9977722631824977, ""p_meet"": 0.95, ""mean_cost"": 15088923.387771582, ""mcse_cost"": 10844.362261632463, ""mean_shortage_days"": 3.7805175246440306, ""mean_cost_per_unit"": 16.043781107479912, ""capacity_utilization"": 4702378.55, ""feasible"": true, ""n_runs"": 20, ""eligibility"": ""NO_CONCLUSION""}, {""value"": 6.34375, ""strategy_id"": ""S11"", ""mean_fill"": 0.9977722631824977, ""p_meet"": 0.95, ""mean_cost"": 15088923.387771582, ""mcse_cost"": 10844.362261632463, ""mean_shortage_days"": 3.7805175246440306, ""mean_cost_per_unit"": 16.043781107479912, ""capacity_utilization"": 4702378.55, ""feasible"": true, ""n_runs"": 20, ""eligibility"": ""NO_CONCLUSION""}]",bisection over 5 steps on 20 paired runs,6.34375,6.625
S12,norepinephrine_1mgml_4ml,capacity_utilization,product.annual_demand_units,500000.0,900000.0,1800000.0,True,False,885937.5,feasible_below,"[{""value"": 500000.0, ""strategy_id"": ""S12"", ""mean_fill"": 1.0, ""p_meet"": 1.0, ""mean_cost"": 17421301.52808552, ""mcse_cost"": 5309.630725892048, ""mean_shortage_days"": 0.0, ""mean_cost_per_unit"": 33.26418593160355, ""capacity_utilization"": 2618716.6, ""feasible"": true, ""n_runs"": 20, ""eligibility"": ""NO_CONCLUSION""}, {""value"": 1800000.0, ""strategy_id"": ""S12"", ""mean_fill"": 0.6219065981373028, ""p_meet"": 0.0, ""mean_cost"": 19062322.83079486, ""mcse_cost"": 29098.47081700489, ""mean_shortage_days"": 260.0455983023001, ""mean_cost_per_unit"": 16.344840502415266, ""capacity_utilization"": 5840242.85, ""feasible"": false, ""n_runs"": 20, ""eligibility"": ""NO_CONCLUSION""}, {""value"": 1150000.0, ""strategy_id"": ""S12"", ""mean_fill"": 0.9593529590765562, ""p_meet"": 0.35, ""mean_cost"": 18866856.846065212, ""mcse_cost"": 28261.85174416685, ""mean_shortage_days"": 50.266881161007674, ""mean_cost_per_unit"": 16.343478930656428, ""capacity_utilization"": 5778567.25, ""feasible"": false, ""n_runs"": 20, ""eligibility"": ""NO_CONCLUSION""}, {""value"": 825000.0, ""strategy_id"": ""S12"", ""mean_fill"": 0.9983058278257524, ""p_meet"": 0.9, ""mean_cost"": 18355177.955462646, ""mcse_cost"": 9719.51226324041, ""mean_shortage_days"": 2.6603641840087624, ""mean_cost_per_unit"": 21.27698002637096, ""capacity_utilization"": 4313529.0, ""feasible"": true, ""n_runs"": 20, ""eligibility"": ""NO_CONCLUSION""}, {""value"": 987500.0, ""strategy_id"": ""S12"", ""mean_fill"": 0.989200424137653, ""p_meet"": 0.7, ""mean_cost"": 18712657.454412557, ""mcse_cost"": 20032.911833739625, ""mean_shortage_days"": 14.972049561883901, ""mean_cost_per_unit"": 18.291231788873823, ""capacity_utilization"": 5116542.7, ""feasible"": false, ""n_runs"": 20, ""eligibility"": ""NO_CONCLUSION""}, {""value"": 906250.0, ""strategy_id"": ""S12"", ""mean_fill"": 0.9958225820788282, ""p_meet"": 0.85, ""mean_cost"": 18556016.206182163, ""mcse_cost"": 12529.674739159529, ""mean_shortage_days"": 4.560624315443592, ""mean_cost_per_unit"": 19.631245171650598, ""capacity_utilization"": 4726557.15, ""feasible"": false, ""n_runs"": 20, ""eligibility"": ""NO_CONCLUSION""}, {""value"": 865625.0, ""strategy_id"": ""S12"", ""mean_fill"": 0.9983574943911673, ""p_meet"": 0.9, ""mean_cost"": 18464041.305472687, ""mcse_cost"": 10774.723756848112, ""mean_shortage_days"": 2.45033543263965, ""mean_cost_per_unit"": 20.397783173607074, ""capacity_utilization"": 4526239.25, ""feasible"": true, ""n_runs"": 20, ""eligibility"": ""NO_CONCLUSION""}]",bisection over 5 steps on 20 paired runs,865625.0,906250.0
S12,norepinephrine_1mgml_4ml,fixed_qa_labor_per_node,product.fixed_qa_labor_usd_per_site_year,1500000.0,3000000.0,6000000.0,False,False,,infeasible_everywhere,"[{""value"": 1500000.0, ""strategy_id"": ""S12"", ""mean_fill"": 0.9958959080830695, ""p_meet"": 0.85, ""mean_cost"": 17464666.11833498, ""mcse_cost"": 12050.444951204297, ""mean_shortage_days"": 4.510617469879518, ""mean_cost_per_unit"": 18.603543930777512, ""capacity_utilization"": 4694293.65, ""feasible"": false, ""n_runs"": 20, ""eligibility"": ""NO_CONCLUSION""}, {""value"": 6000000.0, ""strategy_id"": ""S12"", ""mean_fill"": 0.9958959080830695, ""p_meet"": 0.85, ""mean_cost"": 20699744.843985043, ""mcse_cost"": 12050.444951204336, ""mean_shortage_days"": 4.510617469879518, ""mean_cost_per_unit"": 22.04970503108775, ""capacity_utilization"": 4694293.65, ""feasible"": false, ""n_runs"": 20, ""eligibility"": ""NO_CONCLUSION""}]",feasibility does not change between 1500000.0 and 6000000.0; no threshold inside the recorded range,,
S12,norepinephrine_1mgml_4ml,release_time,global.sterility_incubation_days,14.0,14.0,18.0,False,False,,infeasible_everywhere,"[{""value"": 14.0, ""strategy_id"": ""S12"", ""mean_fill"": 0.9958959080830695, ""p_meet"": 0.85, ""mean_cost"": 18543025.693551667, ""mcse_cost"": 12050.444951204428, ""mean_shortage_days"": 4.510617469879518, ""mean_cost_per_unit"": 19.75226429754759, ""capacity_utilization"": 4694293.65, ""feasible"": false, ""n_runs"": 20, ""eligibility"": ""NO_CONCLUSION""}, {""value"": 18.0, ""strategy_id"": ""S12"", ""mean_fill"": 0.9952922847018393, ""p_meet"": 0.85, ""mean_cost"": 18521493.07835583, ""mcse_cost"": 13433.573574941065, ""mean_shortage_days"": 5.650773548740416, ""mean_cost_per_unit"": 19.741555859776884, ""capacity_utilization"": 4691449.75, ""feasible"": false, ""n_runs"": 20, ""eligibility"": ""NO_CONCLUSION""}]",feasibility does not change between 14.0 and 18.0; no threshold inside the recorded range,,
S12,norepinephrine_1mgml_4ml,shelf_life,product.shelf_life_months,12.0,24.0,30.0,False,False,,infeasible_everywhere,"[{""value"": 12.0, ""strategy_id"": ""S12"", ""mean_fill"": 0.9958959080830695, ""p_meet"": 0.85, ""mean_cost"": 18600995.408424765, ""mcse_cost"": 15968.640973797066, ""mean_shortage_days"": 4.510617469879518, ""mean_cost_per_unit"": 19.813914573951745, ""capacity_utilization"": 4694293.65, ""feasible"": false, ""n_runs"": 20, ""eligibility"": ""NO_CONCLUSION""}, {""value"": 30.0, ""strategy_id"": ""S12"", ""mean_fill"": 0.9958959080830695, ""p_meet"": 0.85, ""mean_cost"": 18526346.28745957, ""mcse_cost"": 12152.403791823714, ""mean_shortage_days"": 4.510617469879518, ""mean_cost_per_unit"": 19.734457476017344, ""capacity_utilization"": 4694293.65, ""feasible"": false, ""n_runs"": 20, ""eligibility"": ""NO_CONCLUSION""}]",feasibility does not change between 12.0 and 30.0; no threshold inside the recorded range,,
S12,norepinephrine_1mgml_4ml,raw_material_lead_time,product.material_lead_time_days,30.0,90.0,240.0,False,False,,infeasible_everywhere,"[{""value"": 30.0, ""strategy_id"": ""S12"", ""mean_fill"": 0.9947901545211044, ""p_meet"": 0.85, ""mean_cost"": 18531293.462680377, ""mcse_cost"": 13263.087255902876, ""mean_shortage_days"": 6.370872124863089, ""mean_cost_per_unit"": 19.762694739832956, ""capacity_utilization"": 4689001.5, ""feasible"": false, ""n_runs"": 20, ""eligibility"": ""NO_CONCLUSION""}, {""value"": 240.0, ""strategy_id"": ""S12"", ""mean_fill"": 0.9818828172802979, ""p_meet"": 0.55, ""mean_cost"": 18480789.34160079, ""mcse_cost"": 12860.68751558113, ""mean_shortage_days"": 22.393065443592555, ""mean_cost_per_unit"": 19.967131816678325, ""capacity_utilization"": 4628298.65, ""feasible"": false, ""n_runs"": 20, ""eligibility"": ""NO_CONCLUSION""}]",feasibility does not change between 30.0 and 240.0; no threshold inside the recorded range,,
S12,norepinephrine_1mgml_4ml,common_cause_dependence,global.common_cause_events_per_year,0.02,0.1,0.3,True,False,0.06812499999999999,feasible_below,"[{""value"": 0.02, ""strategy_id"": ""S12"", ""mean_fill"": 1.0, ""p_meet"": 1.0, ""mean_cost"": 18581523.0439903, ""mcse_cost"": 5590.677720432947, ""mean_shortage_days"": 0.04000547645125958, ""mean_cost_per_unit"": 19.71089966951949, ""capacity_utilization"": 4713689.4, ""feasible"": true, ""n_runs"": 20, ""eligibility"": ""NO_CONCLUSION""}, {""value"": 0.3, ""strategy_id"": ""S12"", ""mean_fill"": 0.9880648204358167, ""p_meet"": 0.8, ""mean_cost"": 18460092.267791532, ""mcse_cost"": 25775.19069367669, ""mean_shortage_days"": 8.74119660460022, ""mean_cost_per_unit"": 19.82865033124194, ""capacity_utilization"": 4656770.6, ""feasible"": false, ""n_runs"": 20, ""eligibility"": ""NO_CONCLUSION""}, {""value"": 0.16, ""strategy_id"": ""S12"", ""mean_fill"": 0.9905833661556167, ""p_meet"": 0.8, ""mean_cost"": 18505638.972682886, ""mcse_cost"": 14910.805232026847, ""mean_shortage_days"": 8.111110350492881, ""mean_cost_per_unit"": 19.825252553900327, ""capacity_utilization"": 4669021.05, ""feasible"": false, ""n_runs"": 20, ""eligibility"": ""NO_CONCLUSION""}, {""value"": 0.09, ""strategy_id"": ""S12"", ""mean_fill"": 0.9958959080830695, ""p_meet"": 0.85, ""mean_cost"": 18545926.332337078, ""mcse_cost"": 11073.177302668264, ""mean_shortage_days"": 4.510617469879518, ""mean_cost_per_unit"": 19.755391250053645, ""capacity_utilization"": 4694293.65, ""feasible"": false, ""n_runs"": 20, ""eligibility"": ""NO_CONCLUSION""}, {""value"": 0.055, ""strategy_id"": ""S12"", ""mean_fill"": 0.9970316167019903, ""p_meet"": 0.9, ""mean_cost"": 18560147.243330006, ""mcse_cost"": 10286.205649474678, ""mean_shortage_days"": 2.7603778751369115, ""mean_cost_per_unit"": 19.74773635873742, ""capacity_utilization"": 4699605.25, ""feasible"": true, ""n_runs"": 20, ""eligibility"": ""NO_CONCLUSION""}, {""value"": 0.0725, ""strategy_id"": ""S12"", ""mean_fill"": 0.9961211421168853, ""p_meet"": 0.85, ""mean_cost"": 18551340.56384516, ""mcse_cost"": 10918.169592486685, ""mean_shortage_days"": 3.80052026286966, ""mean_cost_per_unit"": 19.75669386702521, ""capacity_utilization"": 4695353.3, ""feasible"": false, ""n_runs"": 20, ""eligibility"": ""NO_CONCLUSION""}, {""value"": 0.06375, ""strategy_id"": ""S12"", ""mean_fill"": 0.9970316167019903, ""p_meet"": 0.9, ""mean_cost"": 18560115.22566014, ""mcse_cost"": 10282.638680170066, ""mean_shortage_days"": 2.7603778751369115, ""mean_cost_per_unit"": 19.747702577830818, ""capacity_utilization"": 4699605.25, ""feasible"": true, ""n_runs"": 20, ""eligibility"": ""NO_CONCLUSION""}]",bisection over 5 steps on 20 paired runs,0.06375,0.0725
S12,norepinephrine_1mgml_4ml,supplier_concentration,global.supplier_disruptions_per_supplier_year,0.05,0.2,0.6,True,False,0.5570312500000001,feasible_below,"[{""value"": 0.05, ""strategy_id"": ""S12"", ""mean_fill"": 0.9977988464679953, ""p_meet"": 0.9, ""mean_cost"": 18557397.281282686, ""mcse_cost"": 12163.42477670607, ""mean_shortage_days"": 2.4503354326396494, ""mean_cost_per_unit"": 19.729428311929524, ""capacity_utilization"": 4703377.4, ""feasible"": true, ""n_runs"": 20, ""eligibility"": ""NO_CONCLUSION""}, {""value"": 0.6, ""strategy_id"": ""S12"", ""mean_fill"": 0.9926437051194069, ""p_meet"": 0.85, ""mean_cost"": 18508627.689180683, ""mcse_cost"": 14609.770348340302, ""mean_shortage_days"": 4.500616100766703, ""mean_cost_per_unit"": 19.785265582835137, ""capacity_utilization"": 4679122.8, ""feasible"": false, ""n_runs"": 20, ""eligibility"": ""NO_CONCLUSION""}, {""value"": 0.325, ""strategy_id"": ""S12"", ""mean_fill"": 0.995410748425875, ""p_meet"": 0.9, ""mean_cost"": 18532927.458430264, ""mcse_cost"": 11782.214744108824, ""mean_shortage_days"": 4.160569550930997, ""mean_cost_per_unit"": 19.753249490633625, ""capacity_utilization"": 4692142.95, ""feasible"": true, ""n_runs"": 20, ""eligibility"": ""NO_CONCLUSION""}, {""value"": 0.4625, ""strategy_id"": ""S12"", ""mean_fill"": 0.9942761532978197, ""p_meet"": 0.9, ""mean_cost"": 18522826.102441106, ""mcse_cost"": 13967.99558923763, ""mean_shortage_days"": 3.750513417305586, ""mean_cost_per_unit"": 19.767645142525353, ""capacity_utilization"": 4686874.25, ""feasible"": true, ""n_runs"": 20, ""eligibility"": ""NO_CONCLUSION""}, {""value"": 0.53125, ""strategy_id"": ""S12"", ""mean_fill"": 0.9942761532978197, ""p_meet"": 0.9, ""mean_cost"": 18519865.189142954, ""mcse_cost"": 15479.62576789174, ""mean_shortage_days"": 3.80052026286966, ""mean_cost_per_unit"": 19.764294605994806, ""capacity_utilization"": 4686874.25, ""feasible"": true, ""n_runs"": 20, ""eligibility"": ""NO_CONCLUSION""}, {""value"": 0.565625, ""strategy_id"": ""S12"", ""mean_fill"": 0.9926437051194069, ""p_meet"": 0.85, ""mean_cost"": 18516796.406357504, ""mcse_cost"": 15561.31104686271, ""mean_shortage_days"": 4.500616100766703, ""mean_cost_per_unit"": 19.79389219470036, ""capacity_utilization"": 4679122.8, ""feasible"": false, ""n_runs"": 20, ""eligibility"": ""NO_CONCLUSION""}, {""value"": 0.5484375, ""strategy_id"": ""S12"", ""mean_fill"": 0.9942761532978197, ""p_meet"": 0.9, ""mean_cost"": 18518765.968999565, ""mcse_cost"": 15439.0163451269, ""mean_shortage_days"": 3.80052026286966, ""mean_cost_per_unit"": 19.763136833674903, ""capacity_utilization"": 4686874.25, ""feasible"": true, ""n_runs"": 20, ""eligibility"": ""NO_CONCLUSION""}]",bisection over 5 steps on 20 paired runs,0.5484375,0.565625
S12,norepinephrine_1mgml_4ml,commissioning_days,global.node_commissioning_days,365.0,730.0,1095.0,False,False,,infeasible_everywhere,"[{""value"": 365.0, ""strategy_id"": ""S12"", ""mean_fill"": 0.9958959080830695, ""p_meet"": 0.85, ""mean_cost"": 18543025.693551667, ""mcse_cost"": 12050.444951204428, ""mean_shortage_days"": 4.510617469879518, ""mean_cost_per_unit"": 19.75226429754759, ""capacity_utilization"": 4694293.65, ""feasible"": false, ""n_runs"": 20, ""eligibility"": ""NO_CONCLUSION""}, {""value"": 1095.0, ""strategy_id"": ""S12"", ""mean_fill"": 0.9958959080830695, ""p_meet"": 0.85, ""mean_cost"": 18543025.693551667, ""mcse_cost"": 12050.444951204428, ""mean_shortage_days"": 4.510617469879518, ""mean_cost_per_unit"": 19.75226429754759, ""capacity_utilization"": 4694293.65, ""feasible"": false, ""n_runs"": 20, ""eligibility"": ""NO_CONCLUSION""}]",feasibility does not change between 365.0 and 1095.0; no threshold inside the recorded range,,
S12,norepinephrine_1mgml_4ml,activation_latency_days,global.reserved_capacity_activation_days,7.0,21.0,60.0,False,False,,infeasible_everywhere,"[{""value"": 7.0, ""strategy_id"": ""S12"", ""mean_fill"": 0.9958959080830695, ""p_meet"": 0.85, ""mean_cost"": 18543025.693551667, ""mcse_cost"": 12050.444951204428, ""mean_shortage_days"": 4.510617469879518, ""mean_cost_per_unit"": 19.75226429754759, ""capacity_utilization"": 4694293.65, ""feasible"": false, ""n_runs"": 20, ""eligibility"": ""NO_CONCLUSION""}, {""value"": 60.0, ""strategy_id"": ""S12"", ""mean_fill"": 0.9958959080830695, ""p_meet"": 0.85, ""mean_cost"": 18543025.693551667, ""mcse_cost"": 12050.444951204428, ""mean_shortage_days"": 4.510617469879518, ""mean_cost_per_unit"": 19.75226429754759, ""capacity_utilization"": 4694293.65, ""feasible"": false, ""n_runs"": 20, ""eligibility"": ""NO_CONCLUSION""}]",feasibility does not change between 7.0 and 60.0; no threshold inside the recorded range,,
S12,norepinephrine_1mgml_4ml,node_capital,product.capital_usd_per_site,15000000.0,40000000.0,100000000.0,False,False,,infeasible_everywhere,"[{""value"": 15000000.0, ""strategy_id"": ""S12"", ""mean_fill"": 0.9958959080830695, ""p_meet"": 0.85, ""mean_cost"": 11795444.272648698, ""mcse_cost"": 12050.444951204334, ""mean_shortage_days"": 4.510617469879518, ""mean_cost_per_unit"": 12.564416771759994, ""capacity_utilization"": 4694293.65, ""feasible"": false, ""n_runs"": 20, ""eligibility"": ""NO_CONCLUSION""}, {""value"": 100000000.0, ""strategy_id"": ""S12"", ""mean_fill"": 0.9958959080830695, ""p_meet"": 0.85, ""mean_cost"": 34737221.10371856, ""mcse_cost"": 12050.444951204434, ""mean_shortage_days"": 4.510617469879518, ""mean_cost_per_unit"": 37.00309835943756, ""capacity_utilization"": 4694293.65, ""feasible"": false, ""n_runs"": 20, ""eligibility"": ""NO_CONCLUSION""}]",feasibility does not change between 15000000.0 and 100000000.0; no threshold inside the recorded range,,
S12,norepinephrine_1mgml_4ml,batches_per_site_year,product.batches_per_site_year_nominal,30.0,45.0,70.0,False,True,48.125,feasible_above,"[{""value"": 30.0, ""strategy_id"": ""S12"", ""mean_fill"": 0.8276881227489911, ""p_meet"": 0.0, ""mean_cost"": 17882750.43563185, ""mcse_cost"": 19048.789906699178, ""mean_shortage_days"": 183.61513554216864, ""mean_cost_per_unit"": 22.988002332722495, ""capacity_utilization"": 3896967.25, ""feasible"": false, ""n_runs"": 20, ""eligibility"": ""NO_CONCLUSION""}, {""value"": 70.0, ""strategy_id"": ""S12"", ""mean_fill"": 1.0, ""p_meet"": 1.0, ""mean_cost"": 18600374.052042276, ""mcse_cost"": 8574.216602531802, ""mean_shortage_days"": 0.0, ""mean_cost_per_unit"": 19.730725395257597, ""capacity_utilization"": 4713689.4, ""feasible"": true, ""n_runs"": 20, ""eligibility"": ""NO_CONCLUSION""}, {""value"": 50.0, ""strategy_id"": ""S12"", ""mean_fill"": 0.997814444321857, ""p_meet"": 0.9, ""mean_cost"": 18567658.027924124, ""mcse_cost"": 11698.175635463345, ""mean_shortage_days"": 2.3103162650602407, ""mean_cost_per_unit"": 19.73993676009314, ""capacity_utilization"": 4703444.6, ""feasible"": true, ""n_runs"": 20, ""eligibility"": ""NO_CONCLUSION""}, {""value"": 40.0, ""strategy_id"": ""S12"", ""mean_fill"": 0.9832171383388653, ""p_meet"": 0.6, ""mean_cost"": 18400476.198466055, ""mcse_cost"": 22291.720389636994, ""mean_shortage_days"": 20.53281078860898, ""mean_cost_per_unit"": 19.85846051920467, ""capacity_utilization"": 4634441.0, ""feasible"": false, ""n_runs"": 20, ""eligibility"": ""NO_CONCLUSION""}, {""value"": 45.0, ""strategy_id"": ""S12"", ""mean_fill"": 0.9958959080830695, ""p_meet"": 0.85, ""mean_cost"": 18543025.693551667, ""mcse_cost"": 12050.444951204428, ""mean_shortage_days"": 4.510617469879518, ""mean_cost_per_unit"": 19.75226429754759, ""capacity_utilization"": 4694293.65, ""feasible"": false, ""n_runs"": 20, ""eligibility"": ""NO_CONCLUSION""}, {""value"": 47.5, ""strategy_id"": ""S12"", ""mean_fill"": 0.9965486496106621, ""p_meet"": 0.85, ""mean_cost"": 18551366.85697149, ""mcse_cost"": 11709.057628041837, ""mean_shortage_days"": 3.8605284775465494, ""mean_cost_per_unit"": 19.747823758895272, ""capacity_utilization"": 4697379.25, ""feasible"": false, ""n_runs"": 20, ""eligibility"": ""NO_CONCLUSION""}, {""value"": 48.75, ""strategy_id"": ""S12"", ""mean_fill"": 0.9982437147354627, ""p_meet"": 0.95, ""mean_cost"": 18567896.36572564, ""mcse_cost"": 12196.337075166812, ""mean_shortage_days"": 2.2503080503833517, ""mean_cost_per_unit"": 19.73136203384211, ""capacity_utilization"": 4705428.1, ""feasible"": true, ""n_runs"": 20, ""eligibility"": ""NO_CONCLUSION""}]",bisection over 5 steps on 20 paired runs,47.5,48.75
S12,norepinephrine_1mgml_4ml,changeover_burden,product.changeover_days,1.0,3.0,10.0,False,False,,infeasible_everywhere,"[{""value"": 1.0, ""strategy_id"": ""S12"", ""mean_fill"": 0.9960838807665908, ""p_meet"": 0.85, ""mean_cost"": 18548349.245125722, ""mcse_cost"": 13535.061202550713, ""mean_shortage_days"": 4.410603778751369, ""mean_cost_per_unit"": 19.75397070038763, ""capacity_utilization"": 4695178.15, ""feasible"": false, ""n_runs"": 20, ""eligibility"": ""NO_CONCLUSION""}, {""value"": 10.0, ""strategy_id"": ""S12"", ""mean_fill"": 0.985867529961523, ""p_meet"": 0.55, ""mean_cost"": 18437193.64462865, ""mcse_cost"": 15631.434784051136, ""mean_shortage_days"": 19.132619112814893, ""mean_cost_per_unit"": 19.842809180014736, ""capacity_utilization"": 4646967.95, ""feasible"": false, ""n_runs"": 20, ""eligibility"": ""NO_CONCLUSION""}]",feasibility does not change between 1.0 and 10.0; no threshold inside the recorded range,,
S13,norepinephrine_1mgml_4ml,capacity_utilization,product.annual_demand_units,500000.0,900000.0,1800000.0,True,False,1048437.5,feasible_below,"[{""value"": 500000.0, ""strategy_id"": ""S13"", ""mean_fill"": 0.9997305469895599, ""p_meet"": 1.0, ""mean_cost"": 17800924.053939886, ""mcse_cost"": 9432.815278833765, ""mean_shortage_days"": 2.210302573932092, ""mean_cost_per_unit"": 33.99735838577949, ""capacity_utilization"": 2618071.6, ""feasible"": true, ""n_runs"": 20, ""eligibility"": ""NO_CONCLUSION""}, {""value"": 1800000.0, ""strategy_id"": ""S13"", ""mean_fill"": 0.7946680938500587, ""p_meet"": 0.0, ""mean_cost"": 20177230.693334054, ""mcse_cost"": 36316.38584097392, ""mean_shortage_days"": 256.9951807228916, ""mean_cost_per_unit"": 13.506371003891502, ""capacity_utilization"": 7480064.25, ""feasible"": false, ""n_runs"": 20, ""eligibility"": ""NO_CONCLUSION""}, {""value"": 1150000.0, ""strategy_id"": ""S13"", ""mean_fill"": 0.994002593819415, ""p_meet"": 0.65, ""mean_cost"": 19378353.72537797, ""mcse_cost"": 17122.258551496878, ""mean_shortage_days"": 17.592408269441396, ""mean_cost_per_unit"": 16.18152683292082, ""capacity_utilization"": 5987888.35, ""feasible"": false, ""n_runs"": 20, ""eligibility"": ""NO_CONCLUSION""}, {""value"": 825000.0, ""strategy_id"": ""S13"", ""mean_fill"": 0.9983462993842401, ""p_meet"": 0.95, ""mean_cost"": 18634425.18022243, ""mcse_cost"": 12846.398564620305, ""mean_shortage_days"": 5.550759857612268, ""mean_cost_per_unit"": 21.599843395507367, ""capacity_utilization"": 4313751.55, ""feasible"": true, ""n_runs"": 20, ""eligibility"": ""NO_CONCLUSION""}, {""value"": 987500.0, ""strategy_id"": ""S13"", ""mean_fill"": 0.9967573319396987, ""p_meet"": 0.9, ""mean_cost"": 18965827.808860622, ""mcse_cost"": 12639.790218803215, ""mean_shortage_days"": 11.001506024096386, ""mean_cost_per_unit"": 18.39297368602754, ""capacity_utilization"": 5155813.8, ""feasible"": true, ""n_runs"": 20, ""eligibility"": ""NO_CONCLUSION""}, {""value"": 1068750.0, ""strategy_id"": ""S13"", ""mean_fill"": 0.9956464685060995, ""p_meet"": 0.85, ""mean_cost"": 19203760.804804657, ""mcse_cost"": 14757.913505311919, ""mean_shortage_days"": 12.161664841182912, ""mean_cost_per_unit"": 17.227103534097928, ""capacity_utilization"": 5573655.1, ""feasible"": false, ""n_runs"": 20, ""eligibility"": ""NO_CONCLUSION""}, {""value"": 1028125.0, ""strategy_id"": ""S13"", ""mean_fill"": 0.9968996409735562, ""p_meet"": 0.9, ""mean_cost"": 19120917.042557146, ""mcse_cost"": 16556.94197581549, ""mean_shortage_days"": 10.551444414019716, ""mean_cost_per_unit"": 17.808568040727454, ""capacity_utilization"": 5368496.8, ""feasible"": true, ""n_runs"": 20, ""eligibility"": ""NO_CONCLUSION""}]",bisection over 5 steps on 20 paired runs,1028125.0,1068750.0
S13,norepinephrine_1mgml_4ml,fixed_qa_labor_per_node,product.fixed_qa_labor_usd_per_site_year,1500000.0,3000000.0,6000000.0,True,True,,feasible_everywhere,"[{""value"": 1500000.0, ""strategy_id"": ""S13"", ""mean_fill"": 0.997339861537022, ""p_meet"": 0.9, ""mean_cost"": 16834445.383359097, ""mcse_cost"": 12958.398551121854, ""mean_shortage_days"": 7.9510884446878425, ""mean_cost_per_unit"": 17.90249912970228, ""capacity_utilization"": 4701825.85, ""feasible"": true, ""n_runs"": 20, ""eligibility"": ""NO_CONCLUSION""}, {""value"": 6000000.0, ""strategy_id"": ""S13"", ""mean_fill"": 0.997339861537022, ""p_meet"": 0.9, ""mean_cost"": 22723822.724844288, ""mcse_cost"": 12958.398551121803, ""mean_shortage_days"": 7.9510884446878425, ""mean_cost_per_unit"": 24.165675573305943, ""capacity_utilization"": 4701825.85, ""feasible"": true, ""n_runs"": 20, ""eligibility"": ""NO_CONCLUSION""}]",feasibility does not change between 1500000.0 and 6000000.0; no threshold inside the recorded range,,
S13,norepinephrine_1mgml_4ml,release_time,global.sterility_incubation_days,14.0,14.0,18.0,True,True,,feasible_everywhere,"[{""value"": 14.0, ""strategy_id"": ""S13"", ""mean_fill"": 0.997339861537022, ""p_meet"": 0.9, ""mean_cost"": 18797571.16385414, ""mcse_cost"": 12958.398551121803, ""mean_shortage_days"": 7.9510884446878425, ""mean_cost_per_unit"": 19.990224610903482, ""capacity_utilization"": 4701825.85, ""feasible"": true, ""n_runs"": 20, ""eligibility"": ""NO_CONCLUSION""}, {""value"": 18.0, ""strategy_id"": ""S13"", ""mean_fill"": 0.9967449779982793, ""p_meet"": 0.9, ""mean_cost"": 18764489.290498085, ""mcse_cost"": 16054.642829545926, ""mean_shortage_days"": 11.231537513691126, ""mean_cost_per_unit"": 19.968844075534584, ""capacity_utilization"": 4698484.8, ""feasible"": true, ""n_runs"": 20, ""eligibility"": ""NO_CONCLUSION""}]",feasibility does not change between 14.0 and 18.0; no threshold inside the recorded range,,
S13,norepinephrine_1mgml_4ml,shelf_life,product.shelf_life_months,12.0,24.0,30.0,True,True,,feasible_everywhere,"[{""value"": 12.0, ""strategy_id"": ""S13"", ""mean_fill"": 0.9973137878543428, ""p_meet"": 0.9, ""mean_cost"": 18816699.344832763, ""mcse_cost"": 13811.741526376056, ""mean_shortage_days"": 8.391148685651697, ""mean_cost_per_unit"": 20.010912537667757, ""capacity_utilization"": 4701703.65, ""feasible"": true, ""n_runs"": 20, ""eligibility"": ""NO_CONCLUSION""}, {""value"": 30.0, ""strategy_id"": ""S13"", ""mean_fill"": 0.997339861537022, ""p_meet"": 0.9, ""mean_cost"": 18794977.721274383, ""mcse_cost"": 13476.176186938423, ""mean_shortage_days"": 7.951088444687841, ""mean_cost_per_unit"": 19.987440035311767, ""capacity_utilization"": 4701825.85, ""feasible"": true, ""n_runs"": 20, ""eligibility"": ""NO_CONCLUSION""}]",feasibility does not change between 12.0 and 30.0; no threshold inside the recorded range,,
S13,norepinephrine_1mgml_4ml,raw_material_lead_time,product.material_lead_time_days,30.0,90.0,240.0,True,True,,feasible_everywhere,"[{""value"": 30.0, ""strategy_id"": ""S13"", ""mean_fill"": 0.997221088504183, ""p_meet"": 0.9, ""mean_cost"": 18774585.666020803, ""mcse_cost"": 11085.462526175572, ""mean_shortage_days"": 8.13111308871851, ""mean_cost_per_unit"": 19.96817345200123, ""capacity_utilization"": 4701267.4, ""feasible"": true, ""n_runs"": 20, ""eligibility"": ""NO_CONCLUSION""}, {""value"": 240.0, ""strategy_id"": ""S13"", ""mean_fill"": 0.9982829061876316, ""p_meet"": 0.95, ""mean_cost"": 18846677.33347688, ""mcse_cost"": 12735.8845188906, ""mean_shortage_days"": 6.460884446878422, ""mean_cost_per_unit"": 20.022395505837483, ""capacity_utilization"": 4706567.35, ""feasible"": true, ""n_runs"": 20, ""eligibility"": ""NO_CONCLUSION""}]",feasibility does not change between 30.0 and 240.0; no threshold inside the recorded range,,
S13,norepinephrine_1mgml_4ml,common_cause_dependence,global.common_cause_events_per_year,0.02,0.1,0.3,True,False,0.138125,feasible_below,"[{""value"": 0.02, ""strategy_id"": ""S13"", ""mean_fill"": 0.9979098851842185, ""p_meet"": 0.9, ""mean_cost"": 18809882.699550163, ""mcse_cost"": 10881.852258959465, ""mean_shortage_days"": 6.460884446878422, ""mean_cost_per_unit"": 19.994958668108517, ""capacity_utilization"": 4703804.45, ""feasible"": true, ""n_runs"": 20, ""eligibility"": ""NO_CONCLUSION""}, {""value"": 0.3, ""strategy_id"": ""S13"", ""mean_fill"": 0.9880401178314695, ""p_meet"": 0.7, ""mean_cost"": 18748104.821304463, ""mcse_cost"": 15694.829000205158, ""mean_shortage_days"": 17.352375410733845, ""mean_cost_per_unit"": 20.1342174711248, ""capacity_utilization"": 4656893.4, ""feasible"": false, ""n_runs"": 20, ""eligibility"": ""NO_CONCLUSION""}, {""value"": 0.16, ""strategy_id"": ""S13"", ""mean_fill"": 0.9911719073818478, ""p_meet"": 0.75, ""mean_cost"": 18773989.398285657, ""mcse_cost"": 13514.84617214796, ""mean_shortage_days"": 14.331961938663747, ""mean_cost_per_unit"": 20.093146835921324, ""capacity_utilization"": 4672448.25, ""feasible"": false, ""n_runs"": 20, ""eligibility"": ""NO_CONCLUSION""}, {""value"": 0.09, ""strategy_id"": ""S13"", ""mean_fill"": 0.997393563970603, ""p_meet"": 0.9, ""mean_cost"": 18799336.454589803, ""mcse_cost"": 12375.902711333838, ""mean_shortage_days"": 7.381010405257394, ""mean_cost_per_unit"": 19.992001431263184, ""capacity_utilization"": 4701854.35, ""feasible"": true, ""n_runs"": 20, ""eligibility"": ""NO_CONCLUSION""}, {""value"": 0.125, ""strategy_id"": ""S13"", ""mean_fill"": 0.997334262206817, ""p_meet"": 0.9, ""mean_cost"": 18789865.475407273, ""mcse_cost"": 13583.047995906018, ""mean_shortage_days"": 8.03109939759036, ""mean_cost_per_unit"": 19.98212099004338, ""capacity_utilization"": 4701817.65, ""feasible"": true, ""n_runs"": 20, ""eligibility"": ""NO_CONCLUSION""}, {""value"": 0.14250000000000002, ""strategy_id"": ""S13"", ""mean_fill"": 0.9927908776735656, ""p_meet"": 0.8, ""mean_cost"": 18775690.986282825, ""mcse_cost"": 11650.527472960059, ""mean_shortage_days"": 12.131660733844466, ""mean_cost_per_unit"": 20.062414177278114, ""capacity_utilization"": 4680150.8, ""feasible"": false, ""n_runs"": 20, ""eligibility"": ""NO_CONCLUSION""}, {""value"": 0.13375, ""strategy_id"": ""S13"", ""mean_fill"": 0.9974237126696164, ""p_meet"": 0.9, ""mean_cost"": 18793220.680238057, ""mcse_cost"": 13579.602876163417, ""mean_shortage_days"": 7.60104052573932, ""mean_cost_per_unit"": 19.98382616634118, ""capacity_utilization"": 4702246.0, ""feasible"": true, ""n_runs"": 20, ""eligibility"": ""NO_CONCLUSION""}]",bisection over 5 steps on 20 paired runs,0.13375,0.14250000000000002
S13,norepinephrine_1mgml_4ml,supplier_concentration,global.supplier_disruptions_per_supplier_year,0.05,0.2,0.6,True,True,,feasible_everywhere,"[{""value"": 0.05, ""strategy_id"": ""S13"", ""mean_fill"": 0.9976395292774244, ""p_meet"": 0.9, ""mean_cost"": 18792057.37756905, ""mcse_cost"": 11954.116415997309, ""mean_shortage_days"": 7.1009720700985755, ""mean_cost_per_unit"": 19.97848113201653, ""capacity_utilization"": 4703273.4, ""feasible"": true, ""n_runs"": 20, ""eligibility"": ""NO_CONCLUSION""}, {""value"": 0.6, ""strategy_id"": ""S13"", ""mean_fill"": 0.9977605141949402, ""p_meet"": 0.9, ""mean_cost"": 18783725.184913166, ""mcse_cost"": 12799.964459361354, ""mean_shortage_days"": 6.9709542716319834, ""mean_cost_per_unit"": 19.96719427979111, ""capacity_utilization"": 4703854.0, ""feasible"": true, ""n_runs"": 20, ""eligibility"": ""NO_CONCLUSION""}]",feasibility does not change between 0.05 and 0.6; no threshold inside the recorded range,,
S13,norepinephrine_1mgml_4ml,commissioning_days,global.node_commissioning_days,365.0,730.0,1095.0,True,True,,feasible_everywhere,"[{""value"": 365.0, ""strategy_id"": ""S13"", ""mean_fill"": 0.997339861537022, ""p_meet"": 0.9, ""mean_cost"": 18797571.16385414, ""mcse_cost"": 12958.398551121803, ""mean_shortage_days"": 7.9510884446878425, ""mean_cost_per_unit"": 19.990224610903482, ""capacity_utilization"": 4701825.85, ""feasible"": true, ""n_runs"": 20, ""eligibility"": ""NO_CONCLUSION""}, {""value"": 1095.0, ""strategy_id"": ""S13"", ""mean_fill"": 0.997339861537022, ""p_meet"": 0.9, ""mean_cost"": 18797571.16385414, ""mcse_cost"": 12958.398551121803, ""mean_shortage_days"": 7.9510884446878425, ""mean_cost_per_unit"": 19.990224610903482, ""capacity_utilization"": 4701825.85, ""feasible"": true, ""n_runs"": 20, ""eligibility"": ""NO_CONCLUSION""}]",feasibility does not change between 365.0 and 1095.0; no threshold inside the recorded range,,
S13,norepinephrine_1mgml_4ml,activation_latency_days,global.reserved_capacity_activation_days,7.0,21.0,60.0,True,True,,feasible_everywhere,"[{""value"": 7.0, ""strategy_id"": ""S13"", ""mean_fill"": 0.9984717303592099, ""p_meet"": 0.95, ""mean_cost"": 18800329.349842288, ""mcse_cost"": 13794.7389108328, ""mean_shortage_days"": 5.480750273822562, ""mean_cost_per_unit"": 19.970951376870108, ""capacity_utilization"": 4707074.75, ""feasible"": true, ""n_runs"": 20, ""eligibility"": ""NO_CONCLUSION""}, {""value"": 60.0, ""strategy_id"": ""S13"", ""mean_fill"": 0.9972697414717422, ""p_meet"": 0.95, ""mean_cost"": 18793498.384602673, ""mcse_cost"": 11480.984668258408, ""mean_shortage_days"": 10.041374589266155, ""mean_cost_per_unit"": 19.98720755843639, ""capacity_utilization"": 4701469.65, ""feasible"": true, ""n_runs"": 20, ""eligibility"": ""NO_CONCLUSION""}]",feasibility does not change between 7.0 and 60.0; no threshold inside the recorded range,,
S13,norepinephrine_1mgml_4ml,node_capital,product.capital_usd_per_site,15000000.0,40000000.0,100000000.0,True,True,,feasible_everywhere,"[{""value"": 15000000.0, ""strategy_id"": ""S13"", ""mean_fill"": 0.997339861537022, ""p_meet"": 0.9, ""mean_cost"": 12399727.785382792, ""mcse_cost"": 12958.398551121776, ""mean_shortage_days"": 7.9510884446878425, ""mean_cost_per_unit"": 13.186309763123948, ""capacity_utilization"": 4701825.85, ""feasible"": true, ""n_runs"": 20, ""eligibility"": ""NO_CONCLUSION""}, {""value"": 100000000.0, ""strategy_id"": ""S13"", ""mean_fill"": 0.997339861537022, ""p_meet"": 0.9, ""mean_cost"": 34152395.27218935, ""mcse_cost"": 12958.398551121834, ""mean_shortage_days"": 7.9510884446878425, ""mean_cost_per_unit"": 36.31962024557859, ""capacity_utilization"": 4701825.85, ""feasible"": true, ""n_runs"": 20, ""eligibility"": ""NO_CONCLUSION""}]",feasibility does not change between 15000000.0 and 100000000.0; no threshold inside the recorded range,,
S13,norepinephrine_1mgml_4ml,batches_per_site_year,product.batches_per_site_year_nominal,30.0,45.0,70.0,False,True,38.125,feasible_above,"[{""value"": 30.0, ""strategy_id"": ""S13"", ""mean_fill"": 0.9707212817924471, ""p_meet"": 0.2, ""mean_cost"": 18581037.598204672, ""mcse_cost"": 17716.30976168985, ""mean_shortage_days"": 57.07781352683461, ""mean_cost_per_unit"": 20.310589289008803, ""capacity_utilization"": 4576231.35, ""feasible"": false, ""n_runs"": 20, ""eligibility"": ""NO_CONCLUSION""}, {""value"": 70.0, ""strategy_id"": ""S13"", ""mean_fill"": 0.9991512401881678, ""p_meet"": 1.0, ""mean_cost"": 18984690.659640413, ""mcse_cost"": 9814.70783824654, ""mean_shortage_days"": 4.010549014238773, ""mean_cost_per_unit"": 20.152681026340797, ""capacity_utilization"": 4710298.2, ""feasible"": true, ""n_runs"": 20, ""eligibility"": ""NO_CONCLUSION""}, {""value"": 50.0, ""strategy_id"": ""S13"", ""mean_fill"": 0.9980680690762981, ""p_meet"": 0.95, ""mean_cost"": 18817074.13952961, ""mcse_cost"": 10425.514138688672, ""mean_shortage_days"": 6.380873493975904, ""mean_cost_per_unit"": 19.99911405279737, ""capacity_utilization"": 4704517.8, ""feasible"": true, ""n_runs"": 20, ""eligibility"": ""NO_CONCLUSION""}, {""value"": 40.0, ""strategy_id"": ""S13"", ""mean_fill"": 0.9975053988428211, ""p_meet"": 0.9, ""mean_cost"": 18735397.382917646, ""mcse_cost"": 12927.455737845992, ""mean_shortage_days"": 9.141251369112814, ""mean_cost_per_unit"": 19.923266142944918, ""capacity_utilization"": 4702010.15, ""feasible"": true, ""n_runs"": 20, ""eligibility"": ""NO_CONCLUSION""}, {""value"": 35.0, ""strategy_id"": ""S13"", ""mean_fill"": 0.9918640812051756, ""p_meet"": 0.65, ""mean_cost"": 18668965.13737955, ""mcse_cost"": 12016.614850250151, ""mean_shortage_days"": 23.30319003285871, ""mean_cost_per_unit"": 19.961867445942055, ""capacity_utilization"": 4676031.65, ""feasible"": false, ""n_runs"": 20, ""eligibility"": ""NO_CONCLUSION""}, {""value"": 37.5, ""strategy_id"": ""S13"", ""mean_fill"": 0.9936284871412029, ""p_meet"": 0.8, ""mean_cost"": 18698497.8976417, ""mcse_cost"": 10187.413712199439, ""mean_shortage_days"": 16.02219331872946, ""mean_cost_per_unit"": 19.959011167060254, ""capacity_utilization"": 4684303.0, ""feasible"": false, ""n_runs"": 20, ""eligibility"": ""NO_CONCLUSION""}, {""value"": 38.75, ""strategy_id"": ""S13"", ""mean_fill"": 0.9965336146378266, ""p_meet"": 0.9, ""mean_cost"": 18711394.509680893, ""mcse_cost"": 13756.057981477861, ""mean_shortage_days"": 12.141662102957284, ""mean_cost_per_unit"": 19.916402296301037, ""capacity_utilization"": 4697584.25, ""feasible"": true, ""n_runs"": 20, ""eligibility"": ""NO_CONCLUSION""}]",bisection over 5 steps on 20 paired runs,37.5,38.75
S13,norepinephrine_1mgml_4ml,changeover_burden,product.changeover_days,1.0,3.0,10.0,True,True,,feasible_everywhere,"[{""value"": 1.0, ""strategy_id"": ""S13"", ""mean_fill"": 0.9986115987655598, ""p_meet"": 0.95, ""mean_cost"": 18809056.38878813, ""mcse_cost"": 12447.379619874491, ""mean_shortage_days"": 5.860802300109529, ""mean_cost_per_unit"": 19.977973747915104, ""capacity_utilization"": 4707670.25, ""feasible"": true, ""n_runs"": 20, ""eligibility"": ""NO_CONCLUSION""}, {""value"": 10.0, ""strategy_id"": ""S13"", ""mean_fill"": 0.9966637115665724, ""p_meet"": 0.9, ""mean_cost"": 18723970.746536057, ""mcse_cost"": 12841.410766371891, ""mean_shortage_days"": 13.061788061336253, ""mean_cost_per_unit"": 19.922808216629463, ""capacity_utilization"": 4699320.9, ""feasible"": true, ""n_runs"": 20, ""eligibility"": ""NO_CONCLUSION""}]",feasibility does not change between 1.0 and 10.0; no threshold inside the recorded range,,
S14,norepinephrine_1mgml_4ml,capacity_utilization,product.annual_demand_units,500000.0,900000.0,1800000.0,True,False,682812.5,feasible_below,"[{""value"": 500000.0, ""strategy_id"": ""S14"", ""mean_fill"": 1.0, ""p_meet"": 1.0, ""mean_cost"": 22776669.183615737, ""mcse_cost"": 4427.738795854398, ""mean_shortage_days"": 0.04000547645125958, ""mean_cost_per_unit"": 43.48995580847612, ""capacity_utilization"": 2618716.6, ""feasible"": true, ""n_runs"": 20, ""eligibility"": ""NO_CONCLUSION""}, {""value"": 1800000.0, ""strategy_id"": ""S14"", ""mean_fill"": 0.9127476358065628, ""p_meet"": 0.0, ""mean_cost"": 25816485.801029533, ""mcse_cost"": 24469.589797963716, ""mean_shortage_days"": 62.89861035049288, ""mean_cost_per_unit"": 14.981370897068183, ""capacity_utilization"": 8617150.7, ""feasible"": false, ""n_runs"": 20, ""eligibility"": ""NO_CONCLUSION""}, {""value"": 1150000.0, ""strategy_id"": ""S14"", ""mean_fill"": 0.9889283164475217, ""p_meet"": 0.65, ""mean_cost"": 24506459.644930035, ""mcse_cost"": 15248.765682508732, ""mean_shortage_days"": 12.081653888280394, ""mean_cost_per_unit"": 20.571595904487374, ""capacity_utilization"": 5957206.0, ""feasible"": false, ""n_runs"": 20, ""eligibility"": ""NO_CONCLUSION""}, {""value"": 825000.0, ""strategy_id"": ""S14"", ""mean_fill"": 0.9967064467221396, ""p_meet"": 0.85, ""mean_cost"": 23689936.924708165, ""mcse_cost"": 11102.016063486317, ""mean_shortage_days"": 2.7303737677984663, ""mean_cost_per_unit"": 27.50364497082441, ""capacity_utilization"": 4307173.35, ""feasible"": false, ""n_runs"": 20, ""eligibility"": ""NO_CONCLUSION""}, {""value"": 662500.0, ""strategy_id"": ""S14"", ""mean_fill"": 0.9982472728079198, ""p_meet"": 0.9, ""mean_cost"": 23237105.94429581, ""mcse_cost"": 7014.473297128891, ""mean_shortage_days"": 1.2601725082146769, ""mean_cost_per_unit"": 33.543372819004205, ""capacity_utilization"": 3463914.25, ""feasible"": true, ""n_runs"": 20, ""eligibility"": ""NO_CONCLUSION""}, {""value"": 743750.0, ""strategy_id"": ""S14"", ""mean_fill"": 0.9966917266180829, ""p_meet"": 0.85, ""mean_cost"": 23454477.68946877, ""mcse_cost"": 8179.59782602469, ""mean_shortage_days"": 2.780380613362541, ""mean_cost_per_unit"": 30.207189196198676, ""capacity_utilization"": 3882387.4, ""feasible"": false, ""n_runs"": 20, ""eligibility"": ""NO_CONCLUSION""}, {""value"": 703125.0, ""strategy_id"": ""S14"", ""mean_fill"": 0.9964506294446214, ""p_meet"": 0.85, ""mean_cost"": 23342500.826516375, ""mcse_cost"": 5942.820778252146, ""mean_shortage_days"": 2.090286144578313, ""mean_cost_per_unit"": 31.807849521316047, ""capacity_utilization"": 3669375.65, ""feasible"": false, ""n_runs"": 20, ""eligibility"": ""NO_CONCLUSION""}]",bisection over 5 steps on 20 paired runs,662500.0,703125.0
S14,norepinephrine_1mgml_4ml,fixed_qa_labor_per_node,product.fixed_qa_labor_usd_per_site_year,1500000.0,3000000.0,6000000.0,False,False,,infeasible_everywhere,"[{""value"": 1500000.0, ""strategy_id"": ""S14"", ""mean_fill"": 0.9970815839497724, ""p_meet"": 0.85, ""mean_cost"": 20900987.58953698, ""mcse_cost"": 11679.617700288787, ""mean_shortage_days"": 3.130428532311062, ""mean_cost_per_unit"": 22.236296740322427, ""capacity_utilization"": 4699864.45, ""feasible"": false, ""n_runs"": 20, ""eligibility"": ""NO_CONCLUSION""}, {""value"": 6000000.0, ""strategy_id"": ""S14"", ""mean_fill"": 0.9970815839497724, ""p_meet"": 0.85, ""mean_cost"": 29870114.819924157, ""mcse_cost"": 11679.617700288893, ""mean_shortage_days"": 3.130428532311062, ""mean_cost_per_unit"": 31.77868126233214, ""capacity_utilization"": 4699864.45, ""feasible"": false, ""n_runs"": 20, ""eligibility"": ""NO_CONCLUSION""}]",feasibility does not change between 1500000.0 and 6000000.0; no threshold inside the recorded range,,
S14,norepinephrine_1mgml_4ml,release_time,global.sterility_incubation_days,14.0,14.0,18.0,False,False,,infeasible_everywhere,"[{""value"": 14.0, ""strategy_id"": ""S14"", ""mean_fill"": 0.9970815839497724, ""p_meet"": 0.85, ""mean_cost"": 23890696.666332703, ""mcse_cost"": 11679.6177002888, ""mean_shortage_days"": 3.130428532311062, ""mean_cost_per_unit"": 25.417091580992334, ""capacity_utilization"": 4699864.45, ""feasible"": false, ""n_runs"": 20, ""eligibility"": ""NO_CONCLUSION""}, {""value"": 18.0, ""strategy_id"": ""S14"", ""mean_fill"": 0.9964042713079492, ""p_meet"": 0.85, ""mean_cost"": 23875721.223941255, ""mcse_cost"": 10664.90599397131, ""mean_shortage_days"": 3.5204819277108435, ""mean_cost_per_unit"": 25.415605078216963, ""capacity_utilization"": 4697173.75, ""feasible"": false, ""n_runs"": 20, ""eligibility"": ""NO_CONCLUSION""}]",feasibility does not change between 14.0 and 18.0; no threshold inside the recorded range,,
S14,norepinephrine_1mgml_4ml,shelf_life,product.shelf_life_months,12.0,24.0,30.0,False,False,,infeasible_everywhere,"[{""value"": 12.0, ""strategy_id"": ""S14"", ""mean_fill"": 0.9970815839497724, ""p_meet"": 0.85, ""mean_cost"": 23987234.953566756, ""mcse_cost"": 12433.1879576325, ""mean_shortage_days"": 3.130428532311062, ""mean_cost_per_unit"": 25.519938405293875, ""capacity_utilization"": 4699864.45, ""feasible"": false, ""n_runs"": 20, ""eligibility"": ""NO_CONCLUSION""}, {""value"": 30.0, ""strategy_id"": ""S14"", ""mean_fill"": 0.9970815839497724, ""p_meet"": 0.85, ""mean_cost"": 23870697.969112847, ""mcse_cost"": 10305.327353778383, ""mean_shortage_days"": 3.130428532311062, ""mean_cost_per_unit"": 25.395894690466797, ""capacity_utilization"": 4699864.45, ""feasible"": false, ""n_runs"": 20, ""eligibility"": ""NO_CONCLUSION""}]",feasibility does not change between 12.0 and 30.0; no threshold inside the recorded range,,
S14,norepinephrine_1mgml_4ml,raw_material_lead_time,product.material_lead_time_days,30.0,90.0,240.0,False,False,,infeasible_everywhere,"[{""value"": 30.0, ""strategy_id"": ""S14"", ""mean_fill"": 0.9963909054265901, ""p_meet"": 0.85, ""mean_cost"": 23887389.769739546, ""mcse_cost"": 11621.21042193071, ""mean_shortage_days"": 3.9005339539978094, ""mean_cost_per_unit"": 25.42702142460821, ""capacity_utilization"": 4697419.25, ""feasible"": false, ""n_runs"": 20, ""eligibility"": ""NO_CONCLUSION""}, {""value"": 240.0, ""strategy_id"": ""S14"", ""mean_fill"": 0.9892951555220139, ""p_meet"": 0.65, ""mean_cost"": 23791069.596623998, ""mcse_cost"": 9645.42980005519, ""mean_shortage_days"": 8.1911213033954, ""mean_cost_per_unit"": 25.509622909344188, ""capacity_utilization"": 4663440.1, ""feasible"": false, ""n_runs"": 20, ""eligibility"": ""NO_CONCLUSION""}]",feasibility does not change between 30.0 and 240.0; no threshold inside the recorded range,,
S14,norepinephrine_1mgml_4ml,common_cause_dependence,global.common_cause_events_per_year,0.02,0.1,0.3,True,False,0.076875,feasible_below,"[{""value"": 0.02, ""strategy_id"": ""S14"", ""mean_fill"": 0.9981163830009869, ""p_meet"": 0.9, ""mean_cost"": 23910794.59434396, ""mcse_cost"": 8356.524571468111, ""mean_shortage_days"": 2.270310788608981, ""mean_cost_per_unit"": 25.411859316231453, ""capacity_utilization"": 4704706.35, ""feasible"": true, ""n_runs"": 20, ""eligibility"": ""NO_CONCLUSION""}, {""value"": 0.3, ""strategy_id"": ""S14"", ""mean_fill"": 0.9929991376088061, ""p_meet"": 0.8, ""mean_cost"": 23855537.233833812, ""mcse_cost"": 10230.523413676532, ""mean_shortage_days"": 5.040690032858707, ""mean_cost_per_unit"": 25.487448900044953, ""capacity_utilization"": 4680260.05, ""feasible"": false, ""n_runs"": 20, ""eligibility"": ""NO_CONCLUSION""}, {""value"": 0.16, ""strategy_id"": ""S14"", ""mean_fill"": 0.99416978307526, ""p_meet"": 0.85, ""mean_cost"": 23878600.13111695, ""mcse_cost"": 11171.878795621287, ""mean_shortage_days"": 4.470611993428259, ""mean_cost_per_unit"": 25.478908041329497, ""capacity_utilization"": 4686592.05, ""feasible"": false, ""n_runs"": 20, ""eligibility"": ""NO_CONCLUSION""}, {""value"": 0.09, ""strategy_id"": ""S14"", ""mean_fill"": 0.9970815839497724, ""p_meet"": 0.85, ""mean_cost"": 23896340.800133936, ""mcse_cost"": 10557.14191761421, ""mean_shortage_days"": 3.0904230558598025, ""mean_cost_per_unit"": 25.42314095254544, ""capacity_utilization"": 4699864.45, ""feasible"": false, ""n_runs"": 20, ""eligibility"": ""NO_CONCLUSION""}, {""value"": 0.055, ""strategy_id"": ""S14"", ""mean_fill"": 0.9976327258477694, ""p_meet"": 0.9, ""mean_cost"": 23899892.23846225, ""mcse_cost"": 9153.677868466211, ""mean_shortage_days"": 2.9704066265060236, ""mean_cost_per_unit"": 25.412669786122258, ""capacity_utilization"": 4702434.0, ""feasible"": true, ""n_runs"": 20, ""eligibility"": ""NO_CONCLUSION""}, {""value"": 0.0725, ""strategy_id"": ""S14"", ""mean_fill"": 0.9973380172619487, ""p_meet"": 0.9, ""mean_cost"": 23895998.613963354, ""mcse_cost"": 10013.929154912348, ""mean_shortage_days"": 2.890395673603505, ""mean_cost_per_unit"": 25.416196293652085, ""capacity_utilization"": 4701057.7, ""feasible"": true, ""n_runs"": 20, ""eligibility"": ""NO_CONCLUSION""}, {""value"": 0.08124999999999999, ""strategy_id"": ""S14"", ""mean_fill"": 0.9970815839497724, ""p_meet"": 0.85, ""mean_cost"": 23897080.21643361, ""mcse_cost"": 10212.540563685297, ""mean_shortage_days"": 3.100424424972618, ""mean_cost_per_unit"": 25.423936575072975, ""capacity_utilization"": 4699864.45, ""feasible"": false, ""n_runs"": 20, ""eligibility"": ""NO_CONCLUSION""}]",bisection over 5 steps on 20 paired runs,0.0725,0.08124999999999999
S14,norepinephrine_1mgml_4ml,supplier_concentration,global.supplier_disruptions_per_supplier_year,0.05,0.2,0.6,True,False,0.16171875000000002,feasible_below,"[{""value"": 0.05, ""strategy_id"": ""S14"", ""mean_fill"": 0.9985077157152119, ""p_meet"": 0.9, ""mean_cost"": 23901337.954783205, ""mcse_cost"": 11392.943673491, ""mean_shortage_days"": 1.3301820920043812, ""mean_cost_per_unit"": 25.392374645558416, ""capacity_utilization"": 4706711.4, ""feasible"": true, ""n_runs"": 20, ""eligibility"": ""NO_CONCLUSION""}, {""value"": 0.6, ""strategy_id"": ""S14"", ""mean_fill"": 0.9934319116819348, ""p_meet"": 0.85, ""mean_cost"": 23862830.91473717, ""mcse_cost"": 13932.10445033973, ""mean_shortage_days"": 4.130565443592552, ""mean_cost_per_unit"": 25.48707936671416, ""capacity_utilization"": 4682838.7, ""feasible"": false, ""n_runs"": 20, ""eligibility"": ""NO_CONCLUSION""}, {""value"": 0.325, ""strategy_id"": ""S14"", ""mean_fill"": 0.9948654130418216, ""p_meet"": 0.85, ""mean_cost"": 23880119.215641946, ""mcse_cost"": 14200.378400615158, ""mean_shortage_days"": 3.5504860350492877, ""mean_cost_per_unit"": 25.467160005554767, ""capacity_utilization"": 4689647.8, ""feasible"": false, ""n_runs"": 20, ""eligibility"": ""NO_CONCLUSION""}, {""value"": 0.1875, ""strategy_id"": ""S14"", ""mean_fill"": 0.9973721809057023, ""p_meet"": 0.85, ""mean_cost"": 23891089.245846264, ""mcse_cost"": 11912.758566656838, ""mean_shortage_days"": 2.7603778751369115, ""mean_cost_per_unit"": 25.410355675382593, ""capacity_utilization"": 4701293.65, ""feasible"": false, ""n_runs"": 20, ""eligibility"": ""NO_CONCLUSION""}, {""value"": 0.11875, ""strategy_id"": ""S14"", ""mean_fill"": 0.9984666188698077, ""p_meet"": 0.9, ""mean_cost"": 23896968.829587784, ""mcse_cost"": 11525.93703481321, ""mean_shortage_days"": 1.6102204271631984, ""mean_cost_per_unit"": 25.388729315328966, ""capacity_utilization"": 4706516.85, ""feasible"": true, ""n_runs"": 20, ""eligibility"": ""NO_CONCLUSION""}, {""value"": 0.153125, ""strategy_id"": ""S14"", ""mean_fill"": 0.9984666188698077, ""p_meet"": 0.9, ""mean_cost"": 23898141.338400822, ""mcse_cost"": 11299.731416980301, ""mean_shortage_days"": 1.6102204271631984, ""mean_cost_per_unit"": 25.38999596308477, ""capacity_utilization"": 4706516.85, ""feasible"": true, ""n_runs"": 20, ""eligibility"": ""NO_CONCLUSION""}, {""value"": 0.1703125, ""strategy_id"": ""S14"", ""mean_fill"": 0.9973721809057023, ""p_meet"": 0.85, ""mean_cost"": 23889678.33658086, ""mcse_cost"": 11482.558033429756, ""mean_shortage_days"": 2.7603778751369115, ""mean_cost_per_unit"": 25.408867601905403, ""capacity_utilization"": 4701293.65, ""feasible"": false, ""n_runs"": 20, ""eligibility"": ""NO_CONCLUSION""}]",bisection over 5 steps on 20 paired runs,0.153125,0.1703125
S14,norepinephrine_1mgml_4ml,commissioning_days,global.node_commissioning_days,365.0,730.0,1095.0,False,False,,infeasible_everywhere,"[{""value"": 365.0, ""strategy_id"": ""S14"", ""mean_fill"": 0.9970815839497724, ""p_meet"": 0.85, ""mean_cost"": 23890696.666332703, ""mcse_cost"": 11679.6177002888, ""mean_shortage_days"": 3.130428532311062, ""mean_cost_per_unit"": 25.417091580992334, ""capacity_utilization"": 4699864.45, ""feasible"": false, ""n_runs"": 20, ""eligibility"": ""NO_CONCLUSION""}, {""value"": 1095.0, ""strategy_id"": ""S14"", ""mean_fill"": 0.9970815839497724, ""p_meet"": 0.85, ""mean_cost"": 23890696.666332703, ""mcse_cost"": 11679.6177002888, ""mean_shortage_days"": 3.130428532311062, ""mean_cost_per_unit"": 25.417091580992334, ""capacity_utilization"": 4699864.45, ""feasible"": false, ""n_runs"": 20, ""eligibility"": ""NO_CONCLUSION""}]",feasibility does not change between 365.0 and 1095.0; no threshold inside the recorded range,,
S14,norepinephrine_1mgml_4ml,activation_latency_days,global.reserved_capacity_activation_days,7.0,21.0,60.0,False,False,,infeasible_everywhere,"[{""value"": 7.0, ""strategy_id"": ""S14"", ""mean_fill"": 0.9970815839497724, ""p_meet"": 0.85, ""mean_cost"": 23890696.666332703, ""mcse_cost"": 11679.6177002888, ""mean_shortage_days"": 3.130428532311062, ""mean_cost_per_unit"": 25.417091580992334, ""capacity_utilization"": 4699864.45, ""feasible"": false, ""n_runs"": 20, ""eligibility"": ""NO_CONCLUSION""}, {""value"": 60.0, ""strategy_id"": ""S14"", ""mean_fill"": 0.9970815839497724, ""p_meet"": 0.85, ""mean_cost"": 23890696.666332703, ""mcse_cost"": 11679.6177002888, ""mean_shortage_days"": 3.130428532311062, ""mean_cost_per_unit"": 25.417091580992334, ""capacity_utilization"": 4699864.45, ""feasible"": false, ""n_runs"": 20, ""eligibility"": ""NO_CONCLUSION""}]",feasibility does not change between 7.0 and 60.0; no threshold inside the recorded range,,
S14,norepinephrine_1mgml_4ml,node_capital,product.capital_usd_per_site,15000000.0,40000000.0,100000000.0,False,False,,infeasible_everywhere,"[{""value"": 15000000.0, ""strategy_id"": ""S14"", ""mean_fill"": 0.9970815839497724, ""p_meet"": 0.85, ""mean_cost"": 15511694.70269529, ""mcse_cost"": 11679.61770028888, ""mean_shortage_days"": 3.130428532311062, ""mean_cost_per_unit"": 16.502549887703054, ""capacity_utilization"": 4699864.45, ""feasible"": false, ""n_runs"": 20, ""eligibility"": ""NO_CONCLUSION""}, {""value"": 100000000.0, ""strategy_id"": ""S14"", ""mean_fill"": 0.9970815839497724, ""p_meet"": 0.85, ""mean_cost"": 44000301.37905765, ""mcse_cost"": 11679.617700288803, ""mean_shortage_days"": 3.130428532311062, ""mean_cost_per_unit"": 46.81199164488147, ""capacity_utilization"": 4699864.45, ""feasible"": false, ""n_runs"": 20, ""eligibility"": ""NO_CONCLUSION""}]",feasibility does not change between 15000000.0 and 100000000.0; no threshold inside the recorded range,,
S14,norepinephrine_1mgml_4ml,batches_per_site_year,product.batches_per_site_year_nominal,30.0,45.0,70.0,False,True,50.625,feasible_above,"[{""value"": 30.0, ""strategy_id"": ""S14"", ""mean_fill"": 0.9598575590039028, ""p_meet"": 0.0, ""mean_cost"": 23733362.570960008, ""mcse_cost"": 13315.937120854243, ""mean_shortage_days"": 47.006434830230006, ""mean_cost_per_unit"": 26.227609626922902, ""capacity_utilization"": 4525486.2, ""feasible"": false, ""n_runs"": 20, ""eligibility"": ""NO_CONCLUSION""}, {""value"": 70.0, ""strategy_id"": ""S14"", ""mean_fill"": 0.9993732601055673, ""p_meet"": 1.0, ""mean_cost"": 23912137.34396868, ""mcse_cost"": 8260.389636713646, ""mean_shortage_days"": 0.7401013143483023, ""mean_cost_per_unit"": 25.37998157672489, ""capacity_utilization"": 4710911.45, ""feasible"": true, ""n_runs"": 20, ""eligibility"": ""NO_CONCLUSION""}, {""value"": 50.0, ""strategy_id"": ""S14"", ""mean_fill"": 0.9972516460418641, ""p_meet"": 0.85, ""mean_cost"": 23897580.403319813, ""mcse_cost"": 10396.823256586113, ""mean_shortage_days"": 2.710371029572836, ""mean_cost_per_unit"": 25.41637642688213, ""capacity_utilization"": 4701311.8, ""feasible"": false, ""n_runs"": 20, ""eligibility"": ""NO_CONCLUSION""}, {""value"": 60.0, ""strategy_id"": ""S14"", ""mean_fill"": 0.9978805169113076, ""p_meet"": 0.9, ""mean_cost"": 23903129.90786097, ""mcse_cost"": 10429.03076808032, ""mean_shortage_days"": 1.8302505476451258, ""mean_cost_per_unit"": 25.410309424246144, ""capacity_utilization"": 4703693.55, ""feasible"": true, ""n_runs"": 20, ""eligibility"": ""NO_CONCLUSION""}, {""value"": 55.0, ""strategy_id"": ""S14"", ""mean_fill"": 0.9980168293843799, ""p_meet"": 0.95, ""mean_cost"": 23902158.221874066, ""mcse_cost"": 10422.596405004278, ""mean_shortage_days"": 1.9202628696604598, ""mean_cost_per_unit"": 25.405724825043677, ""capacity_utilization"": 4704330.2, ""feasible"": true, ""n_runs"": 20, ""eligibility"": ""NO_CONCLUSION""}, {""value"": 52.5, ""strategy_id"": ""S14"", ""mean_fill"": 0.9980556528801825, ""p_meet"": 0.95, ""mean_cost"": 23900829.074088905, ""mcse_cost"": 10299.985729332675, ""mean_shortage_days"": 2.3003148959474258, ""mean_cost_per_unit"": 25.400556444468602, ""capacity_utilization"": 4704992.4, ""feasible"": true, ""n_runs"": 20, ""eligibility"": ""NO_CONCLUSION""}, {""value"": 51.25, ""strategy_id"": ""S14"", ""mean_fill"": 0.9981346033670546, ""p_meet"": 0.95, ""mean_cost"": 23900200.603544425, ""mcse_cost"": 10399.722743459164, ""mean_shortage_days"": 2.2203039430449065, ""mean_cost_per_unit"": 25.398017613712042, ""capacity_utilization"": 4705322.0, ""feasible"": true, ""n_runs"": 20, ""eligibility"": ""NO_CONCLUSION""}]",bisection over 5 steps on 20 paired runs,50.0,51.25
S14,norepinephrine_1mgml_4ml,changeover_burden,product.changeover_days,1.0,3.0,10.0,False,False,,infeasible_everywhere,"[{""value"": 1.0, ""strategy_id"": ""S14"", ""mean_fill"": 0.9973751346275292, ""p_meet"": 0.85, ""mean_cost"": 23893713.21937996, ""mcse_cost"": 12295.070162788094, ""mean_shortage_days"": 2.9504038882803942, ""mean_cost_per_unit"": 25.412428239659555, ""capacity_utilization"": 4701318.9, ""feasible"": false, ""n_runs"": 20, ""eligibility"": ""NO_CONCLUSION""}, {""value"": 10.0, ""strategy_id"": ""S14"", ""mean_fill"": 0.9743687013414594, ""p_meet"": 0.3, ""mean_cost"": 23773090.75538082, ""mcse_cost"": 12034.784954514234, ""mean_shortage_days"": 32.18440580503834, ""mean_cost_per_unit"": 25.885421458834116, ""capacity_utilization"": 4592900.35, ""feasible"": false, ""n_runs"": 20, ""eligibility"": ""NO_CONCLUSION""}]",feasibility does not change between 1.0 and 10.0; no threshold inside the recorded range,,
S15,norepinephrine_1mgml_4ml,capacity_utilization,product.annual_demand_units,500000.0,900000.0,1800000.0,True,False,967187.5,feasible_below,"[{""value"": 500000.0, ""strategy_id"": ""S15"", ""mean_fill"": 0.9995537868323368, ""p_meet"": 1.0, ""mean_cost"": 11870357.774206918, ""mcse_cost"": 4032.9232979575304, ""mean_shortage_days"": 1.9702697152245343, ""mean_cost_per_unit"": 22.67507733483602, ""capacity_utilization"": 2617515.3, ""feasible"": true, ""n_runs"": 20, ""eligibility"": ""NO_CONCLUSION""}, {""value"": 1800000.0, ""strategy_id"": ""S15"", ""mean_fill"": 0.6216863555640224, ""p_meet"": 0.0, ""mean_cost"": 13340378.943224337, ""mcse_cost"": 24460.92201297249, ""mean_shortage_days"": 229.44140881708648, ""mean_cost_per_unit"": 11.44754405993868, ""capacity_utilization"": 5834988.5, ""feasible"": false, ""n_runs"": 20, ""eligibility"": ""NO_CONCLUSION""}, {""value"": 1150000.0, ""strategy_id"": ""S15"", ""mean_fill"": 0.9443033907899387, ""p_meet"": 0.1, ""mean_cost"": 13152112.067403061, ""mcse_cost"": 24912.115841054194, ""mean_shortage_days"": 104.7543400876232, ""mean_cost_per_unit"": 11.585081112746265, ""capacity_utilization"": 5683723.85, ""feasible"": false, ""n_runs"": 20, ""eligibility"": ""NO_CONCLUSION""}, {""value"": 825000.0, ""strategy_id"": ""S15"", ""mean_fill"": 0.997894103328733, ""p_meet"": 0.95, ""mean_cost"": 12731941.036953894, ""mcse_cost"": 9786.431709488692, ""mean_shortage_days"": 4.8206599123767795, ""mean_cost_per_unit"": 14.764725158692428, ""capacity_utilization"": 4311695.3, ""feasible"": true, ""n_runs"": 20, ""eligibility"": ""NO_CONCLUSION""}, {""value"": 987500.0, ""strategy_id"": ""S15"", ""mean_fill"": 0.9917625554019871, ""p_meet"": 0.85, ""mean_cost"": 13055075.225327525, ""mcse_cost"": 23699.570188052792, ""mean_shortage_days"": 16.57226861993428, ""mean_cost_per_unit"": 12.729833118650419, ""capacity_utilization"": 5128704.9, ""feasible"": false, ""n_runs"": 20, ""eligibility"": ""NO_CONCLUSION""}, {""value"": 906250.0, ""strategy_id"": ""S15"", ""mean_fill"": 0.9976676703911119, ""p_meet"": 0.95, ""mean_cost"": 12910226.10035702, ""mcse_cost"": 13755.578283494582, ""mean_shortage_days"": 7.781065169769988, ""mean_cost_per_unit"": 13.63191862535877, ""capacity_utilization"": 4735272.8, ""feasible"": true, ""n_runs"": 20, ""eligibility"": ""NO_CONCLUSION""}, {""value"": 946875.0, ""strategy_id"": ""S15"", ""mean_fill"": 0.9955120112890651, ""p_meet"": 0.95, ""mean_cost"": 12994001.991016898, ""mcse_cost"": 18574.070022126947, ""mean_shortage_days"": 11.121522453450162, ""mean_cost_per_unit"": 13.161399483733902, ""capacity_utilization"": 4936574.7, ""feasible"": true, ""n_runs"": 20, ""eligibility"": ""NO_CONCLUSION""}]",bisection over 5 steps on 20 paired runs,946875.0,987500.0
S15,norepinephrine_1mgml_4ml,fixed_qa_labor_per_node,product.fixed_qa_labor_usd_per_site_year,1500000.0,3000000.0,6000000.0,True,True,,feasible_everywhere,"[{""value"": 1500000.0, ""strategy_id"": ""S15"", ""mean_fill"": 0.9976223455901654, ""p_meet"": 0.95, ""mean_cost"": 11332312.69064547, ""mcse_cost"": 13106.668496430588, ""mean_shortage_days"": 7.170981653888279, ""mean_cost_per_unit"": 12.048912548723582, ""capacity_utilization"": 4702619.8, ""feasible"": true, ""n_runs"": 20, ""eligibility"": ""NO_CONCLUSION""}, {""value"": 6000000.0, ""strategy_id"": ""S15"", ""mean_fill"": 0.9976223455901654, ""p_meet"": 0.95, ""mean_cost"": 16011430.210951105, ""mcse_cost"": 13106.668496430608, ""mean_shortage_days"": 7.170981653888279, ""mean_cost_per_unit"": 17.024124130497917, ""capacity_utilization"": 4702619.8, ""feasible"": true, ""n_runs"": 20, ""eligibility"": ""NO_CONCLUSION""}]",feasibility does not change between 1500000.0 and 6000000.0; no threshold inside the recorded range,,
S15,norepinephrine_1mgml_4ml,release_time,global.sterility_incubation_days,14.0,14.0,18.0,True,True,,feasible_everywhere,"[{""value"": 14.0, ""strategy_id"": ""S15"", ""mean_fill"": 0.9976223455901654, ""p_meet"": 0.95, ""mean_cost"": 12892018.530747348, ""mcse_cost"": 13106.668496430608, ""mean_shortage_days"": 7.170981653888279, ""mean_cost_per_unit"": 13.707316409315027, ""capacity_utilization"": 4702619.8, ""feasible"": true, ""n_runs"": 20, ""eligibility"": ""NO_CONCLUSION""}, {""value"": 18.0, ""strategy_id"": ""S15"", ""mean_fill"": 0.9960824723411695, ""p_meet"": 0.9, ""mean_cost"": 12880427.676153935, ""mcse_cost"": 16336.305111663332, ""mean_shortage_days"": 9.101245892661556, ""mean_cost_per_unit"": 13.71856000286931, ""capacity_utilization"": 4694585.4, ""feasible"": true, ""n_runs"": 20, ""eligibility"": ""NO_CONCLUSION""}]",feasibility does not change between 14.0 and 18.0; no threshold inside the recorded range,,
S15,norepinephrine_1mgml_4ml,shelf_life,product.shelf_life_months,12.0,24.0,30.0,False,True,15.65625,feasible_above,"[{""value"": 12.0, ""strategy_id"": ""S15"", ""mean_fill"": 0.9904346381670603, ""p_meet"": 0.75, ""mean_cost"": 12981298.048043389, ""mcse_cost"": 17778.081555422123, ""mean_shortage_days"": 21.41293127053669, ""mean_cost_per_unit"": 13.903845563779281, ""capacity_utilization"": 4668652.75, ""feasible"": false, ""n_runs"": 20, ""eligibility"": ""NO_CONCLUSION""}, {""value"": 30.0, ""strategy_id"": ""S15"", ""mean_fill"": 0.9971365522106101, ""p_meet"": 0.95, ""mean_cost"": 12892877.972387696, ""mcse_cost"": 14106.45492331882, ""mean_shortage_days"": 8.351143209200439, ""mean_cost_per_unit"": 13.714955209408014, ""capacity_utilization"": 4700315.15, ""feasible"": true, ""n_runs"": 20, ""eligibility"": ""NO_CONCLUSION""}, {""value"": 21.0, ""strategy_id"": ""S15"", ""mean_fill"": 0.9964945612063385, ""p_meet"": 0.95, ""mean_cost"": 12918152.889893668, ""mcse_cost"": 14547.219337399682, ""mean_shortage_days"": 9.181256845564073, ""mean_cost_per_unit"": 13.75094137108496, ""capacity_utilization"": 4697246.2, ""feasible"": true, ""n_runs"": 20, ""eligibility"": ""NO_CONCLUSION""}, {""value"": 16.5, ""strategy_id"": ""S15"", ""mean_fill"": 0.9957149874520608, ""p_meet"": 0.95, ""mean_cost"": 12920755.966483315, ""mcse_cost"": 14927.18690602856, ""mean_shortage_days"": 10.091381434830229, ""mean_cost_per_unit"": 13.764693141939684, ""capacity_utilization"": 4693534.7, ""feasible"": true, ""n_runs"": 20, ""eligibility"": ""NO_CONCLUSION""}, {""value"": 14.25, ""strategy_id"": ""S15"", ""mean_fill"": 0.9939536426217621, ""p_meet"": 0.85, ""mean_cost"": 12962527.140614571, ""mcse_cost"": 17604.512732590145, ""mean_shortage_days"": 14.051923603504928, ""mean_cost_per_unit"": 13.834120480284279, ""capacity_utilization"": 4685144.25, ""feasible"": false, ""n_runs"": 20, ""eligibility"": ""NO_CONCLUSION""}, {""value"": 15.375, ""strategy_id"": ""S15"", ""mean_fill"": 0.9947760576577755, ""p_meet"": 0.85, ""mean_cost"": 12943823.308272585, ""mcse_cost"": 15837.101201859252, ""mean_shortage_days"": 12.661733296823659, ""mean_cost_per_unit"": 13.802800864158408, ""capacity_utilization"": 4689104.15, ""feasible"": false, ""n_runs"": 20, ""eligibility"": ""NO_CONCLUSION""}, {""value"": 15.9375, ""strategy_id"": ""S15"", ""mean_fill"": 0.9955339337465994, ""p_meet"": 0.95, ""mean_cost"": 12933892.785796395, ""mcse_cost"": 15325.167363872955, ""mean_shortage_days"": 11.05151286966046, ""mean_cost_per_unit"": 13.781523522887602, ""capacity_utilization"": 4692628.7, ""feasible"": true, ""n_runs"": 20, ""eligibility"": ""NO_CONCLUSION""}]",bisection over 5 steps on 20 paired runs,15.375,15.9375
S15,norepinephrine_1mgml_4ml,raw_material_lead_time,product.material_lead_time_days,30.0,90.0,240.0,True,True,,feasible_everywhere,"[{""value"": 30.0, ""strategy_id"": ""S15"", ""mean_fill"": 0.997561990759402, ""p_meet"": 0.95, ""mean_cost"": 12902660.891759213, ""mcse_cost"": 14926.004760012547, ""mean_shortage_days"": 7.1009720700985755, ""mean_cost_per_unit"": 13.719505180357123, ""capacity_utilization"": 4702352.95, ""feasible"": true, ""n_runs"": 20, ""eligibility"": ""NO_CONCLUSION""}, {""value"": 240.0, ""strategy_id"": ""S15"", ""mean_fill"": 0.9947635092044138, ""p_meet"": 0.95, ""mean_cost"": 12858353.681058776, ""mcse_cost"": 18857.700893621488, ""mean_shortage_days"": 11.021508762322014, ""mean_cost_per_unit"": 13.7143321190818, ""capacity_utilization"": 4688598.3, ""feasible"": true, ""n_runs"": 20, ""eligibility"": ""NO_CONCLUSION""}]",feasibility does not change between 30.0 and 240.0; no threshold inside the recorded range,,
S15,norepinephrine_1mgml_4ml,common_cause_dependence,global.common_cause_events_per_year,0.02,0.1,0.3,True,False,0.155625,feasible_below,"[{""value"": 0.02, ""strategy_id"": ""S15"", ""mean_fill"": 0.9989215473414174, ""p_meet"": 1.0, ""mean_cost"": 12926042.572302043, ""mcse_cost"": 5984.547488500937, ""mean_shortage_days"": 4.830661281489595, ""mean_cost_per_unit"": 13.725607408929353, ""capacity_utilization"": 4708797.3, ""feasible"": true, ""n_runs"": 20, ""eligibility"": ""NO_CONCLUSION""}, {""value"": 0.3, ""strategy_id"": ""S15"", ""mean_fill"": 0.9804943000706287, ""p_meet"": 0.85, ""mean_cost"": 12808243.112371799, ""mcse_cost"": 34018.65887668352, ""mean_shortage_days"": 22.563088718510404, ""mean_cost_per_unit"": 13.893137288004798, ""capacity_utilization"": 4618957.0, ""feasible"": false, ""n_runs"": 20, ""eligibility"": ""NO_CONCLUSION""}, {""value"": 0.16, ""strategy_id"": ""S15"", ""mean_fill"": 0.9945269170125973, ""p_meet"": 0.85, ""mean_cost"": 12869733.869511003, ""mcse_cost"": 14634.688254803585, ""mean_shortage_days"": 10.621453997809416, ""mean_cost_per_unit"": 13.727571431141879, ""capacity_utilization"": 4687702.25, ""feasible"": false, ""n_runs"": 20, ""eligibility"": ""NO_CONCLUSION""}, {""value"": 0.09, ""strategy_id"": ""S15"", ""mean_fill"": 0.9978458773810523, ""p_meet"": 0.95, ""mean_cost"": 12895874.171617042, ""mcse_cost"": 12587.127040638487, ""mean_shortage_days"": 6.1208378970427155, ""mean_cost_per_unit"": 13.708170479254147, ""capacity_utilization"": 4703721.95, ""feasible"": true, ""n_runs"": 20, ""eligibility"": ""NO_CONCLUSION""}, {""value"": 0.125, ""strategy_id"": ""S15"", ""mean_fill"": 0.9977667238586749, ""p_meet"": 0.95, ""mean_cost"": 12892746.882242937, ""mcse_cost"": 11776.11206864965, ""mean_shortage_days"": 6.700917305585979, ""mean_cost_per_unit"": 13.706037749625642, ""capacity_utilization"": 4703320.1, ""feasible"": true, ""n_runs"": 20, ""eligibility"": ""NO_CONCLUSION""}, {""value"": 0.14250000000000002, ""strategy_id"": ""S15"", ""mean_fill"": 0.9972162677941483, ""p_meet"": 0.9, ""mean_cost"": 12890319.820776027, ""mcse_cost"": 11654.408749186552, ""mean_shortage_days"": 7.861076122672507, ""mean_cost_per_unit"": 13.710990848262313, ""capacity_utilization"": 4700691.85, ""feasible"": true, ""n_runs"": 20, ""eligibility"": ""NO_CONCLUSION""}, {""value"": 0.15125, ""strategy_id"": ""S15"", ""mean_fill"": 0.9976518266851298, ""p_meet"": 0.9, ""mean_cost"": 12891312.472838175, ""mcse_cost"": 10146.99835694031, ""mean_shortage_days"": 7.180983023001095, ""mean_cost_per_unit"": 13.706348020347686, ""capacity_utilization"": 4702633.6, ""feasible"": true, ""n_runs"": 20, ""eligibility"": ""NO_CONCLUSION""}]",bisection over 5 steps on 20 paired runs,0.15125,0.16
S15,norepinephrine_1mgml_4ml,supplier_concentration,global.supplier_disruptions_per_supplier_year,0.05,0.2,0.6,True,False,0.48828125,feasible_below,"[{""value"": 0.05, ""strategy_id"": ""S15"", ""mean_fill"": 0.9977872214268182, ""p_meet"": 0.95, ""mean_cost"": 12892801.95103367, ""mcse_cost"": 13486.096987477064, ""mean_shortage_days"": 6.870940580503833, ""mean_cost_per_unit"": 13.705889613293294, ""capacity_utilization"": 4703435.7, ""feasible"": true, ""n_runs"": 20, ""eligibility"": ""NO_CONCLUSION""}, {""value"": 0.6, ""strategy_id"": ""S15"", ""mean_fill"": 0.9907319286516725, ""p_meet"": 0.85, ""mean_cost"": 12845471.758287437, ""mcse_cost"": 23308.03836915019, ""mean_shortage_days"": 17.032331599123765, ""mean_cost_per_unit"": 13.758139966249127, ""capacity_utilization"": 4669916.05, ""feasible"": false, ""n_runs"": 20, ""eligibility"": ""NO_CONCLUSION""}, {""value"": 0.325, ""strategy_id"": ""S15"", ""mean_fill"": 0.9979276702471422, ""p_meet"": 0.95, ""mean_cost"": 12892559.25855634, ""mcse_cost"": 12243.223910319764, ""mean_shortage_days"": 7.180983023001096, ""mean_cost_per_unit"": 13.7037281006689, ""capacity_utilization"": 4704102.15, ""feasible"": true, ""n_runs"": 20, ""eligibility"": ""NO_CONCLUSION""}, {""value"": 0.4625, ""strategy_id"": ""S15"", ""mean_fill"": 0.9948025105338021, ""p_meet"": 0.9, ""mean_cost"": 12858943.385673486, ""mcse_cost"": 19242.40683195967, ""mean_shortage_days"": 12.241675794085433, ""mean_cost_per_unit"": 13.711917552396747, ""capacity_utilization"": 4689330.7, ""feasible"": true, ""n_runs"": 20, ""eligibility"": ""NO_CONCLUSION""}, {""value"": 0.53125, ""strategy_id"": ""S15"", ""mean_fill"": 0.9905735222285115, ""p_meet"": 0.85, ""mean_cost"": 12849453.438236166, ""mcse_cost"": 23029.861444879487, ""mean_shortage_days"": 17.172350766703175, ""mean_cost_per_unit"": 13.765511851564813, ""capacity_utilization"": 4668917.4, ""feasible"": false, ""n_runs"": 20, ""eligibility"": ""NO_CONCLUSION""}, {""value"": 0.496875, ""strategy_id"": ""S15"", ""mean_fill"": 0.9933452724882249, ""p_meet"": 0.85, ""mean_cost"": 12855590.036462244, ""mcse_cost"": 19270.733831269477, ""mean_shortage_days"": 13.571857886089813, ""mean_cost_per_unit"": 13.73035033946764, ""capacity_utilization"": 4681879.65, ""feasible"": false, ""n_runs"": 20, ""eligibility"": ""NO_CONCLUSION""}, {""value"": 0.47968750000000004, ""strategy_id"": ""S15"", ""mean_fill"": 0.9947958820278104, ""p_meet"": 0.9, ""mean_cost"": 12858052.533832775, ""mcse_cost"": 19201.20180701158, ""mean_shortage_days"": 11.97163882803943, ""mean_cost_per_unit"": 13.711113079660606, ""capacity_utilization"": 4689298.1, ""feasible"": true, ""n_runs"": 20, ""eligibility"": ""NO_CONCLUSION""}]",bisection over 5 steps on 20 paired runs,0.47968750000000004,0.496875
S15,norepinephrine_1mgml_4ml,commissioning_days,global.node_commissioning_days,365.0,730.0,1095.0,True,True,,feasible_everywhere,"[{""value"": 365.0, ""strategy_id"": ""S15"", ""mean_fill"": 0.9976223455901654, ""p_meet"": 0.95, ""mean_cost"": 12892018.530747348, ""mcse_cost"": 13106.668496430608, ""mean_shortage_days"": 7.170981653888279, ""mean_cost_per_unit"": 13.707316409315027, ""capacity_utilization"": 4702619.8, ""feasible"": true, ""n_runs"": 20, ""eligibility"": ""NO_CONCLUSION""}, {""value"": 1095.0, ""strategy_id"": ""S15"", ""mean_fill"": 0.9976223455901654, ""p_meet"": 0.95, ""mean_cost"": 12892018.530747348, ""mcse_cost"": 13106.668496430608, ""mean_shortage_days"": 7.170981653888279, ""mean_cost_per_unit"": 13.707316409315027, ""capacity_utilization"": 4702619.8, ""feasible"": true, ""n_runs"": 20, ""eligibility"": ""NO_CONCLUSION""}]",feasibility does not change between 365.0 and 1095.0; no threshold inside the recorded range,,
S15,norepinephrine_1mgml_4ml,activation_latency_days,global.reserved_capacity_activation_days,7.0,21.0,60.0,True,True,,feasible_everywhere,"[{""value"": 7.0, ""strategy_id"": ""S15"", ""mean_fill"": 0.9976223455901654, ""p_meet"": 0.95, ""mean_cost"": 12892018.530747348, ""mcse_cost"": 13106.668496430608, ""mean_shortage_days"": 7.170981653888279, ""mean_cost_per_unit"": 13.707316409315027, ""capacity_utilization"": 4702619.8, ""feasible"": true, ""n_runs"": 20, ""eligibility"": ""NO_CONCLUSION""}, {""value"": 60.0, ""strategy_id"": ""S15"", ""mean_fill"": 0.9976223455901654, ""p_meet"": 0.95, ""mean_cost"": 12892018.530747348, ""mcse_cost"": 13106.668496430608, ""mean_shortage_days"": 7.170981653888279, ""mean_cost_per_unit"": 13.707316409315027, ""capacity_utilization"": 4702619.8, ""feasible"": true, ""n_runs"": 20, ""eligibility"": ""NO_CONCLUSION""}]",feasibility does not change between 7.0 and 60.0; no threshold inside the recorded range,,
S15,norepinephrine_1mgml_4ml,node_capital,product.capital_usd_per_site,15000000.0,40000000.0,100000000.0,True,True,,feasible_everywhere,"[{""value"": 15000000.0, ""strategy_id"": ""S15"", ""mean_fill"": 0.9976223455901654, ""p_meet"": 0.95, ""mean_cost"": 8702517.548929032, ""mcse_cost"": 13106.668496430608, ""mean_shortage_days"": 7.170981653888279, ""mean_cost_per_unit"": 9.252704248764728, ""capacity_utilization"": 4702619.8, ""feasible"": true, ""n_runs"": 20, ""eligibility"": ""NO_CONCLUSION""}, {""value"": 100000000.0, ""strategy_id"": ""S15"", ""mean_fill"": 0.9976223455901654, ""p_meet"": 0.95, ""mean_cost"": 22946820.88711063, ""mcse_cost"": 13106.668496430533, ""mean_shortage_days"": 7.170981653888279, ""mean_cost_per_unit"": 24.39838559463502, ""capacity_utilization"": 4702619.8, ""feasible"": true, ""n_runs"": 20, ""eligibility"": ""NO_CONCLUSION""}]",feasibility does not change between 15000000.0 and 100000000.0; no threshold inside the recorded range,,
S15,norepinephrine_1mgml_4ml,batches_per_site_year,product.batches_per_site_year_nominal,30.0,45.0,70.0,False,True,39.375,feasible_above,"[{""value"": 30.0, ""strategy_id"": ""S15"", ""mean_fill"": 0.7945054072453615, ""p_meet"": 0.0, ""mean_cost"": 12252496.962212661, ""mcse_cost"": 16595.384720589605, ""mean_shortage_days"": 218.80995345016427, ""mean_cost_per_unit"": 16.427766897198012, ""capacity_utilization"": 3735735.25, ""feasible"": false, ""n_runs"": 20, ""eligibility"": ""NO_CONCLUSION""}, {""value"": 70.0, ""strategy_id"": ""S15"", ""mean_fill"": 0.999734735266393, ""p_meet"": 1.0, ""mean_cost"": 12972569.395562958, ""mcse_cost"": 7029.114346241035, ""mean_shortage_days"": 2.0302779299014238, ""mean_cost_per_unit"": 13.764452329457209, ""capacity_utilization"": 4712425.3, ""feasible"": true, ""n_runs"": 20, ""eligibility"": ""NO_CONCLUSION""}, {""value"": 50.0, ""strategy_id"": ""S15"", ""mean_fill"": 0.9982276107589504, ""p_meet"": 0.95, ""mean_cost"": 12929429.708902607, ""mcse_cost"": 9378.921549496406, ""mean_shortage_days"": 6.030825575027381, ""mean_cost_per_unit"": 13.739215075641855, ""capacity_utilization"": 4705347.25, ""feasible"": true, ""n_runs"": 20, ""eligibility"": ""NO_CONCLUSION""}, {""value"": 40.0, ""strategy_id"": ""S15"", ""mean_fill"": 0.9907622288395099, ""p_meet"": 0.9, ""mean_cost"": 12810928.601336043, ""mcse_cost"": 22314.275463654118, ""mean_shortage_days"": 17.972460295728364, ""mean_cost_per_unit"": 13.719477667748905, ""capacity_utilization"": 4670093.45, ""feasible"": true, ""n_runs"": 20, ""eligibility"": ""NO_CONCLUSION""}, {""value"": 35.0, ""strategy_id"": ""S15"", ""mean_fill"": 0.915177612413159, ""p_meet"": 0.0, ""mean_cost"": 12501685.333159868, ""mcse_cost"": 17909.324493558954, ""mean_shortage_days"": 138.57897042716317, ""mean_cost_per_unit"": 14.532902081682916, ""capacity_utilization"": 4307156.5, ""feasible"": false, ""n_runs"": 20, ""eligibility"": ""NO_CONCLUSION""}, {""value"": 37.5, ""strategy_id"": ""S15"", ""mean_fill"": 0.9765179842908761, ""p_meet"": 0.55, ""mean_cost"": 12677956.943122521, ""mcse_cost"": 22095.63134619089, ""mean_shortage_days"": 54.36744249726178, ""mean_cost_per_unit"": 13.787062204619039, ""capacity_utilization"": 4602117.9, ""feasible"": false, ""n_runs"": 20, ""eligibility"": ""NO_CONCLUSION""}, {""value"": 38.75, ""strategy_id"": ""S15"", ""mean_fill"": 0.9777812726293471, ""p_meet"": 0.55, ""mean_cost"": 12681946.87985415, ""mcse_cost"": 21717.150661849973, ""mean_shortage_days"": 50.256879791894846, ""mean_cost_per_unit"": 13.774696441014338, ""capacity_utilization"": 4607329.4, ""feasible"": false, ""n_runs"": 20, ""eligibility"": ""NO_CONCLUSION""}]",bisection over 5 steps on 20 paired runs,38.75,40.0
S15,norepinephrine_1mgml_4ml,changeover_burden,product.changeover_days,1.0,3.0,10.0,True,False,7.609375,feasible_below,"[{""value"": 1.0, ""strategy_id"": ""S15"", ""mean_fill"": 0.9971952229111765, ""p_meet"": 0.95, ""mean_cost"": 12899048.118551776, ""mcse_cost"": 14342.073811888402, ""mean_shortage_days"": 6.970954271631982, ""mean_cost_per_unit"": 13.721234249413195, ""capacity_utilization"": 4700477.05, ""feasible"": true, ""n_runs"": 20, ""eligibility"": ""NO_CONCLUSION""}, {""value"": 10.0, ""strategy_id"": ""S15"", ""mean_fill"": 0.8669872862742874, ""p_meet"": 0.0, ""mean_cost"": 12397658.195926566, ""mcse_cost"": 12802.868126690017, ""mean_shortage_days"": 184.46525191675795, ""mean_cost_per_unit"": 15.218202699439535, ""capacity_utilization"": 4076732.75, ""feasible"": false, ""n_runs"": 20, ""eligibility"": ""NO_CONCLUSION""}, {""value"": 5.5, ""strategy_id"": ""S15"", ""mean_fill"": 0.9969891432700931, ""p_meet"": 0.95, ""mean_cost"": 12891242.592531007, ""mcse_cost"": 13737.837022831343, ""mean_shortage_days"": 9.041237677984665, ""mean_cost_per_unit"": 13.715299986762162, ""capacity_utilization"": 4699478.65, ""feasible"": true, ""n_runs"": 20, ""eligibility"": ""NO_CONCLUSION""}, {""value"": 7.75, ""strategy_id"": ""S15"", ""mean_fill"": 0.9820933644249659, ""p_meet"": 0.6, ""mean_cost"": 12694714.72630577, ""mcse_cost"": 19171.927269238357, ""mean_shortage_days"": 43.86600492880613, ""mean_cost_per_unit"": 13.72319752509235, ""capacity_utilization"": 4627822.0, ""feasible"": false, ""n_runs"": 20, ""eligibility"": ""NO_CONCLUSION""}, {""value"": 6.625, ""strategy_id"": ""S15"", ""mean_fill"": 0.9945854042510167, ""p_meet"": 0.95, ""mean_cost"": 12828071.376006972, ""mcse_cost"": 19309.85897878439, ""mean_shortage_days"": 13.081790799561881, ""mean_cost_per_unit"": 13.68617125563198, ""capacity_utilization"": 4687374.55, ""feasible"": true, ""n_runs"": 20, ""eligibility"": ""NO_CONCLUSION""}, {""value"": 7.1875, ""strategy_id"": ""S15"", ""mean_fill"": 0.9945854042510167, ""p_meet"": 0.95, ""mean_cost"": 12828071.376006972, ""mcse_cost"": 19309.85897878439, ""mean_shortage_days"": 13.081790799561881, ""mean_cost_per_unit"": 13.68617125563198, ""capacity_utilization"": 4687374.55, ""feasible"": true, ""n_runs"": 20, ""eligibility"": ""NO_CONCLUSION""}, {""value"": 7.46875, ""strategy_id"": ""S15"", ""mean_fill"": 0.9945854042510167, ""p_meet"": 0.95, ""mean_cost"": 12828071.376006972, ""mcse_cost"": 19309.85897878439, ""mean_shortage_days"": 13.081790799561881, ""mean_cost_per_unit"": 13.68617125563198, ""capacity_utilization"": 4687374.55, ""feasible"": true, ""n_runs"": 20, ""eligibility"": ""NO_CONCLUSION""}]",bisection over 5 steps on 20 paired runs,7.46875,7.75
S16,norepinephrine_1mgml_4ml,capacity_utilization,product.annual_demand_units,500000.0,900000.0,1800000.0,True,False,1007812.5,feasible_below,"[{""value"": 500000.0, ""strategy_id"": ""S16"", ""mean_fill"": 1.0, ""p_meet"": 1.0, ""mean_cost"": 14978790.05290069, ""mcse_cost"": 7606.474340351, ""mean_shortage_days"": 0.0, ""mean_cost_per_unit"": 28.600873500471266, ""capacity_utilization"": 2618716.6, ""feasible"": true, ""n_runs"": 20, ""eligibility"": ""NO_CONCLUSION""}, {""value"": 1800000.0, ""strategy_id"": ""S16"", ""mean_fill"": 0.8320914962180701, ""p_meet"": 0.0, ""mean_cost"": 17417747.514556307, ""mcse_cost"": 30873.76467011743, ""mean_shortage_days"": 187.37565032858708, ""mean_cost_per_unit"": 11.1253971364401, ""capacity_utilization"": 7836178.25, ""feasible"": false, ""n_runs"": 20, ""eligibility"": ""NO_CONCLUSION""}, {""value"": 1150000.0, ""strategy_id"": ""S16"", ""mean_fill"": 0.9874513936694893, ""p_meet"": 0.7, ""mean_cost"": 16438398.413336238, ""mcse_cost"": 25804.559827663827, ""mean_shortage_days"": 13.48184556407448, ""mean_cost_per_unit"": 13.82531152429048, ""capacity_utilization"": 5946598.15, ""feasible"": false, ""n_runs"": 20, ""eligibility"": ""NO_CONCLUSION""}, {""value"": 825000.0, ""strategy_id"": ""S16"", ""mean_fill"": 1.0, ""p_meet"": 1.0, ""mean_cost"": 15836505.158654701, ""mcse_cost"": 11299.95141193173, ""mean_shortage_days"": 0.0, ""mean_cost_per_unit"": 18.32605800292594, ""capacity_utilization"": 4320881.5, ""feasible"": true, ""n_runs"": 20, ""eligibility"": ""NO_CONCLUSION""}, {""value"": 987500.0, ""strategy_id"": ""S16"", ""mean_fill"": 0.9981883240277425, ""p_meet"": 0.9, ""mean_cost"": 16224580.374584338, ""mcse_cost"": 20549.650805404017, ""mean_shortage_days"": 2.4203313253012047, ""mean_cost_per_unit"": 15.714034267564221, ""capacity_utilization"": 5162486.35, ""feasible"": true, ""n_runs"": 20, ""eligibility"": ""NO_CONCLUSION""}, {""value"": 1068750.0, ""strategy_id"": ""S16"", ""mean_fill"": 0.9941125163017575, ""p_meet"": 0.8, ""mean_cost"": 16360560.120454073, ""mcse_cost"": 25699.003525266282, ""mean_shortage_days"": 5.6907790251916754, ""mean_cost_per_unit"": 14.702604785701457, ""capacity_utilization"": 5564403.8, ""feasible"": false, ""n_runs"": 20, ""eligibility"": ""NO_CONCLUSION""}, {""value"": 1028125.0, ""strategy_id"": ""S16"", ""mean_fill"": 0.9961611020723666, ""p_meet"": 0.85, ""mean_cost"": 16306197.980996747, ""mcse_cost"": 23415.404358372267, ""mean_shortage_days"": 4.37059830230011, ""mean_cost_per_unit"": 15.200098713973517, ""capacity_utilization"": 5363900.15, ""feasible"": false, ""n_runs"": 20, ""eligibility"": ""NO_CONCLUSION""}]",bisection over 5 steps on 20 paired runs,987500.0,1028125.0
S16,norepinephrine_1mgml_4ml,fixed_qa_labor_per_node,product.fixed_qa_labor_usd_per_site_year,1500000.0,3000000.0,6000000.0,True,True,,feasible_everywhere,"[{""value"": 1500000.0, ""strategy_id"": ""S16"", ""mean_fill"": 0.99873965633046, ""p_meet"": 0.95, ""mean_cost"": 14096339.082697684, ""mcse_cost"": 17112.58547716655, ""mean_shortage_days"": 0.8901218510405258, ""mean_cost_per_unit"": 14.971757780563546, ""capacity_utilization"": 4707665.65, ""feasible"": true, ""n_runs"": 20, ""eligibility"": ""NO_CONCLUSION""}, {""value"": 6000000.0, ""strategy_id"": ""S16"", ""mean_fill"": 0.99873965633046, ""p_meet"": 0.95, ""mean_cost"": 19828589.927611418, ""mcse_cost"": 17112.58547716644, ""mean_shortage_days"": 0.8901218510405258, ""mean_cost_per_unit"": 21.060145233590724, ""capacity_utilization"": 4707665.65, ""feasible"": true, ""n_runs"": 20, ""eligibility"": ""NO_CONCLUSION""}]",feasibility does not change between 1500000.0 and 6000000.0; no threshold inside the recorded range,,
S16,norepinephrine_1mgml_4ml,release_time,global.sterility_incubation_days,14.0,14.0,18.0,True,False,17.9375,feasible_below,"[{""value"": 14.0, ""strategy_id"": ""S16"", ""mean_fill"": 0.99873965633046, ""p_meet"": 0.95, ""mean_cost"": 16007089.364335498, ""mcse_cost"": 17112.585477166525, ""mean_shortage_days"": 0.8901218510405258, ""mean_cost_per_unit"": 17.00122026490584, ""capacity_utilization"": 4707665.65, ""feasible"": true, ""n_runs"": 20, ""eligibility"": ""NO_CONCLUSION""}, {""value"": 18.0, ""strategy_id"": ""S16"", ""mean_fill"": 0.9967314056498029, ""p_meet"": 0.85, ""mean_cost"": 15931926.30533799, ""mcse_cost"": 16880.476410814932, ""mean_shortage_days"": 2.6903682913472067, ""mean_cost_per_unit"": 16.955690596146372, ""capacity_utilization"": 4698164.2, ""feasible"": false, ""n_runs"": 20, ""eligibility"": ""NO_CONCLUSION""}, {""value"": 16.0, ""strategy_id"": ""S16"", ""mean_fill"": 0.998151111391316, ""p_meet"": 0.9, ""mean_cost"": 15978398.03731308, ""mcse_cost"": 14717.866128400909, ""mean_shortage_days"": 1.1601588170865278, ""mean_cost_per_unit"": 16.980851354861606, ""capacity_utilization"": 4704849.9, ""feasible"": true, ""n_runs"": 20, ""eligibility"": ""NO_CONCLUSION""}, {""value"": 17.0, ""strategy_id"": ""S16"", ""mean_fill"": 0.9985144437652902, ""p_meet"": 0.95, ""mean_cost"": 15958542.990287254, ""mcse_cost"": 15812.829832264626, ""mean_shortage_days"": 1.3801889375684555, ""mean_cost_per_unit"": 16.953583961865633, ""capacity_utilization"": 4706590.5, ""feasible"": true, ""n_runs"": 20, ""eligibility"": ""NO_CONCLUSION""}, {""value"": 17.5, ""strategy_id"": ""S16"", ""mean_fill"": 0.9977077271768771, ""p_meet"": 0.9, ""mean_cost"": 15948666.340156564, ""mcse_cost"": 17344.835356309497, ""mean_shortage_days"": 2.1502943592552026, ""mean_cost_per_unit"": 16.956811311230915, ""capacity_utilization"": 4702802.85, ""feasible"": true, ""n_runs"": 20, ""eligibility"": ""NO_CONCLUSION""}, {""value"": 17.75, ""strategy_id"": ""S16"", ""mean_fill"": 0.9976807726124642, ""p_meet"": 0.9, ""mean_cost"": 15941225.362857768, ""mcse_cost"": 17116.9764332871, ""mean_shortage_days"": 2.270310788608981, ""mean_cost_per_unit"": 16.94937842321951, ""capacity_utilization"": 4702674.25, ""feasible"": true, ""n_runs"": 20, ""eligibility"": ""NO_CONCLUSION""}, {""value"": 17.875, ""strategy_id"": ""S16"", ""mean_fill"": 0.9972531379439648, ""p_meet"": 0.9, ""mean_cost"": 15938896.717570458, ""mcse_cost"": 17135.913750894408, ""mean_shortage_days"": 2.7203723986856514, ""mean_cost_per_unit"": 16.954195143772, ""capacity_utilization"": 4700662.55, ""feasible"": true, ""n_runs"": 20, ""eligibility"": ""NO_CONCLUSION""}]",bisection over 5 steps on 20 paired runs,17.875,18.0
S16,norepinephrine_1mgml_4ml,shelf_life,product.shelf_life_months,12.0,24.0,30.0,True,True,,feasible_everywhere,"[{""value"": 12.0, ""strategy_id"": ""S16"", ""mean_fill"": 0.99873965633046, ""p_meet"": 0.95, ""mean_cost"": 16012716.60001666, ""mcse_cost"": 17688.43624628527, ""mean_shortage_days"": 0.8901218510405258, ""mean_cost_per_unit"": 17.007207045886314, ""capacity_utilization"": 4707665.65, ""feasible"": true, ""n_runs"": 20, ""eligibility"": ""NO_CONCLUSION""}, {""value"": 30.0, ""strategy_id"": ""S16"", ""mean_fill"": 0.99873965633046, ""p_meet"": 0.95, ""mean_cost"": 16006051.980076443, ""mcse_cost"": 16989.868651590106, ""mean_shortage_days"": 0.8901218510405258, ""mean_cost_per_unit"": 17.0001140066628, ""capacity_utilization"": 4707665.65, ""feasible"": true, ""n_runs"": 20, ""eligibility"": ""NO_CONCLUSION""}]",feasibility does not change between 12.0 and 30.0; no threshold inside the recorded range,,
S16,norepinephrine_1mgml_4ml,raw_material_lead_time,product.material_lead_time_days,30.0,90.0,240.0,True,False,105.46875,feasible_below,"[{""value"": 30.0, ""strategy_id"": ""S16"", ""mean_fill"": 1.0, ""p_meet"": 1.0, ""mean_cost"": 16008755.863704473, ""mcse_cost"": 13377.5705996157, ""mean_shortage_days"": 0.0, ""mean_cost_per_unit"": 16.98162659942926, ""capacity_utilization"": 4713689.4, ""feasible"": true, ""n_runs"": 20, ""eligibility"": ""NO_CONCLUSION""}, {""value"": 240.0, ""strategy_id"": ""S16"", ""mean_fill"": 0.9861126259601944, ""p_meet"": 0.6, ""mean_cost"": 15883726.135658775, ""mcse_cost"": 16653.79563144131, ""mean_shortage_days"": 11.691600492880614, ""mean_cost_per_unit"": 17.089124597951717, ""capacity_utilization"": 4647970.35, ""feasible"": false, ""n_runs"": 20, ""eligibility"": ""NO_CONCLUSION""}, {""value"": 135.0, ""strategy_id"": ""S16"", ""mean_fill"": 0.9974125265060698, ""p_meet"": 0.85, ""mean_cost"": 15984662.545266788, ""mcse_cost"": 17582.801619309863, ""mean_shortage_days"": 3.4904778203723987, ""mean_cost_per_unit"": 16.999688231357034, ""capacity_utilization"": 4701467.95, ""feasible"": false, ""n_runs"": 20, ""eligibility"": ""NO_CONCLUSION""}, {""value"": 82.5, ""strategy_id"": ""S16"", ""mean_fill"": 0.998329251300602, ""p_meet"": 0.9, ""mean_cost"": 16000558.543462059, ""mcse_cost"": 16158.35942598383, ""mean_shortage_days"": 0.8801204819277109, ""mean_cost_per_unit"": 17.001309750956892, ""capacity_utilization"": 4705700.35, ""feasible"": true, ""n_runs"": 20, ""eligibility"": ""NO_CONCLUSION""}, {""value"": 108.75, ""strategy_id"": ""S16"", ""mean_fill"": 0.9975395473854085, ""p_meet"": 0.85, ""mean_cost"": 15991918.20347282, ""mcse_cost"": 19401.5335646378, ""mean_shortage_days"": 2.5603504928806133, ""mean_cost_per_unit"": 17.005545937273745, ""capacity_utilization"": 4702025.7, ""feasible"": false, ""n_runs"": 20, ""eligibility"": ""NO_CONCLUSION""}, {""value"": 95.625, ""strategy_id"": ""S16"", ""mean_fill"": 0.9979789400292688, ""p_meet"": 0.9, ""mean_cost"": 15996547.091057431, ""mcse_cost"": 19069.136083083817, ""mean_shortage_days"": 2.1102888828039434, ""mean_cost_per_unit"": 17.002941034535674, ""capacity_utilization"": 4704106.85, ""feasible"": true, ""n_runs"": 20, ""eligibility"": ""NO_CONCLUSION""}, {""value"": 102.1875, ""strategy_id"": ""S16"", ""mean_fill"": 0.9982544753064229, ""p_meet"": 0.9, ""mean_cost"": 16001565.443486229, ""mcse_cost"": 18647.3967577132, ""mean_shortage_days"": 1.720235487404162, ""mean_cost_per_unit"": 17.00377717139758, ""capacity_utilization"": 4705432.7, ""feasible"": true, ""n_runs"": 20, ""eligibility"": ""NO_CONCLUSION""}]",bisection over 5 steps on 20 paired runs,102.1875,108.75
S16,norepinephrine_1mgml_4ml,common_cause_dependence,global.common_cause_events_per_year,0.02,0.1,0.3,True,False,0.181875,feasible_below,"[{""value"": 0.02, ""strategy_id"": ""S16"", ""mean_fill"": 1.0, ""p_meet"": 1.0, ""mean_cost"": 16063197.92851538, ""mcse_cost"": 10032.474194965245, ""mean_shortage_days"": 0.0, ""mean_cost_per_unit"": 17.039574127882272, ""capacity_utilization"": 4713689.4, ""feasible"": true, ""n_runs"": 20, ""eligibility"": ""NO_CONCLUSION""}, {""value"": 0.3, ""strategy_id"": ""S16"", ""mean_fill"": 0.9939808591775579, ""p_meet"": 0.85, ""mean_cost"": 15925867.493540237, ""mcse_cost"": 20287.993704686476, ""mean_shortage_days"": 4.0605558598028475, ""mean_cost_per_unit"": 16.997633738281515, ""capacity_utilization"": 4684863.6, ""feasible"": false, ""n_runs"": 20, ""eligibility"": ""NO_CONCLUSION""}, {""value"": 0.16, ""strategy_id"": ""S16"", ""mean_fill"": 0.9981814375433977, ""p_meet"": 0.9, ""mean_cost"": 15973223.371616155, ""mcse_cost"": 15617.379203968927, ""mean_shortage_days"": 1.7502395947426066, ""mean_cost_per_unit"": 16.97529094878079, ""capacity_utilization"": 4705035.8, ""feasible"": true, ""n_runs"": 20, ""eligibility"": ""NO_CONCLUSION""}, {""value"": 0.22999999999999998, ""strategy_id"": ""S16"", ""mean_fill"": 0.9950462121285634, ""p_meet"": 0.85, ""mean_cost"": 15940575.159217438, ""mcse_cost"": 20062.4024792491, ""mean_shortage_days"": 3.8505271084337354, ""mean_cost_per_unit"": 16.994715492371974, ""capacity_utilization"": 4689856.95, ""feasible"": false, ""n_runs"": 20, ""eligibility"": ""NO_CONCLUSION""}, {""value"": 0.195, ""strategy_id"": ""S16"", ""mean_fill"": 0.9978325346925315, ""p_meet"": 0.85, ""mean_cost"": 15957438.523771768, ""mcse_cost"": 19586.925295333847, ""mean_shortage_days"": 2.240306681270537, ""mean_cost_per_unit"": 16.964344326198415, ""capacity_utilization"": 4703496.85, ""feasible"": false, ""n_runs"": 20, ""eligibility"": ""NO_CONCLUSION""}, {""value"": 0.1775, ""strategy_id"": ""S16"", ""mean_fill"": 0.9988157663067906, ""p_meet"": 0.9, ""mean_cost"": 15969194.042409286, ""mcse_cost"": 15773.55439044851, ""mean_shortage_days"": 1.2301684008762321, ""mean_cost_per_unit"": 16.960035660200226, ""capacity_utilization"": 4708073.4, ""feasible"": true, ""n_runs"": 20, ""eligibility"": ""NO_CONCLUSION""}, {""value"": 0.18625, ""strategy_id"": ""S16"", ""mean_fill"": 0.9978325346925315, ""p_meet"": 0.85, ""mean_cost"": 15957225.516351413, ""mcse_cost"": 19603.340447962, ""mean_shortage_days"": 2.120290251916758, ""mean_cost_per_unit"": 16.96414187817763, ""capacity_utilization"": 4703496.85, ""feasible"": false, ""n_runs"": 20, ""eligibility"": ""NO_CONCLUSION""}]",bisection over 5 steps on 20 paired runs,0.1775,0.18625
S16,norepinephrine_1mgml_4ml,supplier_concentration,global.supplier_disruptions_per_supplier_year,0.05,0.2,0.6,True,False,0.38515625000000003,feasible_below,"[{""value"": 0.05, ""strategy_id"": ""S16"", ""mean_fill"": 0.9999870166584648, ""p_meet"": 1.0, ""mean_cost"": 16032424.35180159, ""mcse_cost"": 15443.79507625249, ""mean_shortage_days"": 0.15002053669222343, ""mean_cost_per_unit"": 17.006933240817038, ""capacity_utilization"": 4713627.4, ""feasible"": true, ""n_runs"": 20, ""eligibility"": ""NO_CONCLUSION""}, {""value"": 0.6, ""strategy_id"": ""S16"", ""mean_fill"": 0.9957155972738194, ""p_meet"": 0.85, ""mean_cost"": 15945886.70347615, ""mcse_cost"": 24879.333488054206, ""mean_shortage_days"": 3.040416210295728, ""mean_cost_per_unit"": 16.98849538855915, ""capacity_utilization"": 4693545.25, ""feasible"": false, ""n_runs"": 20, ""eligibility"": ""NO_CONCLUSION""}, {""value"": 0.325, ""strategy_id"": ""S16"", ""mean_fill"": 0.9972932994465319, ""p_meet"": 0.9, ""mean_cost"": 15978544.23143123, ""mcse_cost"": 18482.544429817044, ""mean_shortage_days"": 1.4902039978094195, ""mean_cost_per_unit"": 16.996615494952362, ""capacity_utilization"": 4700945.4, ""feasible"": true, ""n_runs"": 20, ""eligibility"": ""NO_CONCLUSION""}, {""value"": 0.4625, ""strategy_id"": ""S16"", ""mean_fill"": 0.9959164602005017, ""p_meet"": 0.85, ""mean_cost"": 15967787.946710652, ""mcse_cost"": 24984.037543085535, ""mean_shortage_days"": 2.6403614457831326, ""mean_cost_per_unit"": 17.011139682862577, ""capacity_utilization"": 4693708.85, ""feasible"": false, ""n_runs"": 20, ""eligibility"": ""NO_CONCLUSION""}, {""value"": 0.39375000000000004, ""strategy_id"": ""S16"", ""mean_fill"": 0.9963191963012628, ""p_meet"": 0.85, ""mean_cost"": 15965616.778335255, ""mcse_cost"": 19857.73840196109, ""mean_shortage_days"": 2.400328587075575, ""mean_cost_per_unit"": 16.999461889017237, ""capacity_utilization"": 4696371.75, ""feasible"": false, ""n_runs"": 20, ""eligibility"": ""NO_CONCLUSION""}, {""value"": 0.359375, ""strategy_id"": ""S16"", ""mean_fill"": 0.9972932994465319, ""p_meet"": 0.9, ""mean_cost"": 15971901.29770274, ""mcse_cost"": 17830.112980084075, ""mean_shortage_days"": 1.4902039978094195, ""mean_cost_per_unit"": 16.989511740958815, ""capacity_utilization"": 4700945.4, ""feasible"": true, ""n_runs"": 20, ""eligibility"": ""NO_CONCLUSION""}, {""value"": 0.3765625, ""strategy_id"": ""S16"", ""mean_fill"": 0.9972932994465319, ""p_meet"": 0.9, ""mean_cost"": 15970387.452332437, ""mcse_cost"": 17617.981008149436, ""mean_shortage_days"": 1.4802026286966048, ""mean_cost_per_unit"": 16.987977808071236, ""capacity_utilization"": 4700945.4, ""feasible"": true, ""n_runs"": 20, ""eligibility"": ""NO_CONCLUSION""}]",bisection over 5 steps on 20 paired runs,0.3765625,0.39375000000000004
S16,norepinephrine_1mgml_4ml,commissioning_days,global.node_commissioning_days,365.0,730.0,1095.0,True,True,,feasible_everywhere,"[{""value"": 365.0, ""strategy_id"": ""S16"", ""mean_fill"": 0.99873965633046, ""p_meet"": 0.95, ""mean_cost"": 16007089.364335498, ""mcse_cost"": 17112.585477166525, ""mean_shortage_days"": 0.8901218510405258, ""mean_cost_per_unit"": 17.00122026490584, ""capacity_utilization"": 4707665.65, ""feasible"": true, ""n_runs"": 20, ""eligibility"": ""NO_CONCLUSION""}, {""value"": 1095.0, ""strategy_id"": ""S16"", ""mean_fill"": 0.99873965633046, ""p_meet"": 0.95, ""mean_cost"": 16007089.364335498, ""mcse_cost"": 17112.585477166525, ""mean_shortage_days"": 0.8901218510405258, ""mean_cost_per_unit"": 17.00122026490584, ""capacity_utilization"": 4707665.65, ""feasible"": true, ""n_runs"": 20, ""eligibility"": ""NO_CONCLUSION""}]",feasibility does not change between 365.0 and 1095.0; no threshold inside the recorded range,,
S16,norepinephrine_1mgml_4ml,activation_latency_days,global.reserved_capacity_activation_days,7.0,21.0,60.0,True,True,,feasible_everywhere,"[{""value"": 7.0, ""strategy_id"": ""S16"", ""mean_fill"": 0.9993593283638738, ""p_meet"": 0.95, ""mean_cost"": 16009173.862730676, ""mcse_cost"": 16359.088404766773, ""mean_shortage_days"": 0.7200985761226725, ""mean_cost_per_unit"": 16.99292222355602, ""capacity_utilization"": 4710629.7, ""feasible"": true, ""n_runs"": 20, ""eligibility"": ""NO_CONCLUSION""}, {""value"": 60.0, ""strategy_id"": ""S16"", ""mean_fill"": 0.9982066288849237, ""p_meet"": 0.9, ""mean_cost"": 16006351.881427845, ""mcse_cost"": 16454.4190711111, ""mean_shortage_days"": 1.0801478641840088, ""mean_cost_per_unit"": 17.009587943605602, ""capacity_utilization"": 4705113.15, ""feasible"": true, ""n_runs"": 20, ""eligibility"": ""NO_CONCLUSION""}]",feasibility does not change between 7.0 and 60.0; no threshold inside the recorded range,,
S16,norepinephrine_1mgml_4ml,node_capital,product.capital_usd_per_site,15000000.0,40000000.0,100000000.0,True,True,,feasible_everywhere,"[{""value"": 15000000.0, ""strategy_id"": ""S16"", ""mean_fill"": 0.99873965633046, ""p_meet"": 0.95, ""mean_cost"": 10762984.638697695, ""mcse_cost"": 17112.585477166485, ""mean_shortage_days"": 0.8901218510405258, ""mean_cost_per_unit"": 11.431306756625961, ""capacity_utilization"": 4707665.65, ""feasible"": true, ""n_runs"": 20, ""eligibility"": ""NO_CONCLUSION""}, {""value"": 100000000.0, ""strategy_id"": ""S16"", ""mean_fill"": 0.99873965633046, ""p_meet"": 0.95, ""mean_cost"": 28592940.705866378, ""mcse_cost"": 17112.58547716642, ""mean_shortage_days"": 0.8901218510405258, ""mean_cost_per_unit"": 30.369012684777715, ""capacity_utilization"": 4707665.65, ""feasible"": true, ""n_runs"": 20, ""eligibility"": ""NO_CONCLUSION""}]",feasibility does not change between 15000000.0 and 100000000.0; no threshold inside the recorded range,,
S16,norepinephrine_1mgml_4ml,batches_per_site_year,product.batches_per_site_year_nominal,30.0,45.0,70.0,False,True,43.125,feasible_above,"[{""value"": 30.0, ""strategy_id"": ""S16"", ""mean_fill"": 0.9476684772158374, ""p_meet"": 0.0, ""mean_cost"": 15447122.396156212, ""mcse_cost"": 14853.388831907538, ""mean_shortage_days"": 65.09891155531214, ""mean_cost_per_unit"": 17.310893712534455, ""capacity_utilization"": 4465849.6, ""feasible"": false, ""n_runs"": 20, ""eligibility"": ""NO_CONCLUSION""}, {""value"": 70.0, ""strategy_id"": ""S16"", ""mean_fill"": 1.0, ""p_meet"": 1.0, ""mean_cost"": 16356597.63460817, ""mcse_cost"": 9727.088722770017, ""mean_shortage_days"": 0.0, ""mean_cost_per_unit"": 17.350609324191463, ""capacity_utilization"": 4713689.4, ""feasible"": true, ""n_runs"": 20, ""eligibility"": ""NO_CONCLUSION""}, {""value"": 50.0, ""strategy_id"": ""S16"", ""mean_fill"": 0.9997252689883066, ""p_meet"": 1.0, ""mean_cost"": 16087654.956329819, ""mcse_cost"": 13317.453382424164, ""mean_shortage_days"": 0.2500342278203724, ""mean_cost_per_unit"": 17.069971071630874, ""capacity_utilization"": 4712373.8, ""feasible"": true, ""n_runs"": 20, ""eligibility"": ""NO_CONCLUSION""}, {""value"": 40.0, ""strategy_id"": ""S16"", ""mean_fill"": 0.9964608734131662, ""p_meet"": 0.85, ""mean_cost"": 15915385.51200389, ""mcse_cost"": 20808.939226315077, ""mean_shortage_days"": 3.86052847754655, ""mean_cost_per_unit"": 16.94290176374086, ""capacity_utilization"": 4696938.55, ""feasible"": false, ""n_runs"": 20, ""eligibility"": ""NO_CONCLUSION""}, {""value"": 45.0, ""strategy_id"": ""S16"", ""mean_fill"": 0.99873965633046, ""p_meet"": 0.95, ""mean_cost"": 16007089.364335498, ""mcse_cost"": 17112.585477166525, ""mean_shortage_days"": 0.8901218510405258, ""mean_cost_per_unit"": 17.00122026490584, ""capacity_utilization"": 4707665.65, ""feasible"": true, ""n_runs"": 20, ""eligibility"": ""NO_CONCLUSION""}, {""value"": 42.5, ""strategy_id"": ""S16"", ""mean_fill"": 0.9973531680897988, ""p_meet"": 0.85, ""mean_cost"": 15953656.53078496, ""mcse_cost"": 20642.02179541199, ""mean_shortage_days"": 2.590354600219058, ""mean_cost_per_unit"": 16.968082642811154, ""capacity_utilization"": 4701110.2, ""feasible"": false, ""n_runs"": 20, ""eligibility"": ""NO_CONCLUSION""}, {""value"": 43.75, ""strategy_id"": ""S16"", ""mean_fill"": 0.9981717356017947, ""p_meet"": 0.9, ""mean_cost"": 15985699.739844361, ""mcse_cost"": 20067.502616620553, ""mean_shortage_days"": 1.800246440306681, ""mean_cost_per_unit"": 16.988146836018018, ""capacity_utilization"": 4705007.45, ""feasible"": true, ""n_runs"": 20, ""eligibility"": ""NO_CONCLUSION""}]",bisection over 5 steps on 20 paired runs,42.5,43.75
S16,norepinephrine_1mgml_4ml,changeover_burden,product.changeover_days,1.0,3.0,10.0,True,False,7.609375,feasible_below,"[{""value"": 1.0, ""strategy_id"": ""S16"", ""mean_fill"": 0.998837941122661, ""p_meet"": 0.9, ""mean_cost"": 16022826.068450857, ""mcse_cost"": 17861.370551756496, ""mean_shortage_days"": 0.7701054216867469, ""mean_cost_per_unit"": 17.01616764532563, ""capacity_utilization"": 4708131.6, ""feasible"": true, ""n_runs"": 20, ""eligibility"": ""NO_CONCLUSION""}, {""value"": 10.0, ""strategy_id"": ""S16"", ""mean_fill"": 0.9745279493999204, ""p_meet"": 0.25, ""mean_cost"": 15689589.794770215, ""mcse_cost"": 9393.596252188398, ""mean_shortage_days"": 35.91491648411829, ""mean_cost_per_unit"": 17.086041514508924, ""capacity_utilization"": 4592295.15, ""feasible"": false, ""n_runs"": 20, ""eligibility"": ""NO_CONCLUSION""}, {""value"": 5.5, ""strategy_id"": ""S16"", ""mean_fill"": 0.9982682907484122, ""p_meet"": 0.9, ""mean_cost"": 15984566.094768744, ""mcse_cost"": 15464.195308197844, ""mean_shortage_days"": 1.1001506024096386, ""mean_cost_per_unit"": 16.985341278320654, ""capacity_utilization"": 4705409.15, ""feasible"": true, ""n_runs"": 20, ""eligibility"": ""NO_CONCLUSION""}, {""value"": 7.75, ""strategy_id"": ""S16"", ""mean_fill"": 0.9948582279144749, ""p_meet"": 0.85, ""mean_cost"": 15834563.517455136, ""mcse_cost"": 14176.33694678445, ""mean_shortage_days"": 6.300862541073384, ""mean_cost_per_unit"": 16.884542464833014, ""capacity_utilization"": 4689232.1, ""feasible"": false, ""n_runs"": 20, ""eligibility"": ""NO_CONCLUSION""}, {""value"": 6.625, ""strategy_id"": ""S16"", ""mean_fill"": 0.9961451001027152, ""p_meet"": 0.9, ""mean_cost"": 15917601.430426758, ""mcse_cost"": 19062.317384462167, ""mean_shortage_days"": 3.3404572836801756, ""mean_cost_per_unit"": 16.950985267569255, ""capacity_utilization"": 4695442.05, ""feasible"": true, ""n_runs"": 20, ""eligibility"": ""NO_CONCLUSION""}, {""value"": 7.1875, ""strategy_id"": ""S16"", ""mean_fill"": 0.9961451001027152, ""p_meet"": 0.9, ""mean_cost"": 15917601.430426758, ""mcse_cost"": 19062.317384462167, ""mean_shortage_days"": 3.3404572836801756, ""mean_cost_per_unit"": 16.950985267569255, ""capacity_utilization"": 4695442.05, ""feasible"": true, ""n_runs"": 20, ""eligibility"": ""NO_CONCLUSION""}, {""value"": 7.46875, ""strategy_id"": ""S16"", ""mean_fill"": 0.9961451001027152, ""p_meet"": 0.9, ""mean_cost"": 15917601.430426758, ""mcse_cost"": 19062.317384462167, ""mean_shortage_days"": 3.3404572836801756, ""mean_cost_per_unit"": 16.950985267569255, ""capacity_utilization"": 4695442.05, ""feasible"": true, ""n_runs"": 20, ""eligibility"": ""NO_CONCLUSION""}]",bisection over 5 steps on 20 paired runs,7.46875,7.75
S17,norepinephrine_1mgml_4ml,capacity_utilization,product.annual_demand_units,500000.0,900000.0,1800000.0,True,False,926562.5,feasible_below,"[{""value"": 500000.0, ""strategy_id"": ""S17"", ""mean_fill"": 1.0, ""p_meet"": 1.0, ""mean_cost"": 17601784.0216656, ""mcse_cost"": 16010.89023345567, ""mean_shortage_days"": 0.17002327491785324, ""mean_cost_per_unit"": 33.60884509997304, ""capacity_utilization"": 2618716.6, ""feasible"": true, ""n_runs"": 20, ""eligibility"": ""NO_CONCLUSION""}, {""value"": 1800000.0, ""strategy_id"": ""S17"", ""mean_fill"": 0.9485263912215867, ""p_meet"": 0.0, ""mean_cost"": 20423021.377755243, ""mcse_cost"": 16978.15485112231, ""mean_shortage_days"": 107.0246508762322, ""mean_cost_per_unit"": 11.425801795203856, ""capacity_utilization"": 8939667.3, ""feasible"": false, ""n_runs"": 20, ""eligibility"": ""NO_CONCLUSION""}, {""value"": 1150000.0, ""strategy_id"": ""S17"", ""mean_fill"": 0.994029458739818, ""p_meet"": 0.8, ""mean_cost"": 18998484.54740639, ""mcse_cost"": 9243.75782741239, ""mean_shortage_days"": 21.842990142387734, ""mean_cost_per_unit"": 15.867207623044653, ""capacity_utilization"": 5986710.7, ""feasible"": false, ""n_runs"": 20, ""eligibility"": ""NO_CONCLUSION""}, {""value"": 825000.0, ""strategy_id"": ""S17"", ""mean_fill"": 0.9988458921673665, ""p_meet"": 1.0, ""mean_cost"": 18239822.380295444, ""mcse_cost"": 8521.632402804307, ""mean_shortage_days"": 4.130565443592553, ""mean_cost_per_unit"": 21.13283200584514, ""capacity_utilization"": 4315659.9, ""feasible"": true, ""n_runs"": 20, ""eligibility"": ""NO_CONCLUSION""}, {""value"": 987500.0, ""strategy_id"": ""S17"", ""mean_fill"": 0.9942834250742392, ""p_meet"": 0.85, ""mean_cost"": 18594809.635724895, ""mcse_cost"": 8630.267319517916, ""mean_shortage_days"": 20.012739594742605, ""mean_cost_per_unit"": 18.080482573007824, ""capacity_utilization"": 5142379.65, ""feasible"": false, ""n_runs"": 20, ""eligibility"": ""NO_CONCLUSION""}, {""value"": 906250.0, ""strategy_id"": ""S17"", ""mean_fill"": 0.9964805650693384, ""p_meet"": 0.9, ""mean_cost"": 18402401.759927534, ""mcse_cost"": 6448.405114369821, ""mean_shortage_days"": 10.361418400876229, ""mean_cost_per_unit"": 19.457437637896906, ""capacity_utilization"": 4728956.85, ""feasible"": true, ""n_runs"": 20, ""eligibility"": ""NO_CONCLUSION""}, {""value"": 946875.0, ""strategy_id"": ""S17"", ""mean_fill"": 0.9936972970976743, ""p_meet"": 0.8, ""mean_cost"": 18486482.030333824, ""mcse_cost"": 7802.027399265548, ""mean_shortage_days"": 18.32250821467689, ""mean_cost_per_unit"": 18.759269838023275, ""capacity_utilization"": 4927482.75, ""feasible"": false, ""n_runs"": 20, ""eligibility"": ""NO_CONCLUSION""}]",bisection over 5 steps on 20 paired runs,906250.0,946875.0
S17,norepinephrine_1mgml_4ml,fixed_qa_labor_per_node,product.fixed_qa_labor_usd_per_site_year,1500000.0,3000000.0,6000000.0,True,True,,feasible_everywhere,"[{""value"": 1500000.0, ""strategy_id"": ""S17"", ""mean_fill"": 0.9970564684872834, ""p_meet"": 1.0, ""mean_cost"": 15821315.863595303, ""mcse_cost"": 7839.381332629242, ""mean_shortage_days"": 10.261404709748081, ""mean_cost_per_unit"": 16.833076876446533, ""capacity_utilization"": 4699535.6, ""feasible"": true, ""n_runs"": 20, ""eligibility"": ""NO_CONCLUSION""}, {""value"": 6000000.0, ""strategy_id"": ""S17"", ""mean_fill"": 0.9970564684872834, ""p_meet"": 1.0, ""mean_cost"": 23531051.011946257, ""mcse_cost"": 7839.381332629237, ""mean_shortage_days"": 10.261404709748081, ""mean_cost_per_unit"": 25.036036625932095, ""capacity_utilization"": 4699535.6, ""feasible"": true, ""n_runs"": 20, ""eligibility"": ""NO_CONCLUSION""}]",feasibility does not change between 1500000.0 and 6000000.0; no threshold inside the recorded range,,
S17,norepinephrine_1mgml_4ml,release_time,global.sterility_incubation_days,14.0,14.0,18.0,True,True,,feasible_everywhere,"[{""value"": 14.0, ""strategy_id"": ""S17"", ""mean_fill"": 0.9970564684872834, ""p_meet"": 1.0, ""mean_cost"": 18391227.579712875, ""mcse_cost"": 7839.381332629175, ""mean_shortage_days"": 10.261404709748081, ""mean_cost_per_unit"": 19.56739679294234, ""capacity_utilization"": 4699535.6, ""feasible"": true, ""n_runs"": 20, ""eligibility"": ""NO_CONCLUSION""}, {""value"": 18.0, ""strategy_id"": ""S17"", ""mean_fill"": 0.9947106610599187, ""p_meet"": 0.9, ""mean_cost"": 18380813.005208537, ""mcse_cost"": 6652.5851728274165, ""mean_shortage_days"": 14.85203313253012, ""mean_cost_per_unit"": 19.603998974435633, ""capacity_utilization"": 4688018.45, ""feasible"": true, ""n_runs"": 20, ""eligibility"": ""NO_CONCLUSION""}]",feasibility does not change between 14.0 and 18.0; no threshold inside the recorded range,,
S17,norepinephrine_1mgml_4ml,shelf_life,product.shelf_life_months,12.0,24.0,30.0,True,True,,feasible_everywhere,"[{""value"": 12.0, ""strategy_id"": ""S17"", ""mean_fill"": 0.9959203898400366, ""p_meet"": 0.95, ""mean_cost"": 18469345.074141447, ""mcse_cost"": 7468.114982596437, ""mean_shortage_days"": 14.091929079956188, ""mean_cost_per_unit"": 19.675154549575907, ""capacity_utilization"": 4693659.3, ""feasible"": true, ""n_runs"": 20, ""eligibility"": ""NO_CONCLUSION""}, {""value"": 30.0, ""strategy_id"": ""S17"", ""mean_fill"": 0.9970564684872834, ""p_meet"": 1.0, ""mean_cost"": 18391227.579712875, ""mcse_cost"": 7839.381332629175, ""mean_shortage_days"": 10.261404709748081, ""mean_cost_per_unit"": 19.56739679294234, ""capacity_utilization"": 4699535.6, ""feasible"": true, ""n_runs"": 20, ""eligibility"": ""NO_CONCLUSION""}]",feasibility does not change between 12.0 and 30.0; no threshold inside the recorded range,,
S17,norepinephrine_1mgml_4ml,raw_material_lead_time,product.material_lead_time_days,30.0,90.0,240.0,True,True,,feasible_everywhere,"[{""value"": 30.0, ""strategy_id"": ""S17"", ""mean_fill"": 0.9973587497673039, ""p_meet"": 1.0, ""mean_cost"": 18355653.086251594, ""mcse_cost"": 7420.104505403292, ""mean_shortage_days"": 9.301273274917854, ""mean_cost_per_unit"": 19.522645093299566, ""capacity_utilization"": 4701217.95, ""feasible"": true, ""n_runs"": 20, ""eligibility"": ""NO_CONCLUSION""}, {""value"": 240.0, ""strategy_id"": ""S17"", ""mean_fill"": 0.9972166978492986, ""p_meet"": 1.0, ""mean_cost"": 18474069.399620526, ""mcse_cost"": 7284.705304773296, ""mean_shortage_days"": 9.591312979189485, ""mean_cost_per_unit"": 19.651417226180463, ""capacity_utilization"": 4700553.0, ""feasible"": true, ""n_runs"": 20, ""eligibility"": ""NO_CONCLUSION""}]",feasibility does not change between 30.0 and 240.0; no threshold inside the recorded range,,
S17,norepinephrine_1mgml_4ml,common_cause_dependence,global.common_cause_events_per_year,0.02,0.1,0.3,True,True,,feasible_everywhere,"[{""value"": 0.02, ""strategy_id"": ""S17"", ""mean_fill"": 0.9972057496575971, ""p_meet"": 1.0, ""mean_cost"": 18396792.88191636, ""mcse_cost"": 7777.520759668748, ""mean_shortage_days"": 9.70132803943045, ""mean_cost_per_unit"": 19.569391098332495, ""capacity_utilization"": 4700493.75, ""feasible"": true, ""n_runs"": 20, ""eligibility"": ""NO_CONCLUSION""}, {""value"": 0.3, ""strategy_id"": ""S17"", ""mean_fill"": 0.9946062508004845, ""p_meet"": 0.9, ""mean_cost"": 18380078.200490825, ""mcse_cost"": 7917.1090985673945, ""mean_shortage_days"": 13.121796276013143, ""mean_cost_per_unit"": 19.604676184254856, ""capacity_utilization"": 4687824.3, ""feasible"": true, ""n_runs"": 20, ""eligibility"": ""NO_CONCLUSION""}]",feasibility does not change between 0.02 and 0.3; no threshold inside the recorded range,,
S17,norepinephrine_1mgml_4ml,supplier_concentration,global.supplier_disruptions_per_supplier_year,0.05,0.2,0.6,True,True,,feasible_everywhere,"[{""value"": 0.05, ""strategy_id"": ""S17"", ""mean_fill"": 0.9972154026714065, ""p_meet"": 1.0, ""mean_cost"": 18391138.526064616, ""mcse_cost"": 7697.082572366413, ""mean_shortage_days"": 9.66132256297919, ""mean_cost_per_unit"": 19.563206991749727, ""capacity_utilization"": 4700546.95, ""feasible"": true, ""n_runs"": 20, ""eligibility"": ""NO_CONCLUSION""}, {""value"": 0.6, ""strategy_id"": ""S17"", ""mean_fill"": 0.9970615004652468, ""p_meet"": 1.0, ""mean_cost"": 18388757.15306956, ""mcse_cost"": 7642.437434946076, ""mean_shortage_days"": 10.001369112814896, ""mean_cost_per_unit"": 19.563717429176563, ""capacity_utilization"": 4699829.75, ""feasible"": true, ""n_runs"": 20, ""eligibility"": ""NO_CONCLUSION""}]",feasibility does not change between 0.05 and 0.6; no threshold inside the recorded range,,
S17,norepinephrine_1mgml_4ml,commissioning_days,global.node_commissioning_days,365.0,730.0,1095.0,True,True,,feasible_everywhere,"[{""value"": 365.0, ""strategy_id"": ""S17"", ""mean_fill"": 0.9970564684872834, ""p_meet"": 1.0, ""mean_cost"": 18391227.579712875, ""mcse_cost"": 7839.381332629175, ""mean_shortage_days"": 10.261404709748081, ""mean_cost_per_unit"": 19.56739679294234, ""capacity_utilization"": 4699535.6, ""feasible"": true, ""n_runs"": 20, ""eligibility"": ""NO_CONCLUSION""}, {""value"": 1095.0, ""strategy_id"": ""S17"", ""mean_fill"": 0.9970564684872834, ""p_meet"": 1.0, ""mean_cost"": 18391227.579712875, ""mcse_cost"": 7839.381332629175, ""mean_shortage_days"": 10.261404709748081, ""mean_cost_per_unit"": 19.56739679294234, ""capacity_utilization"": 4699535.6, ""feasible"": true, ""n_runs"": 20, ""eligibility"": ""NO_CONCLUSION""}]",feasibility does not change between 365.0 and 1095.0; no threshold inside the recorded range,,
S17,norepinephrine_1mgml_4ml,activation_latency_days,global.reserved_capacity_activation_days,7.0,21.0,60.0,True,True,,feasible_everywhere,"[{""value"": 7.0, ""strategy_id"": ""S17"", ""mean_fill"": 0.9970564684872834, ""p_meet"": 1.0, ""mean_cost"": 18391227.579712875, ""mcse_cost"": 7839.381332629175, ""mean_shortage_days"": 10.261404709748081, ""mean_cost_per_unit"": 19.56739679294234, ""capacity_utilization"": 4699535.6, ""feasible"": true, ""n_runs"": 20, ""eligibility"": ""NO_CONCLUSION""}, {""value"": 60.0, ""strategy_id"": ""S17"", ""mean_fill"": 0.9970564684872834, ""p_meet"": 1.0, ""mean_cost"": 18391227.579712875, ""mcse_cost"": 7839.381332629175, ""mean_shortage_days"": 10.261404709748081, ""mean_cost_per_unit"": 19.56739679294234, ""capacity_utilization"": 4699535.6, ""feasible"": true, ""n_runs"": 20, ""eligibility"": ""NO_CONCLUSION""}]",feasibility does not change between 7.0 and 60.0; no threshold inside the recorded range,,
S17,norepinephrine_1mgml_4ml,node_capital,product.capital_usd_per_site,15000000.0,40000000.0,100000000.0,True,True,,feasible_everywhere,"[{""value"": 15000000.0, ""strategy_id"": ""S17"", ""mean_fill"": 0.9970564684872834, ""p_meet"": 1.0, ""mean_cost"": 12370840.905466069, ""mcse_cost"": 7839.38133262923, ""mean_shortage_days"": 10.261404709748081, ""mean_cost_per_unit"": 13.1618603361227, ""capacity_utilization"": 4699535.6, ""feasible"": true, ""n_runs"": 20, ""eligibility"": ""NO_CONCLUSION""}, {""value"": 100000000.0, ""strategy_id"": ""S17"", ""mean_fill"": 0.9970564684872834, ""p_meet"": 1.0, ""mean_cost"": 32840155.59790457, ""mcse_cost"": 7839.381332629185, ""mean_shortage_days"": 10.261404709748081, ""mean_cost_per_unit"": 34.940684289308805, ""capacity_utilization"": 4699535.6, ""feasible"": true, ""n_runs"": 20, ""eligibility"": ""NO_CONCLUSION""}]",feasibility does not change between 15000000.0 and 100000000.0; no threshold inside the recorded range,,
S17,norepinephrine_1mgml_4ml,batches_per_site_year,product.batches_per_site_year_nominal,30.0,45.0,70.0,True,True,,feasible_everywhere,"[{""value"": 30.0, ""strategy_id"": ""S17"", ""mean_fill"": 0.9949159060756191, ""p_meet"": 0.9, ""mean_cost"": 18285980.412143297, ""mcse_cost"": 6467.419622871677, ""mean_shortage_days"": 15.412109802847757, ""mean_cost_per_unit"": 19.496279306978213, ""capacity_utilization"": 4689436.65, ""feasible"": true, ""n_runs"": 20, ""eligibility"": ""NO_CONCLUSION""}, {""value"": 70.0, ""strategy_id"": ""S17"", ""mean_fill"": 0.9973404025622873, ""p_meet"": 1.0, ""mean_cost"": 18540106.391124047, ""mcse_cost"": 7713.942718133124, ""mean_shortage_days"": 9.101245892661554, ""mean_cost_per_unit"": 19.72043475605423, ""capacity_utilization"": 4700888.65, ""feasible"": true, ""n_runs"": 20, ""eligibility"": ""NO_CONCLUSION""}]",feasibility does not change between 30.0 and 70.0; no threshold inside the recorded range,,
S17,norepinephrine_1mgml_4ml,changeover_burden,product.changeover_days,1.0,3.0,10.0,True,False,8.453125,feasible_below,"[{""value"": 1.0, ""strategy_id"": ""S17"", ""mean_fill"": 0.9980510581452273, ""p_meet"": 1.0, ""mean_cost"": 18404532.082657263, ""mcse_cost"": 7052.231551646287, ""mean_shortage_days"": 7.471022727272728, ""mean_cost_per_unit"": 19.561155713447093, ""capacity_utilization"": 4704395.15, ""feasible"": true, ""n_runs"": 20, ""eligibility"": ""NO_CONCLUSION""}, {""value"": 10.0, ""strategy_id"": ""S17"", ""mean_fill"": 0.9914820169861078, ""p_meet"": 0.75, ""mean_cost"": 18350369.189119615, ""mcse_cost"": 6163.354948347293, ""mean_shortage_days"": 24.443346111719602, ""mean_cost_per_unit"": 19.63399994112651, ""capacity_utilization"": 4673038.8, ""feasible"": false, ""n_runs"": 20, ""eligibility"": ""NO_CONCLUSION""}, {""value"": 5.5, ""strategy_id"": ""S17"", ""mean_fill"": 0.9955503515426051, ""p_meet"": 0.9, ""mean_cost"": 18387191.412133686, ""mcse_cost"": 6861.2230562651785, ""mean_shortage_days"": 13.941908543263963, ""mean_cost_per_unit"": 19.593354517717874, ""capacity_utilization"": 4692250.9, ""feasible"": true, ""n_runs"": 20, ""eligibility"": ""NO_CONCLUSION""}, {""value"": 7.75, ""strategy_id"": ""S17"", ""mean_fill"": 0.9952228847553544, ""p_meet"": 1.0, ""mean_cost"": 18370175.207331162, ""mcse_cost"": 6816.654385276231, ""mean_shortage_days"": 15.802163198247536, ""mean_cost_per_unit"": 19.580693620908807, ""capacity_utilization"": 4690963.15, ""feasible"": true, ""n_runs"": 20, ""eligibility"": ""NO_CONCLUSION""}, {""value"": 8.875, ""strategy_id"": ""S17"", ""mean_fill"": 0.9931792173366583, ""p_meet"": 0.8, ""mean_cost"": 18358597.033540957, ""mcse_cost"": 5883.935515786453, ""mean_shortage_days"": 19.86271905805038, ""mean_cost_per_unit"": 19.61144111583827, ""capacity_utilization"": 4680548.55, ""feasible"": false, ""n_runs"": 20, ""eligibility"": ""NO_CONCLUSION""}, {""value"": 8.3125, ""strategy_id"": ""S17"", ""mean_fill"": 0.9952228847553544, ""p_meet"": 1.0, ""mean_cost"": 18370175.207331162, ""mcse_cost"": 6816.654385276231, ""mean_shortage_days"": 15.802163198247536, ""mean_cost_per_unit"": 19.580693620908807, ""capacity_utilization"": 4690963.15, ""feasible"": true, ""n_runs"": 20, ""eligibility"": ""NO_CONCLUSION""}, {""value"": 8.59375, ""strategy_id"": ""S17"", ""mean_fill"": 0.9931792173366583, ""p_meet"": 0.8, ""mean_cost"": 18358597.033540957, ""mcse_cost"": 5883.935515786453, ""mean_shortage_days"": 19.86271905805038, ""mean_cost_per_unit"": 19.61144111583827, ""capacity_utilization"": 4680548.55, ""feasible"": false, ""n_runs"": 20, ""eligibility"": ""NO_CONCLUSION""}]",bisection over 5 steps on 20 paired runs,8.3125,8.59375
S18,norepinephrine_1mgml_4ml,capacity_utilization,product.annual_demand_units,500000.0,900000.0,1800000.0,True,False,804687.5,feasible_below,"[{""value"": 500000.0, ""strategy_id"": ""S18"", ""mean_fill"": 0.9981576916005673, ""p_meet"": 0.95, ""mean_cost"": 21774517.193020254, ""mcse_cost"": 8802.881810163115, ""mean_shortage_days"": 4.420605147864183, ""mean_cost_per_unit"": 41.652043092554365, ""capacity_utilization"": 2613744.15, ""feasible"": true, ""n_runs"": 20, ""eligibility"": ""NO_CONCLUSION""}, {""value"": 1800000.0, ""strategy_id"": ""S18"", ""mean_fill"": 0.863661649956583, ""p_meet"": 0.0, ""mean_cost"": 24471905.078056194, ""mcse_cost"": 37798.94797403958, ""mean_shortage_days"": 111.5352683461117, ""mean_cost_per_unit"": 15.01803710606102, ""capacity_utilization"": 8150455.95, ""feasible"": false, ""n_runs"": 20, ""eligibility"": ""NO_CONCLUSION""}, {""value"": 1150000.0, ""strategy_id"": ""S18"", ""mean_fill"": 0.9781409112241075, ""p_meet"": 0.55, ""mean_cost"": 23412584.849660434, ""mcse_cost"": 19609.20296694899, ""mean_shortage_days"": 35.95492196056955, ""mean_cost_per_unit"": 19.87510497482211, ""capacity_utilization"": 5891847.8, ""feasible"": false, ""n_runs"": 20, ""eligibility"": ""NO_CONCLUSION""}, {""value"": 825000.0, ""strategy_id"": ""S18"", ""mean_fill"": 0.9961612395561721, ""p_meet"": 0.85, ""mean_cost"": 22672906.28559526, ""mcse_cost"": 11143.648317090305, ""mean_shortage_days"": 7.341004928806133, ""mean_cost_per_unit"": 26.336666220599064, ""capacity_utilization"": 4304290.05, ""feasible"": false, ""n_runs"": 20, ""eligibility"": ""NO_CONCLUSION""}, {""value"": 662500.0, ""strategy_id"": ""S18"", ""mean_fill"": 0.997846465254851, ""p_meet"": 0.95, ""mean_cost"": 22187439.774733417, ""mcse_cost"": 9294.853852948208, ""mean_shortage_days"": 5.980818729463308, ""mean_cost_per_unit"": 32.03946175402488, ""capacity_utilization"": 3462715.5, ""feasible"": true, ""n_runs"": 20, ""eligibility"": ""NO_CONCLUSION""}, {""value"": 743750.0, ""strategy_id"": ""S18"", ""mean_fill"": 0.9981687554355547, ""p_meet"": 0.9, ""mean_cost"": 22409810.477648124, ""mcse_cost"": 9784.509460739186, ""mean_shortage_days"": 5.380736582694413, ""mean_cost_per_unit"": 28.817956289917667, ""capacity_utilization"": 3888431.2, ""feasible"": true, ""n_runs"": 20, ""eligibility"": ""NO_CONCLUSION""}, {""value"": 784375.0, ""strategy_id"": ""S18"", ""mean_fill"": 0.997698939893936, ""p_meet"": 0.9, ""mean_cost"": 22531522.223519396, ""mcse_cost"": 13626.593793318621, ""mean_shortage_days"": 6.150842004381159, ""mean_cost_per_unit"": 27.486086329388534, ""capacity_utilization"": 4098913.15, ""feasible"": true, ""n_runs"": 20, ""eligibility"": ""NO_CONCLUSION""}]",bisection over 5 steps on 20 paired runs,784375.0,825000.0
S18,norepinephrine_1mgml_4ml,fixed_qa_labor_per_node,product.fixed_qa_labor_usd_per_site_year,1500000.0,3000000.0,6000000.0,False,False,,infeasible_everywhere,"[{""value"": 1500000.0, ""strategy_id"": ""S18"", ""mean_fill"": 0.9972056818345745, ""p_meet"": 0.85, ""mean_cost"": 20258559.626231696, ""mcse_cost"": 14330.70839882784, ""mean_shortage_days"": 8.431154162102956, ""mean_cost_per_unit"": 21.546279359613404, ""capacity_utilization"": 4701476.3, ""feasible"": false, ""n_runs"": 20, ""eligibility"": ""NO_CONCLUSION""}, {""value"": 6000000.0, ""strategy_id"": ""S18"", ""mean_fill"": 0.9972056818345745, ""p_meet"": 0.85, ""mean_cost"": 27934172.95865499, ""mcse_cost"": 14330.70839882784, ""mean_shortage_days"": 8.431154162102956, ""mean_cost_per_unit"": 29.709993135538344, ""capacity_utilization"": 4701476.3, ""feasible"": false, ""n_runs"": 20, ""eligibility"": ""NO_CONCLUSION""}]",feasibility does not change between 1500000.0 and 6000000.0; no threshold inside the recorded range,,
S18,norepinephrine_1mgml_4ml,release_time,global.sterility_incubation_days,14.0,14.0,18.0,False,False,,infeasible_everywhere,"[{""value"": 14.0, ""strategy_id"": ""S18"", ""mean_fill"": 0.9972056818345745, ""p_meet"": 0.85, ""mean_cost"": 22817097.403706126, ""mcse_cost"": 14330.70839882784, ""mean_shortage_days"": 8.431154162102956, ""mean_cost_per_unit"": 24.267517284921723, ""capacity_utilization"": 4701476.3, ""feasible"": false, ""n_runs"": 20, ""eligibility"": ""NO_CONCLUSION""}, {""value"": 18.0, ""strategy_id"": ""S18"", ""mean_fill"": 0.9940174792547081, ""p_meet"": 0.8, ""mean_cost"": 22798175.696125973, ""mcse_cost"": 14576.451785682993, ""mean_shortage_days"": 12.01164430449069, ""mean_cost_per_unit"": 24.325368893855313, ""capacity_utilization"": 4685970.8, ""feasible"": false, ""n_runs"": 20, ""eligibility"": ""NO_CONCLUSION""}]",feasibility does not change between 14.0 and 18.0; no threshold inside the recorded range,,
S18,norepinephrine_1mgml_4ml,shelf_life,product.shelf_life_months,12.0,24.0,30.0,False,False,,infeasible_everywhere,"[{""value"": 12.0, ""strategy_id"": ""S18"", ""mean_fill"": 0.9972036610402872, ""p_meet"": 0.85, ""mean_cost"": 22915417.152660158, ""mcse_cost"": 20453.701103216546, ""mean_shortage_days"": 8.511165115005477, ""mean_cost_per_unit"": 24.37215074739504, ""capacity_utilization"": 4701466.65, ""feasible"": false, ""n_runs"": 20, ""eligibility"": ""NO_CONCLUSION""}, {""value"": 30.0, ""strategy_id"": ""S18"", ""mean_fill"": 0.9972056818345745, ""p_meet"": 0.85, ""mean_cost"": 22803240.950084757, ""mcse_cost"": 14182.827473986315, ""mean_shortage_days"": 8.421152792990142, ""mean_cost_per_unit"": 24.2527326733802, ""capacity_utilization"": 4701476.3, ""feasible"": false, ""n_runs"": 20, ""eligibility"": ""NO_CONCLUSION""}]",feasibility does not change between 12.0 and 30.0; no threshold inside the recorded range,,
S18,norepinephrine_1mgml_4ml,raw_material_lead_time,product.material_lead_time_days,30.0,90.0,240.0,True,False,79.21875,feasible_below,"[{""value"": 30.0, ""strategy_id"": ""S18"", ""mean_fill"": 0.9979467277810367, ""p_meet"": 0.9, ""mean_cost"": 22835432.653716855, ""mcse_cost"": 14074.002229495132, ""mean_shortage_days"": 6.750924151150055, ""mean_cost_per_unit"": 24.272339877632295, ""capacity_utilization"": 4704324.35, ""feasible"": true, ""n_runs"": 20, ""eligibility"": ""NO_CONCLUSION""}, {""value"": 240.0, ""strategy_id"": ""S18"", ""mean_fill"": 0.9927360865696692, ""p_meet"": 0.75, ""mean_cost"": 22826213.7978654, ""mcse_cost"": 15056.041232696378, ""mean_shortage_days"": 14.742018072289156, ""mean_cost_per_unit"": 24.387173470075606, ""capacity_utilization"": 4679821.1, ""feasible"": false, ""n_runs"": 20, ""eligibility"": ""NO_CONCLUSION""}, {""value"": 135.0, ""strategy_id"": ""S18"", ""mean_fill"": 0.9939206051321374, ""p_meet"": 0.8, ""mean_cost"": 22825578.638415355, ""mcse_cost"": 14012.068564833928, ""mean_shortage_days"": 11.781612814895945, ""mean_cost_per_unit"": 24.356767149830443, ""capacity_utilization"": 4685483.95, ""feasible"": false, ""n_runs"": 20, ""eligibility"": ""NO_CONCLUSION""}, {""value"": 82.5, ""strategy_id"": ""S18"", ""mean_fill"": 0.9976616488928121, ""p_meet"": 0.85, ""mean_cost"": 22834927.53761232, ""mcse_cost"": 14386.819406989871, ""mean_shortage_days"": 6.960952902519166, ""mean_cost_per_unit"": 24.27870807224708, ""capacity_utilization"": 4702972.85, ""feasible"": false, ""n_runs"": 20, ""eligibility"": ""NO_CONCLUSION""}, {""value"": 56.25, ""strategy_id"": ""S18"", ""mean_fill"": 0.9978338512107234, ""p_meet"": 0.9, ""mean_cost"": 22829255.319599003, ""mcse_cost"": 15604.733204870628, ""mean_shortage_days"": 6.960952902519166, ""mean_cost_per_unit"": 24.268318273849307, ""capacity_utilization"": 4703804.2, ""feasible"": true, ""n_runs"": 20, ""eligibility"": ""NO_CONCLUSION""}, {""value"": 69.375, ""strategy_id"": ""S18"", ""mean_fill"": 0.9975267524157715, ""p_meet"": 0.9, ""mean_cost"": 22847784.07790908, ""mcse_cost"": 19014.709323486346, ""mean_shortage_days"": 7.991093921139101, ""mean_cost_per_unit"": 24.295281616612094, ""capacity_utilization"": 4702352.75, ""feasible"": true, ""n_runs"": 20, ""eligibility"": ""NO_CONCLUSION""}, {""value"": 75.9375, ""strategy_id"": ""S18"", ""mean_fill"": 0.9978725392322575, ""p_meet"": 0.9, ""mean_cost"": 22834263.03872524, ""mcse_cost"": 16953.631068223993, ""mean_shortage_days"": 6.920947426067907, ""mean_cost_per_unit"": 24.272479571538337, ""capacity_utilization"": 4703977.8, ""feasible"": true, ""n_runs"": 20, ""eligibility"": ""NO_CONCLUSION""}]",bisection over 5 steps on 20 paired runs,75.9375,82.5
S18,norepinephrine_1mgml_4ml,common_cause_dependence,global.common_cause_events_per_year,0.02,0.1,0.3,True,False,0.076875,feasible_below,"[{""value"": 0.02, ""strategy_id"": ""S18"", ""mean_fill"": 0.9983923957087508, ""p_meet"": 0.9, ""mean_cost"": 22846622.09340769, ""mcse_cost"": 12557.145182636114, ""mean_shortage_days"": 4.31059008762322, ""mean_cost_per_unit"": 24.274031567534756, ""capacity_utilization"": 4706250.85, ""feasible"": true, ""n_runs"": 20, ""eligibility"": ""NO_CONCLUSION""}, {""value"": 0.3, ""strategy_id"": ""S18"", ""mean_fill"": 0.9901579973158654, ""p_meet"": 0.7, ""mean_cost"": 22784358.807272308, ""mcse_cost"": 13486.86733780279, ""mean_shortage_days"": 15.57213170865279, ""mean_cost_per_unit"": 24.411698959462672, ""capacity_utilization"": 4666938.05, ""feasible"": false, ""n_runs"": 20, ""eligibility"": ""NO_CONCLUSION""}, {""value"": 0.16, ""strategy_id"": ""S18"", ""mean_fill"": 0.9895692132030215, ""p_meet"": 0.75, ""mean_cost"": 22803948.818301633, ""mcse_cost"": 14637.020512652907, ""mean_shortage_days"": 15.062061883899233, ""mean_cost_per_unit"": 24.445870769072506, ""capacity_utilization"": 4664922.6, ""feasible"": false, ""n_runs"": 20, ""eligibility"": ""NO_CONCLUSION""}, {""value"": 0.09, ""strategy_id"": ""S18"", ""mean_fill"": 0.9971937765046486, ""p_meet"": 0.85, ""mean_cost"": 22828627.832363285, ""mcse_cost"": 14091.22172016589, ""mean_shortage_days"": 8.151115826944139, ""mean_cost_per_unit"": 24.280120779841955, ""capacity_utilization"": 4701420.95, ""feasible"": false, ""n_runs"": 20, ""eligibility"": ""NO_CONCLUSION""}, {""value"": 0.055, ""strategy_id"": ""S18"", ""mean_fill"": 0.9983445377848392, ""p_meet"": 0.9, ""mean_cost"": 22831915.564973492, ""mcse_cost"": 12871.922011107685, ""mean_shortage_days"": 6.100835158817086, ""mean_cost_per_unit"": 24.257894065777727, ""capacity_utilization"": 4706314.75, ""feasible"": true, ""n_runs"": 20, ""eligibility"": ""NO_CONCLUSION""}, {""value"": 0.0725, ""strategy_id"": ""S18"", ""mean_fill"": 0.9981043949235312, ""p_meet"": 0.9, ""mean_cost"": 22823457.745805796, ""mcse_cost"": 13993.453493491219, ""mean_shortage_days"": 6.62090635268346, ""mean_cost_per_unit"": 24.255572260942685, ""capacity_utilization"": 4705052.85, ""feasible"": true, ""n_runs"": 20, ""eligibility"": ""NO_CONCLUSION""}, {""value"": 0.08124999999999999, ""strategy_id"": ""S18"", ""mean_fill"": 0.9971937765046486, ""p_meet"": 0.85, ""mean_cost"": 22830321.91489812, ""mcse_cost"": 13414.811710593061, ""mean_shortage_days"": 8.151115826944139, ""mean_cost_per_unit"": 24.281948714345305, ""capacity_utilization"": 4701420.95, ""feasible"": false, ""n_runs"": 20, ""eligibility"": ""NO_CONCLUSION""}]",bisection over 5 steps on 20 paired runs,0.0725,0.08124999999999999
S18,norepinephrine_1mgml_4ml,supplier_concentration,global.supplier_disruptions_per_supplier_year,0.05,0.2,0.6,False,False,,infeasible_everywhere,"[{""value"": 0.05, ""strategy_id"": ""S18"", ""mean_fill"": 0.9975592704982572, ""p_meet"": 0.85, ""mean_cost"": 22833505.230267685, ""mcse_cost"": 15477.472612498666, ""mean_shortage_days"": 7.150978915662651, ""mean_cost_per_unit"": 24.27942667047337, ""capacity_utilization"": 4702497.8, ""feasible"": false, ""n_runs"": 20, ""eligibility"": ""NO_CONCLUSION""}, {""value"": 0.6, ""strategy_id"": ""S18"", ""mean_fill"": 0.9910547445378712, ""p_meet"": 0.8, ""mean_cost"": 22785430.738148883, ""mcse_cost"": 19207.908674633974, ""mean_shortage_days"": 12.971775739320918, ""mean_cost_per_unit"": 24.39247881649747, ""capacity_utilization"": 4672268.65, ""feasible"": false, ""n_runs"": 20, ""eligibility"": ""NO_CONCLUSION""}]",feasibility does not change between 0.05 and 0.6; no threshold inside the recorded range,,
S18,norepinephrine_1mgml_4ml,commissioning_days,global.node_commissioning_days,365.0,730.0,1095.0,False,False,,infeasible_everywhere,"[{""value"": 365.0, ""strategy_id"": ""S18"", ""mean_fill"": 0.9972056818345745, ""p_meet"": 0.85, ""mean_cost"": 22817097.403706126, ""mcse_cost"": 14330.70839882784, ""mean_shortage_days"": 8.431154162102956, ""mean_cost_per_unit"": 24.267517284921723, ""capacity_utilization"": 4701476.3, ""feasible"": false, ""n_runs"": 20, ""eligibility"": ""NO_CONCLUSION""}, {""value"": 1095.0, ""strategy_id"": ""S18"", ""mean_fill"": 0.9972056818345745, ""p_meet"": 0.85, ""mean_cost"": 22817097.403706126, ""mcse_cost"": 14330.70839882784, ""mean_shortage_days"": 8.431154162102956, ""mean_cost_per_unit"": 24.267517284921723, ""capacity_utilization"": 4701476.3, ""feasible"": false, ""n_runs"": 20, ""eligibility"": ""NO_CONCLUSION""}]",feasibility does not change between 365.0 and 1095.0; no threshold inside the recorded range,,
S18,norepinephrine_1mgml_4ml,activation_latency_days,global.reserved_capacity_activation_days,7.0,21.0,60.0,False,False,,infeasible_everywhere,"[{""value"": 7.0, ""strategy_id"": ""S18"", ""mean_fill"": 0.9972056818345745, ""p_meet"": 0.85, ""mean_cost"": 22817097.403706126, ""mcse_cost"": 14330.70839882784, ""mean_shortage_days"": 8.431154162102956, ""mean_cost_per_unit"": 24.267517284921723, ""capacity_utilization"": 4701476.3, ""feasible"": false, ""n_runs"": 20, ""eligibility"": ""NO_CONCLUSION""}, {""value"": 60.0, ""strategy_id"": ""S18"", ""mean_fill"": 0.9972056818345745, ""p_meet"": 0.85, ""mean_cost"": 22817097.403706126, ""mcse_cost"": 14330.70839882784, ""mean_shortage_days"": 8.431154162102956, ""mean_cost_per_unit"": 24.267517284921723, ""capacity_utilization"": 4701476.3, ""feasible"": false, ""n_runs"": 20, ""eligibility"": ""NO_CONCLUSION""}]",feasibility does not change between 7.0 and 60.0; no threshold inside the recorded range,,
S18,norepinephrine_1mgml_4ml,node_capital,product.capital_usd_per_site,15000000.0,40000000.0,100000000.0,False,False,,infeasible_everywhere,"[{""value"": 15000000.0, ""strategy_id"": ""S18"", ""mean_fill"": 0.9972056818345745, ""p_meet"": 0.85, ""mean_cost"": 14558961.549824495, ""mcse_cost"": 14330.708398827808, ""mean_shortage_days"": 8.431154162102956, ""mean_cost_per_unit"": 15.484237758709739, ""capacity_utilization"": 4701476.3, ""feasible"": false, ""n_runs"": 20, ""eligibility"": ""NO_CONCLUSION""}, {""value"": 100000000.0, ""strategy_id"": ""S18"", ""mean_fill"": 0.9972056818345745, ""p_meet"": 0.85, ""mean_cost"": 42636623.453018256, ""mcse_cost"": 14330.708398827912, ""mean_shortage_days"": 8.431154162102956, ""mean_cost_per_unit"": 45.347388147826436, ""capacity_utilization"": 4701476.3, ""feasible"": false, ""n_runs"": 20, ""eligibility"": ""NO_CONCLUSION""}]",feasibility does not change between 15000000.0 and 100000000.0; no threshold inside the recorded range,,
S18,norepinephrine_1mgml_4ml,batches_per_site_year,product.batches_per_site_year_nominal,30.0,45.0,70.0,False,True,66.875,feasible_above,"[{""value"": 30.0, ""strategy_id"": ""S18"", ""mean_fill"": 0.9293542131451951, ""p_meet"": 0.0, ""mean_cost"": 22594924.27121685, ""mcse_cost"": 14691.718250885517, ""mean_shortage_days"": 87.09192223439211, ""mean_cost_per_unit"": 25.792589762274552, ""capacity_utilization"": 4380880.9, ""feasible"": false, ""n_runs"": 20, ""eligibility"": ""NO_CONCLUSION""}, {""value"": 70.0, ""strategy_id"": ""S18"", ""mean_fill"": 0.9966256509692213, ""p_meet"": 0.9, ""mean_cost"": 22861193.15752799, ""mcse_cost"": 15499.089892398802, ""mean_shortage_days"": 6.210850219058048, ""mean_cost_per_unit"": 24.3326538044001, ""capacity_utilization"": 4697415.75, ""feasible"": true, ""n_runs"": 20, ""eligibility"": ""NO_CONCLUSION""}, {""value"": 50.0, ""strategy_id"": ""S18"", ""mean_fill"": 0.9961737736457227, ""p_meet"": 0.85, ""mean_cost"": 22820148.06559273, ""mcse_cost"": 12092.911848623338, ""mean_shortage_days"": 7.681051478641841, ""mean_cost_per_unit"": 24.29944581511179, ""capacity_utilization"": 4695428.2, ""feasible"": false, ""n_runs"": 20, ""eligibility"": ""NO_CONCLUSION""}, {""value"": 60.0, ""strategy_id"": ""S18"", ""mean_fill"": 0.9955627158670781, ""p_meet"": 0.8, ""mean_cost"": 22846678.75069527, ""mcse_cost"": 15309.46160098516, ""mean_shortage_days"": 6.680914567360349, ""mean_cost_per_unit"": 24.34398684979119, ""capacity_utilization"": 4692355.75, ""feasible"": false, ""n_runs"": 20, ""eligibility"": ""NO_CONCLUSION""}, {""value"": 65.0, ""strategy_id"": ""S18"", ""mean_fill"": 0.9949606061442637, ""p_meet"": 0.8, ""mean_cost"": 22851405.48480443, ""mcse_cost"": 14312.702952099256, ""mean_shortage_days"": 7.481024096385542, ""mean_cost_per_unit"": 24.360930820411802, ""capacity_utilization"": 4690135.25, ""feasible"": false, ""n_runs"": 20, ""eligibility"": ""NO_CONCLUSION""}, {""value"": 67.5, ""strategy_id"": ""S18"", ""mean_fill"": 0.9965272085989596, ""p_meet"": 0.9, ""mean_cost"": 22862693.927921955, ""mcse_cost"": 15059.765976990011, ""mean_shortage_days"": 6.360870755750273, ""mean_cost_per_unit"": 24.337076498771363, ""capacity_utilization"": 4696875.05, ""feasible"": true, ""n_runs"": 20, ""eligibility"": ""NO_CONCLUSION""}, {""value"": 66.25, ""strategy_id"": ""S18"", ""mean_fill"": 0.9963136242764017, ""p_meet"": 0.85, ""mean_cost"": 22854397.132148586, ""mcse_cost"": 13743.720102964791, ""mean_shortage_days"": 6.050828313253012, ""mean_cost_per_unit"": 24.33037293900646, ""capacity_utilization"": 4696461.65, ""feasible"": false, ""n_runs"": 20, ""eligibility"": ""NO_CONCLUSION""}]",bisection over 5 steps on 20 paired runs,66.25,67.5
S18,norepinephrine_1mgml_4ml,changeover_burden,product.changeover_days,1.0,3.0,10.0,False,False,,infeasible_everywhere,"[{""value"": 1.0, ""strategy_id"": ""S18"", ""mean_fill"": 0.994840249392065, ""p_meet"": 0.8, ""mean_cost"": 22820708.678130135, ""mcse_cost"": 14277.398018899748, ""mean_shortage_days"": 10.921495071193867, ""mean_cost_per_unit"": 24.330833542475, ""capacity_utilization"": 4689520.4, ""feasible"": false, ""n_runs"": 20, ""eligibility"": ""NO_CONCLUSION""}, {""value"": 10.0, ""strategy_id"": ""S18"", ""mean_fill"": 0.950881948325281, ""p_meet"": 0.0, ""mean_cost"": 22656796.370747052, ""mcse_cost"": 13603.467344644258, ""mean_shortage_days"": 74.0001300657174, ""mean_cost_per_unit"": 25.275778585862902, ""capacity_utilization"": 4482848.6, ""feasible"": false, ""n_runs"": 20, ""eligibility"": ""NO_CONCLUSION""}]",feasibility does not change between 1.0 and 10.0; no threshold inside the recorded range,,
S19,norepinephrine_1mgml_4ml,capacity_utilization,product.annual_demand_units,500000.0,900000.0,1800000.0,True,False,926562.5,feasible_below,"[{""value"": 500000.0, ""strategy_id"": ""S19"", ""mean_fill"": 1.0, ""p_meet"": 1.0, ""mean_cost"": 14895448.529314985, ""mcse_cost"": 8069.762996761934, ""mean_shortage_days"": 0.0, ""mean_cost_per_unit"": 28.441447367354243, ""capacity_utilization"": 2618716.6, ""feasible"": true, ""n_runs"": 20, ""eligibility"": ""NO_CONCLUSION""}, {""value"": 1800000.0, ""strategy_id"": ""S19"", ""mean_fill"": 0.6256653376958914, ""p_meet"": 0.0, ""mean_cost"": 16548700.085277464, ""mcse_cost"": 28025.771992670216, ""mean_shortage_days"": 246.60375821467693, ""mean_cost_per_unit"": 14.095958061130343, ""capacity_utilization"": 5877798.3, ""feasible"": false, ""n_runs"": 20, ""eligibility"": ""NO_CONCLUSION""}, {""value"": 1150000.0, ""strategy_id"": ""S19"", ""mean_fill"": 0.9577529186114114, ""p_meet"": 0.25, ""mean_cost"": 16320894.088148605, ""mcse_cost"": 25463.42578450506, ""mean_shortage_days"": 43.02588992332967, ""mean_cost_per_unit"": 14.174068045131222, ""capacity_utilization"": 5765548.3, ""feasible"": false, ""n_runs"": 20, ""eligibility"": ""NO_CONCLUSION""}, {""value"": 825000.0, ""strategy_id"": ""S19"", ""mean_fill"": 0.9993452060291078, ""p_meet"": 0.95, ""mean_cost"": 15721872.725809947, ""mcse_cost"": 6511.679715044347, ""mean_shortage_days"": 0.9101245892661556, ""mean_cost_per_unit"": 18.205331053797448, ""capacity_utilization"": 4318027.2, ""feasible"": true, ""n_runs"": 20, ""eligibility"": ""NO_CONCLUSION""}, {""value"": 987500.0, ""strategy_id"": ""S19"", ""mean_fill"": 0.9911686217089063, ""p_meet"": 0.7, ""mean_cost"": 16094366.064828128, ""mcse_cost"": 18021.918509174815, ""mean_shortage_days"": 9.241265060240965, ""mean_cost_per_unit"": 15.703818085424356, ""capacity_utilization"": 5125066.2, ""feasible"": false, ""n_runs"": 20, ""eligibility"": ""NO_CONCLUSION""}, {""value"": 906250.0, ""strategy_id"": ""S19"", ""mean_fill"": 0.9959158787088324, ""p_meet"": 0.9, ""mean_cost"": 15908866.643119073, ""mcse_cost"": 11472.423158386759, ""mean_shortage_days"": 3.510480558598028, ""mean_cost_per_unit"": 16.82921593626624, ""capacity_utilization"": 4726966.1, ""feasible"": true, ""n_runs"": 20, ""eligibility"": ""NO_CONCLUSION""}, {""value"": 946875.0, ""strategy_id"": ""S19"", ""mean_fill"": 0.9932728041714132, ""p_meet"": 0.75, ""mean_cost"": 16009704.348816419, ""mcse_cost"": 13948.65709582468, ""mean_shortage_days"": 6.510891292442497, ""mean_cost_per_unit"": 16.253051441865605, ""capacity_utilization"": 4925789.4, ""feasible"": false, ""n_runs"": 20, ""eligibility"": ""NO_CONCLUSION""}]",bisection over 5 steps on 20 paired runs,906250.0,946875.0
S19,norepinephrine_1mgml_4ml,fixed_qa_labor_per_node,product.fixed_qa_labor_usd_per_site_year,1500000.0,3000000.0,6000000.0,True,True,,feasible_everywhere,"[{""value"": 1500000.0, ""strategy_id"": ""S19"", ""mean_fill"": 0.9971727186713097, ""p_meet"": 0.95, ""mean_cost"": 13869753.019018939, ""mcse_cost"": 11932.988126651418, ""mean_shortage_days"": 2.260309419496166, ""mean_cost_per_unit"": 14.755008918882234, ""capacity_utilization"": 4700264.85, ""feasible"": true, ""n_runs"": 20, ""eligibility"": ""NO_CONCLUSION""}, {""value"": 6000000.0, ""strategy_id"": ""S19"", ""mean_fill"": 0.9971727186713097, ""p_meet"": 0.95, ""mean_cost"": 19952605.79541619, ""mcse_cost"": 11932.988126651475, ""mean_shortage_days"": 2.260309419496166, ""mean_cost_per_unit"": 21.22639448385314, ""capacity_utilization"": 4700264.85, ""feasible"": true, ""n_runs"": 20, ""eligibility"": ""NO_CONCLUSION""}]",feasibility does not change between 1500000.0 and 6000000.0; no threshold inside the recorded range,,
S19,norepinephrine_1mgml_4ml,release_time,global.sterility_incubation_days,14.0,14.0,18.0,True,False,16.0625,feasible_below,"[{""value"": 14.0, ""strategy_id"": ""S19"", ""mean_fill"": 0.9971727186713097, ""p_meet"": 0.95, ""mean_cost"": 15897370.611151192, ""mcse_cost"": 11932.98812665144, ""mean_shortage_days"": 2.260309419496166, ""mean_cost_per_unit"": 16.912137440539023, ""capacity_utilization"": 4700264.85, ""feasible"": true, ""n_runs"": 20, ""eligibility"": ""NO_CONCLUSION""}, {""value"": 18.0, ""strategy_id"": ""S19"", ""mean_fill"": 0.9905171776963169, ""p_meet"": 0.75, ""mean_cost"": 15836579.257910132, ""mcse_cost"": 14993.492894617475, ""mean_shortage_days"": 7.451019989047097, ""mean_cost_per_unit"": 16.967681084551447, ""capacity_utilization"": 4667960.2, ""feasible"": false, ""n_runs"": 20, ""eligibility"": ""NO_CONCLUSION""}, {""value"": 16.0, ""strategy_id"": ""S19"", ""mean_fill"": 0.9965126343098806, ""p_meet"": 0.9, ""mean_cost"": 15876466.350059148, ""mcse_cost"": 13740.121753214433, ""mean_shortage_days"": 2.86039156626506, ""mean_cost_per_unit"": 16.901469686903646, ""capacity_utilization"": 4697154.2, ""feasible"": true, ""n_runs"": 20, ""eligibility"": ""NO_CONCLUSION""}, {""value"": 17.0, ""strategy_id"": ""S19"", ""mean_fill"": 0.9945247275823963, ""p_meet"": 0.8, ""mean_cost"": 15859245.092695162, ""mcse_cost"": 15159.73862395336, ""mean_shortage_days"": 4.660638006571742, ""mean_cost_per_unit"": 16.92133351147483, ""capacity_utilization"": 4686793.35, ""feasible"": false, ""n_runs"": 20, ""eligibility"": ""NO_CONCLUSION""}, {""value"": 16.5, ""strategy_id"": ""S19"", ""mean_fill"": 0.9946543333845705, ""p_meet"": 0.8, ""mean_cost"": 15866581.922296027, ""mcse_cost"": 15565.841263853916, ""mean_shortage_days"": 4.850664019715224, ""mean_cost_per_unit"": 16.926863323449147, ""capacity_utilization"": 4687401.9, ""feasible"": false, ""n_runs"": 20, ""eligibility"": ""NO_CONCLUSION""}, {""value"": 16.25, ""strategy_id"": ""S19"", ""mean_fill"": 0.9962325081442509, ""p_meet"": 0.85, ""mean_cost"": 15872208.481652638, ""mcse_cost"": 13669.140169099115, ""mean_shortage_days"": 3.5204819277108426, ""mean_cost_per_unit"": 16.901663102357347, ""capacity_utilization"": 4695821.65, ""feasible"": false, ""n_runs"": 20, ""eligibility"": ""NO_CONCLUSION""}, {""value"": 16.125, ""strategy_id"": ""S19"", ""mean_fill"": 0.9963679363580826, ""p_meet"": 0.85, ""mean_cost"": 15873936.775809342, ""mcse_cost"": 13566.25330712205, ""mean_shortage_days"": 3.2504449616648414, ""mean_cost_per_unit"": 16.901252839310803, ""capacity_utilization"": 4696469.1, ""feasible"": false, ""n_runs"": 20, ""eligibility"": ""NO_CONCLUSION""}]",bisection over 5 steps on 20 paired runs,16.0,16.125
S19,norepinephrine_1mgml_4ml,shelf_life,product.shelf_life_months,12.0,24.0,30.0,True,True,,feasible_everywhere,"[{""value"": 12.0, ""strategy_id"": ""S19"", ""mean_fill"": 0.9971727186713097, ""p_meet"": 0.95, ""mean_cost"": 15903065.712435272, ""mcse_cost"": 12014.9893011772, ""mean_shortage_days"": 2.260309419496166, ""mean_cost_per_unit"": 16.918197262351285, ""capacity_utilization"": 4700264.85, ""feasible"": true, ""n_runs"": 20, ""eligibility"": ""NO_CONCLUSION""}, {""value"": 30.0, ""strategy_id"": ""S19"", ""mean_fill"": 0.9971727186713097, ""p_meet"": 0.95, ""mean_cost"": 15897312.19857634, ""mcse_cost"": 11951.976090466467, ""mean_shortage_days"": 2.260309419496166, ""mean_cost_per_unit"": 16.9120749245729, ""capacity_utilization"": 4700264.85, ""feasible"": true, ""n_runs"": 20, ""eligibility"": ""NO_CONCLUSION""}]",feasibility does not change between 12.0 and 30.0; no threshold inside the recorded range,,
S19,norepinephrine_1mgml_4ml,raw_material_lead_time,product.material_lead_time_days,30.0,90.0,240.0,True,False,92.34375,feasible_below,"[{""value"": 30.0, ""strategy_id"": ""S19"", ""mean_fill"": 0.9980856154616348, ""p_meet"": 0.95, ""mean_cost"": 15898555.206438864, ""mcse_cost"": 11100.119354433393, ""mean_shortage_days"": 1.6302231653888282, ""mean_cost_per_unit"": 16.897471348910415, ""capacity_utilization"": 4704567.95, ""feasible"": true, ""n_runs"": 20, ""eligibility"": ""NO_CONCLUSION""}, {""value"": 240.0, ""strategy_id"": ""S19"", ""mean_fill"": 0.9868625722451465, ""p_meet"": 0.7, ""mean_cost"": 15847956.373093456, ""mcse_cost"": 15862.184866854435, ""mean_shortage_days"": 10.901492332968235, ""mean_cost_per_unit"": 17.03551264422176, ""capacity_utilization"": 4652258.5, ""feasible"": false, ""n_runs"": 20, ""eligibility"": ""NO_CONCLUSION""}, {""value"": 135.0, ""strategy_id"": ""S19"", ""mean_fill"": 0.9946286790014147, ""p_meet"": 0.75, ""mean_cost"": 15885082.729704136, ""mcse_cost"": 14688.316144817081, ""mean_shortage_days"": 4.730647590361445, ""mean_cost_per_unit"": 16.940758636124354, ""capacity_utilization"": 4688658.9, ""feasible"": false, ""n_runs"": 20, ""eligibility"": ""NO_CONCLUSION""}, {""value"": 82.5, ""strategy_id"": ""S19"", ""mean_fill"": 0.9963061204469822, ""p_meet"": 0.9, ""mean_cost"": 15903585.883472124, ""mcse_cost"": 11748.169191254327, ""mean_shortage_days"": 3.1804353778751366, ""mean_cost_per_unit"": 16.933668104037142, ""capacity_utilization"": 4696247.9, ""feasible"": true, ""n_runs"": 20, ""eligibility"": ""NO_CONCLUSION""}, {""value"": 108.75, ""strategy_id"": ""S19"", ""mean_fill"": 0.9955637399424949, ""p_meet"": 0.85, ""mean_cost"": 15898665.190529635, ""mcse_cost"": 12926.854039968433, ""mean_shortage_days"": 4.040553121577218, ""mean_cost_per_unit"": 16.93945429535383, ""capacity_utilization"": 4693378.85, ""feasible"": false, ""n_runs"": 20, ""eligibility"": ""NO_CONCLUSION""}, {""value"": 95.625, ""strategy_id"": ""S19"", ""mean_fill"": 0.9957161058857074, ""p_meet"": 0.85, ""mean_cost"": 15897486.952689528, ""mcse_cost"": 11881.571511752009, ""mean_shortage_days"": 3.680503833515881, ""mean_cost_per_unit"": 16.93707027561692, ""capacity_utilization"": 4693456.25, ""feasible"": false, ""n_runs"": 20, ""eligibility"": ""NO_CONCLUSION""}, {""value"": 89.0625, ""strategy_id"": ""S19"", ""mean_fill"": 0.99722734983102, ""p_meet"": 0.95, ""mean_cost"": 15899113.07636114, ""mcse_cost"": 11920.958333602737, ""mean_shortage_days"": 2.2303053121577214, ""mean_cost_per_unit"": 16.913048317821712, ""capacity_utilization"": 4700521.4, ""feasible"": true, ""n_runs"": 20, ""eligibility"": ""NO_CONCLUSION""}]",bisection over 5 steps on 20 paired runs,89.0625,95.625
S19,norepinephrine_1mgml_4ml,common_cause_dependence,global.common_cause_events_per_year,0.02,0.1,0.3,True,False,0.111875,feasible_below,"[{""value"": 0.02, ""strategy_id"": ""S19"", ""mean_fill"": 1.0, ""p_meet"": 1.0, ""mean_cost"": 15950161.073358726, ""mcse_cost"": 6163.058771065081, ""mean_shortage_days"": 0.0, ""mean_cost_per_unit"": 16.91952486654214, ""capacity_utilization"": 4713689.4, ""feasible"": true, ""n_runs"": 20, ""eligibility"": ""NO_CONCLUSION""}, {""value"": 0.3, ""strategy_id"": ""S19"", ""mean_fill"": 0.9771900922454426, ""p_meet"": 0.6, ""mean_cost"": 15807814.017335754, ""mcse_cost"": 23006.530026397013, ""mean_shortage_days"": 16.132208378970425, ""mean_cost_per_unit"": 17.186384156141308, ""capacity_utilization"": 4603236.3, ""feasible"": false, ""n_runs"": 20, ""eligibility"": ""NO_CONCLUSION""}, {""value"": 0.16, ""strategy_id"": ""S19"", ""mean_fill"": 0.9880460984240168, ""p_meet"": 0.7, ""mean_cost"": 15856449.993153494, ""mcse_cost"": 18220.291249392107, ""mean_shortage_days"": 8.111110350492881, ""mean_cost_per_unit"": 17.032239212589182, ""capacity_utilization"": 4657060.05, ""feasible"": false, ""n_runs"": 20, ""eligibility"": ""NO_CONCLUSION""}, {""value"": 0.09, ""strategy_id"": ""S19"", ""mean_fill"": 0.9982102566456987, ""p_meet"": 0.95, ""mean_cost"": 15902673.877716023, ""mcse_cost"": 11386.27625863363, ""mean_shortage_days"": 1.5202081051478642, ""mean_cost_per_unit"": 16.899561556793984, ""capacity_utilization"": 4705185.9, ""feasible"": true, ""n_runs"": 20, ""eligibility"": ""NO_CONCLUSION""}, {""value"": 0.125, ""strategy_id"": ""S19"", ""mean_fill"": 0.9960291390633303, ""p_meet"": 0.85, ""mean_cost"": 15890754.498806814, ""mcse_cost"": 14085.993150309685, ""mean_shortage_days"": 3.2204408543263967, ""mean_cost_per_unit"": 16.927338948011403, ""capacity_utilization"": 4694179.4, ""feasible"": false, ""n_runs"": 20, ""eligibility"": ""NO_CONCLUSION""}, {""value"": 0.1075, ""strategy_id"": ""S19"", ""mean_fill"": 0.9962413594398665, ""p_meet"": 0.9, ""mean_cost"": 15890147.458900165, ""mcse_cost"": 13609.95939912567, ""mean_shortage_days"": 2.4303326944140196, ""mean_cost_per_unit"": 16.923617701564776, ""capacity_utilization"": 4695115.85, ""feasible"": true, ""n_runs"": 20, ""eligibility"": ""NO_CONCLUSION""}, {""value"": 0.11624999999999999, ""strategy_id"": ""S19"", ""mean_fill"": 0.9960291390633303, ""p_meet"": 0.85, ""mean_cost"": 15891920.93228285, ""mcse_cost"": 14076.624196194605, ""mean_shortage_days"": 3.2604463307776554, ""mean_cost_per_unit"": 16.928596986720272, ""capacity_utilization"": 4694179.4, ""feasible"": false, ""n_runs"": 20, ""eligibility"": ""NO_CONCLUSION""}]",bisection over 5 steps on 20 paired runs,0.1075,0.11624999999999999
S19,norepinephrine_1mgml_4ml,supplier_concentration,global.supplier_disruptions_per_supplier_year,0.05,0.2,0.6,True,False,0.28203125,feasible_below,"[{""value"": 0.05, ""strategy_id"": ""S19"", ""mean_fill"": 0.9971727186713097, ""p_meet"": 0.95, ""mean_cost"": 15908739.764135217, ""mcse_cost"": 11496.940116488538, ""mean_shortage_days"": 2.1902998357064623, ""mean_cost_per_unit"": 16.924233231905593, ""capacity_utilization"": 4700264.85, ""feasible"": true, ""n_runs"": 20, ""eligibility"": ""NO_CONCLUSION""}, {""value"": 0.6, ""strategy_id"": ""S19"", ""mean_fill"": 0.9895078424075605, ""p_meet"": 0.6, ""mean_cost"": 15836307.584994491, ""mcse_cost"": 14301.423280681885, ""mean_shortage_days"": 7.731058324205914, ""mean_cost_per_unit"": 16.983586143998544, ""capacity_utilization"": 4663147.35, ""feasible"": false, ""n_runs"": 20, ""eligibility"": ""NO_CONCLUSION""}, {""value"": 0.325, ""strategy_id"": ""S19"", ""mean_fill"": 0.9942984454945669, ""p_meet"": 0.8, ""mean_cost"": 15881169.698355284, ""mcse_cost"": 12032.417069373278, ""mean_shortage_days"": 4.070557228915662, ""mean_cost_per_unit"": 16.944992575286356, ""capacity_utilization"": 4686864.2, ""feasible"": false, ""n_runs"": 20, ""eligibility"": ""NO_CONCLUSION""}, {""value"": 0.1875, ""strategy_id"": ""S19"", ""mean_fill"": 0.9971592989966027, ""p_meet"": 0.95, ""mean_cost"": 15898531.72360015, ""mcse_cost"": 11859.196904566374, ""mean_shortage_days"": 2.5203450164293537, ""mean_cost_per_unit"": 16.913589272653255, ""capacity_utilization"": 4700198.85, ""feasible"": true, ""n_runs"": 20, ""eligibility"": ""NO_CONCLUSION""}, {""value"": 0.25625, ""strategy_id"": ""S19"", ""mean_fill"": 0.9958002159073274, ""p_meet"": 0.9, ""mean_cost"": 15889843.493913855, ""mcse_cost"": 13005.953478669939, ""mean_shortage_days"": 3.2804490690032857, ""mean_cost_per_unit"": 16.927950637667685, ""capacity_utilization"": 4693830.75, ""feasible"": true, ""n_runs"": 20, ""eligibility"": ""NO_CONCLUSION""}, {""value"": 0.290625, ""strategy_id"": ""S19"", ""mean_fill"": 0.9950166825535876, ""p_meet"": 0.85, ""mean_cost"": 15887750.262882974, ""mcse_cost"": 11645.161492294115, ""mean_shortage_days"": 3.4404709748083233, ""mean_cost_per_unit"": 16.93990554596045, ""capacity_utilization"": 4690211.9, ""feasible"": false, ""n_runs"": 20, ""eligibility"": ""NO_CONCLUSION""}, {""value"": 0.2734375, ""strategy_id"": ""S19"", ""mean_fill"": 0.9961651745248503, ""p_meet"": 0.9, ""mean_cost"": 15887159.198430592, ""mcse_cost"": 12805.021701842059, ""mean_shortage_days"": 2.910398411829134, ""mean_cost_per_unit"": 16.91903236877311, ""capacity_utilization"": 4695575.4, ""feasible"": true, ""n_runs"": 20, ""eligibility"": ""NO_CONCLUSION""}]",bisection over 5 steps on 20 paired runs,0.2734375,0.290625
S19,norepinephrine_1mgml_4ml,commissioning_days,global.node_commissioning_days,365.0,730.0,1095.0,True,True,,feasible_everywhere,"[{""value"": 365.0, ""strategy_id"": ""S19"", ""mean_fill"": 0.9971727186713097, ""p_meet"": 0.95, ""mean_cost"": 15897370.611151192, ""mcse_cost"": 11932.98812665144, ""mean_shortage_days"": 2.260309419496166, ""mean_cost_per_unit"": 16.912137440539023, ""capacity_utilization"": 4700264.85, ""feasible"": true, ""n_runs"": 20, ""eligibility"": ""NO_CONCLUSION""}, {""value"": 1095.0, ""strategy_id"": ""S19"", ""mean_fill"": 0.9971727186713097, ""p_meet"": 0.95, ""mean_cost"": 15897370.611151192, ""mcse_cost"": 11932.98812665144, ""mean_shortage_days"": 2.260309419496166, ""mean_cost_per_unit"": 16.912137440539023, ""capacity_utilization"": 4700264.85, ""feasible"": true, ""n_runs"": 20, ""eligibility"": ""NO_CONCLUSION""}]",feasibility does not change between 365.0 and 1095.0; no threshold inside the recorded range,,
S19,norepinephrine_1mgml_4ml,activation_latency_days,global.reserved_capacity_activation_days,7.0,21.0,60.0,True,True,,feasible_everywhere,"[{""value"": 7.0, ""strategy_id"": ""S19"", ""mean_fill"": 0.9971727186713097, ""p_meet"": 0.95, ""mean_cost"": 15897370.611151192, ""mcse_cost"": 11932.98812665144, ""mean_shortage_days"": 2.260309419496166, ""mean_cost_per_unit"": 16.912137440539023, ""capacity_utilization"": 4700264.85, ""feasible"": true, ""n_runs"": 20, ""eligibility"": ""NO_CONCLUSION""}, {""value"": 60.0, ""strategy_id"": ""S19"", ""mean_fill"": 0.9971727186713097, ""p_meet"": 0.95, ""mean_cost"": 15897370.611151192, ""mcse_cost"": 11932.98812665144, ""mean_shortage_days"": 2.260309419496166, ""mean_cost_per_unit"": 16.912137440539023, ""capacity_utilization"": 4700264.85, ""feasible"": true, ""n_runs"": 20, ""eligibility"": ""NO_CONCLUSION""}]",feasibility does not change between 7.0 and 60.0; no threshold inside the recorded range,,
S19,norepinephrine_1mgml_4ml,node_capital,product.capital_usd_per_site,15000000.0,40000000.0,100000000.0,True,True,,feasible_everywhere,"[{""value"": 15000000.0, ""strategy_id"": ""S19"", ""mean_fill"": 0.9971727186713097, ""p_meet"": 0.95, ""mean_cost"": 10451019.334787445, ""mcse_cost"": 11932.988126651417, ""mean_shortage_days"": 2.260309419496166, ""mean_cost_per_unit"": 11.117908921910244, ""capacity_utilization"": 4700264.85, ""feasible"": true, ""n_runs"": 20, ""eligibility"": ""NO_CONCLUSION""}, {""value"": 100000000.0, ""strategy_id"": ""S19"", ""mean_fill"": 0.9971727186713097, ""p_meet"": 0.95, ""mean_cost"": 28968613.674423568, ""mcse_cost"": 11932.988126651484, ""mean_shortage_days"": 2.260309419496166, ""mean_cost_per_unit"": 30.81828588524745, ""capacity_utilization"": 4700264.85, ""feasible"": true, ""n_runs"": 20, ""eligibility"": ""NO_CONCLUSION""}]",feasibility does not change between 15000000.0 and 100000000.0; no threshold inside the recorded range,,
S19,norepinephrine_1mgml_4ml,batches_per_site_year,product.batches_per_site_year_nominal,30.0,45.0,70.0,False,True,43.125,feasible_above,"[{""value"": 30.0, ""strategy_id"": ""S19"", ""mean_fill"": 0.8531568981783385, ""p_meet"": 0.0, ""mean_cost"": 15462141.001590032, ""mcse_cost"": 18073.00040664268, ""mean_shortage_days"": 156.15137595837894, ""mean_cost_per_unit"": 19.272931542908758, ""capacity_utilization"": 4017807.1, ""feasible"": false, ""n_runs"": 20, ""eligibility"": ""NO_CONCLUSION""}, {""value"": 70.0, ""strategy_id"": ""S19"", ""mean_fill"": 1.0, ""p_meet"": 1.0, ""mean_cost"": 15940649.79284433, ""mcse_cost"": 8626.269640689503, ""mean_shortage_days"": 0.06000821467688937, ""mean_cost_per_unit"": 16.9093127101313, ""capacity_utilization"": 4713689.4, ""feasible"": true, ""n_runs"": 20, ""eligibility"": ""NO_CONCLUSION""}, {""value"": 50.0, ""strategy_id"": ""S19"", ""mean_fill"": 0.9992635408922906, ""p_meet"": 0.95, ""mean_cost"": 15917336.522914315, ""mcse_cost"": 8832.286683410419, ""mean_shortage_days"": 0.7501026834611172, ""mean_cost_per_unit"": 16.897007453314, ""capacity_utilization"": 4710172.55, ""feasible"": true, ""n_runs"": 20, ""eligibility"": ""NO_CONCLUSION""}, {""value"": 40.0, ""strategy_id"": ""S19"", ""mean_fill"": 0.9916846954142592, ""p_meet"": 0.75, ""mean_cost"": 15862884.678110803, ""mcse_cost"": 16750.270051571868, ""mean_shortage_days"": 7.66104874041621, ""mean_cost_per_unit"": 16.971614952791175, ""capacity_utilization"": 4674509.45, ""feasible"": false, ""n_runs"": 20, ""eligibility"": ""NO_CONCLUSION""}, {""value"": 45.0, ""strategy_id"": ""S19"", ""mean_fill"": 0.9971727186713097, ""p_meet"": 0.95, ""mean_cost"": 15897370.611151192, ""mcse_cost"": 11932.98812665144, ""mean_shortage_days"": 2.260309419496166, ""mean_cost_per_unit"": 16.912137440539023, ""capacity_utilization"": 4700264.85, ""feasible"": true, ""n_runs"": 20, ""eligibility"": ""NO_CONCLUSION""}, {""value"": 42.5, ""strategy_id"": ""S19"", ""mean_fill"": 0.9936408511701682, ""p_meet"": 0.8, ""mean_cost"": 15872183.537804013, ""mcse_cost"": 16288.377705375518, ""mean_shortage_days"": 5.880805038335159, ""mean_cost_per_unit"": 16.947556763236232, ""capacity_utilization"": 4683706.7, ""feasible"": false, ""n_runs"": 20, ""eligibility"": ""NO_CONCLUSION""}, {""value"": 43.75, ""strategy_id"": ""S19"", ""mean_fill"": 0.9963639207577442, ""p_meet"": 0.9, ""mean_cost"": 15893545.920402655, ""mcse_cost"": 12751.38820456625, ""mean_shortage_days"": 3.2704476998904703, ""mean_cost_per_unit"": 16.92095922184801, ""capacity_utilization"": 4696730.4, ""feasible"": true, ""n_runs"": 20, ""eligibility"": ""NO_CONCLUSION""}]",bisection over 5 steps on 20 paired runs,42.5,43.75
S19,norepinephrine_1mgml_4ml,changeover_burden,product.changeover_days,1.0,3.0,10.0,True,False,4.515625,feasible_below,"[{""value"": 1.0, ""strategy_id"": ""S19"", ""mean_fill"": 0.9969233380402438, ""p_meet"": 0.9, ""mean_cost"": 15918290.350228857, ""mcse_cost"": 11689.88081491881, ""mean_shortage_days"": 2.6703655531215773, ""mean_cost_per_unit"": 16.938595846679583, ""capacity_utilization"": 4699131.3, ""feasible"": true, ""n_runs"": 20, ""eligibility"": ""NO_CONCLUSION""}, {""value"": 10.0, ""strategy_id"": ""S19"", ""mean_fill"": 0.9216049854928917, ""p_meet"": 0.0, ""mean_cost"": 15604259.731231445, ""mcse_cost"": 14539.853559320369, ""mean_shortage_days"": 99.86367059145672, ""mean_cost_per_unit"": 17.995646806332203, ""capacity_utilization"": 4339921.85, ""feasible"": false, ""n_runs"": 20, ""eligibility"": ""NO_CONCLUSION""}, {""value"": 5.5, ""strategy_id"": ""S19"", ""mean_fill"": 0.9967951028528633, ""p_meet"": 0.85, ""mean_cost"": 15879315.932709614, ""mcse_cost"": 13370.295615744542, ""mean_shortage_days"": 2.4303326944140196, ""mean_cost_per_unit"": 16.899379753478332, ""capacity_utilization"": 4698507.25, ""feasible"": false, ""n_runs"": 20, ""eligibility"": ""NO_CONCLUSION""}, {""value"": 3.25, ""strategy_id"": ""S19"", ""mean_fill"": 0.9971727186713097, ""p_meet"": 0.95, ""mean_cost"": 15897370.611151192, ""mcse_cost"": 11932.98812665144, ""mean_shortage_days"": 2.260309419496166, ""mean_cost_per_unit"": 16.912137440539023, ""capacity_utilization"": 4700264.85, ""feasible"": true, ""n_runs"": 20, ""eligibility"": ""NO_CONCLUSION""}, {""value"": 4.375, ""strategy_id"": ""S19"", ""mean_fill"": 0.9968484851788159, ""p_meet"": 0.9, ""mean_cost"": 15892250.22914229, ""mcse_cost"": 12456.050868041686, ""mean_shortage_days"": 2.480339539978094, ""mean_cost_per_unit"": 16.912299671161435, ""capacity_utilization"": 4698750.9, ""feasible"": true, ""n_runs"": 20, ""eligibility"": ""NO_CONCLUSION""}, {""value"": 4.9375, ""strategy_id"": ""S19"", ""mean_fill"": 0.9967951028528633, ""p_meet"": 0.85, ""mean_cost"": 15879315.932709614, ""mcse_cost"": 13370.295615744542, ""mean_shortage_days"": 2.4303326944140196, ""mean_cost_per_unit"": 16.899379753478332, ""capacity_utilization"": 4698507.25, ""feasible"": false, ""n_runs"": 20, ""eligibility"": ""NO_CONCLUSION""}, {""value"": 4.65625, ""strategy_id"": ""S19"", ""mean_fill"": 0.9967951028528633, ""p_meet"": 0.85, ""mean_cost"": 15879315.932709614, ""mcse_cost"": 13370.295615744542, ""mean_shortage_days"": 2.4303326944140196, ""mean_cost_per_unit"": 16.899379753478332, ""capacity_utilization"": 4698507.25, ""feasible"": false, ""n_runs"": 20, ""eligibility"": ""NO_CONCLUSION""}]",bisection over 5 steps on 20 paired runs,4.375,4.65625
S0,sodium_bicarbonate_8_4_50ml,capacity_utilization,product.annual_demand_units,600000.0,1200000.0,2400000.0,True,False,1021875.0,feasible_below,"[{""value"": 600000.0, ""strategy_id"": ""S0"", ""mean_fill"": 1.0, ""p_meet"": 1.0, ""mean_cost"": 12570221.390704751, ""mcse_cost"": 8608.84480450621, ""mean_shortage_days"": 0.0, ""mean_cost_per_unit"": 20.00137512523579, ""capacity_utilization"": 3142458.6, ""feasible"": true, ""n_runs"": 20, ""eligibility"": ""NO_CONCLUSION""}, {""value"": 2400000.0, ""strategy_id"": ""S0"", ""mean_fill"": 0.5264215398503554, ""p_meet"": 0.0, ""mean_cost"": 13927091.868372027, ""mcse_cost"": 23739.764882123032, ""mean_shortage_days"": 240.19288061336252, ""mean_cost_per_unit"": 10.61541843568, ""capacity_utilization"": 6565449.65, ""feasible"": false, ""n_runs"": 20, ""eligibility"": ""NO_CONCLUSION""}, {""value"": 1500000.0, ""strategy_id"": ""S0"", ""mean_fill"": 0.7688320755478655, ""p_meet"": 0.0, ""mean_cost"": 13545129.946525153, ""mcse_cost"": 26205.251118101034, ""mean_shortage_days"": 134.99848028477547, ""mean_cost_per_unit"": 11.2768638560602, ""capacity_utilization"": 6012746.35, ""feasible"": false, ""n_runs"": 20, ""eligibility"": ""NO_CONCLUSION""}, {""value"": 1050000.0, ""strategy_id"": ""S0"", ""mean_fill"": 0.9902190583322547, ""p_meet"": 0.8, ""mean_cost"": 13394158.88525313, ""mcse_cost"": 33103.896278039036, ""mean_shortage_days"": 11.751608707557503, ""mean_cost_per_unit"": 12.305683400714056, ""capacity_utilization"": 5443070.5, ""feasible"": false, ""n_runs"": 20, ""eligibility"": ""NO_CONCLUSION""}, {""value"": 825000.0, ""strategy_id"": ""S0"", ""mean_fill"": 1.0, ""p_meet"": 1.0, ""mean_cost"": 13271217.218195165, ""mcse_cost"": 22912.12051621101, ""mean_shortage_days"": 0.0, ""mean_cost_per_unit"": 15.358306573601348, ""capacity_utilization"": 4320881.5, ""feasible"": true, ""n_runs"": 20, ""eligibility"": ""NO_CONCLUSION""}, {""value"": 937500.0, ""strategy_id"": ""S0"", ""mean_fill"": 0.9995760411908883, ""p_meet"": 1.0, ""mean_cost"": 13346021.040582886, ""mcse_cost"": 32212.892655799595, ""mean_shortage_days"": 0.9101245892661554, ""mean_cost_per_unit"": 13.597354033407811, ""capacity_utilization"": 4907974.5, ""feasible"": true, ""n_runs"": 20, ""eligibility"": ""NO_CONCLUSION""}, {""value"": 993750.0, ""strategy_id"": ""S0"", ""mean_fill"": 0.9967764952114475, ""p_meet"": 0.9, ""mean_cost"": 13369070.360614382, ""mcse_cost"": 33014.15552940129, ""mean_shortage_days"": 4.120564074479736, ""mean_cost_per_unit"": 12.886527925702191, ""capacity_utilization"": 5187553.05, ""feasible"": true, ""n_runs"": 20, ""eligibility"": ""NO_CONCLUSION""}]",bisection over 5 steps on 20 paired runs,993750.0,1050000.0
S0,sodium_bicarbonate_8_4_50ml,fixed_qa_labor_per_node,product.fixed_qa_labor_usd_per_site_year,1500000.0,3000000.0,6000000.0,False,False,,infeasible_everywhere,"[{""value"": 1500000.0, ""strategy_id"": ""S0"", ""mean_fill"": 0.9256182431092042, ""p_meet"": 0.0, ""mean_cost"": 11869154.103017522, ""mcse_cost"": 29831.592848806267, ""mean_shortage_days"": 66.50910460021905, ""mean_cost_per_unit"": 10.248364823663085, ""capacity_utilization"": 5798246.45, ""feasible"": false, ""n_runs"": 20, ""eligibility"": ""NO_CONCLUSION""}, {""value"": 6000000.0, ""strategy_id"": ""S0"", ""mean_fill"": 0.9256182431092042, ""p_meet"": 0.0, ""mean_cost"": 16548271.623323154, ""mcse_cost"": 29831.5928488063, ""mean_shortage_days"": 66.50910460021905, ""mean_cost_per_unit"": 14.290466199613771, ""capacity_utilization"": 5798246.45, ""feasible"": false, ""n_runs"": 20, ""eligibility"": ""NO_CONCLUSION""}]",feasibility does not change between 1500000.0 and 6000000.0; no threshold inside the recorded range,,
S0,sodium_bicarbonate_8_4_50ml,release_time,global.sterility_incubation_days,14.0,14.0,18.0,False,False,,infeasible_everywhere,"[{""value"": 14.0, ""strategy_id"": ""S0"", ""mean_fill"": 0.9256182431092042, ""p_meet"": 0.0, ""mean_cost"": 13428859.943119397, ""mcse_cost"": 29831.592848806275, ""mean_shortage_days"": 66.50910460021905, ""mean_cost_per_unit"": 11.59573194897998, ""capacity_utilization"": 5798246.45, ""feasible"": false, ""n_runs"": 20, ""eligibility"": ""NO_CONCLUSION""}, {""value"": 18.0, ""strategy_id"": ""S0"", ""mean_fill"": 0.9240929207080395, ""p_meet"": 0.0, ""mean_cost"": 13424751.514714789, ""mcse_cost"": 29507.837574839046, ""mean_shortage_days"": 67.67926478641841, ""mean_cost_per_unit"": 11.609900335951114, ""capacity_utilization"": 5789698.55, ""feasible"": false, ""n_runs"": 20, ""eligibility"": ""NO_CONCLUSION""}]",feasibility does not change between 14.0 and 18.0; no threshold inside the recorded range,,
S0,sodium_bicarbonate_8_4_50ml,shelf_life,product.shelf_life_months,12.0,24.0,36.0,False,False,,infeasible_everywhere,"[{""value"": 12.0, ""strategy_id"": ""S0"", ""mean_fill"": 0.8332571487335054, ""p_meet"": 0.0, ""mean_cost"": 13476561.682515567, ""mcse_cost"": 27380.897519810358, ""mean_shortage_days"": 144.17973713033953, ""mean_cost_per_unit"": 12.936200146030206, ""capacity_utilization"": 5217883.7, ""feasible"": false, ""n_runs"": 20, ""eligibility"": ""NO_CONCLUSION""}, {""value"": 36.0, ""strategy_id"": ""S0"", ""mean_fill"": 0.9256182431092042, ""p_meet"": 0.0, ""mean_cost"": 13428859.943119397, ""mcse_cost"": 29831.592848806275, ""mean_shortage_days"": 66.50910460021905, ""mean_cost_per_unit"": 11.59573194897998, ""capacity_utilization"": 5798246.45, ""feasible"": false, ""n_runs"": 20, ""eligibility"": ""NO_CONCLUSION""}]",feasibility does not change between 12.0 and 36.0; no threshold inside the recorded range,,
S0,sodium_bicarbonate_8_4_50ml,raw_material_lead_time,product.material_lead_time_days,30.0,90.0,240.0,False,False,,infeasible_everywhere,"[{""value"": 30.0, ""strategy_id"": ""S0"", ""mean_fill"": 0.9368022704426217, ""p_meet"": 0.1, ""mean_cost"": 13472194.536013057, ""mcse_cost"": 28923.742790007895, ""mean_shortage_days"": 56.51773685651697, ""mean_cost_per_unit"": 11.4886013998214, ""capacity_utilization"": 5870487.25, ""feasible"": false, ""n_runs"": 20, ""eligibility"": ""NO_CONCLUSION""}, {""value"": 240.0, ""strategy_id"": ""S0"", ""mean_fill"": 0.878948004341563, ""p_meet"": 0.0, ""mean_cost"": 13258869.603254955, ""mcse_cost"": 22619.730107436513, ""mean_shortage_days"": 104.51430722891567, ""mean_cost_per_unit"": 12.046617631284645, ""capacity_utilization"": 5509679.6, ""feasible"": false, ""n_runs"": 20, ""eligibility"": ""NO_CONCLUSION""}]",feasibility does not change between 30.0 and 240.0; no threshold inside the recorded range,,
S0,sodium_bicarbonate_8_4_50ml,common_cause_dependence,global.common_cause_events_per_year,0.02,0.1,0.3,False,False,,infeasible_everywhere,"[{""value"": 0.02, ""strategy_id"": ""S0"", ""mean_fill"": 0.9491351236756204, ""p_meet"": 0.05, ""mean_cost"": 13507559.593630126, ""mcse_cost"": 20048.086775826767, ""mean_shortage_days"": 49.49677573932092, ""mean_cost_per_unit"": 11.357575039621393, ""capacity_utilization"": 5948695.3, ""feasible"": false, ""n_runs"": 20, ""eligibility"": ""NO_CONCLUSION""}, {""value"": 0.3, ""strategy_id"": ""S0"", ""mean_fill"": 0.8885102514941068, ""p_meet"": 0.0, ""mean_cost"": 13314999.434247425, ""mcse_cost"": 37596.088931444174, ""mean_shortage_days"": 83.04136774370208, ""mean_cost_per_unit"": 11.999721368528773, ""capacity_utilization"": 5564603.15, ""feasible"": false, ""n_runs"": 20, ""eligibility"": ""NO_CONCLUSION""}]",feasibility does not change between 0.02 and 0.3; no threshold inside the recorded range,,
S0,sodium_bicarbonate_8_4_50ml,supplier_concentration,global.supplier_disruptions_per_supplier_year,0.05,0.2,0.6,False,False,,infeasible_everywhere,"[{""value"": 0.05, ""strategy_id"": ""S0"", ""mean_fill"": 0.9358272613896752, ""p_meet"": 0.05, ""mean_cost"": 13466584.725229854, ""mcse_cost"": 29335.737519790262, ""mean_shortage_days"": 56.457728641840085, ""mean_cost_per_unit"": 11.492650444908111, ""capacity_utilization"": 5866169.65, ""feasible"": false, ""n_runs"": 20, ""eligibility"": ""NO_CONCLUSION""}, {""value"": 0.6, ""strategy_id"": ""S0"", ""mean_fill"": 0.8972701963031431, ""p_meet"": 0.0, ""mean_cost"": 13339774.708748795, ""mcse_cost"": 29845.83894580917, ""mean_shortage_days"": 80.47101588170865, ""mean_cost_per_unit"": 11.878758336309861, ""capacity_utilization"": 5623500.55, ""feasible"": false, ""n_runs"": 20, ""eligibility"": ""NO_CONCLUSION""}]",feasibility does not change between 0.05 and 0.6; no threshold inside the recorded range,,
S0,sodium_bicarbonate_8_4_50ml,commissioning_days,global.node_commissioning_days,365.0,730.0,1095.0,False,False,,infeasible_everywhere,"[{""value"": 365.0, ""strategy_id"": ""S0"", ""mean_fill"": 0.9256182431092042, ""p_meet"": 0.0, ""mean_cost"": 13428859.943119397, ""mcse_cost"": 29831.592848806275, ""mean_shortage_days"": 66.50910460021905, ""mean_cost_per_unit"": 11.59573194897998, ""capacity_utilization"": 5798246.45, ""feasible"": false, ""n_runs"": 20, ""eligibility"": ""NO_CONCLUSION""}, {""value"": 1095.0, ""strategy_id"": ""S0"", ""mean_fill"": 0.9256182431092042, ""p_meet"": 0.0, ""mean_cost"": 13428859.943119397, ""mcse_cost"": 29831.592848806275, ""mean_shortage_days"": 66.50910460021905, ""mean_cost_per_unit"": 11.59573194897998, ""capacity_utilization"": 5798246.45, ""feasible"": false, ""n_runs"": 20, ""eligibility"": ""NO_CONCLUSION""}]",feasibility does not change between 365.0 and 1095.0; no threshold inside the recorded range,,
S0,sodium_bicarbonate_8_4_50ml,activation_latency_days,global.reserved_capacity_activation_days,7.0,21.0,60.0,False,False,,infeasible_everywhere,"[{""value"": 7.0, ""strategy_id"": ""S0"", ""mean_fill"": 0.9256182431092042, ""p_meet"": 0.0, ""mean_cost"": 13428859.943119397, ""mcse_cost"": 29831.592848806275, ""mean_shortage_days"": 66.50910460021905, ""mean_cost_per_unit"": 11.59573194897998, ""capacity_utilization"": 5798246.45, ""feasible"": false, ""n_runs"": 20, ""eligibility"": ""NO_CONCLUSION""}, {""value"": 60.0, ""strategy_id"": ""S0"", ""mean_fill"": 0.9256182431092042, ""p_meet"": 0.0, ""mean_cost"": 13428859.943119397, ""mcse_cost"": 29831.592848806275, ""mean_shortage_days"": 66.50910460021905, ""mean_cost_per_unit"": 11.59573194897998, ""capacity_utilization"": 5798246.45, ""feasible"": false, ""n_runs"": 20, ""eligibility"": ""NO_CONCLUSION""}]",feasibility does not change between 7.0 and 60.0; no threshold inside the recorded range,,
S0,sodium_bicarbonate_8_4_50ml,node_capital,product.capital_usd_per_site,15000000.0,40000000.0,100000000.0,False,False,,infeasible_everywhere,"[{""value"": 15000000.0, ""strategy_id"": ""S0"", ""mean_fill"": 0.9256182431092042, ""p_meet"": 0.0, ""mean_cost"": 9239358.961301083, ""mcse_cost"": 29831.5928488063, ""mean_shortage_days"": 66.50910460021905, ""mean_cost_per_unit"": 7.976590602419305, ""capacity_utilization"": 5798246.45, ""feasible"": false, ""n_runs"": 20, ""eligibility"": ""NO_CONCLUSION""}, {""value"": 100000000.0, ""strategy_id"": ""S0"", ""mean_fill"": 0.9256182431092042, ""p_meet"": 0.0, ""mean_cost"": 23483662.29948268, ""mcse_cost"": 29831.59284880634, ""mean_shortage_days"": 66.50910460021905, ""mean_cost_per_unit"": 20.28167118072501, ""capacity_utilization"": 5798246.45, ""feasible"": false, ""n_runs"": 20, ""eligibility"": ""NO_CONCLUSION""}]",feasibility does not change between 15000000.0 and 100000000.0; no threshold inside the recorded range,,
S0,sodium_bicarbonate_8_4_50ml,batches_per_site_year,product.batches_per_site_year_nominal,30.0,45.0,70.0,False,True,54.375,feasible_above,"[{""value"": 30.0, ""strategy_id"": ""S0"", ""mean_fill"": 0.6467111682501091, ""p_meet"": 0.0, ""mean_cost"": 12562273.81409133, ""mcse_cost"": 15131.216722581128, ""mean_shortage_days"": 187.57567771084337, ""mean_cost_per_unit"": 15.551126353271766, ""capacity_utilization"": 4042946.6, ""feasible"": false, ""n_runs"": 20, ""eligibility"": ""NO_CONCLUSION""}, {""value"": 70.0, ""strategy_id"": ""S0"", ""mean_fill"": 1.0, ""p_meet"": 1.0, ""mean_cost"": 14536646.421391651, ""mcse_cost"": 33891.921489458706, ""mean_shortage_days"": 0.0, ""mean_cost_per_unit"": 11.565821991119794, ""capacity_utilization"": 6284911.2, ""feasible"": true, ""n_runs"": 20, ""eligibility"": ""NO_CONCLUSION""}, {""value"": 50.0, ""strategy_id"": ""S0"", ""mean_fill"": 0.9870095039696227, ""p_meet"": 0.75, ""mean_cost"": 13754614.231604341, ""mcse_cost"": 35675.386798418884, ""mean_shortage_days"": 14.311959200438116, ""mean_cost_per_unit"": 11.096115879183717, ""capacity_utilization"": 6199532.75, ""feasible"": false, ""n_runs"": 20, ""eligibility"": ""NO_CONCLUSION""}, {""value"": 60.0, ""strategy_id"": ""S0"", ""mean_fill"": 1.0, ""p_meet"": 1.0, ""mean_cost"": 14203515.937780743, ""mcse_cost"": 39371.85159903056, ""mean_shortage_days"": 0.0, ""mean_cost_per_unit"": 11.30070966083449, ""capacity_utilization"": 6284911.2, ""feasible"": true, ""n_runs"": 20, ""eligibility"": ""NO_CONCLUSION""}, {""value"": 55.0, ""strategy_id"": ""S0"", ""mean_fill"": 1.0, ""p_meet"": 1.0, ""mean_cost"": 14179333.514398497, ""mcse_cost"": 44734.58566012152, ""mean_shortage_days"": 0.10001369112814895, ""mean_cost_per_unit"": 11.281654853560463, ""capacity_utilization"": 6284848.15, ""feasible"": true, ""n_runs"": 20, ""eligibility"": ""NO_CONCLUSION""}, {""value"": 52.5, ""strategy_id"": ""S0"", ""mean_fill"": 0.9876054494299797, ""p_meet"": 0.75, ""mean_cost"": 13756218.464636061, ""mcse_cost"": 35961.887071072335, ""mean_shortage_days"": 13.93190717415115, ""mean_cost_per_unit"": 11.093538022015656, ""capacity_utilization"": 6201478.6, ""feasible"": false, ""n_runs"": 20, ""eligibility"": ""NO_CONCLUSION""}, {""value"": 53.75, ""strategy_id"": ""S0"", ""mean_fill"": 0.9889316639989607, ""p_meet"": 0.75, ""mean_cost"": 13764440.826982249, ""mcse_cost"": 33760.67958962914, ""mean_shortage_days"": 12.711740142387733, ""mean_cost_per_unit"": 11.083853396820519, ""capacity_utilization"": 6210196.35, ""feasible"": false, ""n_runs"": 20, ""eligibility"": ""NO_CONCLUSION""}]",bisection over 5 steps on 20 paired runs,53.75,55.0
S0,sodium_bicarbonate_8_4_50ml,changeover_burden,product.changeover_days,1.0,3.0,10.0,False,False,,infeasible_everywhere,"[{""value"": 1.0, ""strategy_id"": ""S0"", ""mean_fill"": 0.9264844329240791, ""p_meet"": 0.0, ""mean_cost"": 13431488.640927482, ""mcse_cost"": 29584.314570624727, ""mean_shortage_days"": 66.04904162102956, ""mean_cost_per_unit"": 11.58770828702887, ""capacity_utilization"": 5803507.45, ""feasible"": false, ""n_runs"": 20, ""eligibility"": ""NO_CONCLUSION""}, {""value"": 10.0, ""strategy_id"": ""S0"", ""mean_fill"": 0.692716062909425, ""p_meet"": 0.0, ""mean_cost"": 12702585.044443224, ""mcse_cost"": 13741.423157553956, ""mean_shortage_days"": 173.9738157174151, ""mean_cost_per_unit"": 14.671045262107691, ""capacity_utilization"": 4331610.2, ""feasible"": false, ""n_runs"": 20, ""eligibility"": ""NO_CONCLUSION""}]",feasibility does not change between 1.0 and 10.0; no threshold inside the recorded range,,
S1,sodium_bicarbonate_8_4_50ml,capacity_utilization,product.annual_demand_units,600000.0,1200000.0,2400000.0,True,False,1021875.0,feasible_below,"[{""value"": 600000.0, ""strategy_id"": ""S1"", ""mean_fill"": 1.0, ""p_meet"": 1.0, ""mean_cost"": 12570221.390704751, ""mcse_cost"": 8608.84480450621, ""mean_shortage_days"": 0.0, ""mean_cost_per_unit"": 20.00137512523579, ""capacity_utilization"": 3142458.6, ""feasible"": true, ""n_runs"": 20, ""eligibility"": ""NO_CONCLUSION""}, {""value"": 2400000.0, ""strategy_id"": ""S1"", ""mean_fill"": 0.5264215398503554, ""p_meet"": 0.0, ""mean_cost"": 13927091.868372027, ""mcse_cost"": 23739.764882123032, ""mean_shortage_days"": 240.19288061336252, ""mean_cost_per_unit"": 10.61541843568, ""capacity_utilization"": 6565449.65, ""feasible"": false, ""n_runs"": 20, ""eligibility"": ""NO_CONCLUSION""}, {""value"": 1500000.0, ""strategy_id"": ""S1"", ""mean_fill"": 0.7688320755478655, ""p_meet"": 0.0, ""mean_cost"": 13545129.946525153, ""mcse_cost"": 26205.251118101034, ""mean_shortage_days"": 134.99848028477547, ""mean_cost_per_unit"": 11.2768638560602, ""capacity_utilization"": 6012746.35, ""feasible"": false, ""n_runs"": 20, ""eligibility"": ""NO_CONCLUSION""}, {""value"": 1050000.0, ""strategy_id"": ""S1"", ""mean_fill"": 0.9902190583322547, ""p_meet"": 0.8, ""mean_cost"": 13394158.88525313, ""mcse_cost"": 33103.896278039036, ""mean_shortage_days"": 11.751608707557503, ""mean_cost_per_unit"": 12.305683400714056, ""capacity_utilization"": 5443070.5, ""feasible"": false, ""n_runs"": 20, ""eligibility"": ""NO_CONCLUSION""}, {""value"": 825000.0, ""strategy_id"": ""S1"", ""mean_fill"": 1.0, ""p_meet"": 1.0, ""mean_cost"": 13271217.218195165, ""mcse_cost"": 22912.12051621101, ""mean_shortage_days"": 0.0, ""mean_cost_per_unit"": 15.358306573601348, ""capacity_utilization"": 4320881.5, ""feasible"": true, ""n_runs"": 20, ""eligibility"": ""NO_CONCLUSION""}, {""value"": 937500.0, ""strategy_id"": ""S1"", ""mean_fill"": 0.9995760411908883, ""p_meet"": 1.0, ""mean_cost"": 13346021.040582886, ""mcse_cost"": 32212.892655799595, ""mean_shortage_days"": 0.9101245892661554, ""mean_cost_per_unit"": 13.597354033407811, ""capacity_utilization"": 4907974.5, ""feasible"": true, ""n_runs"": 20, ""eligibility"": ""NO_CONCLUSION""}, {""value"": 993750.0, ""strategy_id"": ""S1"", ""mean_fill"": 0.9967764952114475, ""p_meet"": 0.9, ""mean_cost"": 13369070.360614382, ""mcse_cost"": 33014.15552940129, ""mean_shortage_days"": 4.120564074479736, ""mean_cost_per_unit"": 12.886527925702191, ""capacity_utilization"": 5187553.05, ""feasible"": true, ""n_runs"": 20, ""eligibility"": ""NO_CONCLUSION""}]",bisection over 5 steps on 20 paired runs,993750.0,1050000.0
S1,sodium_bicarbonate_8_4_50ml,fixed_qa_labor_per_node,product.fixed_qa_labor_usd_per_site_year,1500000.0,3000000.0,6000000.0,False,False,,infeasible_everywhere,"[{""value"": 1500000.0, ""strategy_id"": ""S1"", ""mean_fill"": 0.9256182431092042, ""p_meet"": 0.0, ""mean_cost"": 11869154.103017522, ""mcse_cost"": 29831.592848806267, ""mean_shortage_days"": 66.50910460021905, ""mean_cost_per_unit"": 10.248364823663085, ""capacity_utilization"": 5798246.45, ""feasible"": false, ""n_runs"": 20, ""eligibility"": ""NO_CONCLUSION""}, {""value"": 6000000.0, ""strategy_id"": ""S1"", ""mean_fill"": 0.9256182431092042, ""p_meet"": 0.0, ""mean_cost"": 16548271.623323154, ""mcse_cost"": 29831.5928488063, ""mean_shortage_days"": 66.50910460021905, ""mean_cost_per_unit"": 14.290466199613771, ""capacity_utilization"": 5798246.45, ""feasible"": false, ""n_runs"": 20, ""eligibility"": ""NO_CONCLUSION""}]",feasibility does not change between 1500000.0 and 6000000.0; no threshold inside the recorded range,,
S1,sodium_bicarbonate_8_4_50ml,release_time,global.sterility_incubation_days,14.0,14.0,18.0,False,False,,infeasible_everywhere,"[{""value"": 14.0, ""strategy_id"": ""S1"", ""mean_fill"": 0.9256182431092042, ""p_meet"": 0.0, ""mean_cost"": 13428859.943119397, ""mcse_cost"": 29831.592848806275, ""mean_shortage_days"": 66.50910460021905, ""mean_cost_per_unit"": 11.59573194897998, ""capacity_utilization"": 5798246.45, ""feasible"": false, ""n_runs"": 20, ""eligibility"": ""NO_CONCLUSION""}, {""value"": 18.0, ""strategy_id"": ""S1"", ""mean_fill"": 0.9240929207080395, ""p_meet"": 0.0, ""mean_cost"": 13424751.514714789, ""mcse_cost"": 29507.837574839046, ""mean_shortage_days"": 67.67926478641841, ""mean_cost_per_unit"": 11.609900335951114, ""capacity_utilization"": 5789698.55, ""feasible"": false, ""n_runs"": 20, ""eligibility"": ""NO_CONCLUSION""}]",feasibility does not change between 14.0 and 18.0; no threshold inside the recorded range,,
S1,sodium_bicarbonate_8_4_50ml,shelf_life,product.shelf_life_months,12.0,24.0,36.0,False,False,,infeasible_everywhere,"[{""value"": 12.0, ""strategy_id"": ""S1"", ""mean_fill"": 0.8332571487335054, ""p_meet"": 0.0, ""mean_cost"": 13476561.682515567, ""mcse_cost"": 27380.897519810358, ""mean_shortage_days"": 144.17973713033953, ""mean_cost_per_unit"": 12.936200146030206, ""capacity_utilization"": 5217883.7, ""feasible"": false, ""n_runs"": 20, ""eligibility"": ""NO_CONCLUSION""}, {""value"": 36.0, ""strategy_id"": ""S1"", ""mean_fill"": 0.9256182431092042, ""p_meet"": 0.0, ""mean_cost"": 13428859.943119397, ""mcse_cost"": 29831.592848806275, ""mean_shortage_days"": 66.50910460021905, ""mean_cost_per_unit"": 11.59573194897998, ""capacity_utilization"": 5798246.45, ""feasible"": false, ""n_runs"": 20, ""eligibility"": ""NO_CONCLUSION""}]",feasibility does not change between 12.0 and 36.0; no threshold inside the recorded range,,
S1,sodium_bicarbonate_8_4_50ml,raw_material_lead_time,product.material_lead_time_days,30.0,90.0,240.0,False,False,,infeasible_everywhere,"[{""value"": 30.0, ""strategy_id"": ""S1"", ""mean_fill"": 0.9368022704426217, ""p_meet"": 0.1, ""mean_cost"": 13472194.536013057, ""mcse_cost"": 28923.742790007895, ""mean_shortage_days"": 56.51773685651697, ""mean_cost_per_unit"": 11.4886013998214, ""capacity_utilization"": 5870487.25, ""feasible"": false, ""n_runs"": 20, ""eligibility"": ""NO_CONCLUSION""}, {""value"": 240.0, ""strategy_id"": ""S1"", ""mean_fill"": 0.878948004341563, ""p_meet"": 0.0, ""mean_cost"": 13258869.603254955, ""mcse_cost"": 22619.730107436513, ""mean_shortage_days"": 104.51430722891567, ""mean_cost_per_unit"": 12.046617631284645, ""capacity_utilization"": 5509679.6, ""feasible"": false, ""n_runs"": 20, ""eligibility"": ""NO_CONCLUSION""}]",feasibility does not change between 30.0 and 240.0; no threshold inside the recorded range,,
S1,sodium_bicarbonate_8_4_50ml,common_cause_dependence,global.common_cause_events_per_year,0.02,0.1,0.3,False,False,,infeasible_everywhere,"[{""value"": 0.02, ""strategy_id"": ""S1"", ""mean_fill"": 0.9491351236756204, ""p_meet"": 0.05, ""mean_cost"": 13507559.593630126, ""mcse_cost"": 20048.086775826767, ""mean_shortage_days"": 49.49677573932092, ""mean_cost_per_unit"": 11.357575039621393, ""capacity_utilization"": 5948695.3, ""feasible"": false, ""n_runs"": 20, ""eligibility"": ""NO_CONCLUSION""}, {""value"": 0.3, ""strategy_id"": ""S1"", ""mean_fill"": 0.8885102514941068, ""p_meet"": 0.0, ""mean_cost"": 13314999.434247425, ""mcse_cost"": 37596.088931444174, ""mean_shortage_days"": 83.04136774370208, ""mean_cost_per_unit"": 11.999721368528773, ""capacity_utilization"": 5564603.15, ""feasible"": false, ""n_runs"": 20, ""eligibility"": ""NO_CONCLUSION""}]",feasibility does not change between 0.02 and 0.3; no threshold inside the recorded range,,
S1,sodium_bicarbonate_8_4_50ml,supplier_concentration,global.supplier_disruptions_per_supplier_year,0.05,0.2,0.6,False,False,,infeasible_everywhere,"[{""value"": 0.05, ""strategy_id"": ""S1"", ""mean_fill"": 0.9358272613896752, ""p_meet"": 0.05, ""mean_cost"": 13466584.725229854, ""mcse_cost"": 29335.737519790262, ""mean_shortage_days"": 56.457728641840085, ""mean_cost_per_unit"": 11.492650444908111, ""capacity_utilization"": 5866169.65, ""feasible"": false, ""n_runs"": 20, ""eligibility"": ""NO_CONCLUSION""}, {""value"": 0.6, ""strategy_id"": ""S1"", ""mean_fill"": 0.8972701963031431, ""p_meet"": 0.0, ""mean_cost"": 13339774.708748795, ""mcse_cost"": 29845.83894580917, ""mean_shortage_days"": 80.47101588170865, ""mean_cost_per_unit"": 11.878758336309861, ""capacity_utilization"": 5623500.55, ""feasible"": false, ""n_runs"": 20, ""eligibility"": ""NO_CONCLUSION""}]",feasibility does not change between 0.05 and 0.6; no threshold inside the recorded range,,
S1,sodium_bicarbonate_8_4_50ml,commissioning_days,global.node_commissioning_days,365.0,730.0,1095.0,False,False,,infeasible_everywhere,"[{""value"": 365.0, ""strategy_id"": ""S1"", ""mean_fill"": 0.9256182431092042, ""p_meet"": 0.0, ""mean_cost"": 13428859.943119397, ""mcse_cost"": 29831.592848806275, ""mean_shortage_days"": 66.50910460021905, ""mean_cost_per_unit"": 11.59573194897998, ""capacity_utilization"": 5798246.45, ""feasible"": false, ""n_runs"": 20, ""eligibility"": ""NO_CONCLUSION""}, {""value"": 1095.0, ""strategy_id"": ""S1"", ""mean_fill"": 0.9256182431092042, ""p_meet"": 0.0, ""mean_cost"": 13428859.943119397, ""mcse_cost"": 29831.592848806275, ""mean_shortage_days"": 66.50910460021905, ""mean_cost_per_unit"": 11.59573194897998, ""capacity_utilization"": 5798246.45, ""feasible"": false, ""n_runs"": 20, ""eligibility"": ""NO_CONCLUSION""}]",feasibility does not change between 365.0 and 1095.0; no threshold inside the recorded range,,
S1,sodium_bicarbonate_8_4_50ml,activation_latency_days,global.reserved_capacity_activation_days,7.0,21.0,60.0,False,False,,infeasible_everywhere,"[{""value"": 7.0, ""strategy_id"": ""S1"", ""mean_fill"": 0.9256182431092042, ""p_meet"": 0.0, ""mean_cost"": 13428859.943119397, ""mcse_cost"": 29831.592848806275, ""mean_shortage_days"": 66.50910460021905, ""mean_cost_per_unit"": 11.59573194897998, ""capacity_utilization"": 5798246.45, ""feasible"": false, ""n_runs"": 20, ""eligibility"": ""NO_CONCLUSION""}, {""value"": 60.0, ""strategy_id"": ""S1"", ""mean_fill"": 0.9256182431092042, ""p_meet"": 0.0, ""mean_cost"": 13428859.943119397, ""mcse_cost"": 29831.592848806275, ""mean_shortage_days"": 66.50910460021905, ""mean_cost_per_unit"": 11.59573194897998, ""capacity_utilization"": 5798246.45, ""feasible"": false, ""n_runs"": 20, ""eligibility"": ""NO_CONCLUSION""}]",feasibility does not change between 7.0 and 60.0; no threshold inside the recorded range,,
S1,sodium_bicarbonate_8_4_50ml,node_capital,product.capital_usd_per_site,15000000.0,40000000.0,100000000.0,False,False,,infeasible_everywhere,"[{""value"": 15000000.0, ""strategy_id"": ""S1"", ""mean_fill"": 0.9256182431092042, ""p_meet"": 0.0, ""mean_cost"": 9239358.961301083, ""mcse_cost"": 29831.5928488063, ""mean_shortage_days"": 66.50910460021905, ""mean_cost_per_unit"": 7.976590602419305, ""capacity_utilization"": 5798246.45, ""feasible"": false, ""n_runs"": 20, ""eligibility"": ""NO_CONCLUSION""}, {""value"": 100000000.0, ""strategy_id"": ""S1"", ""mean_fill"": 0.9256182431092042, ""p_meet"": 0.0, ""mean_cost"": 23483662.29948268, ""mcse_cost"": 29831.59284880634, ""mean_shortage_days"": 66.50910460021905, ""mean_cost_per_unit"": 20.28167118072501, ""capacity_utilization"": 5798246.45, ""feasible"": false, ""n_runs"": 20, ""eligibility"": ""NO_CONCLUSION""}]",feasibility does not change between 15000000.0 and 100000000.0; no threshold inside the recorded range,,
S1,sodium_bicarbonate_8_4_50ml,batches_per_site_year,product.batches_per_site_year_nominal,30.0,45.0,70.0,False,True,54.375,feasible_above,"[{""value"": 30.0, ""strategy_id"": ""S1"", ""mean_fill"": 0.6467111682501091, ""p_meet"": 0.0, ""mean_cost"": 12562273.81409133, ""mcse_cost"": 15131.216722581128, ""mean_shortage_days"": 187.57567771084337, ""mean_cost_per_unit"": 15.551126353271766, ""capacity_utilization"": 4042946.6, ""feasible"": false, ""n_runs"": 20, ""eligibility"": ""NO_CONCLUSION""}, {""value"": 70.0, ""strategy_id"": ""S1"", ""mean_fill"": 1.0, ""p_meet"": 1.0, ""mean_cost"": 14536646.421391651, ""mcse_cost"": 33891.921489458706, ""mean_shortage_days"": 0.0, ""mean_cost_per_unit"": 11.565821991119794, ""capacity_utilization"": 6284911.2, ""feasible"": true, ""n_runs"": 20, ""eligibility"": ""NO_CONCLUSION""}, {""value"": 50.0, ""strategy_id"": ""S1"", ""mean_fill"": 0.9870095039696227, ""p_meet"": 0.75, ""mean_cost"": 13754614.231604341, ""mcse_cost"": 35675.386798418884, ""mean_shortage_days"": 14.311959200438116, ""mean_cost_per_unit"": 11.096115879183717, ""capacity_utilization"": 6199532.75, ""feasible"": false, ""n_runs"": 20, ""eligibility"": ""NO_CONCLUSION""}, {""value"": 60.0, ""strategy_id"": ""S1"", ""mean_fill"": 1.0, ""p_meet"": 1.0, ""mean_cost"": 14203515.937780743, ""mcse_cost"": 39371.85159903056, ""mean_shortage_days"": 0.0, ""mean_cost_per_unit"": 11.30070966083449, ""capacity_utilization"": 6284911.2, ""feasible"": true, ""n_runs"": 20, ""eligibility"": ""NO_CONCLUSION""}, {""value"": 55.0, ""strategy_id"": ""S1"", ""mean_fill"": 1.0, ""p_meet"": 1.0, ""mean_cost"": 14179333.514398497, ""mcse_cost"": 44734.58566012152, ""mean_shortage_days"": 0.10001369112814895, ""mean_cost_per_unit"": 11.281654853560463, ""capacity_utilization"": 6284848.15, ""feasible"": true, ""n_runs"": 20, ""eligibility"": ""NO_CONCLUSION""}, {""value"": 52.5, ""strategy_id"": ""S1"", ""mean_fill"": 0.9876054494299797, ""p_meet"": 0.75, ""mean_cost"": 13756218.464636061, ""mcse_cost"": 35961.887071072335, ""mean_shortage_days"": 13.93190717415115, ""mean_cost_per_unit"": 11.093538022015656, ""capacity_utilization"": 6201478.6, ""feasible"": false, ""n_runs"": 20, ""eligibility"": ""NO_CONCLUSION""}, {""value"": 53.75, ""strategy_id"": ""S1"", ""mean_fill"": 0.9889316639989607, ""p_meet"": 0.75, ""mean_cost"": 13764440.826982249, ""mcse_cost"": 33760.67958962914, ""mean_shortage_days"": 12.711740142387733, ""mean_cost_per_unit"": 11.083853396820519, ""capacity_utilization"": 6210196.35, ""feasible"": false, ""n_runs"": 20, ""eligibility"": ""NO_CONCLUSION""}]",bisection over 5 steps on 20 paired runs,53.75,55.0
S1,sodium_bicarbonate_8_4_50ml,changeover_burden,product.changeover_days,1.0,3.0,10.0,False,False,,infeasible_everywhere,"[{""value"": 1.0, ""strategy_id"": ""S1"", ""mean_fill"": 0.9264844329240791, ""p_meet"": 0.0, ""mean_cost"": 13431488.640927482, ""mcse_cost"": 29584.314570624727, ""mean_shortage_days"": 66.04904162102956, ""mean_cost_per_unit"": 11.58770828702887, ""capacity_utilization"": 5803507.45, ""feasible"": false, ""n_runs"": 20, ""eligibility"": ""NO_CONCLUSION""}, {""value"": 10.0, ""strategy_id"": ""S1"", ""mean_fill"": 0.692716062909425, ""p_meet"": 0.0, ""mean_cost"": 12702585.044443224, ""mcse_cost"": 13741.423157553956, ""mean_shortage_days"": 173.9738157174151, ""mean_cost_per_unit"": 14.671045262107691, ""capacity_utilization"": 4331610.2, ""feasible"": false, ""n_runs"": 20, ""eligibility"": ""NO_CONCLUSION""}]",feasibility does not change between 1.0 and 10.0; no threshold inside the recorded range,,
S2,sodium_bicarbonate_8_4_50ml,capacity_utilization,product.annual_demand_units,600000.0,1200000.0,2400000.0,True,False,1246875.0,feasible_below,"[{""value"": 600000.0, ""strategy_id"": ""S2"", ""mean_fill"": 0.9985798228835463, ""p_meet"": 0.95, ""mean_cost"": 22361442.996582996, ""mcse_cost"": 10143.79039266105, ""mean_shortage_days"": 4.140566812705368, ""mean_cost_per_unit"": 35.630371690248964, ""capacity_utilization"": 3137995.25, ""feasible"": true, ""n_runs"": 20, ""eligibility"": ""NO_CONCLUSION""}, {""value"": 2400000.0, ""strategy_id"": ""S2"", ""mean_fill"": 0.66153940804176, ""p_meet"": 0.0, ""mean_cost"": 24804145.119693678, ""mcse_cost"": 27560.317065031388, ""mean_shortage_days"": 291.6999315443593, ""mean_cost_per_unit"": 15.003851375940068, ""capacity_utilization"": 8272328.95, ""feasible"": false, ""n_runs"": 20, ""eligibility"": ""NO_CONCLUSION""}, {""value"": 1500000.0, ""strategy_id"": ""S2"", ""mean_fill"": 0.9666994240548321, ""p_meet"": 0.0, ""mean_cost"": 24219580.924077976, ""mcse_cost"": 24312.404501108358, ""mean_shortage_days"": 72.60993975903615, ""mean_cost_per_unit"": 15.954472850447834, ""capacity_utilization"": 7592914.85, ""feasible"": false, ""n_runs"": 20, ""eligibility"": ""NO_CONCLUSION""}, {""value"": 1050000.0, ""strategy_id"": ""S2"", ""mean_fill"": 0.9978093878619767, ""p_meet"": 1.0, ""mean_cost"": 23626163.74144859, ""mcse_cost"": 11003.692800311217, ""mean_shortage_days"": 8.40115005476451, ""mean_cost_per_unit"": 21.528638335137003, ""capacity_utilization"": 5487380.45, ""feasible"": true, ""n_runs"": 20, ""eligibility"": ""NO_CONCLUSION""}, {""value"": 1275000.0, ""strategy_id"": ""S2"", ""mean_fill"": 0.9933831615722136, ""p_meet"": 0.8, ""mean_cost"": 24139885.311275147, ""mcse_cost"": 26492.465319317693, ""mean_shortage_days"": 24.113300930996715, ""mean_cost_per_unit"": 18.19617889591264, ""capacity_utilization"": 6633491.7, ""feasible"": false, ""n_runs"": 20, ""eligibility"": ""NO_CONCLUSION""}, {""value"": 1162500.0, ""strategy_id"": ""S2"", ""mean_fill"": 0.997076266590699, ""p_meet"": 0.95, ""mean_cost"": 23921102.06285981, ""mcse_cost"": 15161.654225627572, ""mean_shortage_days"": 11.241538882803942, ""mean_cost_per_unit"": 19.702566242217284, ""capacity_utilization"": 6070816.4, ""feasible"": true, ""n_runs"": 20, ""eligibility"": ""NO_CONCLUSION""}, {""value"": 1218750.0, ""strategy_id"": ""S2"", ""mean_fill"": 0.9954808428237383, ""p_meet"": 0.9, ""mean_cost"": 24055476.27069094, ""mcse_cost"": 21998.901875311985, ""mean_shortage_days"": 16.882311062431544, ""mean_cost_per_unit"": 18.929194149503537, ""capacity_utilization"": 6354297.3, ""feasible"": true, ""n_runs"": 20, ""eligibility"": ""NO_CONCLUSION""}]",bisection over 5 steps on 20 paired runs,1218750.0,1275000.0
S2,sodium_bicarbonate_8_4_50ml,fixed_qa_labor_per_node,product.fixed_qa_labor_usd_per_site_year,1500000.0,3000000.0,6000000.0,True,True,,feasible_everywhere,"[{""value"": 1500000.0, ""strategy_id"": ""S2"", ""mean_fill"": 0.9961148048971973, ""p_meet"": 0.95, ""mean_cost"": 21248436.061237406, ""mcse_cost"": 20233.66015788705, ""mean_shortage_days"": 14.141935925520263, ""mean_cost_per_unit"": 16.97078117075423, ""capacity_utilization"": 6260598.35, ""feasible"": true, ""n_runs"": 20, ""eligibility"": ""NO_CONCLUSION""}, {""value"": 6000000.0, ""strategy_id"": ""S2"", ""mean_fill"": 0.9961148048971973, ""p_meet"": 0.95, ""mean_cost"": 29527431.239583623, ""mcse_cost"": 20233.66015788698, ""mean_shortage_days"": 14.141935925520263, ""mean_cost_per_unit"": 23.58320004151252, ""capacity_utilization"": 6260598.35, ""feasible"": true, ""n_runs"": 20, ""eligibility"": ""NO_CONCLUSION""}]",feasibility does not change between 1500000.0 and 6000000.0; no threshold inside the recorded range,,
S2,sodium_bicarbonate_8_4_50ml,release_time,global.sterility_incubation_days,14.0,14.0,18.0,True,False,17.9375,feasible_below,"[{""value"": 14.0, ""strategy_id"": ""S2"", ""mean_fill"": 0.9961148048971973, ""p_meet"": 0.95, ""mean_cost"": 24008101.120686147, ""mcse_cost"": 20233.660157886952, ""mean_shortage_days"": 14.141935925520263, ""mean_cost_per_unit"": 19.174920794340327, ""capacity_utilization"": 6260598.35, ""feasible"": true, ""n_runs"": 20, ""eligibility"": ""NO_CONCLUSION""}, {""value"": 18.0, ""strategy_id"": ""S2"", ""mean_fill"": 0.9939529596818902, ""p_meet"": 0.85, ""mean_cost"": 23995757.462502897, ""mcse_cost"": 18651.835474592004, ""mean_shortage_days"": 17.87244660460022, ""mean_cost_per_unit"": 19.206428897711074, ""capacity_utilization"": 6246989.85, ""feasible"": false, ""n_runs"": 20, ""eligibility"": ""NO_CONCLUSION""}, {""value"": 16.0, ""strategy_id"": ""S2"", ""mean_fill"": 0.9956398511111413, ""p_meet"": 0.95, ""mean_cost"": 24013389.18826008, ""mcse_cost"": 21242.000336015233, ""mean_shortage_days"": 15.602135815991241, ""mean_cost_per_unit"": 19.187931242201593, ""capacity_utilization"": 6257685.3, ""feasible"": true, ""n_runs"": 20, ""eligibility"": ""NO_CONCLUSION""}, {""value"": 17.0, ""strategy_id"": ""S2"", ""mean_fill"": 0.9953338506216374, ""p_meet"": 0.95, ""mean_cost"": 24001371.14147346, ""mcse_cost"": 20194.355166816043, ""mean_shortage_days"": 16.442250821467688, ""mean_cost_per_unit"": 19.184276192159164, ""capacity_utilization"": 6255708.55, ""feasible"": true, ""n_runs"": 20, ""eligibility"": ""NO_CONCLUSION""}, {""value"": 17.5, ""strategy_id"": ""S2"", ""mean_fill"": 0.9948319391563304, ""p_meet"": 0.95, ""mean_cost"": 23997300.177834254, ""mcse_cost"": 19370.93504361503, ""mean_shortage_days"": 17.29236719605695, ""mean_cost_per_unit"": 19.190629427992274, ""capacity_utilization"": 6252515.4, ""feasible"": true, ""n_runs"": 20, ""eligibility"": ""NO_CONCLUSION""}, {""value"": 17.75, ""strategy_id"": ""S2"", ""mean_fill"": 0.9948223859287273, ""p_meet"": 0.95, ""mean_cost"": 24002937.031574555, ""mcse_cost"": 20061.95845512819, ""mean_shortage_days"": 17.712424698795182, ""mean_cost_per_unit"": 19.195239789346516, ""capacity_utilization"": 6252449.15, ""feasible"": true, ""n_runs"": 20, ""eligibility"": ""NO_CONCLUSION""}, {""value"": 17.875, ""strategy_id"": ""S2"", ""mean_fill"": 0.9945767165308899, ""p_meet"": 0.9, ""mean_cost"": 23999556.054630693, ""mcse_cost"": 19477.49134104236, ""mean_shortage_days"": 17.61241100766703, ""mean_cost_per_unit"": 19.19733655871611, ""capacity_utilization"": 6250891.6, ""feasible"": true, ""n_runs"": 20, ""eligibility"": ""NO_CONCLUSION""}]",bisection over 5 steps on 20 paired runs,17.875,18.0
S2,sodium_bicarbonate_8_4_50ml,shelf_life,product.shelf_life_months,12.0,24.0,36.0,False,True,22.125,feasible_above,"[{""value"": 12.0, ""strategy_id"": ""S2"", ""mean_fill"": 0.9347300764284194, ""p_meet"": 0.0, ""mean_cost"": 24190049.42999628, ""mcse_cost"": 29108.531446367775, ""mean_shortage_days"": 67.12918948521359, ""mean_cost_per_unit"": 20.589944893057588, ""capacity_utilization"": 5874639.45, ""feasible"": false, ""n_runs"": 20, ""eligibility"": ""NO_CONCLUSION""}, {""value"": 36.0, ""strategy_id"": ""S2"", ""mean_fill"": 0.997361964341213, ""p_meet"": 0.95, ""mean_cost"": 23952373.294131607, ""mcse_cost"": 18914.524884577513, ""mean_shortage_days"": 8.851211664841184, ""mean_cost_per_unit"": 19.10617046972253, ""capacity_utilization"": 6268448.5, ""feasible"": true, ""n_runs"": 20, ""eligibility"": ""NO_CONCLUSION""}, {""value"": 24.0, ""strategy_id"": ""S2"", ""mean_fill"": 0.9961148048971973, ""p_meet"": 0.95, ""mean_cost"": 24008101.120686147, ""mcse_cost"": 20233.660157886952, ""mean_shortage_days"": 14.141935925520263, ""mean_cost_per_unit"": 19.174920794340327, ""capacity_utilization"": 6260598.35, ""feasible"": true, ""n_runs"": 20, ""eligibility"": ""NO_CONCLUSION""}, {""value"": 18.0, ""strategy_id"": ""S2"", ""mean_fill"": 0.9754611751083193, ""p_meet"": 0.0, ""mean_cost"": 24060517.05486004, ""mcse_cost"": 20994.255041292683, ""mean_shortage_days"": 42.19577628696604, ""mean_cost_per_unit"": 19.62497249522024, ""capacity_utilization"": 6130771.85, ""feasible"": false, ""n_runs"": 20, ""eligibility"": ""NO_CONCLUSION""}, {""value"": 21.0, ""strategy_id"": ""S2"", ""mean_fill"": 0.9913876358216923, ""p_meet"": 0.8, ""mean_cost"": 24041307.636440825, ""mcse_cost"": 21618.743471646143, ""mean_shortage_days"": 27.113711664841183, ""mean_cost_per_unit"": 19.29361464889281, ""capacity_utilization"": 6230831.7, ""feasible"": false, ""n_runs"": 20, ""eligibility"": ""NO_CONCLUSION""}, {""value"": 22.5, ""strategy_id"": ""S2"", ""mean_fill"": 0.9953297786977728, ""p_meet"": 0.95, ""mean_cost"": 24022010.737497877, ""mcse_cost"": 20039.800578756738, ""mean_shortage_days"": 17.51239731653888, ""mean_cost_per_unit"": 19.201448944604223, ""capacity_utilization"": 6255642.9, ""feasible"": true, ""n_runs"": 20, ""eligibility"": ""NO_CONCLUSION""}, {""value"": 21.75, ""strategy_id"": ""S2"", ""mean_fill"": 0.9940441360027569, ""p_meet"": 0.85, ""mean_cost"": 24035350.25461814, ""mcse_cost"": 21747.216843527214, ""mean_shortage_days"": 21.782981927710843, ""mean_cost_per_unit"": 19.237013329165734, ""capacity_utilization"": 6247517.05, ""feasible"": false, ""n_runs"": 20, ""eligibility"": ""NO_CONCLUSION""}]",bisection over 5 steps on 20 paired runs,21.75,22.5
S2,sodium_bicarbonate_8_4_50ml,raw_material_lead_time,product.material_lead_time_days,30.0,90.0,240.0,True,False,203.90625,feasible_below,"[{""value"": 30.0, ""strategy_id"": ""S2"", ""mean_fill"": 0.9960821570384866, ""p_meet"": 0.95, ""mean_cost"": 23989636.688394498, ""mcse_cost"": 20389.623653182578, ""mean_shortage_days"": 14.211945509309967, ""mean_cost_per_unit"": 19.16076838934809, ""capacity_utilization"": 6260393.9, ""feasible"": true, ""n_runs"": 20, ""eligibility"": ""NO_CONCLUSION""}, {""value"": 240.0, ""strategy_id"": ""S2"", ""mean_fill"": 0.9948889257131741, ""p_meet"": 0.85, ""mean_cost"": 24018703.82350906, ""mcse_cost"": 19271.54257112289, ""mean_shortage_days"": 17.192353504928803, ""mean_cost_per_unit"": 19.207270864743933, ""capacity_utilization"": 6252726.35, ""feasible"": false, ""n_runs"": 20, ""eligibility"": ""NO_CONCLUSION""}, {""value"": 135.0, ""strategy_id"": ""S2"", ""mean_fill"": 0.9961148048971973, ""p_meet"": 0.95, ""mean_cost"": 24019136.726865288, ""mcse_cost"": 19717.32325011809, ""mean_shortage_days"": 14.141935925520263, ""mean_cost_per_unit"": 19.183743522134836, ""capacity_utilization"": 6260598.35, ""feasible"": true, ""n_runs"": 20, ""eligibility"": ""NO_CONCLUSION""}, {""value"": 187.5, ""strategy_id"": ""S2"", ""mean_fill"": 0.9960018114195061, ""p_meet"": 0.95, ""mean_cost"": 24021810.06660148, ""mcse_cost"": 19265.12461915568, ""mean_shortage_days"": 15.382105695509313, ""mean_cost_per_unit"": 19.188086615810306, ""capacity_utilization"": 6259877.0, ""feasible"": true, ""n_runs"": 20, ""eligibility"": ""NO_CONCLUSION""}, {""value"": 213.75, ""strategy_id"": ""S2"", ""mean_fill"": 0.9954117038063515, ""p_meet"": 0.85, ""mean_cost"": 24021125.820581168, ""mcse_cost"": 19541.179079771213, ""mean_shortage_days"": 15.752156352683462, ""mean_cost_per_unit"": 19.19891573130285, ""capacity_utilization"": 6256109.9, ""feasible"": false, ""n_runs"": 20, ""eligibility"": ""NO_CONCLUSION""}, {""value"": 200.625, ""strategy_id"": ""S2"", ""mean_fill"": 0.9955777423888879, ""p_meet"": 0.9, ""mean_cost"": 24020413.179855477, ""mcse_cost"": 19419.970384839875, ""mean_shortage_days"": 15.872172782037243, ""mean_cost_per_unit"": 19.19506689339887, ""capacity_utilization"": 6257166.4, ""feasible"": true, ""n_runs"": 20, ""eligibility"": ""NO_CONCLUSION""}, {""value"": 207.1875, ""strategy_id"": ""S2"", ""mean_fill"": 0.9954169845485972, ""p_meet"": 0.85, ""mean_cost"": 24028096.24264621, ""mcse_cost"": 19225.114638880717, ""mean_shortage_days"": 16.302231653888278, ""mean_cost_per_unit"": 19.204390682825597, ""capacity_utilization"": 6256150.7, ""feasible"": false, ""n_runs"": 20, ""eligibility"": ""NO_CONCLUSION""}]",bisection over 5 steps on 20 paired runs,200.625,207.1875
S2,sodium_bicarbonate_8_4_50ml,common_cause_dependence,global.common_cause_events_per_year,0.02,0.1,0.3,True,False,0.190625,feasible_below,"[{""value"": 0.02, ""strategy_id"": ""S2"", ""mean_fill"": 0.9965945092328974, ""p_meet"": 0.95, ""mean_cost"": 24045845.03487693, ""mcse_cost"": 11580.082466609816, ""mean_shortage_days"": 12.661733296823657, ""mean_cost_per_unit"": 19.19564273419186, ""capacity_utilization"": 6263634.5, ""feasible"": true, ""n_runs"": 20, ""eligibility"": ""NO_CONCLUSION""}, {""value"": 0.3, ""strategy_id"": ""S2"", ""mean_fill"": 0.9899301603354091, ""p_meet"": 0.8, ""mean_cost"": 23935935.940715134, ""mcse_cost"": 40141.843625494184, ""mean_shortage_days"": 23.80325848849945, ""mean_cost_per_unit"": 19.240412498210524, ""capacity_utilization"": 6220852.65, ""feasible"": false, ""n_runs"": 20, ""eligibility"": ""NO_CONCLUSION""}, {""value"": 0.16, ""strategy_id"": ""S2"", ""mean_fill"": 0.9963332729307061, ""p_meet"": 0.95, ""mean_cost"": 24007792.31038446, ""mcse_cost"": 14586.810471334979, ""mean_shortage_days"": 14.171940032858705, ""mean_cost_per_unit"": 19.17057985789016, ""capacity_utilization"": 6261936.35, ""feasible"": true, ""n_runs"": 20, ""eligibility"": ""NO_CONCLUSION""}, {""value"": 0.22999999999999998, ""strategy_id"": ""S2"", ""mean_fill"": 0.9909567234785074, ""p_meet"": 0.8, ""mean_cost"": 23948955.520164702, ""mcse_cost"": 37031.850671100845, ""mean_shortage_days"": 23.18317360350493, ""mean_cost_per_unit"": 19.228855197483945, ""capacity_utilization"": 6227534.6, ""feasible"": false, ""n_runs"": 20, ""eligibility"": ""NO_CONCLUSION""}, {""value"": 0.195, ""strategy_id"": ""S2"", ""mean_fill"": 0.9953035086889324, ""p_meet"": 0.85, ""mean_cost"": 23990429.695812576, ""mcse_cost"": 19443.63480954222, ""mean_shortage_days"": 17.132345290251912, ""mean_cost_per_unit"": 19.176052000279387, ""capacity_utilization"": 6255195.05, ""feasible"": false, ""n_runs"": 20, ""eligibility"": ""NO_CONCLUSION""}, {""value"": 0.1775, ""strategy_id"": ""S2"", ""mean_fill"": 0.9963242004674866, ""p_meet"": 0.9, ""mean_cost"": 23992418.695342697, ""mcse_cost"": 15481.256931234455, ""mean_shortage_days"": 16.162212486308867, ""mean_cost_per_unit"": 19.158330424237008, ""capacity_utilization"": 6261891.2, ""feasible"": true, ""n_runs"": 20, ""eligibility"": ""NO_CONCLUSION""}, {""value"": 0.18625, ""strategy_id"": ""S2"", ""mean_fill"": 0.9963582188326923, ""p_meet"": 0.9, ""mean_cost"": 23992586.22990112, ""mcse_cost"": 19760.483840005043, ""mean_shortage_days"": 16.102204271631983, ""mean_cost_per_unit"": 19.15788196962719, ""capacity_utilization"": 6262107.8, ""feasible"": true, ""n_runs"": 20, ""eligibility"": ""NO_CONCLUSION""}]",bisection over 5 steps on 20 paired runs,0.18625,0.195
S2,sodium_bicarbonate_8_4_50ml,supplier_concentration,global.supplier_disruptions_per_supplier_year,0.05,0.2,0.6,True,False,0.38515625000000003,feasible_below,"[{""value"": 0.05, ""strategy_id"": ""S2"", ""mean_fill"": 0.9963771133645908, ""p_meet"": 0.95, ""mean_cost"": 24010699.946543746, ""mcse_cost"": 19868.6360909657, ""mean_shortage_days"": 13.731879791894851, ""mean_cost_per_unit"": 19.17189267592652, ""capacity_utilization"": 6262228.0, ""feasible"": true, ""n_runs"": 20, ""eligibility"": ""NO_CONCLUSION""}, {""value"": 0.6, ""strategy_id"": ""S2"", ""mean_fill"": 0.9939672658395169, ""p_meet"": 0.85, ""mean_cost"": 23997776.67631828, ""mcse_cost"": 21868.431492730782, ""mean_shortage_days"": 15.742154983570648, ""mean_cost_per_unit"": 19.208962232079074, ""capacity_utilization"": 6247018.05, ""feasible"": false, ""n_runs"": 20, ""eligibility"": ""NO_CONCLUSION""}, {""value"": 0.325, ""strategy_id"": ""S2"", ""mean_fill"": 0.9953126266638976, ""p_meet"": 0.9, ""mean_cost"": 24002120.605049223, ""mcse_cost"": 22033.085179638216, ""mean_shortage_days"": 15.52212486308872, ""mean_cost_per_unit"": 19.18556432766177, ""capacity_utilization"": 6255489.2, ""feasible"": true, ""n_runs"": 20, ""eligibility"": ""NO_CONCLUSION""}, {""value"": 0.4625, ""strategy_id"": ""S2"", ""mean_fill"": 0.9944688301127398, ""p_meet"": 0.85, ""mean_cost"": 24003241.216272183, ""mcse_cost"": 22841.325830127316, ""mean_shortage_days"": 15.512123493975906, ""mean_cost_per_unit"": 19.203130210190483, ""capacity_utilization"": 6250186.85, ""feasible"": false, ""n_runs"": 20, ""eligibility"": ""NO_CONCLUSION""}, {""value"": 0.39375000000000004, ""strategy_id"": ""S2"", ""mean_fill"": 0.9944866639029074, ""p_meet"": 0.85, ""mean_cost"": 24002008.764313716, ""mcse_cost"": 23429.757856386805, ""mean_shortage_days"": 15.602135815991238, ""mean_cost_per_unit"": 19.201746218776744, ""capacity_utilization"": 6250305.7, ""feasible"": false, ""n_runs"": 20, ""eligibility"": ""NO_CONCLUSION""}, {""value"": 0.359375, ""strategy_id"": ""S2"", ""mean_fill"": 0.9953126266638976, ""p_meet"": 0.9, ""mean_cost"": 24002116.224553563, ""mcse_cost"": 22031.32064579693, ""mean_shortage_days"": 15.52212486308872, ""mean_cost_per_unit"": 19.185560494798825, ""capacity_utilization"": 6255489.2, ""feasible"": true, ""n_runs"": 20, ""eligibility"": ""NO_CONCLUSION""}, {""value"": 0.3765625, ""strategy_id"": ""S2"", ""mean_fill"": 0.9953126266638976, ""p_meet"": 0.9, ""mean_cost"": 24004352.514427137, ""mcse_cost"": 22607.477678506537, ""mean_shortage_days"": 15.502122124863087, ""mean_cost_per_unit"": 19.187318155963634, ""capacity_utilization"": 6255489.2, ""feasible"": true, ""n_runs"": 20, ""eligibility"": ""NO_CONCLUSION""}]",bisection over 5 steps on 20 paired runs,0.3765625,0.39375000000000004
S2,sodium_bicarbonate_8_4_50ml,commissioning_days,global.node_commissioning_days,365.0,730.0,1095.0,True,True,,feasible_everywhere,"[{""value"": 365.0, ""strategy_id"": ""S2"", ""mean_fill"": 0.9961148048971973, ""p_meet"": 0.95, ""mean_cost"": 24008101.120686147, ""mcse_cost"": 20233.660157886952, ""mean_shortage_days"": 14.141935925520263, ""mean_cost_per_unit"": 19.174920794340327, ""capacity_utilization"": 6260598.35, ""feasible"": true, ""n_runs"": 20, ""eligibility"": ""NO_CONCLUSION""}, {""value"": 1095.0, ""strategy_id"": ""S2"", ""mean_fill"": 0.9961148048971973, ""p_meet"": 0.95, ""mean_cost"": 24008101.120686147, ""mcse_cost"": 20233.660157886952, ""mean_shortage_days"": 14.141935925520263, ""mean_cost_per_unit"": 19.174920794340327, ""capacity_utilization"": 6260598.35, ""feasible"": true, ""n_runs"": 20, ""eligibility"": ""NO_CONCLUSION""}]",feasibility does not change between 365.0 and 1095.0; no threshold inside the recorded range,,
S2,sodium_bicarbonate_8_4_50ml,activation_latency_days,global.reserved_capacity_activation_days,7.0,21.0,60.0,True,True,,feasible_everywhere,"[{""value"": 7.0, ""strategy_id"": ""S2"", ""mean_fill"": 0.9961148048971973, ""p_meet"": 0.95, ""mean_cost"": 24008101.120686147, ""mcse_cost"": 20233.660157886952, ""mean_shortage_days"": 14.141935925520263, ""mean_cost_per_unit"": 19.174920794340327, ""capacity_utilization"": 6260598.35, ""feasible"": true, ""n_runs"": 20, ""eligibility"": ""NO_CONCLUSION""}, {""value"": 60.0, ""strategy_id"": ""S2"", ""mean_fill"": 0.9961148048971973, ""p_meet"": 0.95, ""mean_cost"": 24008101.120686147, ""mcse_cost"": 20233.660157886952, ""mean_shortage_days"": 14.141935925520263, ""mean_cost_per_unit"": 19.174920794340327, ""capacity_utilization"": 6260598.35, ""feasible"": true, ""n_runs"": 20, ""eligibility"": ""NO_CONCLUSION""}]",feasibility does not change between 7.0 and 60.0; no threshold inside the recorded range,,
S2,sodium_bicarbonate_8_4_50ml,node_capital,product.capital_usd_per_site,15000000.0,40000000.0,100000000.0,True,True,,feasible_everywhere,"[{""value"": 15000000.0, ""strategy_id"": ""S2"", ""mean_fill"": 0.9961148048971973, ""p_meet"": 0.95, ""mean_cost"": 16117449.37983852, ""mcse_cost"": 20233.660157886967, ""mean_shortage_days"": 14.141935925520263, ""mean_cost_per_unit"": 12.872671143292077, ""capacity_utilization"": 6260598.35, ""feasible"": true, ""n_runs"": 20, ""eligibility"": ""NO_CONCLUSION""}, {""value"": 100000000.0, ""strategy_id"": ""S2"", ""mean_fill"": 0.9961148048971973, ""p_meet"": 0.95, ""mean_cost"": 42945665.29871827, ""mcse_cost"": 20233.660157886992, ""mean_shortage_days"": 14.141935925520263, ""mean_cost_per_unit"": 34.30031995685437, ""capacity_utilization"": 6260598.35, ""feasible"": true, ""n_runs"": 20, ""eligibility"": ""NO_CONCLUSION""}]",feasibility does not change between 15000000.0 and 100000000.0; no threshold inside the recorded range,,
S2,sodium_bicarbonate_8_4_50ml,batches_per_site_year,product.batches_per_site_year_nominal,30.0,45.0,70.0,False,True,43.125,feasible_above,"[{""value"": 30.0, ""strategy_id"": ""S2"", ""mean_fill"": 0.8565366271583743, ""p_meet"": 0.0, ""mean_cost"": 23015467.885059495, ""mcse_cost"": 15873.607934355523, ""mean_shortage_days"": 243.5633420043811, ""mean_cost_per_unit"": 21.432406102964137, ""capacity_utilization"": 5373964.4, ""feasible"": false, ""n_runs"": 20, ""eligibility"": ""NO_CONCLUSION""}, {""value"": 70.0, ""strategy_id"": ""S2"", ""mean_fill"": 0.9976872581208165, ""p_meet"": 0.95, ""mean_cost"": 24530778.950587105, ""mcse_cost"": 26432.136641551522, ""mean_shortage_days"": 5.620769441401972, ""mean_cost_per_unit"": 19.561325106215985, ""capacity_utilization"": 6270322.95, ""feasible"": true, ""n_runs"": 20, ""eligibility"": ""NO_CONCLUSION""}, {""value"": 50.0, ""strategy_id"": ""S2"", ""mean_fill"": 0.9971369037532277, ""p_meet"": 0.95, ""mean_cost"": 24114283.04608756, ""mcse_cost"": 12433.150854417556, ""mean_shortage_days"": 8.751197973713033, ""mean_cost_per_unit"": 19.2393497060882, ""capacity_utilization"": 6267225.0, ""feasible"": true, ""n_runs"": 20, ""eligibility"": ""NO_CONCLUSION""}, {""value"": 40.0, ""strategy_id"": ""S2"", ""mean_fill"": 0.9897900217629705, ""p_meet"": 0.65, ""mean_cost"": 23785967.487274237, ""mcse_cost"": 26228.12520003609, ""mean_shortage_days"": 31.66433461117196, ""mean_cost_per_unit"": 19.118730334012653, ""capacity_utilization"": 6220749.8, ""feasible"": false, ""n_runs"": 20, ""eligibility"": ""NO_CONCLUSION""}, {""value"": 45.0, ""strategy_id"": ""S2"", ""mean_fill"": 0.9961148048971973, ""p_meet"": 0.95, ""mean_cost"": 24008101.120686147, ""mcse_cost"": 20233.660157886952, ""mean_shortage_days"": 14.141935925520263, ""mean_cost_per_unit"": 19.174920794340327, ""capacity_utilization"": 6260598.35, ""feasible"": true, ""n_runs"": 20, ""eligibility"": ""NO_CONCLUSION""}, {""value"": 42.5, ""strategy_id"": ""S2"", ""mean_fill"": 0.9896431339713114, ""p_meet"": 0.65, ""mean_cost"": 23793822.961286787, ""mcse_cost"": 26574.250488492373, ""mean_shortage_days"": 31.614327765607886, ""mean_cost_per_unit"": 19.128341076681934, ""capacity_utilization"": 6219788.6, ""feasible"": false, ""n_runs"": 20, ""eligibility"": ""NO_CONCLUSION""}, {""value"": 43.75, ""strategy_id"": ""S2"", ""mean_fill"": 0.9958425307154846, ""p_meet"": 0.9, ""mean_cost"": 24014718.090718783, ""mcse_cost"": 20932.907545640446, ""mean_shortage_days"": 15.162075575027382, ""mean_cost_per_unit"": 19.18542062816956, ""capacity_utilization"": 6258874.55, ""feasible"": true, ""n_runs"": 20, ""eligibility"": ""NO_CONCLUSION""}]",bisection over 5 steps on 20 paired runs,42.5,43.75
S2,sodium_bicarbonate_8_4_50ml,changeover_burden,product.changeover_days,1.0,3.0,10.0,True,False,7.609375,feasible_below,"[{""value"": 1.0, ""strategy_id"": ""S2"", ""mean_fill"": 0.9969302343542393, ""p_meet"": 0.95, ""mean_cost"": 24012210.36654101, ""mcse_cost"": 21084.29262355394, ""mean_shortage_days"": 12.571720974808324, ""mean_cost_per_unit"": 19.162322883148054, ""capacity_utilization"": 6265758.65, ""feasible"": true, ""n_runs"": 20, ""eligibility"": ""NO_CONCLUSION""}, {""value"": 10.0, ""strategy_id"": ""S2"", ""mean_fill"": 0.9575464662742152, ""p_meet"": 0.0, ""mean_cost"": 23326707.844292037, ""mcse_cost"": 14836.360121805676, ""mean_shortage_days"": 93.69282584884995, ""mean_cost_per_unit"": 19.389848403751138, ""capacity_utilization"": 6016925.35, ""feasible"": false, ""n_runs"": 20, ""eligibility"": ""NO_CONCLUSION""}, {""value"": 5.5, ""strategy_id"": ""S2"", ""mean_fill"": 0.9956571807144499, ""p_meet"": 0.95, ""mean_cost"": 24007485.80708574, ""mcse_cost"": 20646.046736858236, ""mean_shortage_days"": 15.39210706462212, ""mean_cost_per_unit"": 19.1829701750458, ""capacity_utilization"": 6257835.15, ""feasible"": true, ""n_runs"": 20, ""eligibility"": ""NO_CONCLUSION""}, {""value"": 7.75, ""strategy_id"": ""S2"", ""mean_fill"": 0.9884646446784375, ""p_meet"": 0.65, ""mean_cost"": 23794695.28389473, ""mcse_cost"": 24965.337183317544, ""mean_shortage_days"": 34.46471796276013, ""mean_cost_per_unit"": 19.152332391858987, ""capacity_utilization"": 6212187.15, ""feasible"": false, ""n_runs"": 20, ""eligibility"": ""NO_CONCLUSION""}, {""value"": 6.625, ""strategy_id"": ""S2"", ""mean_fill"": 0.9946153097303947, ""p_meet"": 0.95, ""mean_cost"": 23999704.79640112, ""mcse_cost"": 19556.266948211178, ""mean_shortage_days"": 17.57240553121577, ""mean_cost_per_unit"": 19.196822143824427, ""capacity_utilization"": 6251176.35, ""feasible"": true, ""n_runs"": 20, ""eligibility"": ""NO_CONCLUSION""}, {""value"": 7.1875, ""strategy_id"": ""S2"", ""mean_fill"": 0.9946153097303947, ""p_meet"": 0.95, ""mean_cost"": 23999704.79640112, ""mcse_cost"": 19556.266948211178, ""mean_shortage_days"": 17.57240553121577, ""mean_cost_per_unit"": 19.196822143824427, ""capacity_utilization"": 6251176.35, ""feasible"": true, ""n_runs"": 20, ""eligibility"": ""NO_CONCLUSION""}, {""value"": 7.46875, ""strategy_id"": ""S2"", ""mean_fill"": 0.9946153097303947, ""p_meet"": 0.95, ""mean_cost"": 23999704.79640112, ""mcse_cost"": 19556.266948211178, ""mean_shortage_days"": 17.57240553121577, ""mean_cost_per_unit"": 19.196822143824427, ""capacity_utilization"": 6251176.35, ""feasible"": true, ""n_runs"": 20, ""eligibility"": ""NO_CONCLUSION""}]",bisection over 5 steps on 20 paired runs,7.46875,7.75
S3,sodium_bicarbonate_8_4_50ml,capacity_utilization,product.annual_demand_units,600000.0,1200000.0,2400000.0,True,False,1246875.0,feasible_below,"[{""value"": 600000.0, ""strategy_id"": ""S3"", ""mean_fill"": 1.0, ""p_meet"": 1.0, ""mean_cost"": 17128102.295367457, ""mcse_cost"": 6348.379909963906, ""mean_shortage_days"": 0.0, ""mean_cost_per_unit"": 27.253666119044006, ""capacity_utilization"": 3142458.6, ""feasible"": true, ""n_runs"": 20, ""eligibility"": ""NO_CONCLUSION""}, {""value"": 2400000.0, ""strategy_id"": ""S3"", ""mean_fill"": 0.7186364665003967, ""p_meet"": 0.0, ""mean_cost"": 19730527.740237378, ""mcse_cost"": 32682.815729246475, ""mean_shortage_days"": 212.60910460021904, ""mean_cost_per_unit"": 10.98062445469392, ""capacity_utilization"": 8992176.8, ""feasible"": false, ""n_runs"": 20, ""eligibility"": ""NO_CONCLUSION""}, {""value"": 1500000.0, ""strategy_id"": ""S3"", ""mean_fill"": 0.9645735639692206, ""p_meet"": 0.1, ""mean_cost"": 18881721.88919356, ""mcse_cost"": 18576.98169509344, ""mean_shortage_days"": 70.08959474260679, ""mean_cost_per_unit"": 12.471339231761936, ""capacity_utilization"": 7573157.0, ""feasible"": false, ""n_runs"": 20, ""eligibility"": ""NO_CONCLUSION""}, {""value"": 1050000.0, ""strategy_id"": ""S3"", ""mean_fill"": 1.0, ""p_meet"": 1.0, ""mean_cost"": 18466334.283832762, ""mcse_cost"": 37107.62740140565, ""mean_shortage_days"": 0.0, ""mean_cost_per_unit"": 16.79096999533311, ""capacity_utilization"": 5499303.25, ""feasible"": true, ""n_runs"": 20, ""eligibility"": ""NO_CONCLUSION""}, {""value"": 1275000.0, ""strategy_id"": ""S3"", ""mean_fill"": 0.9955204618269559, ""p_meet"": 0.85, ""mean_cost"": 18554387.830203146, ""mcse_cost"": 28361.939895040803, ""mean_shortage_days"": 6.0108228368017524, ""mean_cost_per_unit"": 13.956885640410434, ""capacity_utilization"": 6647527.7, ""feasible"": false, ""n_runs"": 20, ""eligibility"": ""NO_CONCLUSION""}, {""value"": 1162500.0, ""strategy_id"": ""S3"", ""mean_fill"": 0.9985203574048388, ""p_meet"": 0.95, ""mean_cost"": 18500081.48165613, ""mcse_cost"": 35961.03598715766, ""mean_shortage_days"": 1.740238225629792, ""mean_cost_per_unit"": 15.216050687099417, ""capacity_utilization"": 6079382.7, ""feasible"": true, ""n_runs"": 20, ""eligibility"": ""NO_CONCLUSION""}, {""value"": 1218750.0, ""strategy_id"": ""S3"", ""mean_fill"": 0.9976369981101829, ""p_meet"": 0.9, ""mean_cost"": 18534559.48848931, ""mcse_cost"": 33075.508194171285, ""mean_shortage_days"": 3.360460021905805, ""mean_cost_per_unit"": 14.553670473383761, ""capacity_utilization"": 6367850.15, ""feasible"": true, ""n_runs"": 20, ""eligibility"": ""NO_CONCLUSION""}]",bisection over 5 steps on 20 paired runs,1218750.0,1275000.0
S3,sodium_bicarbonate_8_4_50ml,fixed_qa_labor_per_node,product.fixed_qa_labor_usd_per_site_year,1500000.0,3000000.0,6000000.0,True,True,,feasible_everywhere,"[{""value"": 1500000.0, ""strategy_id"": ""S3"", ""mean_fill"": 0.9982052031212101, ""p_meet"": 0.95, ""mean_cost"": 15982562.107836043, ""mcse_cost"": 35342.09169891321, ""mean_shortage_days"": 2.710371029572837, ""mean_cost_per_unit"": 12.739264806470182, ""capacity_utilization"": 6273137.75, ""feasible"": true, ""n_runs"": 20, ""eligibility"": ""NO_CONCLUSION""}, {""value"": 6000000.0, ""strategy_id"": ""S3"", ""mean_fill"": 0.9982052031212101, ""p_meet"": 0.95, ""mean_cost"": 23603802.966359053, ""mcse_cost"": 35342.09169891327, ""mean_shortage_days"": 2.710371029572837, ""mean_cost_per_unit"": 18.81399563992784, ""capacity_utilization"": 6273137.75, ""feasible"": true, ""n_runs"": 20, ""eligibility"": ""NO_CONCLUSION""}]",feasibility does not change between 1500000.0 and 6000000.0; no threshold inside the recorded range,,
S3,sodium_bicarbonate_8_4_50ml,release_time,global.sterility_incubation_days,14.0,14.0,18.0,True,True,,feasible_everywhere,"[{""value"": 14.0, ""strategy_id"": ""S3"", ""mean_fill"": 0.9982052031212101, ""p_meet"": 0.95, ""mean_cost"": 18522975.72734372, ""mcse_cost"": 35342.09169891317, ""mean_shortage_days"": 2.710371029572837, ""mean_cost_per_unit"": 14.764175084289409, ""capacity_utilization"": 6273137.75, ""feasible"": true, ""n_runs"": 20, ""eligibility"": ""NO_CONCLUSION""}, {""value"": 18.0, ""strategy_id"": ""S3"", ""mean_fill"": 0.9980232393246746, ""p_meet"": 0.95, ""mean_cost"": 18517418.719484754, ""mcse_cost"": 34943.918045102895, ""mean_shortage_days"": 2.580353231106243, ""mean_cost_per_unit"": 14.761651076074918, ""capacity_utilization"": 6272326.9, ""feasible"": true, ""n_runs"": 20, ""eligibility"": ""NO_CONCLUSION""}]",feasibility does not change between 14.0 and 18.0; no threshold inside the recorded range,,
S3,sodium_bicarbonate_8_4_50ml,shelf_life,product.shelf_life_months,12.0,24.0,36.0,False,True,16.125,feasible_above,"[{""value"": 12.0, ""strategy_id"": ""S3"", ""mean_fill"": 0.9864130576165108, ""p_meet"": 0.65, ""mean_cost"": 18571566.88780447, ""mcse_cost"": 24186.406320055212, ""mean_shortage_days"": 15.192079682365826, ""mean_cost_per_unit"": 14.987697736033274, ""capacity_utilization"": 6196735.45, ""feasible"": false, ""n_runs"": 20, ""eligibility"": ""NO_CONCLUSION""}, {""value"": 36.0, ""strategy_id"": ""S3"", ""mean_fill"": 0.9982052031212101, ""p_meet"": 0.95, ""mean_cost"": 18522975.72734372, ""mcse_cost"": 35342.09169891317, ""mean_shortage_days"": 2.710371029572837, ""mean_cost_per_unit"": 14.764175084289409, ""capacity_utilization"": 6273137.75, ""feasible"": true, ""n_runs"": 20, ""eligibility"": ""NO_CONCLUSION""}, {""value"": 24.0, ""strategy_id"": ""S3"", ""mean_fill"": 0.9982052031212101, ""p_meet"": 0.95, ""mean_cost"": 18522975.72734372, ""mcse_cost"": 35342.09169891317, ""mean_shortage_days"": 2.710371029572837, ""mean_cost_per_unit"": 14.764175084289409, ""capacity_utilization"": 6273137.75, ""feasible"": true, ""n_runs"": 20, ""eligibility"": ""NO_CONCLUSION""}, {""value"": 18.0, ""strategy_id"": ""S3"", ""mean_fill"": 0.9981915078236758, ""p_meet"": 0.95, ""mean_cost"": 18522982.546098627, ""mcse_cost"": 35338.85838564067, ""mean_shortage_days"": 2.720372398685652, ""mean_cost_per_unit"": 14.76438723910741, ""capacity_utilization"": 6273050.55, ""feasible"": true, ""n_runs"": 20, ""eligibility"": ""NO_CONCLUSION""}, {""value"": 15.0, ""strategy_id"": ""S3"", ""mean_fill"": 0.9947374841093783, ""p_meet"": 0.85, ""mean_cost"": 18537048.6932869, ""mcse_cost"": 31441.71213892553, ""mean_shortage_days"": 5.750787239868565, ""mean_cost_per_unit"": 14.827179742386823, ""capacity_utilization"": 6251490.35, ""feasible"": false, ""n_runs"": 20, ""eligibility"": ""NO_CONCLUSION""}, {""value"": 16.5, ""strategy_id"": ""S3"", ""mean_fill"": 0.9970413616600293, ""p_meet"": 0.9, ""mean_cost"": 18528116.52279237, ""mcse_cost"": 33999.88221435574, ""mean_shortage_days"": 3.420468236582694, ""mean_cost_per_unit"": 14.7850729456455, ""capacity_utilization"": 6266072.6, ""feasible"": true, ""n_runs"": 20, ""eligibility"": ""NO_CONCLUSION""}, {""value"": 15.75, ""strategy_id"": ""S3"", ""mean_fill"": 0.9960318649595135, ""p_meet"": 0.85, ""mean_cost"": 18532101.4716607, ""mcse_cost"": 32666.630250969883, ""mean_shortage_days"": 4.530620208105147, ""mean_cost_per_unit"": 14.803655896249058, ""capacity_utilization"": 6259701.85, ""feasible"": false, ""n_runs"": 20, ""eligibility"": ""NO_CONCLUSION""}]",bisection over 5 steps on 20 paired runs,15.75,16.5
S3,sodium_bicarbonate_8_4_50ml,raw_material_lead_time,product.material_lead_time_days,30.0,90.0,240.0,True,False,203.90625,feasible_below,"[{""value"": 30.0, ""strategy_id"": ""S3"", ""mean_fill"": 0.9988731209581225, ""p_meet"": 0.95, ""mean_cost"": 18553047.81623053, ""mcse_cost"": 34053.32358127129, ""mean_shortage_days"": 1.5802163198247536, ""mean_cost_per_unit"": 14.777468422365605, ""capacity_utilization"": 6277732.9, ""feasible"": true, ""n_runs"": 20, ""eligibility"": ""NO_CONCLUSION""}, {""value"": 240.0, ""strategy_id"": ""S3"", ""mean_fill"": 0.9947139973674499, ""p_meet"": 0.8, ""mean_cost"": 18364609.37062852, ""mcse_cost"": 24578.542870623052, ""mean_shortage_days"": 6.240854326396495, ""mean_cost_per_unit"": 14.68983559048057, ""capacity_utilization"": 6251186.15, ""feasible"": false, ""n_runs"": 20, ""eligibility"": ""NO_CONCLUSION""}, {""value"": 135.0, ""strategy_id"": ""S3"", ""mean_fill"": 0.997274907930058, ""p_meet"": 0.9, ""mean_cost"": 18467712.583686944, ""mcse_cost"": 33266.69115931377, ""mean_shortage_days"": 3.5204819277108426, ""mean_cost_per_unit"": 14.734460465202972, ""capacity_utilization"": 6267076.2, ""feasible"": true, ""n_runs"": 20, ""eligibility"": ""NO_CONCLUSION""}, {""value"": 187.5, ""strategy_id"": ""S3"", ""mean_fill"": 0.9966280403670182, ""p_meet"": 0.9, ""mean_cost"": 18416252.485071696, ""mcse_cost"": 24669.242271113388, ""mean_shortage_days"": 3.8505271084337354, ""mean_cost_per_unit"": 14.701999288861552, ""capacity_utilization"": 6263528.8, ""feasible"": true, ""n_runs"": 20, ""eligibility"": ""NO_CONCLUSION""}, {""value"": 213.75, ""strategy_id"": ""S3"", ""mean_fill"": 0.9954323709062936, ""p_meet"": 0.85, ""mean_cost"": 18390708.144661836, ""mcse_cost"": 26407.31083117195, ""mean_shortage_days"": 5.000684556407448, ""mean_cost_per_unit"": 14.699764450652737, ""capacity_utilization"": 6255878.0, ""feasible"": false, ""n_runs"": 20, ""eligibility"": ""NO_CONCLUSION""}, {""value"": 200.625, ""strategy_id"": ""S3"", ""mean_fill"": 0.9958717842097459, ""p_meet"": 0.9, ""mean_cost"": 18404593.793777086, ""mcse_cost"": 25242.932115551186, ""mean_shortage_days"": 4.990683187294633, ""mean_cost_per_unit"": 14.704235544474622, ""capacity_utilization"": 6258543.55, ""feasible"": true, ""n_runs"": 20, ""eligibility"": ""NO_CONCLUSION""}, {""value"": 207.1875, ""strategy_id"": ""S3"", ""mean_fill"": 0.9961951931121193, ""p_meet"": 0.8, ""mean_cost"": 18406181.957602505, ""mcse_cost"": 25009.048445995744, ""mean_shortage_days"": 4.680640744797372, ""mean_cost_per_unit"": 14.700029404344274, ""capacity_utilization"": 6260668.45, ""feasible"": false, ""n_runs"": 20, ""eligibility"": ""NO_CONCLUSION""}]",bisection over 5 steps on 20 paired runs,200.625,207.1875
S3,sodium_bicarbonate_8_4_50ml,common_cause_dependence,global.common_cause_events_per_year,0.02,0.1,0.3,True,True,,feasible_everywhere,"[{""value"": 0.02, ""strategy_id"": ""S3"", ""mean_fill"": 1.0, ""p_meet"": 1.0, ""mean_cost"": 18622202.01473122, ""mcse_cost"": 25917.3121073996, ""mean_shortage_days"": 0.0, ""mean_cost_per_unit"": 14.81606582398523, ""capacity_utilization"": 6284911.2, ""feasible"": true, ""n_runs"": 20, ""eligibility"": ""NO_CONCLUSION""}, {""value"": 0.3, ""strategy_id"": ""S3"", ""mean_fill"": 0.9925451019490683, ""p_meet"": 0.9, ""mean_cost"": 18391323.457180325, ""mcse_cost"": 37522.65574516085, ""mean_shortage_days"": 6.690915936473165, ""mean_cost_per_unit"": 14.75014851675445, ""capacity_utilization"": 6235809.3, ""feasible"": true, ""n_runs"": 20, ""eligibility"": ""NO_CONCLUSION""}]",feasibility does not change between 0.02 and 0.3; no threshold inside the recorded range,,
S3,sodium_bicarbonate_8_4_50ml,supplier_concentration,global.supplier_disruptions_per_supplier_year,0.05,0.2,0.6,True,False,0.40234375000000006,feasible_below,"[{""value"": 0.05, ""strategy_id"": ""S3"", ""mean_fill"": 0.9986707630055461, ""p_meet"": 0.95, ""mean_cost"": 18589348.607210446, ""mcse_cost"": 36322.68864199109, ""mean_shortage_days"": 1.3101793537787514, ""mean_cost_per_unit"": 14.809250452995908, ""capacity_utilization"": 6276447.75, ""feasible"": true, ""n_runs"": 20, ""eligibility"": ""NO_CONCLUSION""}, {""value"": 0.6, ""strategy_id"": ""S3"", ""mean_fill"": 0.9921656515244152, ""p_meet"": 0.75, ""mean_cost"": 18322917.966799676, ""mcse_cost"": 34752.38634422351, ""mean_shortage_days"": 8.461158269441402, ""mean_cost_per_unit"": 14.697903797799048, ""capacity_utilization"": 6234203.15, ""feasible"": false, ""n_runs"": 20, ""eligibility"": ""NO_CONCLUSION""}, {""value"": 0.325, ""strategy_id"": ""S3"", ""mean_fill"": 0.9984094169615949, ""p_meet"": 0.95, ""mean_cost"": 18449999.53641104, ""mcse_cost"": 29741.11735414376, ""mean_shortage_days"": 2.180298466593647, ""mean_cost_per_unit"": 14.704056911055696, ""capacity_utilization"": 6274155.3, ""feasible"": true, ""n_runs"": 20, ""eligibility"": ""NO_CONCLUSION""}, {""value"": 0.4625, ""strategy_id"": ""S3"", ""mean_fill"": 0.9944600260040144, ""p_meet"": 0.8, ""mean_cost"": 18377420.66042359, ""mcse_cost"": 34511.57611889401, ""mean_shortage_days"": 5.070694140197152, ""mean_cost_per_unit"": 14.705409209900537, ""capacity_utilization"": 6249215.0, ""feasible"": false, ""n_runs"": 20, ""eligibility"": ""NO_CONCLUSION""}, {""value"": 0.39375000000000004, ""strategy_id"": ""S3"", ""mean_fill"": 0.9968420366161637, ""p_meet"": 0.9, ""mean_cost"": 18412843.46586608, ""mcse_cost"": 32102.907276478247, ""mean_shortage_days"": 3.9705435377875133, ""mean_cost_per_unit"": 14.695850564346898, ""capacity_utilization"": 6264856.05, ""feasible"": true, ""n_runs"": 20, ""eligibility"": ""NO_CONCLUSION""}, {""value"": 0.42812500000000003, ""strategy_id"": ""S3"", ""mean_fill"": 0.9959801074842147, ""p_meet"": 0.85, ""mean_cost"": 18398964.76042656, ""mcse_cost"": 32412.95553458475, ""mean_shortage_days"": 4.000547645125958, ""mean_cost_per_unit"": 14.697697839131612, ""capacity_utilization"": 6259489.15, ""feasible"": false, ""n_runs"": 20, ""eligibility"": ""NO_CONCLUSION""}, {""value"": 0.41093750000000007, ""strategy_id"": ""S3"", ""mean_fill"": 0.9959801074842147, ""p_meet"": 0.85, ""mean_cost"": 18410456.460143358, ""mcse_cost"": 33696.31872909288, ""mean_shortage_days"": 4.000547645125958, ""mean_cost_per_unit"": 14.706798306634372, ""capacity_utilization"": 6259489.15, ""feasible"": false, ""n_runs"": 20, ""eligibility"": ""NO_CONCLUSION""}]",bisection over 5 steps on 20 paired runs,0.39375000000000004,0.41093750000000007
S3,sodium_bicarbonate_8_4_50ml,commissioning_days,global.node_commissioning_days,365.0,730.0,1095.0,True,True,,feasible_everywhere,"[{""value"": 365.0, ""strategy_id"": ""S3"", ""mean_fill"": 0.9982052031212101, ""p_meet"": 0.95, ""mean_cost"": 18522975.72734372, ""mcse_cost"": 35342.09169891317, ""mean_shortage_days"": 2.710371029572837, ""mean_cost_per_unit"": 14.764175084289409, ""capacity_utilization"": 6273137.75, ""feasible"": true, ""n_runs"": 20, ""eligibility"": ""NO_CONCLUSION""}, {""value"": 1095.0, ""strategy_id"": ""S3"", ""mean_fill"": 0.9982052031212101, ""p_meet"": 0.95, ""mean_cost"": 18522975.72734372, ""mcse_cost"": 35342.09169891317, ""mean_shortage_days"": 2.710371029572837, ""mean_cost_per_unit"": 14.764175084289409, ""capacity_utilization"": 6273137.75, ""feasible"": true, ""n_runs"": 20, ""eligibility"": ""NO_CONCLUSION""}]",feasibility does not change between 365.0 and 1095.0; no threshold inside the recorded range,,
S3,sodium_bicarbonate_8_4_50ml,activation_latency_days,global.reserved_capacity_activation_days,7.0,21.0,60.0,True,True,,feasible_everywhere,"[{""value"": 7.0, ""strategy_id"": ""S3"", ""mean_fill"": 0.9984948853636079, ""p_meet"": 0.95, ""mean_cost"": 18524323.371460564, ""mcse_cost"": 34737.43511615389, ""mean_shortage_days"": 2.5503491237677984, ""mean_cost_per_unit"": 14.760911353645872, ""capacity_utilization"": 6274982.2, ""feasible"": true, ""n_runs"": 20, ""eligibility"": ""NO_CONCLUSION""}, {""value"": 60.0, ""strategy_id"": ""S3"", ""mean_fill"": 0.9976513759687435, ""p_meet"": 0.95, ""mean_cost"": 18521765.04130538, ""mcse_cost"": 35932.07691932352, ""mean_shortage_days"": 3.3404572836801747, ""mean_cost_per_unit"": 14.771637985620393, ""capacity_utilization"": 6269611.45, ""feasible"": true, ""n_runs"": 20, ""eligibility"": ""NO_CONCLUSION""}]",feasibility does not change between 7.0 and 60.0; no threshold inside the recorded range,,
S3,sodium_bicarbonate_8_4_50ml,node_capital,product.capital_usd_per_site,15000000.0,40000000.0,100000000.0,True,True,,feasible_everywhere,"[{""value"": 15000000.0, ""strategy_id"": ""S3"", ""mean_fill"": 0.9982052031212101, ""p_meet"": 0.95, ""mean_cost"": 12936233.363480914, ""mcse_cost"": 35342.09169891323, ""mean_shortage_days"": 2.710371029572837, ""mean_cost_per_unit"": 10.311100220714147, ""capacity_utilization"": 6273137.75, ""feasible"": true, ""n_runs"": 20, ""eligibility"": ""NO_CONCLUSION""}, {""value"": 100000000.0, ""strategy_id"": ""S3"", ""mean_fill"": 0.9982052031212101, ""p_meet"": 0.95, ""mean_cost"": 31931157.400614608, ""mcse_cost"": 35342.091698913224, ""mean_shortage_days"": 2.710371029572837, ""mean_cost_per_unit"": 25.45155475687014, ""capacity_utilization"": 6273137.75, ""feasible"": true, ""n_runs"": 20, ""eligibility"": ""NO_CONCLUSION""}]",feasibility does not change between 15000000.0 and 100000000.0; no threshold inside the recorded range,,
S3,sodium_bicarbonate_8_4_50ml,batches_per_site_year,product.batches_per_site_year_nominal,30.0,45.0,70.0,False,True,44.375,feasible_above,"[{""value"": 30.0, ""strategy_id"": ""S3"", ""mean_fill"": 0.883048179132089, ""p_meet"": 0.0, ""mean_cost"": 17863696.206292145, ""mcse_cost"": 18790.58085405193, ""mean_shortage_days"": 146.35003422782034, ""mean_cost_per_unit"": 16.147737428048195, ""capacity_utilization"": 5535500.45, ""feasible"": false, ""n_runs"": 20, ""eligibility"": ""NO_CONCLUSION""}, {""value"": 70.0, ""strategy_id"": ""S3"", ""mean_fill"": 1.0, ""p_meet"": 1.0, ""mean_cost"": 19130804.02682227, ""mcse_cost"": 27586.07169219967, ""mean_shortage_days"": 0.0, ""mean_cost_per_unit"": 15.220833976484036, ""capacity_utilization"": 6284911.2, ""feasible"": true, ""n_runs"": 20, ""eligibility"": ""NO_CONCLUSION""}, {""value"": 50.0, ""strategy_id"": ""S3"", ""mean_fill"": 0.9999869329271233, ""p_meet"": 1.0, ""mean_cost"": 18636454.02658494, ""mcse_cost"": 37039.42332732818, ""mean_shortage_days"": 0.3300451807228916, ""mean_cost_per_unit"": 14.829422719681224, ""capacity_utilization"": 6284000.45, ""feasible"": true, ""n_runs"": 20, ""eligibility"": ""NO_CONCLUSION""}, {""value"": 40.0, ""strategy_id"": ""S3"", ""mean_fill"": 0.9885588716314535, ""p_meet"": 0.65, ""mean_cost"": 18214482.140204743, ""mcse_cost"": 16215.706147215249, ""mean_shortage_days"": 21.953005202628695, ""mean_cost_per_unit"": 14.666605547573415, ""capacity_utilization"": 6210084.0, ""feasible"": false, ""n_runs"": 20, ""eligibility"": ""NO_CONCLUSION""}, {""value"": 45.0, ""strategy_id"": ""S3"", ""mean_fill"": 0.9982052031212101, ""p_meet"": 0.95, ""mean_cost"": 18522975.72734372, ""mcse_cost"": 35342.09169891317, ""mean_shortage_days"": 2.710371029572837, ""mean_cost_per_unit"": 14.764175084289409, ""capacity_utilization"": 6273137.75, ""feasible"": true, ""n_runs"": 20, ""eligibility"": ""NO_CONCLUSION""}, {""value"": 42.5, ""strategy_id"": ""S3"", ""mean_fill"": 0.9889592080542938, ""p_meet"": 0.65, ""mean_cost"": 18215670.3899811, ""mcse_cost"": 15761.975572850613, ""mean_shortage_days"": 19.98273548740416, ""mean_cost_per_unit"": 14.662486124497795, ""capacity_utilization"": 6212082.55, ""feasible"": false, ""n_runs"": 20, ""eligibility"": ""NO_CONCLUSION""}, {""value"": 43.75, ""strategy_id"": ""S3"", ""mean_fill"": 0.9927640268982592, ""p_meet"": 0.8, ""mean_cost"": 18272660.942301042, ""mcse_cost"": 22283.70582468819, ""mean_shortage_days"": 12.8917647864184, ""mean_cost_per_unit"": 14.652508698590324, ""capacity_utilization"": 6235775.45, ""feasible"": false, ""n_runs"": 20, ""eligibility"": ""NO_CONCLUSION""}]",bisection over 5 steps on 20 paired runs,43.75,45.0
S3,sodium_bicarbonate_8_4_50ml,changeover_burden,product.changeover_days,1.0,3.0,10.0,True,False,4.515625,feasible_below,"[{""value"": 1.0, ""strategy_id"": ""S3"", ""mean_fill"": 0.9983158477008269, ""p_meet"": 0.95, ""mean_cost"": 18525183.943814054, ""mcse_cost"": 35370.33353614786, ""mean_shortage_days"": 2.7103710295728365, ""mean_cost_per_unit"": 14.76384012313886, ""capacity_utilization"": 6274029.75, ""feasible"": true, ""n_runs"": 20, ""eligibility"": ""NO_CONCLUSION""}, {""value"": 10.0, ""strategy_id"": ""S3"", ""mean_fill"": 0.8699918949170021, ""p_meet"": 0.0, ""mean_cost"": 17850046.79168945, ""mcse_cost"": 11252.345568551025, ""mean_shortage_days"": 157.01149370208105, ""mean_cost_per_unit"": 16.365969214193022, ""capacity_utilization"": 5454160.25, ""feasible"": false, ""n_runs"": 20, ""eligibility"": ""NO_CONCLUSION""}, {""value"": 5.5, ""strategy_id"": ""S3"", ""mean_fill"": 0.9931475720747741, ""p_meet"": 0.8, ""mean_cost"": 18275822.175668456, ""mcse_cost"": 21986.442538653937, ""mean_shortage_days"": 13.031783953997811, ""mean_cost_per_unit"": 14.647553266094466, ""capacity_utilization"": 6238903.65, ""feasible"": false, ""n_runs"": 20, ""eligibility"": ""NO_CONCLUSION""}, {""value"": 3.25, ""strategy_id"": ""S3"", ""mean_fill"": 0.9982052031212101, ""p_meet"": 0.95, ""mean_cost"": 18522975.72734372, ""mcse_cost"": 35342.09169891317, ""mean_shortage_days"": 2.710371029572837, ""mean_cost_per_unit"": 14.764175084289409, ""capacity_utilization"": 6273137.75, ""feasible"": true, ""n_runs"": 20, ""eligibility"": ""NO_CONCLUSION""}, {""value"": 4.375, ""strategy_id"": ""S3"", ""mean_fill"": 0.9980511219099382, ""p_meet"": 0.95, ""mean_cost"": 18521849.075620987, ""mcse_cost"": 35216.42390797448, ""mean_shortage_days"": 2.7103710295728365, ""mean_cost_per_unit"": 14.766063140122913, ""capacity_utilization"": 6271953.7, ""feasible"": true, ""n_runs"": 20, ""eligibility"": ""NO_CONCLUSION""}, {""value"": 4.9375, ""strategy_id"": ""S3"", ""mean_fill"": 0.9931475720747741, ""p_meet"": 0.8, ""mean_cost"": 18275822.175668456, ""mcse_cost"": 21986.442538653937, ""mean_shortage_days"": 13.031783953997811, ""mean_cost_per_unit"": 14.647553266094466, ""capacity_utilization"": 6238903.65, ""feasible"": false, ""n_runs"": 20, ""eligibility"": ""NO_CONCLUSION""}, {""value"": 4.65625, ""strategy_id"": ""S3"", ""mean_fill"": 0.9931475720747741, ""p_meet"": 0.8, ""mean_cost"": 18275822.175668456, ""mcse_cost"": 21986.442538653937, ""mean_shortage_days"": 13.031783953997811, ""mean_cost_per_unit"": 14.647553266094466, ""capacity_utilization"": 6238903.65, ""feasible"": false, ""n_runs"": 20, ""eligibility"": ""NO_CONCLUSION""}]",bisection over 5 steps on 20 paired runs,4.375,4.65625
S4,sodium_bicarbonate_8_4_50ml,capacity_utilization,product.annual_demand_units,600000.0,1200000.0,2400000.0,True,False,1246875.0,feasible_below,"[{""value"": 600000.0, ""strategy_id"": ""S4"", ""mean_fill"": 1.0, ""p_meet"": 1.0, ""mean_cost"": 22312837.105320856, ""mcse_cost"": 6826.752785151208, ""mean_shortage_days"": 0.0, ""mean_cost_per_unit"": 35.503489495524576, ""capacity_utilization"": 3142458.6, ""feasible"": true, ""n_runs"": 20, ""eligibility"": ""NO_CONCLUSION""}, {""value"": 2400000.0, ""strategy_id"": ""S4"", ""mean_fill"": 0.694747293516462, ""p_meet"": 0.0, ""mean_cost"": 24809280.728130765, ""mcse_cost"": 30838.109747759234, ""mean_shortage_days"": 241.82310377875132, ""mean_cost_per_unit"": 14.28248531404796, ""capacity_utilization"": 8692820.4, ""feasible"": false, ""n_runs"": 20, ""eligibility"": ""NO_CONCLUSION""}, {""value"": 1500000.0, ""strategy_id"": ""S4"", ""mean_fill"": 0.9695671032867844, ""p_meet"": 0.35, ""mean_cost"": 24296707.96646052, ""mcse_cost"": 33803.92974515073, ""mean_shortage_days"": 28.823945783132523, ""mean_cost_per_unit"": 15.959669646220954, ""capacity_utilization"": 7615350.8, ""feasible"": false, ""n_runs"": 20, ""eligibility"": ""NO_CONCLUSION""}, {""value"": 1050000.0, ""strategy_id"": ""S4"", ""mean_fill"": 0.9993493622317932, ""p_meet"": 0.95, ""mean_cost"": 23659598.591585808, ""mcse_cost"": 8724.721704883827, ""mean_shortage_days"": 0.6200848849945235, ""mean_cost_per_unit"": 21.526094454462942, ""capacity_utilization"": 5495668.25, ""feasible"": true, ""n_runs"": 20, ""eligibility"": ""NO_CONCLUSION""}, {""value"": 1275000.0, ""strategy_id"": ""S4"", ""mean_fill"": 0.9960368598482493, ""p_meet"": 0.85, ""mean_cost"": 24223061.375133954, ""mcse_cost"": 29397.820312955, ""mean_shortage_days"": 3.9605421686746984, ""mean_cost_per_unit"": 18.21136030855012, ""capacity_utilization"": 6650972.3, ""feasible"": false, ""n_runs"": 20, ""eligibility"": ""NO_CONCLUSION""}, {""value"": 1162500.0, ""strategy_id"": ""S4"", ""mean_fill"": 0.9978247918374645, ""p_meet"": 0.95, ""mean_cost"": 23978480.570504107, ""mcse_cost"": 13701.767313463632, ""mean_shortage_days"": 1.3201807228915663, ""mean_cost_per_unit"": 19.736192909933784, ""capacity_utilization"": 6075056.85, ""feasible"": true, ""n_runs"": 20, ""eligibility"": ""NO_CONCLUSION""}, {""value"": 1218750.0, ""strategy_id"": ""S4"", ""mean_fill"": 0.9971233649039993, ""p_meet"": 0.9, ""mean_cost"": 24126738.79901392, ""mcse_cost"": 22649.804738919458, ""mean_shortage_days"": 2.3403203723986854, ""mean_cost_per_unit"": 18.954812438752487, ""capacity_utilization"": 6364474.5, ""feasible"": true, ""n_runs"": 20, ""eligibility"": ""NO_CONCLUSION""}]",bisection over 5 steps on 20 paired runs,1218750.0,1275000.0
S4,sodium_bicarbonate_8_4_50ml,fixed_qa_labor_per_node,product.fixed_qa_labor_usd_per_site_year,1500000.0,3000000.0,6000000.0,True,True,,feasible_everywhere,"[{""value"": 1500000.0, ""strategy_id"": ""S4"", ""mean_fill"": 0.9980769897894437, ""p_meet"": 0.95, ""mean_cost"": 21585852.19403521, ""mcse_cost"": 17339.14763206192, ""mean_shortage_days"": 1.4902039978094195, ""mean_cost_per_unit"": 17.20677439640007, ""capacity_utilization"": 6272637.35, ""feasible"": true, ""n_runs"": 20, ""eligibility"": ""NO_CONCLUSION""}, {""value"": 6000000.0, ""strategy_id"": ""S4"", ""mean_fill"": 0.9980769897894437, ""p_meet"": 0.95, ""mean_cost"": 29086150.74577234, ""mcse_cost"": 17339.147632061715, ""mean_shortage_days"": 1.4902039978094195, ""mean_cost_per_unit"": 23.1856127407679, ""capacity_utilization"": 6272637.35, ""feasible"": true, ""n_runs"": 20, ""eligibility"": ""NO_CONCLUSION""}]",feasibility does not change between 1500000.0 and 6000000.0; no threshold inside the recorded range,,
S4,sodium_bicarbonate_8_4_50ml,release_time,global.sterility_incubation_days,14.0,14.0,18.0,True,True,,feasible_everywhere,"[{""value"": 14.0, ""strategy_id"": ""S4"", ""mean_fill"": 0.9980769897894437, ""p_meet"": 0.95, ""mean_cost"": 24085951.71128092, ""mcse_cost"": 17339.147632061708, ""mean_shortage_days"": 1.4902039978094195, ""mean_cost_per_unit"": 19.19972051118935, ""capacity_utilization"": 6272637.35, ""feasible"": true, ""n_runs"": 20, ""eligibility"": ""NO_CONCLUSION""}, {""value"": 18.0, ""strategy_id"": ""S4"", ""mean_fill"": 0.9978601635394359, ""p_meet"": 0.95, ""mean_cost"": 24084261.662284117, ""mcse_cost"": 17500.6391453663, ""mean_shortage_days"": 1.6402245345016429, ""mean_cost_per_unit"": 19.202627862082302, ""capacity_utilization"": 6271254.75, ""feasible"": true, ""n_runs"": 20, ""eligibility"": ""NO_CONCLUSION""}]",feasibility does not change between 14.0 and 18.0; no threshold inside the recorded range,,
S4,sodium_bicarbonate_8_4_50ml,shelf_life,product.shelf_life_months,12.0,24.0,36.0,False,True,13.875,feasible_above,"[{""value"": 12.0, ""strategy_id"": ""S4"", ""mean_fill"": 0.9867846813962282, ""p_meet"": 0.65, ""mean_cost"": 24187776.179646056, ""mcse_cost"": 27191.11095812686, ""mean_shortage_days"": 11.861623767798466, ""mean_cost_per_unit"": 19.50696365661377, ""capacity_utilization"": 6201085.15, ""feasible"": false, ""n_runs"": 20, ""eligibility"": ""NO_CONCLUSION""}, {""value"": 36.0, ""strategy_id"": ""S4"", ""mean_fill"": 0.9980769897894437, ""p_meet"": 0.95, ""mean_cost"": 24085951.71128092, ""mcse_cost"": 17339.147632061708, ""mean_shortage_days"": 1.4902039978094195, ""mean_cost_per_unit"": 19.19972051118935, ""capacity_utilization"": 6272637.35, ""feasible"": true, ""n_runs"": 20, ""eligibility"": ""NO_CONCLUSION""}, {""value"": 24.0, ""strategy_id"": ""S4"", ""mean_fill"": 0.9980769897894437, ""p_meet"": 0.95, ""mean_cost"": 24085951.71128092, ""mcse_cost"": 17339.147632061708, ""mean_shortage_days"": 1.4902039978094195, ""mean_cost_per_unit"": 19.19972051118935, ""capacity_utilization"": 6272637.35, ""feasible"": true, ""n_runs"": 20, ""eligibility"": ""NO_CONCLUSION""}, {""value"": 18.0, ""strategy_id"": ""S4"", ""mean_fill"": 0.9980769897894437, ""p_meet"": 0.95, ""mean_cost"": 24085951.71128092, ""mcse_cost"": 17339.147632061708, ""mean_shortage_days"": 1.4902039978094195, ""mean_cost_per_unit"": 19.19972051118935, ""capacity_utilization"": 6272637.35, ""feasible"": true, ""n_runs"": 20, ""eligibility"": ""NO_CONCLUSION""}, {""value"": 15.0, ""strategy_id"": ""S4"", ""mean_fill"": 0.9980317183500599, ""p_meet"": 0.95, ""mean_cost"": 24087102.21239183, ""mcse_cost"": 17344.697201864914, ""mean_shortage_days"": 1.5102067360350493, ""mean_cost_per_unit"": 19.201496270551452, ""capacity_utilization"": 6272349.1, ""feasible"": true, ""n_runs"": 20, ""eligibility"": ""NO_CONCLUSION""}, {""value"": 13.5, ""strategy_id"": ""S4"", ""mean_fill"": 0.9949709413430439, ""p_meet"": 0.85, ""mean_cost"": 24141682.570643086, ""mcse_cost"": 21433.32583853577, ""mean_shortage_days"": 4.230579134720701, ""mean_cost_per_unit"": 19.305471980871435, ""capacity_utilization"": 6252956.0, ""feasible"": false, ""n_runs"": 20, ""eligibility"": ""NO_CONCLUSION""}, {""value"": 14.25, ""strategy_id"": ""S4"", ""mean_fill"": 0.9972196992497961, ""p_meet"": 0.9, ""mean_cost"": 24113396.848405752, ""mcse_cost"": 19417.392147447867, ""mean_shortage_days"": 2.260309419496166, ""mean_cost_per_unit"": 19.238333105714354, ""capacity_utilization"": 6267181.2, ""feasible"": true, ""n_runs"": 20, ""eligibility"": ""NO_CONCLUSION""}]",bisection over 5 steps on 20 paired runs,13.5,14.25
S4,sodium_bicarbonate_8_4_50ml,raw_material_lead_time,product.material_lead_time_days,30.0,90.0,240.0,True,False,144.84375,feasible_below,"[{""value"": 30.0, ""strategy_id"": ""S4"", ""mean_fill"": 0.998727953817642, ""p_meet"": 0.95, ""mean_cost"": 24104776.326467138, ""mcse_cost"": 15162.330438480989, ""mean_shortage_days"": 0.860117743702081, ""mean_cost_per_unit"": 19.201941047954044, ""capacity_utilization"": 6276789.25, ""feasible"": true, ""n_runs"": 20, ""eligibility"": ""NO_CONCLUSION""}, {""value"": 240.0, ""strategy_id"": ""S4"", ""mean_fill"": 0.9806711682255248, ""p_meet"": 0.65, ""mean_cost"": 23860716.255796894, ""mcse_cost"": 29350.257631583445, ""mean_shortage_days"": 19.04260679079956, ""mean_cost_per_unit"": 19.36587264597151, ""capacity_utilization"": 6161880.75, ""feasible"": false, ""n_runs"": 20, ""eligibility"": ""NO_CONCLUSION""}, {""value"": 135.0, ""strategy_id"": ""S4"", ""mean_fill"": 0.9961784560440334, ""p_meet"": 0.9, ""mean_cost"": 24040415.005447514, ""mcse_cost"": 23277.247471627303, ""mean_shortage_days"": 3.2304422234392107, ""mean_cost_per_unit"": 19.20072431144466, ""capacity_utilization"": 6260501.75, ""feasible"": true, ""n_runs"": 20, ""eligibility"": ""NO_CONCLUSION""}, {""value"": 187.5, ""strategy_id"": ""S4"", ""mean_fill"": 0.9919099899968158, ""p_meet"": 0.75, ""mean_cost"": 23963563.08420082, ""mcse_cost"": 28289.217046355814, ""mean_shortage_days"": 9.371282858707556, ""mean_cost_per_unit"": 19.221607018341075, ""capacity_utilization"": 6233096.65, ""feasible"": false, ""n_runs"": 20, ""eligibility"": ""NO_CONCLUSION""}, {""value"": 161.25, ""strategy_id"": ""S4"", ""mean_fill"": 0.995338401296841, ""p_meet"": 0.85, ""mean_cost"": 24007442.49686011, ""mcse_cost"": 27304.36605128935, ""mean_shortage_days"": 5.000684556407448, ""mean_cost_per_unit"": 19.189372583405895, ""capacity_utilization"": 6254979.3, ""feasible"": false, ""n_runs"": 20, ""eligibility"": ""NO_CONCLUSION""}, {""value"": 148.125, ""strategy_id"": ""S4"", ""mean_fill"": 0.9957292503619934, ""p_meet"": 0.85, ""mean_cost"": 24032174.96882474, ""mcse_cost"": 24307.647104756765, ""mean_shortage_days"": 3.890532584884994, ""mean_cost_per_unit"": 19.202225916251336, ""capacity_utilization"": 6257609.2, ""feasible"": false, ""n_runs"": 20, ""eligibility"": ""NO_CONCLUSION""}, {""value"": 141.5625, ""strategy_id"": ""S4"", ""mean_fill"": 0.9962015991116067, ""p_meet"": 0.9, ""mean_cost"": 24035729.522707444, ""mcse_cost"": 23492.45588619961, ""mean_shortage_days"": 3.5504860350492877, ""mean_cost_per_unit"": 19.196097303879814, ""capacity_utilization"": 6260626.1, ""feasible"": true, ""n_runs"": 20, ""eligibility"": ""NO_CONCLUSION""}]",bisection over 5 steps on 20 paired runs,141.5625,148.125
S4,sodium_bicarbonate_8_4_50ml,common_cause_dependence,global.common_cause_events_per_year,0.02,0.1,0.3,True,False,0.199375,feasible_below,"[{""value"": 0.02, ""strategy_id"": ""S4"", ""mean_fill"": 1.0, ""p_meet"": 1.0, ""mean_cost"": 24124256.89968142, ""mcse_cost"": 9116.660517148886, ""mean_shortage_days"": 0.0, ""mean_cost_per_unit"": 19.19280728573912, ""capacity_utilization"": 6284911.2, ""feasible"": true, ""n_runs"": 20, ""eligibility"": ""NO_CONCLUSION""}, {""value"": 0.3, ""strategy_id"": ""S4"", ""mean_fill"": 0.9909372867354825, ""p_meet"": 0.8, ""mean_cost"": 23963901.79283478, ""mcse_cost"": 47693.637315553715, ""mean_shortage_days"": 6.72092004381161, ""mean_cost_per_unit"": 19.24291754614618, ""capacity_utilization"": 6226673.9, ""feasible"": false, ""n_runs"": 20, ""eligibility"": ""NO_CONCLUSION""}, {""value"": 0.16, ""strategy_id"": ""S4"", ""mean_fill"": 0.9968082671219707, ""p_meet"": 0.9, ""mean_cost"": 24042068.363649245, ""mcse_cost"": 26631.89022616549, ""mean_shortage_days"": 2.590354600219058, ""mean_cost_per_unit"": 19.189662880894126, ""capacity_utilization"": 6264600.3, ""feasible"": true, ""n_runs"": 20, ""eligibility"": ""NO_CONCLUSION""}, {""value"": 0.22999999999999998, ""strategy_id"": ""S4"", ""mean_fill"": 0.9877422342064597, ""p_meet"": 0.85, ""mean_cost"": 23980188.895930167, ""mcse_cost"": 46147.50931761962, ""mean_shortage_days"": 9.711329408543262, ""mean_cost_per_unit"": 19.325601859279494, ""capacity_utilization"": 6206213.05, ""feasible"": false, ""n_runs"": 20, ""eligibility"": ""NO_CONCLUSION""}, {""value"": 0.195, ""strategy_id"": ""S4"", ""mean_fill"": 0.9950225299907185, ""p_meet"": 0.9, ""mean_cost"": 24032562.039880194, ""mcse_cost"": 27459.08525748485, ""mean_shortage_days"": 4.360596933187294, ""mean_cost_per_unit"": 19.217976968351778, ""capacity_utilization"": 6253217.15, ""feasible"": true, ""n_runs"": 20, ""eligibility"": ""NO_CONCLUSION""}, {""value"": 0.2125, ""strategy_id"": ""S4"", ""mean_fill"": 0.9877422342064597, ""p_meet"": 0.85, ""mean_cost"": 23986014.123611137, ""mcse_cost"": 46020.657873962424, ""mean_shortage_days"": 9.711329408543262, ""mean_cost_per_unit"": 19.330351208898183, ""capacity_utilization"": 6206213.05, ""feasible"": false, ""n_runs"": 20, ""eligibility"": ""NO_CONCLUSION""}, {""value"": 0.20375, ""strategy_id"": ""S4"", ""mean_fill"": 0.9877422342064597, ""p_meet"": 0.85, ""mean_cost"": 24002617.399103604, ""mcse_cost"": 46146.43967808892, ""mean_shortage_days"": 9.711329408543262, ""mean_cost_per_unit"": 19.343720180526482, ""capacity_utilization"": 6206213.05, ""feasible"": false, ""n_runs"": 20, ""eligibility"": ""NO_CONCLUSION""}]",bisection over 5 steps on 20 paired runs,0.195,0.20375
S4,sodium_bicarbonate_8_4_50ml,supplier_concentration,global.supplier_disruptions_per_supplier_year,0.05,0.2,0.6,True,True,,feasible_everywhere,"[{""value"": 0.05, ""strategy_id"": ""S4"", ""mean_fill"": 0.9992490131397371, ""p_meet"": 0.95, ""mean_cost"": 24101823.084700815, ""mcse_cost"": 15651.128538033832, ""mean_shortage_days"": 0.8401150054764512, ""mean_cost_per_unit"": 19.18937395423677, ""capacity_utilization"": 6280116.3, ""feasible"": true, ""n_runs"": 20, ""eligibility"": ""NO_CONCLUSION""}, {""value"": 0.6, ""strategy_id"": ""S4"", ""mean_fill"": 0.9976743650568272, ""p_meet"": 0.9, ""mean_cost"": 24002430.73859288, ""mcse_cost"": 30629.180354190994, ""mean_shortage_days"": 2.2903135268346113, ""mean_cost_per_unit"": 19.140905530620017, ""capacity_utilization"": 6270274.85, ""feasible"": true, ""n_runs"": 20, ""eligibility"": ""NO_CONCLUSION""}]",feasibility does not change between 0.05 and 0.6; no threshold inside the recorded range,,
S4,sodium_bicarbonate_8_4_50ml,commissioning_days,global.node_commissioning_days,365.0,730.0,1095.0,True,False,855.46875,feasible_below,"[{""value"": 365.0, ""strategy_id"": ""S4"", ""mean_fill"": 1.0, ""p_meet"": 1.0, ""mean_cost"": 24733545.348680068, ""mcse_cost"": 9394.066498638917, ""mean_shortage_days"": 0.0, ""mean_cost_per_unit"": 19.677541045072722, ""capacity_utilization"": 6284911.2, ""feasible"": true, ""n_runs"": 20, ""eligibility"": ""NO_CONCLUSION""}, {""value"": 1095.0, ""strategy_id"": ""S4"", ""mean_fill"": 0.9801021321626774, ""p_meet"": 0.55, ""mean_cost"": 23192192.471726824, ""mcse_cost"": 32426.14340976681, ""mean_shortage_days"": 19.322645125958378, ""mean_cost_per_unit"": 18.836585527348433, ""capacity_utilization"": 6158451.95, ""feasible"": false, ""n_runs"": 20, ""eligibility"": ""NO_CONCLUSION""}, {""value"": 730.0, ""strategy_id"": ""S4"", ""mean_fill"": 0.9980769897894437, ""p_meet"": 0.95, ""mean_cost"": 24085951.71128092, ""mcse_cost"": 17339.147632061708, ""mean_shortage_days"": 1.4902039978094195, ""mean_cost_per_unit"": 19.19972051118935, ""capacity_utilization"": 6272637.35, ""feasible"": true, ""n_runs"": 20, ""eligibility"": ""NO_CONCLUSION""}, {""value"": 912.5, ""strategy_id"": ""S4"", ""mean_fill"": 0.9924567555294509, ""p_meet"": 0.8, ""mean_cost"": 23690203.072682593, ""mcse_cost"": 29389.9331766822, ""mean_shortage_days"": 7.651047371303394, ""mean_cost_per_unit"": 18.992871589929564, ""capacity_utilization"": 6236698.95, ""feasible"": false, ""n_runs"": 20, ""eligibility"": ""NO_CONCLUSION""}, {""value"": 821.25, ""strategy_id"": ""S4"", ""mean_fill"": 0.9966092163191848, ""p_meet"": 0.9, ""mean_cost"": 23898640.43829014, ""mcse_cost"": 23404.06601466558, ""mean_shortage_days"": 3.9805449069003287, ""mean_cost_per_unit"": 19.079500044278333, ""capacity_utilization"": 6263296.5, ""feasible"": true, ""n_runs"": 20, ""eligibility"": ""NO_CONCLUSION""}, {""value"": 866.875, ""strategy_id"": ""S4"", ""mean_fill"": 0.9946043339840133, ""p_meet"": 0.85, ""mean_cost"": 23796528.306764435, ""mcse_cost"": 27009.367111538453, ""mean_shortage_days"": 5.820796823658269, ""mean_cost_per_unit"": 19.035996194001214, ""capacity_utilization"": 6250400.8, ""feasible"": false, ""n_runs"": 20, ""eligibility"": ""NO_CONCLUSION""}, {""value"": 844.0625, ""strategy_id"": ""S4"", ""mean_fill"": 0.9958176019711777, ""p_meet"": 0.9, ""mean_cost"": 23845606.407108076, ""mcse_cost"": 27042.80391212782, ""mean_shortage_days"": 4.9206736035049286, ""mean_cost_per_unit"": 19.052030351110123, ""capacity_utilization"": 6258196.5, ""feasible"": true, ""n_runs"": 20, ""eligibility"": ""NO_CONCLUSION""}]",bisection over 5 steps on 20 paired runs,844.0625,866.875
S4,sodium_bicarbonate_8_4_50ml,activation_latency_days,global.reserved_capacity_activation_days,7.0,21.0,60.0,True,True,,feasible_everywhere,"[{""value"": 7.0, ""strategy_id"": ""S4"", ""mean_fill"": 0.9980769897894437, ""p_meet"": 0.95, ""mean_cost"": 24085951.71128092, ""mcse_cost"": 17339.147632061708, ""mean_shortage_days"": 1.4902039978094195, ""mean_cost_per_unit"": 19.19972051118935, ""capacity_utilization"": 6272637.35, ""feasible"": true, ""n_runs"": 20, ""eligibility"": ""NO_CONCLUSION""}, {""value"": 60.0, ""strategy_id"": ""S4"", ""mean_fill"": 0.9980769897894437, ""p_meet"": 0.95, ""mean_cost"": 24085951.71128092, ""mcse_cost"": 17339.147632061708, ""mean_shortage_days"": 1.4902039978094195, ""mean_cost_per_unit"": 19.19972051118935, ""capacity_utilization"": 6272637.35, ""feasible"": true, ""n_runs"": 20, ""eligibility"": ""NO_CONCLUSION""}]",feasibility does not change between 7.0 and 60.0; no threshold inside the recorded range,,
S4,sodium_bicarbonate_8_4_50ml,node_capital,product.capital_usd_per_site,15000000.0,40000000.0,100000000.0,True,True,,feasible_everywhere,"[{""value"": 15000000.0, ""strategy_id"": ""S4"", ""mean_fill"": 0.9980769897894437, ""p_meet"": 0.95, ""mean_cost"": 15887804.134487305, ""mcse_cost"": 17339.147632061813, ""mean_shortage_days"": 1.4902039978094195, ""mean_cost_per_unit"": 12.664594109645304, ""capacity_utilization"": 6272637.35, ""feasible"": true, ""n_runs"": 20, ""eligibility"": ""NO_CONCLUSION""}, {""value"": 100000000.0, ""strategy_id"": ""S4"", ""mean_fill"": 0.9980769897894437, ""p_meet"": 0.95, ""mean_cost"": 43761505.895585045, ""mcse_cost"": 17339.147632061788, ""mean_shortage_days"": 1.4902039978094195, ""mean_cost_per_unit"": 34.884023874894616, ""capacity_utilization"": 6272637.35, ""feasible"": true, ""n_runs"": 20, ""eligibility"": ""NO_CONCLUSION""}]",feasibility does not change between 15000000.0 and 100000000.0; no threshold inside the recorded range,,
S4,sodium_bicarbonate_8_4_50ml,batches_per_site_year,product.batches_per_site_year_nominal,30.0,45.0,70.0,False,True,44.375,feasible_above,"[{""value"": 30.0, ""strategy_id"": ""S4"", ""mean_fill"": 0.8717304770164815, ""p_meet"": 0.0, ""mean_cost"": 22953450.597337518, ""mcse_cost"": 19250.967494757006, ""mean_shortage_days"": 159.09177847754654, ""mean_cost_per_unit"": 20.98508904830761, ""capacity_utilization"": 5474002.55, ""feasible"": false, ""n_runs"": 20, ""eligibility"": ""NO_CONCLUSION""}, {""value"": 70.0, ""strategy_id"": ""S4"", ""mean_fill"": 1.0, ""p_meet"": 1.0, ""mean_cost"": 24489686.930250574, ""mcse_cost"": 20135.717132895454, ""mean_shortage_days"": 0.0, ""mean_cost_per_unit"": 19.483618702747812, ""capacity_utilization"": 6284911.2, ""feasible"": true, ""n_runs"": 20, ""eligibility"": ""NO_CONCLUSION""}, {""value"": 50.0, ""strategy_id"": ""S4"", ""mean_fill"": 0.9993427981961954, ""p_meet"": 0.95, ""mean_cost"": 24163475.211727973, ""mcse_cost"": 9984.564702114523, ""mean_shortage_days"": 0.5800794085432639, ""mean_cost_per_unit"": 19.236604306686427, ""capacity_utilization"": 6280715.0, ""feasible"": true, ""n_runs"": 20, ""eligibility"": ""NO_CONCLUSION""}, {""value"": 40.0, ""strategy_id"": ""S4"", ""mean_fill"": 0.9783659388485564, ""p_meet"": 0.45, ""mean_cost"": 23544742.92505203, ""mcse_cost"": 24947.90422731502, ""mean_shortage_days"": 21.082886089813794, ""mean_cost_per_unit"": 19.152595793815347, ""capacity_utilization"": 6147937.3, ""feasible"": false, ""n_runs"": 20, ""eligibility"": ""NO_CONCLUSION""}, {""value"": 45.0, ""strategy_id"": ""S4"", ""mean_fill"": 0.9980769897894437, ""p_meet"": 0.95, ""mean_cost"": 24085951.71128092, ""mcse_cost"": 17339.147632061708, ""mean_shortage_days"": 1.4902039978094195, ""mean_cost_per_unit"": 19.19972051118935, ""capacity_utilization"": 6272637.35, ""feasible"": true, ""n_runs"": 20, ""eligibility"": ""NO_CONCLUSION""}, {""value"": 42.5, ""strategy_id"": ""S4"", ""mean_fill"": 0.9918185495326833, ""p_meet"": 0.75, ""mean_cost"": 23846846.485891145, ""mcse_cost"": 33823.522057007925, ""mean_shortage_days"": 7.541032311062432, ""mean_cost_per_unit"": 19.13211452961107, ""capacity_utilization"": 6232876.55, ""feasible"": false, ""n_runs"": 20, ""eligibility"": ""NO_CONCLUSION""}, {""value"": 43.75, ""strategy_id"": ""S4"", ""mean_fill"": 0.9924803490609502, ""p_meet"": 0.75, ""mean_cost"": 23853307.708052713, ""mcse_cost"": 32287.893461656935, ""mean_shortage_days"": 7.260993975903614, ""mean_cost_per_unit"": 19.123823263292987, ""capacity_utilization"": 6237028.25, ""feasible"": false, ""n_runs"": 20, ""eligibility"": ""NO_CONCLUSION""}]",bisection over 5 steps on 20 paired runs,43.75,45.0
S4,sodium_bicarbonate_8_4_50ml,changeover_burden,product.changeover_days,1.0,3.0,10.0,True,False,6.484375,feasible_below,"[{""value"": 1.0, ""strategy_id"": ""S4"", ""mean_fill"": 0.9982101583830933, ""p_meet"": 0.95, ""mean_cost"": 24086487.067879044, ""mcse_cost"": 17244.327548773224, ""mean_shortage_days"": 1.4802026286966048, ""mean_cost_per_unit"": 19.197564533554253, ""capacity_utilization"": 6273486.15, ""feasible"": true, ""n_runs"": 20, ""eligibility"": ""NO_CONCLUSION""}, {""value"": 10.0, ""strategy_id"": ""S4"", ""mean_fill"": 0.9240461664172864, ""p_meet"": 0.0, ""mean_cost"": 23113205.666665904, ""mcse_cost"": 14106.689431202129, ""mean_shortage_days"": 73.47005750273823, ""mean_cost_per_unit"": 19.916746287136586, ""capacity_utilization"": 5804650.35, ""feasible"": false, ""n_runs"": 20, ""eligibility"": ""NO_CONCLUSION""}, {""value"": 5.5, ""strategy_id"": ""S4"", ""mean_fill"": 0.9979797368024643, ""p_meet"": 0.95, ""mean_cost"": 24084693.693722732, ""mcse_cost"": 17499.21041862652, ""mean_shortage_days"": 1.5602135815991238, ""mean_cost_per_unit"": 19.200649057958977, ""capacity_utilization"": 6272016.8, ""feasible"": true, ""n_runs"": 20, ""eligibility"": ""NO_CONCLUSION""}, {""value"": 7.75, ""strategy_id"": ""S4"", ""mean_fill"": 0.9779121441959848, ""p_meet"": 0.45, ""mean_cost"": 23547599.076777726, ""mcse_cost"": 24095.513374506227, ""mean_shortage_days"": 21.09288745892662, ""mean_cost_per_unit"": 19.164384329796516, ""capacity_utilization"": 6144953.4, ""feasible"": false, ""n_runs"": 20, ""eligibility"": ""NO_CONCLUSION""}, {""value"": 6.625, ""strategy_id"": ""S4"", ""mean_fill"": 0.9928890250337259, ""p_meet"": 0.75, ""mean_cost"": 23849801.233841397, ""mcse_cost"": 31607.60982950534, ""mean_shortage_days"": 7.11097343921139, ""mean_cost_per_unit"": 19.113143965065895, ""capacity_utilization"": 6239632.55, ""feasible"": false, ""n_runs"": 20, ""eligibility"": ""NO_CONCLUSION""}, {""value"": 6.0625, ""strategy_id"": ""S4"", ""mean_fill"": 0.9979166782399702, ""p_meet"": 0.95, ""mean_cost"": 24084451.195675258, ""mcse_cost"": 17506.63694179385, ""mean_shortage_days"": 1.6702286418400873, ""mean_cost_per_unit"": 19.201654503546372, ""capacity_utilization"": 6271615.2, ""feasible"": true, ""n_runs"": 20, ""eligibility"": ""NO_CONCLUSION""}, {""value"": 6.34375, ""strategy_id"": ""S4"", ""mean_fill"": 0.9979166782399702, ""p_meet"": 0.95, ""mean_cost"": 24084451.195675258, ""mcse_cost"": 17506.63694179385, ""mean_shortage_days"": 1.6702286418400873, ""mean_cost_per_unit"": 19.201654503546372, ""capacity_utilization"": 6271615.2, ""feasible"": true, ""n_runs"": 20, ""eligibility"": ""NO_CONCLUSION""}]",bisection over 5 steps on 20 paired runs,6.34375,6.625
S5,sodium_bicarbonate_8_4_50ml,capacity_utilization,product.annual_demand_units,600000.0,1200000.0,2400000.0,True,False,1190625.0,feasible_below,"[{""value"": 600000.0, ""strategy_id"": ""S5"", ""mean_fill"": 1.0, ""p_meet"": 1.0, ""mean_cost"": 30115522.489528537, ""mcse_cost"": 14485.117957756898, ""mean_shortage_days"": 0.0, ""mean_cost_per_unit"": 47.91859772967861, ""capacity_utilization"": 3142458.6, ""feasible"": true, ""n_runs"": 20, ""eligibility"": ""NO_CONCLUSION""}, {""value"": 2400000.0, ""strategy_id"": ""S5"", ""mean_fill"": 0.6015193781388237, ""p_meet"": 0.0, ""mean_cost"": 32598629.040107973, ""mcse_cost"": 43737.443480109716, ""mean_shortage_days"": 249.7141840087623, ""mean_cost_per_unit"": 21.683708893315885, ""capacity_utilization"": 7523018.8, ""feasible"": false, ""n_runs"": 20, ""eligibility"": ""NO_CONCLUSION""}, {""value"": 1500000.0, ""strategy_id"": ""S5"", ""mean_fill"": 0.924736022512232, ""p_meet"": 0.0, ""mean_cost"": 32171419.23456301, ""mcse_cost"": 41050.51219864481, ""mean_shortage_days"": 101.18385131434829, ""mean_cost_per_unit"": 22.17030539834861, ""capacity_utilization"": 7261383.5, ""feasible"": false, ""n_runs"": 20, ""eligibility"": ""NO_CONCLUSION""}, {""value"": 1050000.0, ""strategy_id"": ""S5"", ""mean_fill"": 1.0, ""p_meet"": 1.0, ""mean_cost"": 31857973.231735308, ""mcse_cost"": 31751.562223729732, ""mean_shortage_days"": 0.0, ""mean_cost_per_unit"": 28.96625294507465, ""capacity_utilization"": 5499303.25, ""feasible"": true, ""n_runs"": 20, ""eligibility"": ""NO_CONCLUSION""}, {""value"": 1275000.0, ""strategy_id"": ""S5"", ""mean_fill"": 0.9891577104321841, ""p_meet"": 0.7, ""mean_cost"": 32073068.26398611, ""mcse_cost"": 44926.466043168446, ""mean_shortage_days"": 12.281681270536692, ""mean_cost_per_unit"": 24.283197773512185, ""capacity_utilization"": 6604654.3, ""feasible"": false, ""n_runs"": 20, ""eligibility"": ""NO_CONCLUSION""}, {""value"": 1162500.0, ""strategy_id"": ""S5"", ""mean_fill"": 0.9969059349132756, ""p_meet"": 0.9, ""mean_cost"": 32039872.876561414, ""mcse_cost"": 44471.063084251815, ""mean_shortage_days"": 2.480339539978094, ""mean_cost_per_unit"": 26.396031934017685, ""capacity_utilization"": 6069389.1, ""feasible"": true, ""n_runs"": 20, ""eligibility"": ""NO_CONCLUSION""}, {""value"": 1218750.0, ""strategy_id"": ""S5"", ""mean_fill"": 0.9952372019206159, ""p_meet"": 0.8, ""mean_cost"": 32059157.674657255, ""mcse_cost"": 43971.70594426856, ""mean_shortage_days"": 5.150705093099671, ""mean_cost_per_unit"": 25.235732933564748, ""capacity_utilization"": 6352379.45, ""feasible"": false, ""n_runs"": 20, ""eligibility"": ""NO_CONCLUSION""}]",bisection over 5 steps on 20 paired runs,1162500.0,1218750.0
S5,sodium_bicarbonate_8_4_50ml,fixed_qa_labor_per_node,product.fixed_qa_labor_usd_per_site_year,1500000.0,3000000.0,6000000.0,True,True,,feasible_everywhere,"[{""value"": 1500000.0, ""strategy_id"": ""S5"", ""mean_fill"": 0.9963058611329985, ""p_meet"": 0.9, ""mean_cost"": 29076858.767541993, ""mcse_cost"": 43269.579508295385, ""mean_shortage_days"": 3.8505271084337354, ""mean_cost_per_unit"": 23.22076662167676, ""capacity_utilization"": 6261430.0, ""feasible"": true, ""n_runs"": 20, ""eligibility"": ""NO_CONCLUSION""}, {""value"": 6000000.0, ""strategy_id"": ""S5"", ""mean_fill"": 0.9963058611329985, ""p_meet"": 0.9, ""mean_cost"": 38011794.353214815, ""mcse_cost"": 43269.57950829539, ""mean_shortage_days"": 3.8505271084337354, ""mean_cost_per_unit"": 30.356362899897647, ""capacity_utilization"": 6261430.0, ""feasible"": true, ""n_runs"": 20, ""eligibility"": ""NO_CONCLUSION""}]",feasibility does not change between 1500000.0 and 6000000.0; no threshold inside the recorded range,,
S5,sodium_bicarbonate_8_4_50ml,release_time,global.sterility_incubation_days,14.0,14.0,18.0,True,True,,feasible_everywhere,"[{""value"": 14.0, ""strategy_id"": ""S5"", ""mean_fill"": 0.9963058611329985, ""p_meet"": 0.9, ""mean_cost"": 32055170.629432928, ""mcse_cost"": 43269.57950829536, ""mean_shortage_days"": 3.8505271084337354, ""mean_cost_per_unit"": 25.599298714417056, ""capacity_utilization"": 6261430.0, ""feasible"": true, ""n_runs"": 20, ""eligibility"": ""NO_CONCLUSION""}, {""value"": 18.0, ""strategy_id"": ""S5"", ""mean_fill"": 0.9957676805231518, ""p_meet"": 0.9, ""mean_cost"": 32041752.357679166, ""mcse_cost"": 43227.04307147541, ""mean_shortage_days"": 4.140566812705366, ""mean_cost_per_unit"": 25.602697818495027, ""capacity_utilization"": 6258023.5, ""feasible"": true, ""n_runs"": 20, ""eligibility"": ""NO_CONCLUSION""}]",feasibility does not change between 14.0 and 18.0; no threshold inside the recorded range,,
S5,sodium_bicarbonate_8_4_50ml,shelf_life,product.shelf_life_months,12.0,24.0,36.0,False,True,17.625,feasible_above,"[{""value"": 12.0, ""strategy_id"": ""S5"", ""mean_fill"": 0.9321908989548593, ""p_meet"": 0.0, ""mean_cost"": 32144605.44638136, ""mcse_cost"": 42598.550750101946, ""mean_shortage_days"": 66.08904709748083, ""mean_cost_per_unit"": 27.454431015905396, ""capacity_utilization"": 5857951.2, ""feasible"": false, ""n_runs"": 20, ""eligibility"": ""NO_CONCLUSION""}, {""value"": 36.0, ""strategy_id"": ""S5"", ""mean_fill"": 0.9963058611329985, ""p_meet"": 0.9, ""mean_cost"": 32055170.629432928, ""mcse_cost"": 43269.57950829536, ""mean_shortage_days"": 3.8505271084337354, ""mean_cost_per_unit"": 25.599298714417056, ""capacity_utilization"": 6261430.0, ""feasible"": true, ""n_runs"": 20, ""eligibility"": ""NO_CONCLUSION""}, {""value"": 24.0, ""strategy_id"": ""S5"", ""mean_fill"": 0.9963058611329985, ""p_meet"": 0.9, ""mean_cost"": 32055170.629432928, ""mcse_cost"": 43269.57950829536, ""mean_shortage_days"": 3.8505271084337354, ""mean_cost_per_unit"": 25.599298714417056, ""capacity_utilization"": 6261430.0, ""feasible"": true, ""n_runs"": 20, ""eligibility"": ""NO_CONCLUSION""}, {""value"": 18.0, ""strategy_id"": ""S5"", ""mean_fill"": 0.9962966497889573, ""p_meet"": 0.9, ""mean_cost"": 32055180.41579304, ""mcse_cost"": 43264.96346111733, ""mean_shortage_days"": 3.8505271084337354, ""mean_cost_per_unit"": 25.59953821052974, ""capacity_utilization"": 6261371.35, ""feasible"": true, ""n_runs"": 20, ""eligibility"": ""NO_CONCLUSION""}, {""value"": 15.0, ""strategy_id"": ""S5"", ""mean_fill"": 0.9784558627956003, ""p_meet"": 0.45, ""mean_cost"": 32082699.0050888, ""mcse_cost"": 42685.022591250985, ""mean_shortage_days"": 21.27291210295728, ""mean_cost_per_unit"": 26.09907806922019, ""capacity_utilization"": 6148749.4, ""feasible"": false, ""n_runs"": 20, ""eligibility"": ""NO_CONCLUSION""}, {""value"": 16.5, ""strategy_id"": ""S5"", ""mean_fill"": 0.9914998314305589, ""p_meet"": 0.8, ""mean_cost"": 32065176.933126688, ""mcse_cost"": 43289.60826669621, ""mean_shortage_days"": 9.351280120481926, ""mean_cost_per_unit"": 25.73372306024849, ""capacity_utilization"": 6231081.8, ""feasible"": false, ""n_runs"": 20, ""eligibility"": ""NO_CONCLUSION""}, {""value"": 17.25, ""strategy_id"": ""S5"", ""mean_fill"": 0.995084980941264, ""p_meet"": 0.8, ""mean_cost"": 32058329.60230834, ""mcse_cost"": 43367.03052420373, ""mean_shortage_days"": 5.170707831325301, ""mean_cost_per_unit"": 25.633396668962508, ""capacity_utilization"": 6253718.55, ""feasible"": false, ""n_runs"": 20, ""eligibility"": ""NO_CONCLUSION""}]",bisection over 5 steps on 20 paired runs,17.25,18.0
S5,sodium_bicarbonate_8_4_50ml,raw_material_lead_time,product.material_lead_time_days,30.0,90.0,240.0,True,False,112.03125,feasible_below,"[{""value"": 30.0, ""strategy_id"": ""S5"", ""mean_fill"": 0.9959031092864292, ""p_meet"": 0.9, ""mean_cost"": 32025570.904240787, ""mcse_cost"": 44158.53428826767, ""mean_shortage_days"": 4.0505544906900335, ""mean_cost_per_unit"": 25.586978034186508, ""capacity_utilization"": 6258858.45, ""feasible"": true, ""n_runs"": 20, ""eligibility"": ""NO_CONCLUSION""}, {""value"": 240.0, ""strategy_id"": ""S5"", ""mean_fill"": 0.9689232663532925, ""p_meet"": 0.35, ""mean_cost"": 31543402.577672314, ""mcse_cost"": 43053.57662541388, ""mean_shortage_days"": 34.294694687842274, ""mean_cost_per_unit"": 25.914937558448383, ""capacity_utilization"": 6088066.3, ""feasible"": false, ""n_runs"": 20, ""eligibility"": ""NO_CONCLUSION""}, {""value"": 135.0, ""strategy_id"": ""S5"", ""mean_fill"": 0.9938082285377696, ""p_meet"": 0.8, ""mean_cost"": 31926869.860242836, ""mcse_cost"": 46064.78698014242, ""mean_shortage_days"": 6.930948795180723, ""mean_cost_per_unit"": 25.559140860726277, ""capacity_utilization"": 6245206.85, ""feasible"": false, ""n_runs"": 20, ""eligibility"": ""NO_CONCLUSION""}, {""value"": 82.5, ""strategy_id"": ""S5"", ""mean_fill"": 0.9960445278005003, ""p_meet"": 0.9, ""mean_cost"": 32057212.978515994, ""mcse_cost"": 42316.4269458766, ""mean_shortage_days"": 3.9105353231106244, ""mean_cost_per_unit"": 25.608311521444698, ""capacity_utilization"": 6259761.4, ""feasible"": true, ""n_runs"": 20, ""eligibility"": ""NO_CONCLUSION""}, {""value"": 108.75, ""strategy_id"": ""S5"", ""mean_fill"": 0.9966639592722097, ""p_meet"": 0.9, ""mean_cost"": 32023713.487398706, ""mcse_cost"": 42052.86518247385, ""mean_shortage_days"": 3.830524370208105, ""mean_cost_per_unit"": 25.563847594110463, ""capacity_utilization"": 6263689.0, ""feasible"": true, ""n_runs"": 20, ""eligibility"": ""NO_CONCLUSION""}, {""value"": 121.875, ""strategy_id"": ""S5"", ""mean_fill"": 0.995547208898693, ""p_meet"": 0.85, ""mean_cost"": 31983483.74076589, ""mcse_cost"": 44242.222732759255, ""mean_shortage_days"": 4.500616100766703, ""mean_cost_per_unit"": 25.560062773521487, ""capacity_utilization"": 6256595.3, ""feasible"": false, ""n_runs"": 20, ""eligibility"": ""NO_CONCLUSION""}, {""value"": 115.3125, ""strategy_id"": ""S5"", ""mean_fill"": 0.996127200369872, ""p_meet"": 0.85, ""mean_cost"": 31993530.181732796, ""mcse_cost"": 44179.5830734103, ""mean_shortage_days"": 3.82052300109529, ""mean_cost_per_unit"": 25.55332850452072, ""capacity_utilization"": 6260306.5, ""feasible"": false, ""n_runs"": 20, ""eligibility"": ""NO_CONCLUSION""}]",bisection over 5 steps on 20 paired runs,108.75,115.3125
S5,sodium_bicarbonate_8_4_50ml,common_cause_dependence,global.common_cause_events_per_year,0.02,0.1,0.3,True,False,0.173125,feasible_below,"[{""value"": 0.02, ""strategy_id"": ""S5"", ""mean_fill"": 0.9995666624779467, ""p_meet"": 1.0, ""mean_cost"": 32181803.801718187, ""mcse_cost"": 22981.18584364828, ""mean_shortage_days"": 1.0001369112814895, ""mean_cost_per_unit"": 25.61468229909995, ""capacity_utilization"": 6282184.35, ""feasible"": true, ""n_runs"": 20, ""eligibility"": ""NO_CONCLUSION""}, {""value"": 0.3, ""strategy_id"": ""S5"", ""mean_fill"": 0.9895540711556781, ""p_meet"": 0.8, ""mean_cost"": 31741486.038427908, ""mcse_cost"": 62759.15997262713, ""mean_shortage_days"": 13.251814074479736, ""mean_cost_per_unit"": 25.533372767402092, ""capacity_utilization"": 6217749.85, ""feasible"": false, ""n_runs"": 20, ""eligibility"": ""NO_CONCLUSION""}, {""value"": 0.16, ""strategy_id"": ""S5"", ""mean_fill"": 0.9961976020172942, ""p_meet"": 0.9, ""mean_cost"": 31952789.418028772, ""mcse_cost"": 39614.84839507586, ""mean_shortage_days"": 4.560624315443592, ""mean_cost_per_unit"": 25.520522968375225, ""capacity_utilization"": 6260699.15, ""feasible"": true, ""n_runs"": 20, ""eligibility"": ""NO_CONCLUSION""}, {""value"": 0.22999999999999998, ""strategy_id"": ""S5"", ""mean_fill"": 0.9884339075126668, ""p_meet"": 0.8, ""mean_cost"": 31825341.62193795, ""mcse_cost"": 64039.047370405446, ""mean_shortage_days"": 10.781475903614458, ""mean_cost_per_unit"": 25.631106257560123, ""capacity_utilization"": 6210844.1, ""feasible"": false, ""n_runs"": 20, ""eligibility"": ""NO_CONCLUSION""}, {""value"": 0.195, ""strategy_id"": ""S5"", ""mean_fill"": 0.9946998859051508, ""p_meet"": 0.8, ""mean_cost"": 31930906.28280125, ""mcse_cost"": 41970.60502301893, ""mean_shortage_days"": 6.530894030668128, ""mean_cost_per_unit"": 25.54061153510947, ""capacity_utilization"": 6251185.7, ""feasible"": false, ""n_runs"": 20, ""eligibility"": ""NO_CONCLUSION""}, {""value"": 0.1775, ""strategy_id"": ""S5"", ""mean_fill"": 0.9968210733374587, ""p_meet"": 0.85, ""mean_cost"": 31939258.340561636, ""mcse_cost"": 38653.71953024587, ""mean_shortage_days"": 4.200575027382255, ""mean_cost_per_unit"": 25.492515390953, ""capacity_utilization"": 6264803.6, ""feasible"": false, ""n_runs"": 20, ""eligibility"": ""NO_CONCLUSION""}, {""value"": 0.16875, ""strategy_id"": ""S5"", ""mean_fill"": 0.9964443182588676, ""p_meet"": 0.9, ""mean_cost"": 31939726.160955064, ""mcse_cost"": 37642.59808591827, ""mean_shortage_days"": 4.140566812705367, ""mean_cost_per_unit"": 25.503867608173092, ""capacity_utilization"": 6262261.15, ""feasible"": true, ""n_runs"": 20, ""eligibility"": ""NO_CONCLUSION""}]",bisection over 5 steps on 20 paired runs,0.16875,0.1775
S5,sodium_bicarbonate_8_4_50ml,supplier_concentration,global.supplier_disruptions_per_supplier_year,0.05,0.2,0.6,True,False,0.12734374999999998,feasible_below,"[{""value"": 0.05, ""strategy_id"": ""S5"", ""mean_fill"": 0.9974209992492151, ""p_meet"": 0.9, ""mean_cost"": 32071930.80420906, ""mcse_cost"": 43888.09547362347, ""mean_shortage_days"": 3.1104257940854323, ""mean_cost_per_unit"": 25.582380835344797, ""capacity_utilization"": 6268550.1, ""feasible"": true, ""n_runs"": 20, ""eligibility"": ""NO_CONCLUSION""}, {""value"": 0.6, ""strategy_id"": ""S5"", ""mean_fill"": 0.9949774279031385, ""p_meet"": 0.8, ""mean_cost"": 31924656.759259947, ""mcse_cost"": 49087.927777942255, ""mean_shortage_days"": 5.450746166484118, ""mean_cost_per_unit"": 25.528349969339658, ""capacity_utilization"": 6253051.0, ""feasible"": false, ""n_runs"": 20, ""eligibility"": ""NO_CONCLUSION""}, {""value"": 0.325, ""strategy_id"": ""S5"", ""mean_fill"": 0.9966176412627756, ""p_meet"": 0.85, ""mean_cost"": 32017889.7124165, ""mcse_cost"": 48394.66140769358, ""mean_shortage_days"": 3.570488773274918, ""mean_cost_per_unit"": 25.559878790655453, ""capacity_utilization"": 6263435.0, ""feasible"": false, ""n_runs"": 20, ""eligibility"": ""NO_CONCLUSION""}, {""value"": 0.1875, ""strategy_id"": ""S5"", ""mean_fill"": 0.9957650555372346, ""p_meet"": 0.85, ""mean_cost"": 32053101.86686287, ""mcse_cost"": 43079.10503604221, ""mean_shortage_days"": 4.860665388828039, ""mean_cost_per_unit"": 25.611105585030952, ""capacity_utilization"": 6257883.65, ""feasible"": false, ""n_runs"": 20, ""eligibility"": ""NO_CONCLUSION""}, {""value"": 0.11875, ""strategy_id"": ""S5"", ""mean_fill"": 0.9974209992492151, ""p_meet"": 0.9, ""mean_cost"": 32074759.78514539, ""mcse_cost"": 44802.79778831007, ""mean_shortage_days"": 3.1104257940854323, ""mean_cost_per_unit"": 25.584601710648265, ""capacity_utilization"": 6268550.1, ""feasible"": true, ""n_runs"": 20, ""eligibility"": ""NO_CONCLUSION""}, {""value"": 0.153125, ""strategy_id"": ""S5"", ""mean_fill"": 0.9968801936534513, ""p_meet"": 0.85, ""mean_cost"": 32064302.102858763, ""mcse_cost"": 43116.24230465061, ""mean_shortage_days"": 4.210576396495071, ""mean_cost_per_unit"": 25.589769033271214, ""capacity_utilization"": 6265003.75, ""feasible"": false, ""n_runs"": 20, ""eligibility"": ""NO_CONCLUSION""}, {""value"": 0.1359375, ""strategy_id"": ""S5"", ""mean_fill"": 0.9968801936534513, ""p_meet"": 0.85, ""mean_cost"": 32070594.554136716, ""mcse_cost"": 44415.78172106712, ""mean_shortage_days"": 4.210576396495071, ""mean_cost_per_unit"": 25.5948092091642, ""capacity_utilization"": 6265003.75, ""feasible"": false, ""n_runs"": 20, ""eligibility"": ""NO_CONCLUSION""}]",bisection over 5 steps on 20 paired runs,0.11875,0.1359375
S5,sodium_bicarbonate_8_4_50ml,commissioning_days,global.node_commissioning_days,365.0,730.0,1095.0,True,False,741.40625,feasible_below,"[{""value"": 365.0, ""strategy_id"": ""S5"", ""mean_fill"": 1.0, ""p_meet"": 1.0, ""mean_cost"": 33507836.887040503, ""mcse_cost"": 50800.867826670416, ""mean_shortage_days"": 0.030004107338444684, ""mean_cost_per_unit"": 26.658810395943156, ""capacity_utilization"": 6284911.2, ""feasible"": true, ""n_runs"": 20, ""eligibility"": ""NO_CONCLUSION""}, {""value"": 1095.0, ""strategy_id"": ""S5"", ""mean_fill"": 0.956321352285984, ""p_meet"": 0.15, ""mean_cost"": 30521696.144665055, ""mcse_cost"": 41302.922999242124, ""mean_shortage_days"": 45.86627875136911, ""mean_cost_per_unit"": 25.41417237262288, ""capacity_utilization"": 6009025.8, ""feasible"": false, ""n_runs"": 20, ""eligibility"": ""NO_CONCLUSION""}, {""value"": 730.0, ""strategy_id"": ""S5"", ""mean_fill"": 0.9963058611329985, ""p_meet"": 0.9, ""mean_cost"": 32055170.629432928, ""mcse_cost"": 43269.57950829536, ""mean_shortage_days"": 3.8505271084337354, ""mean_cost_per_unit"": 25.599298714417056, ""capacity_utilization"": 6261430.0, ""feasible"": true, ""n_runs"": 20, ""eligibility"": ""NO_CONCLUSION""}, {""value"": 912.5, ""strategy_id"": ""S5"", ""mean_fill"": 0.9816982657827941, ""p_meet"": 0.5, ""mean_cost"": 31274382.875692666, ""mcse_cost"": 42689.00284948348, ""mean_shortage_days"": 19.682694414019714, ""mean_cost_per_unit"": 25.35447841986363, ""capacity_utilization"": 6168895.05, ""feasible"": false, ""n_runs"": 20, ""eligibility"": ""NO_CONCLUSION""}, {""value"": 821.25, ""strategy_id"": ""S5"", ""mean_fill"": 0.9912794805184317, ""p_meet"": 0.75, ""mean_cost"": 31661719.2839112, ""mcse_cost"": 44705.593851621816, ""mean_shortage_days"": 10.8114800109529, ""mean_cost_per_unit"": 25.414996541075254, ""capacity_utilization"": 6229445.7, ""feasible"": false, ""n_runs"": 20, ""eligibility"": ""NO_CONCLUSION""}, {""value"": 775.625, ""strategy_id"": ""S5"", ""mean_fill"": 0.9945646705328013, ""p_meet"": 0.8, ""mean_cost"": 31854387.167015135, ""mcse_cost"": 46597.603303067735, ""mean_shortage_days"": 6.440881708652793, ""mean_cost_per_unit"": 25.48406902815092, ""capacity_utilization"": 6250321.7, ""feasible"": false, ""n_runs"": 20, ""eligibility"": ""NO_CONCLUSION""}, {""value"": 752.8125, ""strategy_id"": ""S5"", ""mean_fill"": 0.9954562948155695, ""p_meet"": 0.85, ""mean_cost"": 31961889.42476865, ""mcse_cost"": 43812.55718718837, ""mean_shortage_days"": 5.21071330777656, ""mean_cost_per_unit"": 25.546916298961957, ""capacity_utilization"": 6256027.2, ""feasible"": false, ""n_runs"": 20, ""eligibility"": ""NO_CONCLUSION""}]",bisection over 5 steps on 20 paired runs,730.0,752.8125
S5,sodium_bicarbonate_8_4_50ml,activation_latency_days,global.reserved_capacity_activation_days,7.0,21.0,60.0,True,True,,feasible_everywhere,"[{""value"": 7.0, ""strategy_id"": ""S5"", ""mean_fill"": 0.9963058611329985, ""p_meet"": 0.9, ""mean_cost"": 32055170.629432928, ""mcse_cost"": 43269.57950829536, ""mean_shortage_days"": 3.8505271084337354, ""mean_cost_per_unit"": 25.599298714417056, ""capacity_utilization"": 6261430.0, ""feasible"": true, ""n_runs"": 20, ""eligibility"": ""NO_CONCLUSION""}, {""value"": 60.0, ""strategy_id"": ""S5"", ""mean_fill"": 0.9963058611329985, ""p_meet"": 0.9, ""mean_cost"": 32055170.629432928, ""mcse_cost"": 43269.57950829536, ""mean_shortage_days"": 3.8505271084337354, ""mean_cost_per_unit"": 25.599298714417056, ""capacity_utilization"": 6261430.0, ""feasible"": true, ""n_runs"": 20, ""eligibility"": ""NO_CONCLUSION""}]",feasibility does not change between 7.0 and 60.0; no threshold inside the recorded range,,
S5,sodium_bicarbonate_8_4_50ml,node_capital,product.capital_usd_per_site,15000000.0,40000000.0,100000000.0,True,True,,feasible_everywhere,"[{""value"": 15000000.0, ""strategy_id"": ""S5"", ""mean_fill"": 0.9963058611329985, ""p_meet"": 0.9, ""mean_cost"": 23304604.97994939, ""mcse_cost"": 43269.579508295385, ""mean_shortage_days"": 3.8505271084337354, ""mean_cost_per_unit"": 18.61094350110072, ""capacity_utilization"": 6261430.0, ""feasible"": true, ""n_runs"": 20, ""eligibility"": ""NO_CONCLUSION""}, {""value"": 100000000.0, ""strategy_id"": ""S5"", ""mean_fill"": 0.9963058611329985, ""p_meet"": 0.9, ""mean_cost"": 53056528.18819244, ""mcse_cost"": 43269.57950829534, ""mean_shortage_days"": 3.8505271084337354, ""mean_cost_per_unit"": 42.37135122637547, ""capacity_utilization"": 6261430.0, ""feasible"": true, ""n_runs"": 20, ""eligibility"": ""NO_CONCLUSION""}]",feasibility does not change between 15000000.0 and 100000000.0; no threshold inside the recorded range,,
S5,sodium_bicarbonate_8_4_50ml,batches_per_site_year,product.batches_per_site_year_nominal,30.0,45.0,70.0,False,True,41.875,feasible_above,"[{""value"": 30.0, ""strategy_id"": ""S5"", ""mean_fill"": 0.8110062814423799, ""p_meet"": 0.0, ""mean_cost"": 30428634.229792118, ""mcse_cost"": 29636.81234436326, ""mean_shortage_days"": 207.07834748083238, ""mean_cost_per_unit"": 29.969892090042055, ""capacity_utilization"": 5081916.75, ""feasible"": false, ""n_runs"": 20, ""eligibility"": ""NO_CONCLUSION""}, {""value"": 70.0, ""strategy_id"": ""S5"", ""mean_fill"": 1.0, ""p_meet"": 1.0, ""mean_cost"": 32869498.483166635, ""mcse_cost"": 26432.108718576266, ""mean_shortage_days"": 0.0, ""mean_cost_per_unit"": 26.15015941122859, ""capacity_utilization"": 6284911.2, ""feasible"": true, ""n_runs"": 20, ""eligibility"": ""NO_CONCLUSION""}, {""value"": 50.0, ""strategy_id"": ""S5"", ""mean_fill"": 0.9999795848016954, ""p_meet"": 1.0, ""mean_cost"": 32629553.682468314, ""mcse_cost"": 37927.30841657631, ""mean_shortage_days"": 0.2000273822562979, ""mean_cost_per_unit"": 25.959843181180936, ""capacity_utilization"": 6284780.85, ""feasible"": true, ""n_runs"": 20, ""eligibility"": ""NO_CONCLUSION""}, {""value"": 40.0, ""strategy_id"": ""S5"", ""mean_fill"": 0.9788050510086206, ""p_meet"": 0.5, ""mean_cost"": 31478485.33500824, ""mcse_cost"": 37549.098894101015, ""mean_shortage_days"": 21.61295865279299, ""mean_cost_per_unit"": 25.597447888860724, ""capacity_utilization"": 6150478.65, ""feasible"": false, ""n_runs"": 20, ""eligibility"": ""NO_CONCLUSION""}, {""value"": 45.0, ""strategy_id"": ""S5"", ""mean_fill"": 0.9963058611329985, ""p_meet"": 0.9, ""mean_cost"": 32055170.629432928, ""mcse_cost"": 43269.57950829536, ""mean_shortage_days"": 3.8505271084337354, ""mean_cost_per_unit"": 25.599298714417056, ""capacity_utilization"": 6261430.0, ""feasible"": true, ""n_runs"": 20, ""eligibility"": ""NO_CONCLUSION""}, {""value"": 42.5, ""strategy_id"": ""S5"", ""mean_fill"": 0.9956950994206698, ""p_meet"": 0.9, ""mean_cost"": 32039566.4295427, ""mcse_cost"": 46773.32064485627, ""mean_shortage_days"": 4.500616100766703, ""mean_cost_per_unit"": 25.603397869421855, ""capacity_utilization"": 6257586.55, ""feasible"": true, ""n_runs"": 20, ""eligibility"": ""NO_CONCLUSION""}, {""value"": 41.25, ""strategy_id"": ""S5"", ""mean_fill"": 0.9943601451186354, ""p_meet"": 0.85, ""mean_cost"": 31707581.78371066, ""mcse_cost"": 41280.2168505372, ""mean_shortage_days"": 6.320865279299014, ""mean_cost_per_unit"": 25.372437776898543, ""capacity_utilization"": 6249069.35, ""feasible"": false, ""n_runs"": 20, ""eligibility"": ""NO_CONCLUSION""}]",bisection over 5 steps on 20 paired runs,41.25,42.5
S5,sodium_bicarbonate_8_4_50ml,changeover_burden,product.changeover_days,1.0,3.0,10.0,True,False,4.515625,feasible_below,"[{""value"": 1.0, ""strategy_id"": ""S5"", ""mean_fill"": 0.9965164265984854, ""p_meet"": 0.95, ""mean_cost"": 32060572.96318031, ""mcse_cost"": 43180.536799799665, ""mean_shortage_days"": 3.620495618838992, ""mean_cost_per_unit"": 25.598083391344307, ""capacity_utilization"": 6262762.9, ""feasible"": true, ""n_runs"": 20, ""eligibility"": ""NO_CONCLUSION""}, {""value"": 10.0, ""strategy_id"": ""S5"", ""mean_fill"": 0.8295234355913573, ""p_meet"": 0.0, ""mean_cost"": 30349605.876749672, ""mcse_cost"": 18575.31599369648, ""mean_shortage_days"": 198.21713444687842, ""mean_cost_per_unit"": 29.18680015952637, ""capacity_utilization"": 5201766.15, ""feasible"": false, ""n_runs"": 20, ""eligibility"": ""NO_CONCLUSION""}, {""value"": 5.5, ""strategy_id"": ""S5"", ""mean_fill"": 0.9951144667690339, ""p_meet"": 0.85, ""mean_cost"": 31719013.421158858, ""mcse_cost"": 37864.58488808518, ""mean_shortage_days"": 5.960815991237679, ""mean_cost_per_unit"": 25.361048589765026, ""capacity_utilization"": 6253818.85, ""feasible"": false, ""n_runs"": 20, ""eligibility"": ""NO_CONCLUSION""}, {""value"": 3.25, ""strategy_id"": ""S5"", ""mean_fill"": 0.9963058611329985, ""p_meet"": 0.9, ""mean_cost"": 32055170.629432928, ""mcse_cost"": 43269.57950829536, ""mean_shortage_days"": 3.8505271084337354, ""mean_cost_per_unit"": 25.599298714417056, ""capacity_utilization"": 6261430.0, ""feasible"": true, ""n_runs"": 20, ""eligibility"": ""NO_CONCLUSION""}, {""value"": 4.375, ""strategy_id"": ""S5"", ""mean_fill"": 0.9961978429714774, ""p_meet"": 0.9, ""mean_cost"": 32052251.144895963, ""mcse_cost"": 42991.489553470965, ""mean_shortage_days"": 3.9605421686746984, ""mean_cost_per_unit"": 25.59983062700379, ""capacity_utilization"": 6260746.75, ""feasible"": true, ""n_runs"": 20, ""eligibility"": ""NO_CONCLUSION""}, {""value"": 4.9375, ""strategy_id"": ""S5"", ""mean_fill"": 0.9951144667690339, ""p_meet"": 0.85, ""mean_cost"": 31719013.421158858, ""mcse_cost"": 37864.58488808518, ""mean_shortage_days"": 5.960815991237679, ""mean_cost_per_unit"": 25.361048589765026, ""capacity_utilization"": 6253818.85, ""feasible"": false, ""n_runs"": 20, ""eligibility"": ""NO_CONCLUSION""}, {""value"": 4.65625, ""strategy_id"": ""S5"", ""mean_fill"": 0.9951144667690339, ""p_meet"": 0.85, ""mean_cost"": 31719013.421158858, ""mcse_cost"": 37864.58488808518, ""mean_shortage_days"": 5.960815991237679, ""mean_cost_per_unit"": 25.361048589765026, ""capacity_utilization"": 6253818.85, ""feasible"": false, ""n_runs"": 20, ""eligibility"": ""NO_CONCLUSION""}]",bisection over 5 steps on 20 paired runs,4.375,4.65625
S6,sodium_bicarbonate_8_4_50ml,capacity_utilization,product.annual_demand_units,600000.0,1200000.0,2400000.0,True,False,1190625.0,feasible_below,"[{""value"": 600000.0, ""strategy_id"": ""S6"", ""mean_fill"": 1.0, ""p_meet"": 1.0, ""mean_cost"": 31842958.771716256, ""mcse_cost"": 14485.117957756896, ""mean_shortage_days"": 0.0, ""mean_cost_per_unit"": 50.66727185118795, ""capacity_utilization"": 3142458.6, ""feasible"": true, ""n_runs"": 20, ""eligibility"": ""NO_CONCLUSION""}, {""value"": 2400000.0, ""strategy_id"": ""S6"", ""mean_fill"": 0.6015193781388237, ""p_meet"": 0.0, ""mean_cost"": 34326065.32229569, ""mcse_cost"": 43737.44348010972, ""mean_shortage_days"": 249.7141840087623, ""mean_cost_per_unit"": 22.83297358066789, ""capacity_utilization"": 7523018.8, ""feasible"": false, ""n_runs"": 20, ""eligibility"": ""NO_CONCLUSION""}, {""value"": 1500000.0, ""strategy_id"": ""S6"", ""mean_fill"": 0.924736022512232, ""p_meet"": 0.0, ""mean_cost"": 33898855.51675074, ""mcse_cost"": 41050.51219864483, ""mean_shortage_days"": 101.18385131434829, ""mean_cost_per_unit"": 23.360945739022732, ""capacity_utilization"": 7261383.5, ""feasible"": false, ""n_runs"": 20, ""eligibility"": ""NO_CONCLUSION""}, {""value"": 1050000.0, ""strategy_id"": ""S6"", ""mean_fill"": 1.0, ""p_meet"": 1.0, ""mean_cost"": 33585409.51392303, ""mcse_cost"": 31751.562223729823, ""mean_shortage_days"": 0.0, ""mean_cost_per_unit"": 30.53692352552259, ""capacity_utilization"": 5499303.25, ""feasible"": true, ""n_runs"": 20, ""eligibility"": ""NO_CONCLUSION""}, {""value"": 1275000.0, ""strategy_id"": ""S6"", ""mean_fill"": 0.9891577104321841, ""p_meet"": 0.7, ""mean_cost"": 33800504.546173826, ""mcse_cost"": 44926.46604316854, ""mean_shortage_days"": 12.281681270536692, ""mean_cost_per_unit"": 25.59113137367992, ""capacity_utilization"": 6604654.3, ""feasible"": false, ""n_runs"": 20, ""eligibility"": ""NO_CONCLUSION""}, {""value"": 1162500.0, ""strategy_id"": ""S6"", ""mean_fill"": 0.9969059349132756, ""p_meet"": 0.9, ""mean_cost"": 33767309.15874914, ""mcse_cost"": 44471.063084251895, ""mean_shortage_days"": 2.480339539978094, ""mean_cost_per_unit"": 27.819203543747392, ""capacity_utilization"": 6069389.1, ""feasible"": true, ""n_runs"": 20, ""eligibility"": ""NO_CONCLUSION""}, {""value"": 1218750.0, ""strategy_id"": ""S6"", ""mean_fill"": 0.9952372019206159, ""p_meet"": 0.8, ""mean_cost"": 33786593.95684499, ""mcse_cost"": 43971.70594426834, ""mean_shortage_days"": 5.150705093099671, ""mean_cost_per_unit"": 26.595535975583836, ""capacity_utilization"": 6352379.45, ""feasible"": false, ""n_runs"": 20, ""eligibility"": ""NO_CONCLUSION""}]",bisection over 5 steps on 20 paired runs,1162500.0,1218750.0
S6,sodium_bicarbonate_8_4_50ml,fixed_qa_labor_per_node,product.fixed_qa_labor_usd_per_site_year,1500000.0,3000000.0,6000000.0,True,True,,feasible_everywhere,"[{""value"": 1500000.0, ""strategy_id"": ""S6"", ""mean_fill"": 0.9963058611329985, ""p_meet"": 0.9, ""mean_cost"": 30591558.488165986, ""mcse_cost"": 43269.579508295465, ""mean_shortage_days"": 3.8505271084337354, ""mean_cost_per_unit"": 24.43043238652435, ""capacity_utilization"": 6261430.0, ""feasible"": true, ""n_runs"": 20, ""eligibility"": ""NO_CONCLUSION""}, {""value"": 6000000.0, ""strategy_id"": ""S6"", ""mean_fill"": 0.9963058611329985, ""p_meet"": 0.9, ""mean_cost"": 40164703.75852998, ""mcse_cost"": 43269.579508295465, ""mean_shortage_days"": 3.8505271084337354, ""mean_cost_per_unit"": 32.07571411318978, ""capacity_utilization"": 6261430.0, ""feasible"": true, ""n_runs"": 20, ""eligibility"": ""NO_CONCLUSION""}]",feasibility does not change between 1500000.0 and 6000000.0; no threshold inside the recorded range,,
S6,sodium_bicarbonate_8_4_50ml,release_time,global.sterility_incubation_days,14.0,14.0,18.0,True,True,,feasible_everywhere,"[{""value"": 14.0, ""strategy_id"": ""S6"", ""mean_fill"": 0.9963058611329985, ""p_meet"": 0.9, ""mean_cost"": 33782606.91162066, ""mcse_cost"": 43269.57950829538, ""mean_shortage_days"": 3.8505271084337354, ""mean_cost_per_unit"": 26.978859628746157, ""capacity_utilization"": 6261430.0, ""feasible"": true, ""n_runs"": 20, ""eligibility"": ""NO_CONCLUSION""}, {""value"": 18.0, ""strategy_id"": ""S6"", ""mean_fill"": 0.9957676805231518, ""p_meet"": 0.9, ""mean_cost"": 33769188.639866896, ""mcse_cost"": 43227.043071475506, ""mean_shortage_days"": 4.140566812705366, ""mean_cost_per_unit"": 26.983021670475786, ""capacity_utilization"": 6258023.5, ""feasible"": true, ""n_runs"": 20, ""eligibility"": ""NO_CONCLUSION""}]",feasibility does not change between 14.0 and 18.0; no threshold inside the recorded range,,
S6,sodium_bicarbonate_8_4_50ml,shelf_life,product.shelf_life_months,12.0,24.0,36.0,False,True,17.625,feasible_above,"[{""value"": 12.0, ""strategy_id"": ""S6"", ""mean_fill"": 0.9321908989548593, ""p_meet"": 0.0, ""mean_cost"": 33872041.728569075, ""mcse_cost"": 42598.55075010205, ""mean_shortage_days"": 66.08904709748083, ""mean_cost_per_unit"": 28.929890534136483, ""capacity_utilization"": 5857951.2, ""feasible"": false, ""n_runs"": 20, ""eligibility"": ""NO_CONCLUSION""}, {""value"": 36.0, ""strategy_id"": ""S6"", ""mean_fill"": 0.9963058611329985, ""p_meet"": 0.9, ""mean_cost"": 33782606.91162066, ""mcse_cost"": 43269.57950829538, ""mean_shortage_days"": 3.8505271084337354, ""mean_cost_per_unit"": 26.978859628746157, ""capacity_utilization"": 6261430.0, ""feasible"": true, ""n_runs"": 20, ""eligibility"": ""NO_CONCLUSION""}, {""value"": 24.0, ""strategy_id"": ""S6"", ""mean_fill"": 0.9963058611329985, ""p_meet"": 0.9, ""mean_cost"": 33782606.91162066, ""mcse_cost"": 43269.57950829538, ""mean_shortage_days"": 3.8505271084337354, ""mean_cost_per_unit"": 26.978859628746157, ""capacity_utilization"": 6261430.0, ""feasible"": true, ""n_runs"": 20, ""eligibility"": ""NO_CONCLUSION""}, {""value"": 18.0, ""strategy_id"": ""S6"", ""mean_fill"": 0.9962966497889573, ""p_meet"": 0.9, ""mean_cost"": 33782616.69798078, ""mcse_cost"": 43264.9634611173, ""mean_shortage_days"": 3.8505271084337354, ""mean_cost_per_unit"": 26.979111780159265, ""capacity_utilization"": 6261371.35, ""feasible"": true, ""n_runs"": 20, ""eligibility"": ""NO_CONCLUSION""}, {""value"": 15.0, ""strategy_id"": ""S6"", ""mean_fill"": 0.9784558627956003, ""p_meet"": 0.45, ""mean_cost"": 33810135.28727652, ""mcse_cost"": 42685.02259125099, ""mean_shortage_days"": 21.27291210295728, ""mean_cost_per_unit"": 27.504402575175668, ""capacity_utilization"": 6148749.4, ""feasible"": false, ""n_runs"": 20, ""eligibility"": ""NO_CONCLUSION""}, {""value"": 16.5, ""strategy_id"": ""S6"", ""mean_fill"": 0.9914998314305589, ""p_meet"": 0.8, ""mean_cost"": 33792613.2153144, ""mcse_cost"": 43289.60826669636, ""mean_shortage_days"": 9.351280120481926, ""mean_cost_per_unit"": 27.120108889089483, ""capacity_utilization"": 6231081.8, ""feasible"": false, ""n_runs"": 20, ""eligibility"": ""NO_CONCLUSION""}, {""value"": 17.25, ""strategy_id"": ""S6"", ""mean_fill"": 0.995084980941264, ""p_meet"": 0.8, ""mean_cost"": 33785765.884496056, ""mcse_cost"": 43367.03052420376, ""mean_shortage_days"": 5.170707831325301, ""mean_cost_per_unit"": 27.014663557020718, ""capacity_utilization"": 6253718.55, ""feasible"": false, ""n_runs"": 20, ""eligibility"": ""NO_CONCLUSION""}]",bisection over 5 steps on 20 paired runs,17.25,18.0
S6,sodium_bicarbonate_8_4_50ml,raw_material_lead_time,product.material_lead_time_days,30.0,90.0,240.0,True,False,112.03125,feasible_below,"[{""value"": 30.0, ""strategy_id"": ""S6"", ""mean_fill"": 0.9959031092864292, ""p_meet"": 0.9, ""mean_cost"": 33753007.1864285, ""mcse_cost"": 44158.53428826762, ""mean_shortage_days"": 4.0505544906900335, ""mean_cost_per_unit"": 26.967149861211407, ""capacity_utilization"": 6258858.45, ""feasible"": true, ""n_runs"": 20, ""eligibility"": ""NO_CONCLUSION""}, {""value"": 240.0, ""strategy_id"": ""S6"", ""mean_fill"": 0.9689232663532925, ""p_meet"": 0.35, ""mean_cost"": 33270838.85986005, ""mcse_cost"": 43053.57662541388, ""mean_shortage_days"": 34.294694687842274, ""mean_cost_per_unit"": 27.33423095277028, ""capacity_utilization"": 6088066.3, ""feasible"": false, ""n_runs"": 20, ""eligibility"": ""NO_CONCLUSION""}, {""value"": 135.0, ""strategy_id"": ""S6"", ""mean_fill"": 0.9938082285377696, ""p_meet"": 0.8, ""mean_cost"": 33654306.14243056, ""mcse_cost"": 46064.78698014231, ""mean_shortage_days"": 6.930948795180723, ""mean_cost_per_unit"": 26.942072347278252, ""capacity_utilization"": 6245206.85, ""feasible"": false, ""n_runs"": 20, ""eligibility"": ""NO_CONCLUSION""}, {""value"": 82.5, ""strategy_id"": ""S6"", ""mean_fill"": 0.9960445278005003, ""p_meet"": 0.9, ""mean_cost"": 33784649.26070372, ""mcse_cost"": 42316.426945876636, ""mean_shortage_days"": 3.9105353231106244, ""mean_cost_per_unit"": 26.98826764948937, ""capacity_utilization"": 6259761.4, ""feasible"": true, ""n_runs"": 20, ""eligibility"": ""NO_CONCLUSION""}, {""value"": 108.75, ""strategy_id"": ""S6"", ""mean_fill"": 0.9966639592722097, ""p_meet"": 0.9, ""mean_cost"": 33751149.76958643, ""mcse_cost"": 42052.86518247396, ""mean_shortage_days"": 3.830524370208105, ""mean_cost_per_unit"": 26.94284342388056, ""capacity_utilization"": 6263689.0, ""feasible"": true, ""n_runs"": 20, ""eligibility"": ""NO_CONCLUSION""}, {""value"": 121.875, ""strategy_id"": ""S6"", ""mean_fill"": 0.995547208898693, ""p_meet"": 0.85, ""mean_cost"": 33710920.02295361, ""mcse_cost"": 44242.222732759335, ""mean_shortage_days"": 4.500616100766703, ""mean_cost_per_unit"": 26.940603854534146, ""capacity_utilization"": 6256595.3, ""feasible"": false, ""n_runs"": 20, ""eligibility"": ""NO_CONCLUSION""}, {""value"": 115.3125, ""strategy_id"": ""S6"", ""mean_fill"": 0.996127200369872, ""p_meet"": 0.85, ""mean_cost"": 33720966.46392052, ""mcse_cost"": 44179.58307341036, ""mean_shortage_days"": 3.82052300109529, ""mean_cost_per_unit"": 26.93307841975142, ""capacity_utilization"": 6260306.5, ""feasible"": false, ""n_runs"": 20, ""eligibility"": ""NO_CONCLUSION""}]",bisection over 5 steps on 20 paired runs,108.75,115.3125
S6,sodium_bicarbonate_8_4_50ml,common_cause_dependence,global.common_cause_events_per_year,0.02,0.1,0.3,True,False,0.173125,feasible_below,"[{""value"": 0.02, ""strategy_id"": ""S6"", ""mean_fill"": 0.9995666624779467, ""p_meet"": 1.0, ""mean_cost"": 33909240.08390592, ""mcse_cost"": 22981.18584364835, ""mean_shortage_days"": 1.0001369112814895, ""mean_cost_per_unit"": 26.98961805279406, ""capacity_utilization"": 6282184.35, ""feasible"": true, ""n_runs"": 20, ""eligibility"": ""NO_CONCLUSION""}, {""value"": 0.3, ""strategy_id"": ""S6"", ""mean_fill"": 0.9895540711556781, ""p_meet"": 0.8, ""mean_cost"": 33468922.32061563, ""mcse_cost"": 62759.159972627174, ""mean_shortage_days"": 13.251814074479736, ""mean_cost_per_unit"": 26.92316516795801, ""capacity_utilization"": 6217749.85, ""feasible"": false, ""n_runs"": 20, ""eligibility"": ""NO_CONCLUSION""}, {""value"": 0.16, ""strategy_id"": ""S6"", ""mean_fill"": 0.9961976020172942, ""p_meet"": 0.9, ""mean_cost"": 33680225.70021651, ""mcse_cost"": 39614.84839507591, ""mean_shortage_days"": 4.560624315443592, ""mean_cost_per_unit"": 26.900226548800454, ""capacity_utilization"": 6260699.15, ""feasible"": true, ""n_runs"": 20, ""eligibility"": ""NO_CONCLUSION""}, {""value"": 0.22999999999999998, ""strategy_id"": ""S6"", ""mean_fill"": 0.9884339075126668, ""p_meet"": 0.8, ""mean_cost"": 33552777.90412568, ""mcse_cost"": 64039.047370405606, ""mean_shortage_days"": 10.781475903614458, ""mean_cost_per_unit"": 27.022553273277772, ""capacity_utilization"": 6210844.1, ""feasible"": false, ""n_runs"": 20, ""eligibility"": ""NO_CONCLUSION""}, {""value"": 0.195, ""strategy_id"": ""S6"", ""mean_fill"": 0.9946998859051508, ""p_meet"": 0.8, ""mean_cost"": 33658342.56498898, ""mcse_cost"": 41970.60502301897, ""mean_shortage_days"": 6.530894030668128, ""mean_cost_per_unit"": 26.92238336872102, ""capacity_utilization"": 6251185.7, ""feasible"": false, ""n_runs"": 20, ""eligibility"": ""NO_CONCLUSION""}, {""value"": 0.1775, ""strategy_id"": ""S6"", ""mean_fill"": 0.9968210733374587, ""p_meet"": 0.85, ""mean_cost"": 33666694.62274936, ""mcse_cost"": 38653.71953024579, ""mean_shortage_days"": 4.200575027382255, ""mean_cost_per_unit"": 26.871294235539658, ""capacity_utilization"": 6264803.6, ""feasible"": false, ""n_runs"": 20, ""eligibility"": ""NO_CONCLUSION""}, {""value"": 0.16875, ""strategy_id"": ""S6"", ""mean_fill"": 0.9964443182588676, ""p_meet"": 0.9, ""mean_cost"": 33667162.443142794, ""mcse_cost"": 37642.598085918195, ""mean_shortage_days"": 4.140566812705367, ""mean_cost_per_unit"": 26.883232987283595, ""capacity_utilization"": 6262261.15, ""feasible"": true, ""n_runs"": 20, ""eligibility"": ""NO_CONCLUSION""}]",bisection over 5 steps on 20 paired runs,0.16875,0.1775
S6,sodium_bicarbonate_8_4_50ml,supplier_concentration,global.supplier_disruptions_per_supplier_year,0.05,0.2,0.6,True,False,0.12734374999999998,feasible_below,"[{""value"": 0.05, ""strategy_id"": ""S6"", ""mean_fill"": 0.9974209992492151, ""p_meet"": 0.9, ""mean_cost"": 33799367.08639678, ""mcse_cost"": 43888.09547362341, ""mean_shortage_days"": 3.1104257940854323, ""mean_cost_per_unit"": 26.960303160112016, ""capacity_utilization"": 6268550.1, ""feasible"": true, ""n_runs"": 20, ""eligibility"": ""NO_CONCLUSION""}, {""value"": 0.6, ""strategy_id"": ""S6"", ""mean_fill"": 0.9949774279031385, ""p_meet"": 0.8, ""mean_cost"": 33652093.04144768, ""mcse_cost"": 49087.927777942175, ""mean_shortage_days"": 5.450746166484118, ""mean_cost_per_unit"": 26.909726991566437, ""capacity_utilization"": 6253051.0, ""feasible"": false, ""n_runs"": 20, ""eligibility"": ""NO_CONCLUSION""}, {""value"": 0.325, ""strategy_id"": ""S6"", ""mean_fill"": 0.9966176412627756, ""p_meet"": 0.85, ""mean_cost"": 33745325.99460423, ""mcse_cost"": 48394.66140769358, ""mean_shortage_days"": 3.570488773274918, ""mean_cost_per_unit"": 26.938922766177335, ""capacity_utilization"": 6263435.0, ""feasible"": false, ""n_runs"": 20, ""eligibility"": ""NO_CONCLUSION""}, {""value"": 0.1875, ""strategy_id"": ""S6"", ""mean_fill"": 0.9957650555372346, ""p_meet"": 0.85, ""mean_cost"": 33780538.14905061, ""mcse_cost"": 43079.1050360422, ""mean_shortage_days"": 4.860665388828039, ""mean_cost_per_unit"": 26.99138650568211, ""capacity_utilization"": 6257883.65, ""feasible"": false, ""n_runs"": 20, ""eligibility"": ""NO_CONCLUSION""}, {""value"": 0.11875, ""strategy_id"": ""S6"", ""mean_fill"": 0.9974209992492151, ""p_meet"": 0.9, ""mean_cost"": 33802196.06733312, ""mcse_cost"": 44802.7977883101, ""mean_shortage_days"": 3.1104257940854323, ""mean_cost_per_unit"": 26.962524035415488, ""capacity_utilization"": 6268550.1, ""feasible"": true, ""n_runs"": 20, ""eligibility"": ""NO_CONCLUSION""}, {""value"": 0.153125, ""strategy_id"": ""S6"", ""mean_fill"": 0.9968801936534513, ""p_meet"": 0.85, ""mean_cost"": 33791738.3850465, ""mcse_cost"": 43116.242304650616, ""mean_shortage_days"": 4.210576396495071, ""mean_cost_per_unit"": 26.968411364360485, ""capacity_utilization"": 6265003.75, ""feasible"": false, ""n_runs"": 20, ""eligibility"": ""NO_CONCLUSION""}, {""value"": 0.1359375, ""strategy_id"": ""S6"", ""mean_fill"": 0.9968801936534513, ""p_meet"": 0.85, ""mean_cost"": 33798030.83632445, ""mcse_cost"": 44415.781721067186, ""mean_shortage_days"": 4.210576396495071, ""mean_cost_per_unit"": 26.97345154025347, ""capacity_utilization"": 6265003.75, ""feasible"": false, ""n_runs"": 20, ""eligibility"": ""NO_CONCLUSION""}]",bisection over 5 steps on 20 paired runs,0.11875,0.1359375
S6,sodium_bicarbonate_8_4_50ml,commissioning_days,global.node_commissioning_days,365.0,730.0,1095.0,True,False,741.40625,feasible_below,"[{""value"": 365.0, ""strategy_id"": ""S6"", ""mean_fill"": 1.0, ""p_meet"": 1.0, ""mean_cost"": 35277059.382677786, ""mcse_cost"": 50800.86782667029, ""mean_shortage_days"": 0.030004107338444684, ""mean_cost_per_unit"": 28.066393553776567, ""capacity_utilization"": 6284911.2, ""feasible"": true, ""n_runs"": 20, ""eligibility"": ""NO_CONCLUSION""}, {""value"": 1095.0, ""strategy_id"": ""S6"", ""mean_fill"": 0.956321352285984, ""p_meet"": 0.15, ""mean_cost"": 32207346.213403046, ""mcse_cost"": 41302.922999242226, ""mean_shortage_days"": 45.86627875136911, ""mean_cost_per_unit"": 26.817908668190178, ""capacity_utilization"": 6009025.8, ""feasible"": false, ""n_runs"": 20, ""eligibility"": ""NO_CONCLUSION""}, {""value"": 730.0, ""strategy_id"": ""S6"", ""mean_fill"": 0.9963058611329985, ""p_meet"": 0.9, ""mean_cost"": 33782606.91162066, ""mcse_cost"": 43269.57950829538, ""mean_shortage_days"": 3.8505271084337354, ""mean_cost_per_unit"": 26.978859628746157, ""capacity_utilization"": 6261430.0, ""feasible"": true, ""n_runs"": 20, ""eligibility"": ""NO_CONCLUSION""}, {""value"": 912.5, ""strategy_id"": ""S6"", ""mean_fill"": 0.9816982657827941, ""p_meet"": 0.5, ""mean_cost"": 32980868.809767317, ""mcse_cost"": 42689.002849483426, ""mean_shortage_days"": 19.682694414019714, ""mean_cost_per_unit"": 26.738029563187062, ""capacity_utilization"": 6168895.05, ""feasible"": false, ""n_runs"": 20, ""eligibility"": ""NO_CONCLUSION""}, {""value"": 821.25, ""strategy_id"": ""S6"", ""mean_fill"": 0.9912794805184317, ""p_meet"": 0.75, ""mean_cost"": 33378737.63343068, ""mcse_cost"": 44705.593851621874, ""mean_shortage_days"": 10.8114800109529, ""mean_cost_per_unit"": 26.79330413514731, ""capacity_utilization"": 6229445.7, ""feasible"": false, ""n_runs"": 20, ""eligibility"": ""NO_CONCLUSION""}, {""value"": 775.625, ""strategy_id"": ""S6"", ""mean_fill"": 0.9945646705328013, ""p_meet"": 0.8, ""mean_cost"": 33576557.24148045, ""mcse_cost"": 46597.603303067786, ""mean_shortage_days"": 6.440881708652793, ""mean_cost_per_unit"": 26.861873454046055, ""capacity_utilization"": 6250321.7, ""feasible"": false, ""n_runs"": 20, ""eligibility"": ""NO_CONCLUSION""}, {""value"": 752.8125, ""strategy_id"": ""S6"", ""mean_fill"": 0.9954562948155695, ""p_meet"": 0.85, ""mean_cost"": 33686692.60309516, ""mcse_cost"": 43812.557187188366, ""mean_shortage_days"": 5.21071330777656, ""mean_cost_per_unit"": 26.925575657293155, ""capacity_utilization"": 6256027.2, ""feasible"": false, ""n_runs"": 20, ""eligibility"": ""NO_CONCLUSION""}]",bisection over 5 steps on 20 paired runs,730.0,752.8125
S6,sodium_bicarbonate_8_4_50ml,activation_latency_days,global.reserved_capacity_activation_days,7.0,21.0,60.0,True,True,,feasible_everywhere,"[{""value"": 7.0, ""strategy_id"": ""S6"", ""mean_fill"": 0.9963058611329985, ""p_meet"": 0.9, ""mean_cost"": 33782606.91162066, ""mcse_cost"": 43269.57950829538, ""mean_shortage_days"": 3.8505271084337354, ""mean_cost_per_unit"": 26.978859628746157, ""capacity_utilization"": 6261430.0, ""feasible"": true, ""n_runs"": 20, ""eligibility"": ""NO_CONCLUSION""}, {""value"": 60.0, ""strategy_id"": ""S6"", ""mean_fill"": 0.9963058611329985, ""p_meet"": 0.9, ""mean_cost"": 33782606.91162066, ""mcse_cost"": 43269.57950829538, ""mean_shortage_days"": 3.8505271084337354, ""mean_cost_per_unit"": 26.978859628746157, ""capacity_utilization"": 6261430.0, ""feasible"": true, ""n_runs"": 20, ""eligibility"": ""NO_CONCLUSION""}]",feasibility does not change between 7.0 and 60.0; no threshold inside the recorded range,,
S6,sodium_bicarbonate_8_4_50ml,node_capital,product.capital_usd_per_site,15000000.0,40000000.0,100000000.0,True,True,,feasible_everywhere,"[{""value"": 15000000.0, ""strategy_id"": ""S6"", ""mean_fill"": 0.9963058611329985, ""p_meet"": 0.9, ""mean_cost"": 25032041.262137115, ""mcse_cost"": 43269.579508295385, ""mean_shortage_days"": 3.8505271084337354, ""mean_cost_per_unit"": 19.990504415429818, ""capacity_utilization"": 6261430.0, ""feasible"": true, ""n_runs"": 20, ""eligibility"": ""NO_CONCLUSION""}, {""value"": 100000000.0, ""strategy_id"": ""S6"", ""mean_fill"": 0.9963058611329985, ""p_meet"": 0.9, ""mean_cost"": 54783964.470380165, ""mcse_cost"": 43269.57950829534, ""mean_shortage_days"": 3.8505271084337354, ""mean_cost_per_unit"": 43.75091214070457, ""capacity_utilization"": 6261430.0, ""feasible"": true, ""n_runs"": 20, ""eligibility"": ""NO_CONCLUSION""}]",feasibility does not change between 15000000.0 and 100000000.0; no threshold inside the recorded range,,
S6,sodium_bicarbonate_8_4_50ml,batches_per_site_year,product.batches_per_site_year_nominal,30.0,45.0,70.0,False,True,41.875,feasible_above,"[{""value"": 30.0, ""strategy_id"": ""S6"", ""mean_fill"": 0.8110062814423799, ""p_meet"": 0.0, ""mean_cost"": 32156070.51197984, ""mcse_cost"": 29636.81234436326, ""mean_shortage_days"": 207.07834748083238, ""mean_cost_per_unit"": 31.671544955792264, ""capacity_utilization"": 5081916.75, ""feasible"": false, ""n_runs"": 20, ""eligibility"": ""NO_CONCLUSION""}, {""value"": 70.0, ""strategy_id"": ""S6"", ""mean_fill"": 1.0, ""p_meet"": 1.0, ""mean_cost"": 34596934.76535435, ""mcse_cost"": 26432.10871857643, ""mean_shortage_days"": 0.0, ""mean_cost_per_unit"": 27.52449769995917, ""capacity_utilization"": 6284911.2, ""feasible"": true, ""n_runs"": 20, ""eligibility"": ""NO_CONCLUSION""}, {""value"": 50.0, ""strategy_id"": ""S6"", ""mean_fill"": 0.9999795848016954, ""p_meet"": 1.0, ""mean_cost"": 34356989.96465604, ""mcse_cost"": 37927.308416576336, ""mean_shortage_days"": 0.2000273822562979, ""mean_cost_per_unit"": 27.33420909388294, ""capacity_utilization"": 6284780.85, ""feasible"": true, ""n_runs"": 20, ""eligibility"": ""NO_CONCLUSION""}, {""value"": 40.0, ""strategy_id"": ""S6"", ""mean_fill"": 0.9788050510086206, ""p_meet"": 0.5, ""mean_cost"": 33205921.617195956, ""mcse_cost"": 37549.098894101015, ""mean_shortage_days"": 21.61295865279299, ""mean_cost_per_unit"": 27.00225423444308, ""capacity_utilization"": 6150478.65, ""feasible"": false, ""n_runs"": 20, ""eligibility"": ""NO_CONCLUSION""}, {""value"": 45.0, ""strategy_id"": ""S6"", ""mean_fill"": 0.9963058611329985, ""p_meet"": 0.9, ""mean_cost"": 33782606.91162066, ""mcse_cost"": 43269.57950829538, ""mean_shortage_days"": 3.8505271084337354, ""mean_cost_per_unit"": 26.978859628746157, ""capacity_utilization"": 6261430.0, ""feasible"": true, ""n_runs"": 20, ""eligibility"": ""NO_CONCLUSION""}, {""value"": 42.5, ""strategy_id"": ""S6"", ""mean_fill"": 0.9956950994206698, ""p_meet"": 0.9, ""mean_cost"": 33767002.71173042, ""mcse_cost"": 46773.320644856416, ""mean_shortage_days"": 4.500616100766703, ""mean_cost_per_unit"": 26.983858606727285, ""capacity_utilization"": 6257586.55, ""feasible"": true, ""n_runs"": 20, ""eligibility"": ""NO_CONCLUSION""}, {""value"": 41.25, ""strategy_id"": ""S6"", ""mean_fill"": 0.9943601451186354, ""p_meet"": 0.85, ""mean_cost"": 33435018.065898377, ""mcse_cost"": 41280.21685053726, ""mean_shortage_days"": 6.320865279299014, ""mean_cost_per_unit"": 26.75478892880819, ""capacity_utilization"": 6249069.35, ""feasible"": false, ""n_runs"": 20, ""eligibility"": ""NO_CONCLUSION""}]",bisection over 5 steps on 20 paired runs,41.25,42.5
S6,sodium_bicarbonate_8_4_50ml,changeover_burden,product.changeover_days,1.0,3.0,10.0,True,False,4.515625,feasible_below,"[{""value"": 1.0, ""strategy_id"": ""S6"", ""mean_fill"": 0.9965164265984854, ""p_meet"": 0.95, ""mean_cost"": 33788009.245368026, ""mcse_cost"": 43180.536799799724, ""mean_shortage_days"": 3.620495618838992, ""mean_cost_per_unit"": 26.97734599037768, ""capacity_utilization"": 6262762.9, ""feasible"": true, ""n_runs"": 20, ""eligibility"": ""NO_CONCLUSION""}, {""value"": 10.0, ""strategy_id"": ""S6"", ""mean_fill"": 0.8295234355913573, ""p_meet"": 0.0, ""mean_cost"": 32077042.158937387, ""mcse_cost"": 18575.31599369648, ""mean_shortage_days"": 198.21713444687842, ""mean_cost_per_unit"": 30.84816340112517, ""capacity_utilization"": 5201766.15, ""feasible"": false, ""n_runs"": 20, ""eligibility"": ""NO_CONCLUSION""}, {""value"": 5.5, ""strategy_id"": ""S6"", ""mean_fill"": 0.9951144667690339, ""p_meet"": 0.85, ""mean_cost"": 33446449.70334658, ""mcse_cost"": 37864.58488808515, ""mean_shortage_days"": 5.960815991237679, ""mean_cost_per_unit"": 26.742267154492744, ""capacity_utilization"": 6253818.85, ""feasible"": false, ""n_runs"": 20, ""eligibility"": ""NO_CONCLUSION""}, {""value"": 3.25, ""strategy_id"": ""S6"", ""mean_fill"": 0.9963058611329985, ""p_meet"": 0.9, ""mean_cost"": 33782606.91162066, ""mcse_cost"": 43269.57950829538, ""mean_shortage_days"": 3.8505271084337354, ""mean_cost_per_unit"": 26.978859628746157, ""capacity_utilization"": 6261430.0, ""feasible"": true, ""n_runs"": 20, ""eligibility"": ""NO_CONCLUSION""}, {""value"": 4.375, ""strategy_id"": ""S6"", ""mean_fill"": 0.9961978429714774, ""p_meet"": 0.9, ""mean_cost"": 33779687.427083686, ""mcse_cost"": 42991.48955347099, ""mean_shortage_days"": 3.9605421686746984, ""mean_cost_per_unit"": 26.979545229531197, ""capacity_utilization"": 6260746.75, ""feasible"": true, ""n_runs"": 20, ""eligibility"": ""NO_CONCLUSION""}, {""value"": 4.9375, ""strategy_id"": ""S6"", ""mean_fill"": 0.9951144667690339, ""p_meet"": 0.85, ""mean_cost"": 33446449.70334658, ""mcse_cost"": 37864.58488808515, ""mean_shortage_days"": 5.960815991237679, ""mean_cost_per_unit"": 26.742267154492744, ""capacity_utilization"": 6253818.85, ""feasible"": false, ""n_runs"": 20, ""eligibility"": ""NO_CONCLUSION""}, {""value"": 4.65625, ""strategy_id"": ""S6"", ""mean_fill"": 0.9951144667690339, ""p_meet"": 0.85, ""mean_cost"": 33446449.70334658, ""mcse_cost"": 37864.58488808515, ""mean_shortage_days"": 5.960815991237679, ""mean_cost_per_unit"": 26.742267154492744, ""capacity_utilization"": 6253818.85, ""feasible"": false, ""n_runs"": 20, ""eligibility"": ""NO_CONCLUSION""}]",bisection over 5 steps on 20 paired runs,4.375,4.65625
S7,sodium_bicarbonate_8_4_50ml,capacity_utilization,product.annual_demand_units,600000.0,1200000.0,2400000.0,True,False,1134375.0,feasible_below,"[{""value"": 600000.0, ""strategy_id"": ""S7"", ""mean_fill"": 1.0, ""p_meet"": 1.0, ""mean_cost"": 15604939.873547453, ""mcse_cost"": 14373.88069727721, ""mean_shortage_days"": 0.0, ""mean_cost_per_unit"": 24.82974514879886, ""capacity_utilization"": 3142458.6, ""feasible"": true, ""n_runs"": 20, ""eligibility"": ""NO_CONCLUSION""}, {""value"": 2400000.0, ""strategy_id"": ""S7"", ""mean_fill"": 0.5389325123805152, ""p_meet"": 0.0, ""mean_cost"": 17080718.924052242, ""mcse_cost"": 25639.074759107018, ""mean_shortage_days"": 234.22206325301204, ""mean_cost_per_unit"": 12.717971826604757, ""capacity_utilization"": 6722159.55, ""feasible"": false, ""n_runs"": 20, ""eligibility"": ""NO_CONCLUSION""}, {""value"": 1500000.0, ""strategy_id"": ""S7"", ""mean_fill"": 0.7986068149567016, ""p_meet"": 0.0, ""mean_cost"": 16671668.478407562, ""mcse_cost"": 26468.939344519233, ""mean_shortage_days"": 123.99697426067905, ""mean_cost_per_unit"": 13.357359024155276, ""capacity_utilization"": 6247769.3, ""feasible"": false, ""n_runs"": 20, ""eligibility"": ""NO_CONCLUSION""}, {""value"": 1050000.0, ""strategy_id"": ""S7"", ""mean_fill"": 0.9984817224533105, ""p_meet"": 0.95, ""mean_cost"": 16551177.154721346, ""mcse_cost"": 29702.19298779059, ""mean_shortage_days"": 2.8203860898138005, ""mean_cost_per_unit"": 15.072535615044936, ""capacity_utilization"": 5490569.55, ""feasible"": true, ""n_runs"": 20, ""eligibility"": ""NO_CONCLUSION""}, {""value"": 1275000.0, ""strategy_id"": ""S7"", ""mean_fill"": 0.9216465378299196, ""p_meet"": 0.0, ""mean_cost"": 16599190.35652395, ""mcse_cost"": 27989.839967977387, ""mean_shortage_days"": 64.98889649507119, ""mean_cost_per_unit"": 13.538274142124493, ""capacity_utilization"": 6137586.65, ""feasible"": false, ""n_runs"": 20, ""eligibility"": ""NO_CONCLUSION""}, {""value"": 1162500.0, ""strategy_id"": ""S7"", ""mean_fill"": 0.9825393364744684, ""p_meet"": 0.6, ""mean_cost"": 16567666.76329871, ""mcse_cost"": 29518.123622464107, ""mean_shortage_days"": 18.512534227820375, ""mean_cost_per_unit"": 13.872024002394841, ""capacity_utilization"": 5975016.2, ""feasible"": false, ""n_runs"": 20, ""eligibility"": ""NO_CONCLUSION""}, {""value"": 1106250.0, ""strategy_id"": ""S7"", ""mean_fill"": 0.9948840966914123, ""p_meet"": 0.9, ""mean_cost"": 16566149.92721108, ""mcse_cost"": 30290.11521652727, ""mean_shortage_days"": 5.320728368017525, ""mean_cost_per_unit"": 14.373799543840985, ""capacity_utilization"": 5763121.9, ""feasible"": true, ""n_runs"": 20, ""eligibility"": ""NO_CONCLUSION""}]",bisection over 5 steps on 20 paired runs,1106250.0,1162500.0
S7,sodium_bicarbonate_8_4_50ml,fixed_qa_labor_per_node,product.fixed_qa_labor_usd_per_site_year,1500000.0,3000000.0,6000000.0,False,False,,infeasible_everywhere,"[{""value"": 1500000.0, ""strategy_id"": ""S7"", ""mean_fill"": 0.9664127604916157, ""p_meet"": 0.35, ""mean_cost"": 14459590.259768968, ""mcse_cost"": 29290.035137298728, ""mean_shortage_days"": 32.72447973713034, ""mean_cost_per_unit"": 11.935181481878447, ""capacity_utilization"": 6062584.15, ""feasible"": false, ""n_runs"": 20, ""eligibility"": ""NO_CONCLUSION""}, {""value"": 6000000.0, ""strategy_id"": ""S7"", ""mean_fill"": 0.9664127604916157, ""p_meet"": 0.35, ""mean_cost"": 20820520.842251852, ""mcse_cost"": 29290.03513729865, ""mean_shortage_days"": 32.72447973713034, ""mean_cost_per_unit"": 17.187206819666596, ""capacity_utilization"": 6062584.15, ""feasible"": false, ""n_runs"": 20, ""eligibility"": ""NO_CONCLUSION""}]",feasibility does not change between 1500000.0 and 6000000.0; no threshold inside the recorded range,,
S7,sodium_bicarbonate_8_4_50ml,release_time,global.sterility_incubation_days,14.0,14.0,18.0,False,False,,infeasible_everywhere,"[{""value"": 14.0, ""strategy_id"": ""S7"", ""mean_fill"": 0.9664127604916157, ""p_meet"": 0.35, ""mean_cost"": 16579900.453929927, ""mcse_cost"": 29290.03513729872, ""mean_shortage_days"": 32.72447973713034, ""mean_cost_per_unit"": 13.685856594474496, ""capacity_utilization"": 6062584.15, ""feasible"": false, ""n_runs"": 20, ""eligibility"": ""NO_CONCLUSION""}, {""value"": 18.0, ""strategy_id"": ""S7"", ""mean_fill"": 0.9650705314093588, ""p_meet"": 0.35, ""mean_cost"": 16576675.743991312, ""mcse_cost"": 29364.253429755892, ""mean_shortage_days"": 33.7746234939759, ""mean_cost_per_unit"": 13.699539633674735, ""capacity_utilization"": 6055562.45, ""feasible"": false, ""n_runs"": 20, ""eligibility"": ""NO_CONCLUSION""}]",feasibility does not change between 14.0 and 18.0; no threshold inside the recorded range,,
S7,sodium_bicarbonate_8_4_50ml,shelf_life,product.shelf_life_months,12.0,24.0,36.0,False,False,,infeasible_everywhere,"[{""value"": 12.0, ""strategy_id"": ""S7"", ""mean_fill"": 0.8816454982714381, ""p_meet"": 0.0, ""mean_cost"": 16612643.745790716, ""mcse_cost"": 26758.7790732105, ""mean_shortage_days"": 108.67487677984666, ""mean_cost_per_unit"": 15.05639770614672, ""capacity_utilization"": 5525246.4, ""feasible"": false, ""n_runs"": 20, ""eligibility"": ""NO_CONCLUSION""}, {""value"": 36.0, ""strategy_id"": ""S7"", ""mean_fill"": 0.9664127604916157, ""p_meet"": 0.35, ""mean_cost"": 16579900.453929927, ""mcse_cost"": 29290.03513729872, ""mean_shortage_days"": 32.72447973713034, ""mean_cost_per_unit"": 13.685856594474496, ""capacity_utilization"": 6062584.15, ""feasible"": false, ""n_runs"": 20, ""eligibility"": ""NO_CONCLUSION""}]",feasibility does not change between 12.0 and 36.0; no threshold inside the recorded range,,
S7,sodium_bicarbonate_8_4_50ml,raw_material_lead_time,product.material_lead_time_days,30.0,90.0,240.0,False,False,,infeasible_everywhere,"[{""value"": 30.0, ""strategy_id"": ""S7"", ""mean_fill"": 0.9660470097236769, ""p_meet"": 0.35, ""mean_cost"": 16574300.685445216, ""mcse_cost"": 29920.270298945754, ""mean_shortage_days"": 33.244550930996716, ""mean_cost_per_unit"": 13.687641960001965, ""capacity_utilization"": 6060002.3, ""feasible"": false, ""n_runs"": 20, ""eligibility"": ""NO_CONCLUSION""}, {""value"": 240.0, ""strategy_id"": ""S7"", ""mean_fill"": 0.9655696379862413, ""p_meet"": 0.35, ""mean_cost"": 16625502.373079631, ""mcse_cost"": 29472.839746877446, ""mean_shortage_days"": 33.52458926615553, ""mean_cost_per_unit"": 13.736093754653194, ""capacity_utilization"": 6057011.25, ""feasible"": false, ""n_runs"": 20, ""eligibility"": ""NO_CONCLUSION""}]",feasibility does not change between 30.0 and 240.0; no threshold inside the recorded range,,
S7,sodium_bicarbonate_8_4_50ml,common_cause_dependence,global.common_cause_events_per_year,0.02,0.1,0.3,False,False,,infeasible_everywhere,"[{""value"": 0.02, ""strategy_id"": ""S7"", ""mean_fill"": 0.9866423731617215, ""p_meet"": 0.6, ""mean_cost"": 16660664.490286613, ""mcse_cost"": 20387.236512556414, ""mean_shortage_days"": 15.682146768893755, ""mean_cost_per_unit"": 13.453404518177928, ""capacity_utilization"": 6192542.7, ""feasible"": false, ""n_runs"": 20, ""eligibility"": ""NO_CONCLUSION""}, {""value"": 0.3, ""strategy_id"": ""S7"", ""mean_fill"": 0.9337734215743018, ""p_meet"": 0.1, ""mean_cost"": 16459880.274878357, ""mcse_cost"": 37976.287085041666, ""mean_shortage_days"": 52.81723028477546, ""mean_cost_per_unit"": 14.106272946219596, ""capacity_utilization"": 5849424.45, ""feasible"": false, ""n_runs"": 20, ""eligibility"": ""NO_CONCLUSION""}]",feasibility does not change between 0.02 and 0.3; no threshold inside the recorded range,,
S7,sodium_bicarbonate_8_4_50ml,supplier_concentration,global.supplier_disruptions_per_supplier_year,0.05,0.2,0.6,False,False,,infeasible_everywhere,"[{""value"": 0.05, ""strategy_id"": ""S7"", ""mean_fill"": 0.9679343950397682, ""p_meet"": 0.35, ""mean_cost"": 16588198.127132803, ""mcse_cost"": 29552.026703300977, ""mean_shortage_days"": 31.484309967141293, ""mean_cost_per_unit"": 13.669032307363508, ""capacity_utilization"": 6073083.2, ""feasible"": false, ""n_runs"": 20, ""eligibility"": ""NO_CONCLUSION""}, {""value"": 0.6, ""strategy_id"": ""S7"", ""mean_fill"": 0.9623794983172663, ""p_meet"": 0.3, ""mean_cost"": 16564094.455422852, ""mcse_cost"": 28896.915156479434, ""mean_shortage_days"": 36.34497535596933, ""mean_cost_per_unit"": 13.736149721461853, ""capacity_utilization"": 6034593.4, ""feasible"": false, ""n_runs"": 20, ""eligibility"": ""NO_CONCLUSION""}]",feasibility does not change between 0.05 and 0.6; no threshold inside the recorded range,,
S7,sodium_bicarbonate_8_4_50ml,commissioning_days,global.node_commissioning_days,365.0,730.0,1095.0,False,False,,infeasible_everywhere,"[{""value"": 365.0, ""strategy_id"": ""S7"", ""mean_fill"": 0.9664127604916157, ""p_meet"": 0.35, ""mean_cost"": 16579900.453929927, ""mcse_cost"": 29290.03513729872, ""mean_shortage_days"": 32.72447973713034, ""mean_cost_per_unit"": 13.685856594474496, ""capacity_utilization"": 6062584.15, ""feasible"": false, ""n_runs"": 20, ""eligibility"": ""NO_CONCLUSION""}, {""value"": 1095.0, ""strategy_id"": ""S7"", ""mean_fill"": 0.9664127604916157, ""p_meet"": 0.35, ""mean_cost"": 16579900.453929927, ""mcse_cost"": 29290.03513729872, ""mean_shortage_days"": 32.72447973713034, ""mean_cost_per_unit"": 13.685856594474496, ""capacity_utilization"": 6062584.15, ""feasible"": false, ""n_runs"": 20, ""eligibility"": ""NO_CONCLUSION""}]",feasibility does not change between 365.0 and 1095.0; no threshold inside the recorded range,,
S7,sodium_bicarbonate_8_4_50ml,activation_latency_days,global.reserved_capacity_activation_days,7.0,21.0,60.0,False,False,,infeasible_everywhere,"[{""value"": 7.0, ""strategy_id"": ""S7"", ""mean_fill"": 0.9664127604916157, ""p_meet"": 0.35, ""mean_cost"": 16579900.453929927, ""mcse_cost"": 29290.03513729872, ""mean_shortage_days"": 32.72447973713034, ""mean_cost_per_unit"": 13.685856594474496, ""capacity_utilization"": 6062584.15, ""feasible"": false, ""n_runs"": 20, ""eligibility"": ""NO_CONCLUSION""}, {""value"": 60.0, ""strategy_id"": ""S7"", ""mean_fill"": 0.9664127604916157, ""p_meet"": 0.35, ""mean_cost"": 16579900.453929927, ""mcse_cost"": 29290.03513729872, ""mean_shortage_days"": 32.72447973713034, ""mean_cost_per_unit"": 13.685856594474496, ""capacity_utilization"": 6062584.15, ""feasible"": false, ""n_runs"": 20, ""eligibility"": ""NO_CONCLUSION""}]",feasibility does not change between 7.0 and 60.0; no threshold inside the recorded range,,
S7,sodium_bicarbonate_8_4_50ml,node_capital,product.capital_usd_per_site,15000000.0,40000000.0,100000000.0,False,False,,infeasible_everywhere,"[{""value"": 15000000.0, ""strategy_id"": ""S7"", ""mean_fill"": 0.9664127604916157, ""p_meet"": 0.35, ""mean_cost"": 11716134.312271755, ""mcse_cost"": 29290.03513729876, ""mean_shortage_days"": 32.72447973713034, ""mean_cost_per_unit"": 9.669994028168372, ""capacity_utilization"": 6062584.15, ""feasible"": false, ""n_runs"": 20, ""eligibility"": ""NO_CONCLUSION""}, {""value"": 100000000.0, ""strategy_id"": ""S7"", ""mean_fill"": 0.9664127604916157, ""p_meet"": 0.35, ""mean_cost"": 28252939.193908174, ""mcse_cost"": 29290.035137298793, ""mean_shortage_days"": 32.72447973713034, ""mean_cost_per_unit"": 23.323926753608067, ""capacity_utilization"": 6062584.15, ""feasible"": false, ""n_runs"": 20, ""eligibility"": ""NO_CONCLUSION""}]",feasibility does not change between 15000000.0 and 100000000.0; no threshold inside the recorded range,,
S7,sodium_bicarbonate_8_4_50ml,batches_per_site_year,product.batches_per_site_year_nominal,30.0,45.0,70.0,False,True,48.125,feasible_above,"[{""value"": 30.0, ""strategy_id"": ""S7"", ""mean_fill"": 0.6659193828422694, ""p_meet"": 0.0, ""mean_cost"": 15591824.578028971, ""mcse_cost"": 16417.025942056272, ""mean_shortage_days"": 185.0953381708653, ""mean_cost_per_unit"": 18.7401921128334, ""capacity_utilization"": 4164531.65, ""feasible"": false, ""n_runs"": 20, ""eligibility"": ""NO_CONCLUSION""}, {""value"": 70.0, ""strategy_id"": ""S7"", ""mean_fill"": 1.0, ""p_meet"": 1.0, ""mean_cost"": 17757564.781195104, ""mcse_cost"": 27678.57060542176, ""mean_shortage_days"": 0.0, ""mean_cost_per_unit"": 14.127571687561872, ""capacity_utilization"": 6284911.2, ""feasible"": true, ""n_runs"": 20, ""eligibility"": ""NO_CONCLUSION""}, {""value"": 50.0, ""strategy_id"": ""S7"", ""mean_fill"": 0.9981089044156665, ""p_meet"": 0.9, ""mean_cost"": 16958327.422680505, ""mcse_cost"": 32633.763656072577, ""mean_shortage_days"": 3.1904367469879515, ""mean_cost_per_unit"": 13.518697843942372, ""capacity_utilization"": 6272174.3, ""feasible"": true, ""n_runs"": 20, ""eligibility"": ""NO_CONCLUSION""}, {""value"": 40.0, ""strategy_id"": ""S7"", ""mean_fill"": 0.886806695783801, ""p_meet"": 0.0, ""mean_cost"": 16291721.841186201, ""mcse_cost"": 24775.180402621587, ""mean_shortage_days"": 87.43196878422782, ""mean_cost_per_unit"": 14.676896811279434, ""capacity_utilization"": 5556514.55, ""feasible"": false, ""n_runs"": 20, ""eligibility"": ""NO_CONCLUSION""}, {""value"": 45.0, ""strategy_id"": ""S7"", ""mean_fill"": 0.9664127604916157, ""p_meet"": 0.35, ""mean_cost"": 16579900.453929927, ""mcse_cost"": 29290.03513729872, ""mean_shortage_days"": 32.72447973713034, ""mean_cost_per_unit"": 13.685856594474496, ""capacity_utilization"": 6062584.15, ""feasible"": false, ""n_runs"": 20, ""eligibility"": ""NO_CONCLUSION""}, {""value"": 47.5, ""strategy_id"": ""S7"", ""mean_fill"": 0.9689422609746445, ""p_meet"": 0.35, ""mean_cost"": 16590961.201752841, ""mcse_cost"": 27695.359354990927, ""mean_shortage_days"": 30.544181270536694, ""mean_cost_per_unit"": 13.659680739751654, ""capacity_utilization"": 6077539.5, ""feasible"": false, ""n_runs"": 20, ""eligibility"": ""NO_CONCLUSION""}, {""value"": 48.75, ""strategy_id"": ""S7"", ""mean_fill"": 0.9977148181795819, ""p_meet"": 0.9, ""mean_cost"": 16950458.58369487, ""mcse_cost"": 34000.865611376714, ""mean_shortage_days"": 3.440470974808324, ""mean_cost_per_unit"": 13.517320101163984, ""capacity_utilization"": 6269904.25, ""feasible"": true, ""n_runs"": 20, ""eligibility"": ""NO_CONCLUSION""}]",bisection over 5 steps on 20 paired runs,47.5,48.75
S7,sodium_bicarbonate_8_4_50ml,changeover_burden,product.changeover_days,1.0,3.0,10.0,False,False,,infeasible_everywhere,"[{""value"": 1.0, ""strategy_id"": ""S7"", ""mean_fill"": 0.9669901483219452, ""p_meet"": 0.35, ""mean_cost"": 16582699.400470778, ""mcse_cost"": 29497.407474469546, ""mean_shortage_days"": 32.59446193866374, ""mean_cost_per_unit"": 13.682026396033038, ""capacity_utilization"": 6065249.0, ""feasible"": false, ""n_runs"": 20, ""eligibility"": ""NO_CONCLUSION""}, {""value"": 10.0, ""strategy_id"": ""S7"", ""mean_fill"": 0.7198981695658985, ""p_meet"": 0.0, ""mean_cost"": 15767024.451921027, ""mcse_cost"": 16511.70271720365, ""mean_shortage_days"": 166.55279983570642, ""mean_cost_per_unit"": 17.51845460115134, ""capacity_utilization"": 4503867.2, ""feasible"": false, ""n_runs"": 20, ""eligibility"": ""NO_CONCLUSION""}]",feasibility does not change between 1.0 and 10.0; no threshold inside the recorded range,,
S8,sodium_bicarbonate_8_4_50ml,capacity_utilization,product.annual_demand_units,600000.0,1200000.0,2400000.0,True,False,1190625.0,feasible_below,"[{""value"": 600000.0, ""strategy_id"": ""S8"", ""mean_fill"": 0.996145920763652, ""p_meet"": 0.95, ""mean_cost"": 21864099.185935, ""mcse_cost"": 7493.802611931367, ""mean_shortage_days"": 7.4210158817086525, ""mean_cost_per_unit"": 34.92339051553563, ""capacity_utilization"": 3130488.25, ""feasible"": true, ""n_runs"": 20, ""eligibility"": ""NO_CONCLUSION""}, {""value"": 2400000.0, ""strategy_id"": ""S8"", ""mean_fill"": 0.690757709789146, ""p_meet"": 0.0, ""mean_cost"": 24732787.529145636, ""mcse_cost"": 37431.08301255015, ""mean_shortage_days"": 286.8792716319824, ""mean_cost_per_unit"": 14.32251335381957, ""capacity_utilization"": 8644452.55, ""feasible"": false, ""n_runs"": 20, ""eligibility"": ""NO_CONCLUSION""}, {""value"": 1500000.0, ""strategy_id"": ""S8"", ""mean_fill"": 0.9638089944484932, ""p_meet"": 0.0, ""mean_cost"": 24215605.150270917, ""mcse_cost"": 36480.386966720704, ""mean_shortage_days"": 65.08891018619934, ""mean_cost_per_unit"": 15.991967884474949, ""capacity_utilization"": 7571666.3, ""feasible"": false, ""n_runs"": 20, ""eligibility"": ""NO_CONCLUSION""}, {""value"": 1050000.0, ""strategy_id"": ""S8"", ""mean_fill"": 0.9958206235438711, ""p_meet"": 0.95, ""mean_cost"": 23249473.63367667, ""mcse_cost"": 10707.012916136298, ""mean_shortage_days"": 11.181530668127051, ""mean_cost_per_unit"": 21.226991739526824, ""capacity_utilization"": 5476502.6, ""feasible"": true, ""n_runs"": 20, ""eligibility"": ""NO_CONCLUSION""}, {""value"": 1275000.0, ""strategy_id"": ""S8"", ""mean_fill"": 0.9895480822503948, ""p_meet"": 0.6, ""mean_cost"": 23865706.53296352, ""mcse_cost"": 12775.993761482892, ""mean_shortage_days"": 30.284145673603497, ""mean_cost_per_unit"": 18.059095204801864, ""capacity_utilization"": 6608086.5, ""feasible"": false, ""n_runs"": 20, ""eligibility"": ""NO_CONCLUSION""}, {""value"": 1162500.0, ""strategy_id"": ""S8"", ""mean_fill"": 0.9938901735713722, ""p_meet"": 0.9, ""mean_cost"": 23557831.686823405, ""mcse_cost"": 11159.076895624336, ""mean_shortage_days"": 17.84244249726177, ""mean_cost_per_unit"": 19.465025579088497, ""capacity_utilization"": 6051461.4, ""feasible"": true, ""n_runs"": 20, ""eligibility"": ""NO_CONCLUSION""}, {""value"": 1218750.0, ""strategy_id"": ""S8"", ""mean_fill"": 0.992747505931861, ""p_meet"": 0.85, ""mean_cost"": 23719980.655962385, ""mcse_cost"": 14931.801722289541, ""mean_shortage_days"": 23.163170865279298, ""mean_cost_per_unit"": 18.71641196168183, ""capacity_utilization"": 6337050.65, ""feasible"": false, ""n_runs"": 20, ""eligibility"": ""NO_CONCLUSION""}]",bisection over 5 steps on 20 paired runs,1162500.0,1218750.0
S8,sodium_bicarbonate_8_4_50ml,fixed_qa_labor_per_node,product.fixed_qa_labor_usd_per_site_year,1500000.0,3000000.0,6000000.0,True,True,,feasible_everywhere,"[{""value"": 1500000.0, ""strategy_id"": ""S8"", ""mean_fill"": 0.9936467305976635, ""p_meet"": 0.9, ""mean_cost"": 21098343.196428075, ""mcse_cost"": 13703.936702862606, ""mean_shortage_days"": 20.10275191675794, ""mean_cost_per_unit"": 16.892265953097844, ""capacity_utilization"": 6245153.5, ""feasible"": true, ""n_runs"": 20, ""eligibility"": ""NO_CONCLUSION""}, {""value"": 6000000.0, ""strategy_id"": ""S8"", ""mean_fill"": 0.9936467305976635, ""p_meet"": 0.9, ""mean_cost"": 28897584.26633063, ""mcse_cost"": 13703.936702862598, ""mean_shortage_days"": 20.10275191675794, ""mean_cost_per_unit"": 23.136893499443946, ""capacity_utilization"": 6245153.5, ""feasible"": true, ""n_runs"": 20, ""eligibility"": ""NO_CONCLUSION""}]",feasibility does not change between 1500000.0 and 6000000.0; no threshold inside the recorded range,,
S8,sodium_bicarbonate_8_4_50ml,release_time,global.sterility_incubation_days,14.0,14.0,18.0,True,False,14.8125,feasible_below,"[{""value"": 14.0, ""strategy_id"": ""S8"", ""mean_fill"": 0.9936467305976635, ""p_meet"": 0.9, ""mean_cost"": 23698090.21972893, ""mcse_cost"": 13703.93670286261, ""mean_shortage_days"": 20.10275191675794, ""mean_cost_per_unit"": 18.973808468546547, ""capacity_utilization"": 6245153.5, ""feasible"": true, ""n_runs"": 20, ""eligibility"": ""NO_CONCLUSION""}, {""value"": 18.0, ""strategy_id"": ""S8"", ""mean_fill"": 0.9917261426080091, ""p_meet"": 0.75, ""mean_cost"": 23668216.0018161, ""mcse_cost"": 13915.410323583796, ""mean_shortage_days"": 23.11316401971522, ""mean_cost_per_unit"": 18.987113189349127, ""capacity_utilization"": 6232997.0, ""feasible"": false, ""n_runs"": 20, ""eligibility"": ""NO_CONCLUSION""}, {""value"": 16.0, ""strategy_id"": ""S8"", ""mean_fill"": 0.9926355137136387, ""p_meet"": 0.85, ""mean_cost"": 23667544.321469914, ""mcse_cost"": 11439.33806041504, ""mean_shortage_days"": 22.523083242059148, ""mean_cost_per_unit"": 18.969216680665955, ""capacity_utilization"": 6238767.3, ""feasible"": false, ""n_runs"": 20, ""eligibility"": ""NO_CONCLUSION""}, {""value"": 15.0, ""strategy_id"": ""S8"", ""mean_fill"": 0.9930442598089015, ""p_meet"": 0.85, ""mean_cost"": 23670645.19061049, ""mcse_cost"": 13472.06984025374, ""mean_shortage_days"": 20.922864184008766, ""mean_cost_per_unit"": 18.964245815741542, ""capacity_utilization"": 6241155.1, ""feasible"": false, ""n_runs"": 20, ""eligibility"": ""NO_CONCLUSION""}, {""value"": 14.5, ""strategy_id"": ""S8"", ""mean_fill"": 0.9936008944256723, ""p_meet"": 0.9, ""mean_cost"": 23674606.048611403, ""mcse_cost"": 16268.038009692078, ""mean_shortage_days"": 19.53267387732749, ""mean_cost_per_unit"": 18.956071977754483, ""capacity_utilization"": 6244813.1, ""feasible"": true, ""n_runs"": 20, ""eligibility"": ""NO_CONCLUSION""}, {""value"": 14.75, ""strategy_id"": ""S8"", ""mean_fill"": 0.9930849229271225, ""p_meet"": 0.9, ""mean_cost"": 23671249.531480186, ""mcse_cost"": 11879.5652812834, ""mean_shortage_days"": 21.002875136911282, ""mean_cost_per_unit"": 18.963941349888565, ""capacity_utilization"": 6241403.8, ""feasible"": true, ""n_runs"": 20, ""eligibility"": ""NO_CONCLUSION""}, {""value"": 14.875, ""strategy_id"": ""S8"", ""mean_fill"": 0.9930737350568416, ""p_meet"": 0.85, ""mean_cost"": 23672632.849306516, ""mcse_cost"": 11008.647536629669, ""mean_shortage_days"": 19.96273274917853, ""mean_cost_per_unit"": 18.965436855130775, ""capacity_utilization"": 6241354.35, ""feasible"": false, ""n_runs"": 20, ""eligibility"": ""NO_CONCLUSION""}]",bisection over 5 steps on 20 paired runs,14.75,14.875
S8,sodium_bicarbonate_8_4_50ml,shelf_life,product.shelf_life_months,12.0,24.0,36.0,False,True,23.625,feasible_above,"[{""value"": 12.0, ""strategy_id"": ""S8"", ""mean_fill"": 0.9488791427226388, ""p_meet"": 0.0, ""mean_cost"": 23865045.52508356, ""mcse_cost"": 15883.297243323714, ""mean_shortage_days"": 63.25865963855421, ""mean_cost_per_unit"": 20.010306798824637, ""capacity_utilization"": 5963644.45, ""feasible"": false, ""n_runs"": 20, ""eligibility"": ""NO_CONCLUSION""}, {""value"": 36.0, ""strategy_id"": ""S8"", ""mean_fill"": 0.9937054719892997, ""p_meet"": 0.9, ""mean_cost"": 23668937.453108206, ""mcse_cost"": 13486.967167739665, ""mean_shortage_days"": 19.15262185104053, ""mean_cost_per_unit"": 18.949226139532634, ""capacity_utilization"": 6245535.3, ""feasible"": true, ""n_runs"": 20, ""eligibility"": ""NO_CONCLUSION""}, {""value"": 24.0, ""strategy_id"": ""S8"", ""mean_fill"": 0.9936467305976635, ""p_meet"": 0.9, ""mean_cost"": 23698090.21972893, ""mcse_cost"": 13703.93670286261, ""mean_shortage_days"": 20.10275191675794, ""mean_cost_per_unit"": 18.973808468546547, ""capacity_utilization"": 6245153.5, ""feasible"": true, ""n_runs"": 20, ""eligibility"": ""NO_CONCLUSION""}, {""value"": 18.0, ""strategy_id"": ""S8"", ""mean_fill"": 0.98181667339331, ""p_meet"": 0.25, ""mean_cost"": 23703198.810012817, ""mcse_cost"": 15019.512131725118, ""mean_shortage_days"": 38.2752395947426, ""mean_cost_per_unit"": 19.20769135925066, ""capacity_utilization"": 6170697.65, ""feasible"": false, ""n_runs"": 20, ""eligibility"": ""NO_CONCLUSION""}, {""value"": 21.0, ""strategy_id"": ""S8"", ""mean_fill"": 0.9900008645712042, ""p_meet"": 0.65, ""mean_cost"": 23688621.72219903, ""mcse_cost"": 16355.49729741418, ""mean_shortage_days"": 27.473760952902516, ""mean_cost_per_unit"": 19.036744294793504, ""capacity_utilization"": 6222194.9, ""feasible"": false, ""n_runs"": 20, ""eligibility"": ""NO_CONCLUSION""}, {""value"": 22.5, ""strategy_id"": ""S8"", ""mean_fill"": 0.9919554226087406, ""p_meet"": 0.7, ""mean_cost"": 23690987.79029237, ""mcse_cost"": 14293.429489847442, ""mean_shortage_days"": 24.443346111719606, ""mean_cost_per_unit"": 19.00077861409732, ""capacity_utilization"": 6234542.05, ""feasible"": false, ""n_runs"": 20, ""eligibility"": ""NO_CONCLUSION""}, {""value"": 23.25, ""strategy_id"": ""S8"", ""mean_fill"": 0.993061913288849, ""p_meet"": 0.8, ""mean_cost"": 23688887.289635137, ""mcse_cost"": 13414.949977999579, ""mean_shortage_days"": 21.872994249726176, ""mean_cost_per_unit"": 18.977882272190957, ""capacity_utilization"": 6241488.7, ""feasible"": false, ""n_runs"": 20, ""eligibility"": ""NO_CONCLUSION""}]",bisection over 5 steps on 20 paired runs,23.25,24.0
S8,sodium_bicarbonate_8_4_50ml,raw_material_lead_time,product.material_lead_time_days,30.0,90.0,240.0,True,False,177.65625,feasible_below,"[{""value"": 30.0, ""strategy_id"": ""S8"", ""mean_fill"": 0.9936467305976635, ""p_meet"": 0.9, ""mean_cost"": 23683703.492432028, ""mcse_cost"": 12588.635602655802, ""mean_shortage_days"": 20.10275191675794, ""mean_cost_per_unit"": 18.962424936984732, ""capacity_utilization"": 6245153.5, ""feasible"": true, ""n_runs"": 20, ""eligibility"": ""NO_CONCLUSION""}, {""value"": 240.0, ""strategy_id"": ""S8"", ""mean_fill"": 0.9924910630660616, ""p_meet"": 0.8, ""mean_cost"": 23700484.352964666, ""mcse_cost"": 12413.127969078225, ""mean_shortage_days"": 22.70310788608981, ""mean_cost_per_unit"": 18.99793374506215, ""capacity_utilization"": 6237797.35, ""feasible"": false, ""n_runs"": 20, ""eligibility"": ""NO_CONCLUSION""}, {""value"": 135.0, ""strategy_id"": ""S8"", ""mean_fill"": 0.9936467305976635, ""p_meet"": 0.9, ""mean_cost"": 23696860.48191469, ""mcse_cost"": 14287.045043707865, ""mean_shortage_days"": 20.112753285870756, ""mean_cost_per_unit"": 18.972824398798664, ""capacity_utilization"": 6245153.5, ""feasible"": true, ""n_runs"": 20, ""eligibility"": ""NO_CONCLUSION""}, {""value"": 187.5, ""strategy_id"": ""S8"", ""mean_fill"": 0.9932601919836331, ""p_meet"": 0.8, ""mean_cost"": 23684554.94315613, ""mcse_cost"": 11968.691453853722, ""mean_shortage_days"": 21.052881982475355, ""mean_cost_per_unit"": 18.970441416054797, ""capacity_utilization"": 6242666.55, ""feasible"": false, ""n_runs"": 20, ""eligibility"": ""NO_CONCLUSION""}, {""value"": 161.25, ""strategy_id"": ""S8"", ""mean_fill"": 0.9936590799523725, ""p_meet"": 0.9, ""mean_cost"": 23683511.8470167, ""mcse_cost"": 10198.91727814026, ""mean_shortage_days"": 20.292777929901426, ""mean_cost_per_unit"": 18.962081218243462, ""capacity_utilization"": 6245232.35, ""feasible"": true, ""n_runs"": 20, ""eligibility"": ""NO_CONCLUSION""}, {""value"": 174.375, ""strategy_id"": ""S8"", ""mean_fill"": 0.9935789569092593, ""p_meet"": 0.9, ""mean_cost"": 23687566.246730305, ""mcse_cost"": 13821.145686624446, ""mean_shortage_days"": 20.452799835706465, ""mean_cost_per_unit"": 18.96673379431852, ""capacity_utilization"": 6244720.4, ""feasible"": true, ""n_runs"": 20, ""eligibility"": ""NO_CONCLUSION""}, {""value"": 180.9375, ""strategy_id"": ""S8"", ""mean_fill"": 0.9932649689874584, ""p_meet"": 0.85, ""mean_cost"": 23659693.61280378, ""mcse_cost"": 9478.209944080312, ""mean_shortage_days"": 20.922864184008763, ""mean_cost_per_unit"": 18.950574529462344, ""capacity_utilization"": 6242698.0, ""feasible"": false, ""n_runs"": 20, ""eligibility"": ""NO_CONCLUSION""}]",bisection over 5 steps on 20 paired runs,174.375,180.9375
S8,sodium_bicarbonate_8_4_50ml,common_cause_dependence,global.common_cause_events_per_year,0.02,0.1,0.3,True,False,0.138125,feasible_below,"[{""value"": 0.02, ""strategy_id"": ""S8"", ""mean_fill"": 0.9942513619742461, ""p_meet"": 0.95, ""mean_cost"": 23704699.354003232, ""mcse_cost"": 13377.77640150427, ""mean_shortage_days"": 18.092476725082147, ""mean_cost_per_unit"": 18.9674419062166, ""capacity_utilization"": 6248927.35, ""feasible"": true, ""n_runs"": 20, ""eligibility"": ""NO_CONCLUSION""}, {""value"": 0.3, ""strategy_id"": ""S8"", ""mean_fill"": 0.9793024558959436, ""p_meet"": 0.45, ""mean_cost"": 23580886.34937886, ""mcse_cost"": 34785.29363270286, ""mean_shortage_days"": 37.545139649507114, ""mean_cost_per_unit"": 19.161443365674607, ""capacity_utilization"": 6153983.95, ""feasible"": false, ""n_runs"": 20, ""eligibility"": ""NO_CONCLUSION""}, {""value"": 0.16, ""strategy_id"": ""S8"", ""mean_fill"": 0.9887615235796193, ""p_meet"": 0.7, ""mean_cost"": 23647749.07903861, ""mcse_cost"": 12614.765334052223, ""mean_shortage_days"": 26.00355969331873, ""mean_cost_per_unit"": 19.028330425983487, ""capacity_utilization"": 6214344.15, ""feasible"": false, ""n_runs"": 20, ""eligibility"": ""NO_CONCLUSION""}, {""value"": 0.09, ""strategy_id"": ""S8"", ""mean_fill"": 0.9936775901171668, ""p_meet"": 0.9, ""mean_cost"": 23692080.92584075, ""mcse_cost"": 13794.700448078054, ""mean_shortage_days"": 19.83271495071194, ""mean_cost_per_unit"": 18.968414526890445, ""capacity_utilization"": 6245345.7, ""feasible"": true, ""n_runs"": 20, ""eligibility"": ""NO_CONCLUSION""}, {""value"": 0.125, ""strategy_id"": ""S8"", ""mean_fill"": 0.9934243964057631, ""p_meet"": 0.9, ""mean_cost"": 23683687.300799448, ""mcse_cost"": 12206.833685109272, ""mean_shortage_days"": 21.502943592552022, ""mean_cost_per_unit"": 18.96665715280681, ""capacity_utilization"": 6243761.65, ""feasible"": true, ""n_runs"": 20, ""eligibility"": ""NO_CONCLUSION""}, {""value"": 0.14250000000000002, ""strategy_id"": ""S8"", ""mean_fill"": 0.9902370077790094, ""p_meet"": 0.8, ""mean_cost"": 23662282.139137883, ""mcse_cost"": 13814.41217877388, ""mean_shortage_days"": 23.32319277108434, ""mean_cost_per_unit"": 19.01166836236173, ""capacity_utilization"": 6223621.85, ""feasible"": false, ""n_runs"": 20, ""eligibility"": ""NO_CONCLUSION""}, {""value"": 0.13375, ""strategy_id"": ""S8"", ""mean_fill"": 0.9934067435746099, ""p_meet"": 0.9, ""mean_cost"": 23683278.983644266, ""mcse_cost"": 12363.641008419983, ""mean_shortage_days"": 21.482940854326394, ""mean_cost_per_unit"": 18.966678291104508, ""capacity_utilization"": 6243650.95, ""feasible"": true, ""n_runs"": 20, ""eligibility"": ""NO_CONCLUSION""}]",bisection over 5 steps on 20 paired runs,0.13375,0.14250000000000002
S8,sodium_bicarbonate_8_4_50ml,supplier_concentration,global.supplier_disruptions_per_supplier_year,0.05,0.2,0.6,True,False,0.28203125,feasible_below,"[{""value"": 0.05, ""strategy_id"": ""S8"", ""mean_fill"": 0.9940463572963463, ""p_meet"": 0.9, ""mean_cost"": 23690792.68232683, ""mcse_cost"": 13586.303781728357, ""mean_shortage_days"": 19.022604052573932, ""mean_cost_per_unit"": 18.960552388228404, ""capacity_utilization"": 6247720.35, ""feasible"": true, ""n_runs"": 20, ""eligibility"": ""NO_CONCLUSION""}, {""value"": 0.6, ""strategy_id"": ""S8"", ""mean_fill"": 0.9938673355279016, ""p_meet"": 0.85, ""mean_cost"": 23676278.80339963, ""mcse_cost"": 14571.666926809768, ""mean_shortage_days"": 19.622686199342827, ""mean_cost_per_unit"": 18.952386247947896, ""capacity_utilization"": 6246605.85, ""feasible"": false, ""n_runs"": 20, ""eligibility"": ""NO_CONCLUSION""}, {""value"": 0.325, ""strategy_id"": ""S8"", ""mean_fill"": 0.993665187294749, ""p_meet"": 0.85, ""mean_cost"": 23679267.958652936, ""mcse_cost"": 12353.421556213376, ""mean_shortage_days"": 19.732701259583788, ""mean_cost_per_unit"": 18.958507861456567, ""capacity_utilization"": 6245277.15, ""feasible"": false, ""n_runs"": 20, ""eligibility"": ""NO_CONCLUSION""}, {""value"": 0.1875, ""strategy_id"": ""S8"", ""mean_fill"": 0.9938576636133162, ""p_meet"": 0.9, ""mean_cost"": 23696355.936982695, ""mcse_cost"": 12261.630587874282, ""mean_shortage_days"": 19.682694414019714, ""mean_cost_per_unit"": 18.968666356069747, ""capacity_utilization"": 6246536.7, ""feasible"": true, ""n_runs"": 20, ""eligibility"": ""NO_CONCLUSION""}, {""value"": 0.25625, ""strategy_id"": ""S8"", ""mean_fill"": 0.9936467305976635, ""p_meet"": 0.9, ""mean_cost"": 23695555.711597256, ""mcse_cost"": 13997.698877692847, ""mean_shortage_days"": 20.12275465498357, ""mean_cost_per_unit"": 18.971760667843817, ""capacity_utilization"": 6245153.5, ""feasible"": true, ""n_runs"": 20, ""eligibility"": ""NO_CONCLUSION""}, {""value"": 0.290625, ""strategy_id"": ""S8"", ""mean_fill"": 0.9934764936117191, ""p_meet"": 0.85, ""mean_cost"": 23685048.51210798, ""mcse_cost"": 12784.668157613154, ""mean_shortage_days"": 20.432797097480833, ""mean_cost_per_unit"": 18.96671958335918, ""capacity_utilization"": 6244093.5, ""feasible"": false, ""n_runs"": 20, ""eligibility"": ""NO_CONCLUSION""}, {""value"": 0.2734375, ""strategy_id"": ""S8"", ""mean_fill"": 0.9936467305976635, ""p_meet"": 0.9, ""mean_cost"": 23687951.56930857, ""mcse_cost"": 12281.864424121355, ""mean_shortage_days"": 20.12275465498357, ""mean_cost_per_unit"": 18.965768909717795, ""capacity_utilization"": 6245153.5, ""feasible"": true, ""n_runs"": 20, ""eligibility"": ""NO_CONCLUSION""}]",bisection over 5 steps on 20 paired runs,0.2734375,0.290625
S8,sodium_bicarbonate_8_4_50ml,commissioning_days,global.node_commissioning_days,365.0,730.0,1095.0,True,True,,feasible_everywhere,"[{""value"": 365.0, ""strategy_id"": ""S8"", ""mean_fill"": 0.9936467305976635, ""p_meet"": 0.9, ""mean_cost"": 23698090.21972893, ""mcse_cost"": 13703.93670286261, ""mean_shortage_days"": 20.10275191675794, ""mean_cost_per_unit"": 18.973808468546547, ""capacity_utilization"": 6245153.5, ""feasible"": true, ""n_runs"": 20, ""eligibility"": ""NO_CONCLUSION""}, {""value"": 1095.0, ""strategy_id"": ""S8"", ""mean_fill"": 0.9936467305976635, ""p_meet"": 0.9, ""mean_cost"": 23698090.21972893, ""mcse_cost"": 13703.93670286261, ""mean_shortage_days"": 20.10275191675794, ""mean_cost_per_unit"": 18.973808468546547, ""capacity_utilization"": 6245153.5, ""feasible"": true, ""n_runs"": 20, ""eligibility"": ""NO_CONCLUSION""}]",feasibility does not change between 365.0 and 1095.0; no threshold inside the recorded range,,
S8,sodium_bicarbonate_8_4_50ml,activation_latency_days,global.reserved_capacity_activation_days,7.0,21.0,60.0,True,True,,feasible_everywhere,"[{""value"": 7.0, ""strategy_id"": ""S8"", ""mean_fill"": 0.9936467305976635, ""p_meet"": 0.9, ""mean_cost"": 23698090.21972893, ""mcse_cost"": 13703.93670286261, ""mean_shortage_days"": 20.10275191675794, ""mean_cost_per_unit"": 18.973808468546547, ""capacity_utilization"": 6245153.5, ""feasible"": true, ""n_runs"": 20, ""eligibility"": ""NO_CONCLUSION""}, {""value"": 60.0, ""strategy_id"": ""S8"", ""mean_fill"": 0.9936467305976635, ""p_meet"": 0.9, ""mean_cost"": 23698090.21972893, ""mcse_cost"": 13703.93670286261, ""mean_shortage_days"": 20.10275191675794, ""mean_cost_per_unit"": 18.973808468546547, ""capacity_utilization"": 6245153.5, ""feasible"": true, ""n_runs"": 20, ""eligibility"": ""NO_CONCLUSION""}]",feasibility does not change between 7.0 and 60.0; no threshold inside the recorded range,,
S8,sodium_bicarbonate_8_4_50ml,node_capital,product.capital_usd_per_site,15000000.0,40000000.0,100000000.0,True,True,,feasible_everywhere,"[{""value"": 15000000.0, ""strategy_id"": ""S8"", ""mean_fill"": 0.9936467305976635, ""p_meet"": 0.9, ""mean_cost"": 15319088.256091509, ""mcse_cost"": 13703.93670286263, ""mean_shortage_days"": 20.10275191675794, ""mean_cost_per_unit"": 12.264983083607909, ""capacity_utilization"": 6245153.5, ""feasible"": true, ""n_runs"": 20, ""eligibility"": ""NO_CONCLUSION""}, {""value"": 100000000.0, ""strategy_id"": ""S8"", ""mean_fill"": 0.9936467305976635, ""p_meet"": 0.9, ""mean_cost"": 43807694.93245388, ""mcse_cost"": 13703.936702862684, ""mean_shortage_days"": 20.10275191675794, ""mean_cost_per_unit"": 35.0749893923954, ""capacity_utilization"": 6245153.5, ""feasible"": true, ""n_runs"": 20, ""eligibility"": ""NO_CONCLUSION""}]",feasibility does not change between 15000000.0 and 100000000.0; no threshold inside the recorded range,,
S8,sodium_bicarbonate_8_4_50ml,batches_per_site_year,product.batches_per_site_year_nominal,30.0,45.0,70.0,False,True,43.125,feasible_above,"[{""value"": 30.0, ""strategy_id"": ""S8"", ""mean_fill"": 0.8714515562162255, ""p_meet"": 0.0, ""mean_cost"": 22818998.41991902, ""mcse_cost"": 21906.999980221062, ""mean_shortage_days"": 211.93901286966042, ""mean_cost_per_unit"": 20.88292230028306, ""capacity_utilization"": 5470917.15, ""feasible"": false, ""n_runs"": 20, ""eligibility"": ""NO_CONCLUSION""}, {""value"": 70.0, ""strategy_id"": ""S8"", ""mean_fill"": 0.9964227099116902, ""p_meet"": 0.95, ""mean_cost"": 23788470.8446769, ""mcse_cost"": 18048.68338518771, ""mean_shortage_days"": 7.270995345016429, ""mean_cost_per_unit"": 18.993226589242557, ""capacity_utilization"": 6262451.4, ""feasible"": true, ""n_runs"": 20, ""eligibility"": ""NO_CONCLUSION""}, {""value"": 50.0, ""strategy_id"": ""S8"", ""mean_fill"": 0.9955160424384838, ""p_meet"": 0.95, ""mean_cost"": 23729238.389997758, ""mcse_cost"": 13265.20259406005, ""mean_shortage_days"": 11.231537513691126, ""mean_cost_per_unit"": 18.963384300001277, ""capacity_utilization"": 6256721.9, ""feasible"": true, ""n_runs"": 20, ""eligibility"": ""NO_CONCLUSION""}, {""value"": 40.0, ""strategy_id"": ""S8"", ""mean_fill"": 0.9837551561515847, ""p_meet"": 0.25, ""mean_cost"": 23596469.845539972, ""mcse_cost"": 17824.80930549538, ""mean_shortage_days"": 42.145769441401974, ""mean_cost_per_unit"": 19.08350474391607, ""capacity_utilization"": 6182736.6, ""feasible"": false, ""n_runs"": 20, ""eligibility"": ""NO_CONCLUSION""}, {""value"": 45.0, ""strategy_id"": ""S8"", ""mean_fill"": 0.9936467305976635, ""p_meet"": 0.9, ""mean_cost"": 23698090.21972893, ""mcse_cost"": 13703.93670286261, ""mean_shortage_days"": 20.10275191675794, ""mean_cost_per_unit"": 18.973808468546547, ""capacity_utilization"": 6245153.5, ""feasible"": true, ""n_runs"": 20, ""eligibility"": ""NO_CONCLUSION""}, {""value"": 42.5, ""strategy_id"": ""S8"", ""mean_fill"": 0.9845263220846588, ""p_meet"": 0.25, ""mean_cost"": 23600186.946450293, ""mcse_cost"": 16594.842536511584, ""mean_shortage_days"": 42.38580230010953, ""mean_cost_per_unit"": 19.07170814929055, ""capacity_utilization"": 6187566.25, ""feasible"": false, ""n_runs"": 20, ""eligibility"": ""NO_CONCLUSION""}, {""value"": 43.75, ""strategy_id"": ""S8"", ""mean_fill"": 0.9934938562570188, ""p_meet"": 0.9, ""mean_cost"": 23683674.149914004, ""mcse_cost"": 14056.711645482888, ""mean_shortage_days"": 20.26277382256298, ""mean_cost_per_unit"": 18.96528847021127, ""capacity_utilization"": 6244200.6, ""feasible"": true, ""n_runs"": 20, ""eligibility"": ""NO_CONCLUSION""}]",bisection over 5 steps on 20 paired runs,42.5,43.75
S8,sodium_bicarbonate_8_4_50ml,changeover_burden,product.changeover_days,1.0,3.0,10.0,True,False,6.484375,feasible_below,"[{""value"": 1.0, ""strategy_id"": ""S8"", ""mean_fill"": 0.9944052630715708, ""p_meet"": 0.9, ""mean_cost"": 23676154.34933938, ""mcse_cost"": 12544.121083760447, ""mean_shortage_days"": 18.832578039430445, ""mean_cost_per_unit"": 18.942296209044628, ""capacity_utilization"": 6249817.95, ""feasible"": true, ""n_runs"": 20, ""eligibility"": ""NO_CONCLUSION""}, {""value"": 10.0, ""strategy_id"": ""S8"", ""mean_fill"": 0.9313899585500887, ""p_meet"": 0.0, ""mean_cost"": 23017121.85236334, ""mcse_cost"": 18118.146419144923, ""mean_shortage_days"": 120.45648959474258, ""mean_cost_per_unit"": 19.671476259154986, ""capacity_utilization"": 5852436.6, ""feasible"": false, ""n_runs"": 20, ""eligibility"": ""NO_CONCLUSION""}, {""value"": 5.5, ""strategy_id"": ""S8"", ""mean_fill"": 0.9928782244361101, ""p_meet"": 0.9, ""mean_cost"": 23677205.84457055, ""mcse_cost"": 13594.86849782625, ""mean_shortage_days"": 21.77298055859803, ""mean_cost_per_unit"": 18.972074817525748, ""capacity_utilization"": 6240264.25, ""feasible"": true, ""n_runs"": 20, ""eligibility"": ""NO_CONCLUSION""}, {""value"": 7.75, ""strategy_id"": ""S8"", ""mean_fill"": 0.9690356694322665, ""p_meet"": 0.0, ""mean_cost"": 23451387.066611856, ""mcse_cost"": 24970.848266529363, ""mean_shortage_days"": 59.51814759036144, ""mean_cost_per_unit"": 19.254207805051685, ""capacity_utilization"": 6090095.5, ""feasible"": false, ""n_runs"": 20, ""eligibility"": ""NO_CONCLUSION""}, {""value"": 6.625, ""strategy_id"": ""S8"", ""mean_fill"": 0.9831774198574467, ""p_meet"": 0.2, ""mean_cost"": 23600891.30377571, ""mcse_cost"": 15018.699865774031, ""mean_shortage_days"": 43.235918674698794, ""mean_cost_per_unit"": 19.09800885230242, ""capacity_utilization"": 6179164.45, ""feasible"": false, ""n_runs"": 20, ""eligibility"": ""NO_CONCLUSION""}, {""value"": 6.0625, ""strategy_id"": ""S8"", ""mean_fill"": 0.9925209501336572, ""p_meet"": 0.9, ""mean_cost"": 23671035.977179177, ""mcse_cost"": 12282.09609560112, ""mean_shortage_days"": 21.852991511500544, ""mean_cost_per_unit"": 18.97427925961742, ""capacity_utilization"": 6237996.6, ""feasible"": true, ""n_runs"": 20, ""eligibility"": ""NO_CONCLUSION""}, {""value"": 6.34375, ""strategy_id"": ""S8"", ""mean_fill"": 0.9925209501336572, ""p_meet"": 0.9, ""mean_cost"": 23671035.977179177, ""mcse_cost"": 12282.09609560112, ""mean_shortage_days"": 21.852991511500544, ""mean_cost_per_unit"": 18.97427925961742, ""capacity_utilization"": 6237996.6, ""feasible"": true, ""n_runs"": 20, ""eligibility"": ""NO_CONCLUSION""}]",bisection over 5 steps on 20 paired runs,6.34375,6.625
S9,sodium_bicarbonate_8_4_50ml,capacity_utilization,product.annual_demand_units,600000.0,1200000.0,2400000.0,True,False,1303125.0,feasible_below,"[{""value"": 600000.0, ""strategy_id"": ""S9"", ""mean_fill"": 1.0, ""p_meet"": 1.0, ""mean_cost"": 22778293.22060636, ""mcse_cost"": 5647.260243752087, ""mean_shortage_days"": 0.0, ""mean_cost_per_unit"": 36.24407160866595, ""capacity_utilization"": 3142458.6, ""feasible"": true, ""n_runs"": 20, ""eligibility"": ""NO_CONCLUSION""}, {""value"": 2400000.0, ""strategy_id"": ""S9"", ""mean_fill"": 0.6427351128919769, ""p_meet"": 0.0, ""mean_cost"": 25250948.599180527, ""mcse_cost"": 35769.23530125342, ""mean_shortage_days"": 267.98668537787506, ""mean_cost_per_unit"": 15.724828803520978, ""capacity_utilization"": 8040584.5, ""feasible"": false, ""n_runs"": 20, ""eligibility"": ""NO_CONCLUSION""}, {""value"": 1500000.0, ""strategy_id"": ""S9"", ""mean_fill"": 0.97204311902906, ""p_meet"": 0.3, ""mean_cost"": 24776548.63096556, ""mcse_cost"": 32201.156910391805, ""mean_shortage_days"": 38.59528340635268, ""mean_cost_per_unit"": 16.23821073813226, ""capacity_utilization"": 7634657.4, ""feasible"": false, ""n_runs"": 20, ""eligibility"": ""NO_CONCLUSION""}, {""value"": 1050000.0, ""strategy_id"": ""S9"", ""mean_fill"": 0.9999371194733688, ""p_meet"": 1.0, ""mean_cost"": 24235218.79363238, ""mcse_cost"": 10616.792916180979, ""mean_shortage_days"": 0.29003970427163195, ""mean_cost_per_unit"": 22.03676331437294, ""capacity_utilization"": 5498961.8, ""feasible"": true, ""n_runs"": 20, ""eligibility"": ""NO_CONCLUSION""}, {""value"": 1275000.0, ""strategy_id"": ""S9"", ""mean_fill"": 0.9966199649483356, ""p_meet"": 0.9, ""mean_cost"": 24722013.231986556, ""mcse_cost"": 35543.14865242786, ""mean_shortage_days"": 3.680503833515882, ""mean_cost_per_unit"": 18.574827966800154, ""capacity_utilization"": 6655313.6, ""feasible"": true, ""n_runs"": 20, ""eligibility"": ""NO_CONCLUSION""}, {""value"": 1387500.0, ""strategy_id"": ""S9"", ""mean_fill"": 0.9894908793864194, ""p_meet"": 0.65, ""mean_cost"": 24726314.19195917, ""mcse_cost"": 36024.43693153218, ""mean_shortage_days"": 11.241538882803942, ""mean_cost_per_unit"": 17.197568051741502, ""capacity_utilization"": 7190651.8, ""feasible"": false, ""n_runs"": 20, ""eligibility"": ""NO_CONCLUSION""}, {""value"": 1331250.0, ""strategy_id"": ""S9"", ""mean_fill"": 0.9942965716033282, ""p_meet"": 0.75, ""mean_cost"": 24726240.14635602, ""mcse_cost"": 36107.73973342919, ""mean_shortage_days"": 5.920810514786419, ""mean_cost_per_unit"": 17.83567786831199, ""capacity_utilization"": 6932772.7, ""feasible"": false, ""n_runs"": 20, ""eligibility"": ""NO_CONCLUSION""}]",bisection over 5 steps on 20 paired runs,1275000.0,1331250.0
S9,sodium_bicarbonate_8_4_50ml,fixed_qa_labor_per_node,product.fixed_qa_labor_usd_per_site_year,1500000.0,3000000.0,6000000.0,True,True,,feasible_everywhere,"[{""value"": 1500000.0, ""strategy_id"": ""S9"", ""mean_fill"": 0.9988521088120483, ""p_meet"": 0.95, ""mean_cost"": 21767082.316833872, ""mcse_cost"": 23600.955181119873, ""mean_shortage_days"": 1.4501985213581599, ""mean_cost_per_unit"": 17.33754015191504, ""capacity_utilization"": 6277782.1, ""feasible"": true, ""n_runs"": 20, ""eligibility"": ""NO_CONCLUSION""}, {""value"": 6000000.0, ""strategy_id"": ""S9"", ""mean_fill"": 0.9988521088120483, ""p_meet"": 0.95, ""mean_cost"": 30392869.628563713, ""mcse_cost"": 23600.955181119924, ""mean_shortage_days"": 1.4501985213581599, ""mean_cost_per_unit"": 24.208293713329546, ""capacity_utilization"": 6277782.1, ""feasible"": true, ""n_runs"": 20, ""eligibility"": ""NO_CONCLUSION""}]",feasibility does not change between 1500000.0 and 6000000.0; no threshold inside the recorded range,,
S9,sodium_bicarbonate_8_4_50ml,release_time,global.sterility_incubation_days,14.0,14.0,18.0,True,True,,feasible_everywhere,"[{""value"": 14.0, ""strategy_id"": ""S9"", ""mean_fill"": 0.9988521088120483, ""p_meet"": 0.95, ""mean_cost"": 24642344.75407715, ""mcse_cost"": 23600.955181119967, ""mean_shortage_days"": 1.4501985213581599, ""mean_cost_per_unit"": 19.62779133905321, ""capacity_utilization"": 6277782.1, ""feasible"": true, ""n_runs"": 20, ""eligibility"": ""NO_CONCLUSION""}, {""value"": 18.0, ""strategy_id"": ""S9"", ""mean_fill"": 0.9985971664240472, ""p_meet"": 0.95, ""mean_cost"": 24637969.123600204, ""mcse_cost"": 24031.912745137754, ""mean_shortage_days"": 1.740238225629792, ""mean_cost_per_unit"": 19.629366646171068, ""capacity_utilization"": 6276188.9, ""feasible"": true, ""n_runs"": 20, ""eligibility"": ""NO_CONCLUSION""}]",feasibility does not change between 14.0 and 18.0; no threshold inside the recorded range,,
S9,sodium_bicarbonate_8_4_50ml,shelf_life,product.shelf_life_months,12.0,24.0,36.0,False,True,12.375,feasible_above,"[{""value"": 12.0, ""strategy_id"": ""S9"", ""mean_fill"": 0.9960633169174526, ""p_meet"": 0.8, ""mean_cost"": 24672648.245042007, ""mcse_cost"": 26902.071384083007, ""mean_shortage_days"": 4.110562705366922, ""mean_cost_per_unit"": 19.707932640823948, ""capacity_utilization"": 6260328.6, ""feasible"": false, ""n_runs"": 20, ""eligibility"": ""NO_CONCLUSION""}, {""value"": 36.0, ""strategy_id"": ""S9"", ""mean_fill"": 0.9988521088120483, ""p_meet"": 0.95, ""mean_cost"": 24642344.75407715, ""mcse_cost"": 23600.955181119967, ""mean_shortage_days"": 1.4501985213581599, ""mean_cost_per_unit"": 19.62779133905321, ""capacity_utilization"": 6277782.1, ""feasible"": true, ""n_runs"": 20, ""eligibility"": ""NO_CONCLUSION""}, {""value"": 24.0, ""strategy_id"": ""S9"", ""mean_fill"": 0.9988521088120483, ""p_meet"": 0.95, ""mean_cost"": 24642344.75407715, ""mcse_cost"": 23600.955181119967, ""mean_shortage_days"": 1.4501985213581599, ""mean_cost_per_unit"": 19.62779133905321, ""capacity_utilization"": 6277782.1, ""feasible"": true, ""n_runs"": 20, ""eligibility"": ""NO_CONCLUSION""}, {""value"": 18.0, ""strategy_id"": ""S9"", ""mean_fill"": 0.9988521088120483, ""p_meet"": 0.95, ""mean_cost"": 24642344.75407715, ""mcse_cost"": 23600.955181119967, ""mean_shortage_days"": 1.4501985213581599, ""mean_cost_per_unit"": 19.62779133905321, ""capacity_utilization"": 6277782.1, ""feasible"": true, ""n_runs"": 20, ""eligibility"": ""NO_CONCLUSION""}, {""value"": 15.0, ""strategy_id"": ""S9"", ""mean_fill"": 0.9988521088120483, ""p_meet"": 0.95, ""mean_cost"": 24642344.75407715, ""mcse_cost"": 23600.955181119967, ""mean_shortage_days"": 1.4501985213581599, ""mean_cost_per_unit"": 19.62779133905321, ""capacity_utilization"": 6277782.1, ""feasible"": true, ""n_runs"": 20, ""eligibility"": ""NO_CONCLUSION""}, {""value"": 13.5, ""strategy_id"": ""S9"", ""mean_fill"": 0.9988521088120483, ""p_meet"": 0.95, ""mean_cost"": 24642344.75407715, ""mcse_cost"": 23600.955181119967, ""mean_shortage_days"": 1.4501985213581599, ""mean_cost_per_unit"": 19.62779133905321, ""capacity_utilization"": 6277782.1, ""feasible"": true, ""n_runs"": 20, ""eligibility"": ""NO_CONCLUSION""}, {""value"": 12.75, ""strategy_id"": ""S9"", ""mean_fill"": 0.9985801560280736, ""p_meet"": 0.95, ""mean_cost"": 24648218.923423804, ""mcse_cost"": 24166.09986603935, ""mean_shortage_days"": 1.8002464403066814, ""mean_cost_per_unit"": 19.63793157852574, ""capacity_utilization"": 6276083.15, ""feasible"": true, ""n_runs"": 20, ""eligibility"": ""NO_CONCLUSION""}]",bisection over 5 steps on 20 paired runs,12.0,12.75
S9,sodium_bicarbonate_8_4_50ml,raw_material_lead_time,product.material_lead_time_days,30.0,90.0,240.0,True,False,125.15625,feasible_below,"[{""value"": 30.0, ""strategy_id"": ""S9"", ""mean_fill"": 0.9994617540613501, ""p_meet"": 1.0, ""mean_cost"": 24640117.705282543, ""mcse_cost"": 25620.762307713554, ""mean_shortage_days"": 0.860117743702081, ""mean_cost_per_unit"": 19.613668148048045, ""capacity_utilization"": 6281566.8, ""feasible"": true, ""n_runs"": 20, ""eligibility"": ""NO_CONCLUSION""}, {""value"": 240.0, ""strategy_id"": ""S9"", ""mean_fill"": 0.9704422793781745, ""p_meet"": 0.3, ""mean_cost"": 24416701.40039345, ""mcse_cost"": 34431.31518536437, ""mean_shortage_days"": 27.983830777656085, ""mean_cost_per_unit"": 20.028516228378137, ""capacity_utilization"": 6098525.45, ""feasible"": false, ""n_runs"": 20, ""eligibility"": ""NO_CONCLUSION""}, {""value"": 135.0, ""strategy_id"": ""S9"", ""mean_fill"": 0.9959880744812664, ""p_meet"": 0.8, ""mean_cost"": 24588476.865396418, ""mcse_cost"": 31377.80700280385, ""mean_shortage_days"": 5.23071604600219, ""mean_cost_per_unit"": 19.642080234695207, ""capacity_utilization"": 6259846.9, ""feasible"": false, ""n_runs"": 20, ""eligibility"": ""NO_CONCLUSION""}, {""value"": 82.5, ""strategy_id"": ""S9"", ""mean_fill"": 0.9990742215578431, ""p_meet"": 0.95, ""mean_cost"": 24651715.210508917, ""mcse_cost"": 24551.14703261611, ""mean_shortage_days"": 1.4501985213581599, ""mean_cost_per_unit"": 19.6307241523586, ""capacity_utilization"": 6279154.7, ""feasible"": true, ""n_runs"": 20, ""eligibility"": ""NO_CONCLUSION""}, {""value"": 108.75, ""strategy_id"": ""S9"", ""mean_fill"": 0.9976112753376558, ""p_meet"": 0.9, ""mean_cost"": 24613083.924015768, ""mcse_cost"": 29816.187532166026, ""mean_shortage_days"": 3.6705024644030666, ""mean_cost_per_unit"": 19.629185972856188, ""capacity_utilization"": 6270027.1, ""feasible"": true, ""n_runs"": 20, ""eligibility"": ""NO_CONCLUSION""}, {""value"": 121.875, ""strategy_id"": ""S9"", ""mean_fill"": 0.9966813902073154, ""p_meet"": 0.9, ""mean_cost"": 24607314.79030331, ""mcse_cost"": 29332.325544899784, ""mean_shortage_days"": 4.410603778751369, ""mean_cost_per_unit"": 19.643211762713484, ""capacity_utilization"": 6264199.75, ""feasible"": true, ""n_runs"": 20, ""eligibility"": ""NO_CONCLUSION""}, {""value"": 128.4375, ""strategy_id"": ""S9"", ""mean_fill"": 0.9961912099744543, ""p_meet"": 0.85, ""mean_cost"": 24598785.43834187, ""mcse_cost"": 29214.633080932294, ""mean_shortage_days"": 4.900670865279299, ""mean_cost_per_unit"": 19.646222568462186, ""capacity_utilization"": 6261122.4, ""feasible"": false, ""n_runs"": 20, ""eligibility"": ""NO_CONCLUSION""}]",bisection over 5 steps on 20 paired runs,121.875,128.4375
S9,sodium_bicarbonate_8_4_50ml,common_cause_dependence,global.common_cause_events_per_year,0.02,0.1,0.3,True,False,0.181875,feasible_below,"[{""value"": 0.02, ""strategy_id"": ""S9"", ""mean_fill"": 0.9995443117688065, ""p_meet"": 1.0, ""mean_cost"": 24708567.71973553, ""mcse_cost"": 10835.472559619962, ""mean_shortage_days"": 0.39005339539978096, ""mean_cost_per_unit"": 19.666669472017464, ""capacity_utilization"": 6282083.3, ""feasible"": true, ""n_runs"": 20, ""eligibility"": ""NO_CONCLUSION""}, {""value"": 0.3, ""strategy_id"": ""S9"", ""mean_fill"": 0.9910883300326414, ""p_meet"": 0.7, ""mean_cost"": 24382544.28295324, ""mcse_cost"": 45623.06499111032, ""mean_shortage_days"": 9.511302026286966, ""mean_cost_per_unit"": 19.57758228434258, ""capacity_utilization"": 6228470.5, ""feasible"": false, ""n_runs"": 20, ""eligibility"": ""NO_CONCLUSION""}, {""value"": 0.16, ""strategy_id"": ""S9"", ""mean_fill"": 0.9964125088616937, ""p_meet"": 0.9, ""mean_cost"": 24557796.085746937, ""mcse_cost"": 29802.576987724548, ""mean_shortage_days"": 3.9805449069003283, ""mean_cost_per_unit"": 19.610628451407543, ""capacity_utilization"": 6262569.55, ""feasible"": true, ""n_runs"": 20, ""eligibility"": ""NO_CONCLUSION""}, {""value"": 0.22999999999999998, ""strategy_id"": ""S9"", ""mean_fill"": 0.9920718189985909, ""p_meet"": 0.8, ""mean_cost"": 24465977.772687607, ""mcse_cost"": 45007.305220847185, ""mean_shortage_days"": 7.771063800657174, ""mean_cost_per_unit"": 19.625262672599767, ""capacity_utilization"": 6234811.7, ""feasible"": false, ""n_runs"": 20, ""eligibility"": ""NO_CONCLUSION""}, {""value"": 0.195, ""strategy_id"": ""S9"", ""mean_fill"": 0.9936161320551833, ""p_meet"": 0.85, ""mean_cost"": 24510304.8492442, ""mcse_cost"": 42074.513355080664, ""mean_shortage_days"": 5.880805038335159, ""mean_cost_per_unit"": 19.629469218751034, ""capacity_utilization"": 6245214.85, ""feasible"": false, ""n_runs"": 20, ""eligibility"": ""NO_CONCLUSION""}, {""value"": 0.1775, ""strategy_id"": ""S9"", ""mean_fill"": 0.996112356210595, ""p_meet"": 0.9, ""mean_cost"": 24540139.42797012, ""mcse_cost"": 31865.615317583804, ""mean_shortage_days"": 3.9405394304490686, ""mean_cost_per_unit"": 19.60247705608844, ""capacity_utilization"": 6260701.2, ""feasible"": true, ""n_runs"": 20, ""eligibility"": ""NO_CONCLUSION""}, {""value"": 0.18625, ""strategy_id"": ""S9"", ""mean_fill"": 0.9936161320551833, ""p_meet"": 0.85, ""mean_cost"": 24511449.319450956, ""mcse_cost"": 42581.51585138252, ""mean_shortage_days"": 5.810795454545454, ""mean_cost_per_unit"": 19.63027389631056, ""capacity_utilization"": 6245214.85, ""feasible"": false, ""n_runs"": 20, ""eligibility"": ""NO_CONCLUSION""}]",bisection over 5 steps on 20 paired runs,0.1775,0.18625
S9,sodium_bicarbonate_8_4_50ml,supplier_concentration,global.supplier_disruptions_per_supplier_year,0.05,0.2,0.6,True,False,0.38515625000000003,feasible_below,"[{""value"": 0.05, ""strategy_id"": ""S9"", ""mean_fill"": 0.9988521088120483, ""p_meet"": 0.95, ""mean_cost"": 24653830.85847857, ""mcse_cost"": 23600.0681845122, ""mean_shortage_days"": 1.3101793537787514, ""mean_cost_per_unit"": 19.636928919076308, ""capacity_utilization"": 6277782.1, ""feasible"": true, ""n_runs"": 20, ""eligibility"": ""NO_CONCLUSION""}, {""value"": 0.6, ""strategy_id"": ""S9"", ""mean_fill"": 0.9969047065284766, ""p_meet"": 0.85, ""mean_cost"": 24584036.97956551, ""mcse_cost"": 37463.4805209818, ""mean_shortage_days"": 3.0104121029572837, ""mean_cost_per_unit"": 19.619954117973545, ""capacity_utilization"": 6265611.55, ""feasible"": false, ""n_runs"": 20, ""eligibility"": ""NO_CONCLUSION""}, {""value"": 0.325, ""strategy_id"": ""S9"", ""mean_fill"": 0.9977928906649897, ""p_meet"": 0.9, ""mean_cost"": 24595863.820887513, ""mcse_cost"": 30952.27371620961, ""mean_shortage_days"": 2.470338170865279, ""mean_cost_per_unit"": 19.612257004386166, ""capacity_utilization"": 6271195.95, ""feasible"": true, ""n_runs"": 20, ""eligibility"": ""NO_CONCLUSION""}, {""value"": 0.4625, ""strategy_id"": ""S9"", ""mean_fill"": 0.9969047065284766, ""p_meet"": 0.85, ""mean_cost"": 24584799.039874732, ""mcse_cost"": 35289.99243280255, ""mean_shortage_days"": 2.7603778751369115, ""mean_cost_per_unit"": 19.620667776428334, ""capacity_utilization"": 6265611.55, ""feasible"": false, ""n_runs"": 20, ""eligibility"": ""NO_CONCLUSION""}, {""value"": 0.39375000000000004, ""strategy_id"": ""S9"", ""mean_fill"": 0.996463520910815, ""p_meet"": 0.85, ""mean_cost"": 24595655.855510287, ""mcse_cost"": 31778.52557024191, ""mean_shortage_days"": 2.9904093647316534, ""mean_cost_per_unit"": 19.638526758113372, ""capacity_utilization"": 6262873.65, ""feasible"": false, ""n_runs"": 20, ""eligibility"": ""NO_CONCLUSION""}, {""value"": 0.359375, ""strategy_id"": ""S9"", ""mean_fill"": 0.9977928906649897, ""p_meet"": 0.9, ""mean_cost"": 24591264.771806728, ""mcse_cost"": 30871.090301407217, ""mean_shortage_days"": 2.470338170865279, ""mean_cost_per_unit"": 19.60860118889257, ""capacity_utilization"": 6271195.95, ""feasible"": true, ""n_runs"": 20, ""eligibility"": ""NO_CONCLUSION""}, {""value"": 0.3765625, ""strategy_id"": ""S9"", ""mean_fill"": 0.9977928906649897, ""p_meet"": 0.9, ""mean_cost"": 24598382.23952443, ""mcse_cost"": 30381.10240230757, ""mean_shortage_days"": 2.470338170865279, ""mean_cost_per_unit"": 19.614162755581837, ""capacity_utilization"": 6271195.95, ""feasible"": true, ""n_runs"": 20, ""eligibility"": ""NO_CONCLUSION""}]",bisection over 5 steps on 20 paired runs,0.3765625,0.39375000000000004
S9,sodium_bicarbonate_8_4_50ml,commissioning_days,global.node_commissioning_days,365.0,730.0,1095.0,True,True,,feasible_everywhere,"[{""value"": 365.0, ""strategy_id"": ""S9"", ""mean_fill"": 0.9988521088120483, ""p_meet"": 0.95, ""mean_cost"": 24642344.75407715, ""mcse_cost"": 23600.955181119967, ""mean_shortage_days"": 1.4501985213581599, ""mean_cost_per_unit"": 19.62779133905321, ""capacity_utilization"": 6277782.1, ""feasible"": true, ""n_runs"": 20, ""eligibility"": ""NO_CONCLUSION""}, {""value"": 1095.0, ""strategy_id"": ""S9"", ""mean_fill"": 0.9988521088120483, ""p_meet"": 0.95, ""mean_cost"": 24642344.75407715, ""mcse_cost"": 23600.955181119967, ""mean_shortage_days"": 1.4501985213581599, ""mean_cost_per_unit"": 19.62779133905321, ""capacity_utilization"": 6277782.1, ""feasible"": true, ""n_runs"": 20, ""eligibility"": ""NO_CONCLUSION""}]",feasibility does not change between 365.0 and 1095.0; no threshold inside the recorded range,,
S9,sodium_bicarbonate_8_4_50ml,activation_latency_days,global.reserved_capacity_activation_days,7.0,21.0,60.0,True,True,,feasible_everywhere,"[{""value"": 7.0, ""strategy_id"": ""S9"", ""mean_fill"": 0.9988521088120483, ""p_meet"": 0.95, ""mean_cost"": 24642344.75407715, ""mcse_cost"": 23600.955181119967, ""mean_shortage_days"": 1.4501985213581599, ""mean_cost_per_unit"": 19.62779133905321, ""capacity_utilization"": 6277782.1, ""feasible"": true, ""n_runs"": 20, ""eligibility"": ""NO_CONCLUSION""}, {""value"": 60.0, ""strategy_id"": ""S9"", ""mean_fill"": 0.9988521088120483, ""p_meet"": 0.95, ""mean_cost"": 24642344.75407715, ""mcse_cost"": 23600.955181119967, ""mean_shortage_days"": 1.4501985213581599, ""mean_cost_per_unit"": 19.62779133905321, ""capacity_utilization"": 6277782.1, ""feasible"": true, ""n_runs"": 20, ""eligibility"": ""NO_CONCLUSION""}]",feasibility does not change between 7.0 and 60.0; no threshold inside the recorded range,,
S9,sodium_bicarbonate_8_4_50ml,node_capital,product.capital_usd_per_site,15000000.0,40000000.0,100000000.0,True,True,,feasible_everywhere,"[{""value"": 15000000.0, ""strategy_id"": ""S9"", ""mean_fill"": 0.9988521088120483, ""p_meet"": 0.95, ""mean_cost"": 16505075.00995123, ""mcse_cost"": 23600.955181119924, ""mean_shortage_days"": 1.4501985213581599, ""mean_cost_per_unit"": 13.146159801649642, ""capacity_utilization"": 6277782.1, ""feasible"": true, ""n_runs"": 20, ""eligibility"": ""NO_CONCLUSION""}, {""value"": 100000000.0, ""strategy_id"": ""S9"", ""mean_fill"": 0.9988521088120483, ""p_meet"": 0.95, ""mean_cost"": 44171792.13997638, ""mcse_cost"": 23600.95518111995, ""mean_shortage_days"": 1.4501985213581599, ""mean_cost_per_unit"": 35.18370702881938, ""capacity_utilization"": 6277782.1, ""feasible"": true, ""n_runs"": 20, ""eligibility"": ""NO_CONCLUSION""}]",feasibility does not change between 15000000.0 and 100000000.0; no threshold inside the recorded range,,
S9,sodium_bicarbonate_8_4_50ml,batches_per_site_year,product.batches_per_site_year_nominal,30.0,45.0,70.0,False,True,40.625,feasible_above,"[{""value"": 30.0, ""strategy_id"": ""S9"", ""mean_fill"": 0.8970355598017978, ""p_meet"": 0.0, ""mean_cost"": 23721838.60839961, ""mcse_cost"": 25408.216072987976, ""mean_shortage_days"": 158.1116443044907, ""mean_cost_per_unit"": 21.103548436769376, ""capacity_utilization"": 5629830.45, ""feasible"": false, ""n_runs"": 20, ""eligibility"": ""NO_CONCLUSION""}, {""value"": 70.0, ""strategy_id"": ""S9"", ""mean_fill"": 1.0, ""p_meet"": 1.0, ""mean_cost"": 24807158.538086735, ""mcse_cost"": 11021.042048540074, ""mean_shortage_days"": 0.0, ""mean_cost_per_unit"": 19.735972542248643, ""capacity_utilization"": 6284911.2, ""feasible"": true, ""n_runs"": 20, ""eligibility"": ""NO_CONCLUSION""}, {""value"": 50.0, ""strategy_id"": ""S9"", ""mean_fill"": 1.0, ""p_meet"": 1.0, ""mean_cost"": 24725180.336720694, ""mcse_cost"": 11350.296743189107, ""mean_shortage_days"": 0.17002327491785324, ""mean_cost_per_unit"": 19.670755356053228, ""capacity_utilization"": 6284911.2, ""feasible"": true, ""n_runs"": 20, ""eligibility"": ""NO_CONCLUSION""}, {""value"": 40.0, ""strategy_id"": ""S9"", ""mean_fill"": 0.9950046203281808, ""p_meet"": 0.8, ""mean_cost"": 24368079.34253105, ""mcse_cost"": 33800.18832424042, ""mean_shortage_days"": 5.140703723986856, ""mean_cost_per_unit"": 19.48571529537322, ""capacity_utilization"": 6253679.7, ""feasible"": false, ""n_runs"": 20, ""eligibility"": ""NO_CONCLUSION""}, {""value"": 45.0, ""strategy_id"": ""S9"", ""mean_fill"": 0.9988521088120483, ""p_meet"": 0.95, ""mean_cost"": 24642344.75407715, ""mcse_cost"": 23600.955181119967, ""mean_shortage_days"": 1.4501985213581599, ""mean_cost_per_unit"": 19.62779133905321, ""capacity_utilization"": 6277782.1, ""feasible"": true, ""n_runs"": 20, ""eligibility"": ""NO_CONCLUSION""}, {""value"": 42.5, ""strategy_id"": ""S9"", ""mean_fill"": 0.998631935930903, ""p_meet"": 0.9, ""mean_cost"": 24630891.976355337, ""mcse_cost"": 27402.425162013555, ""mean_shortage_days"": 2.4603368017524643, ""mean_cost_per_unit"": 19.622681000389637, ""capacity_utilization"": 6276391.7, ""feasible"": true, ""n_runs"": 20, ""eligibility"": ""NO_CONCLUSION""}, {""value"": 41.25, ""strategy_id"": ""S9"", ""mean_fill"": 0.9979860956160256, ""p_meet"": 0.9, ""mean_cost"": 24628100.532692853, ""mcse_cost"": 27111.47753922817, ""mean_shortage_days"": 2.700369660460022, ""mean_cost_per_unit"": 19.633407538827427, ""capacity_utilization"": 6272354.3, ""feasible"": true, ""n_runs"": 20, ""eligibility"": ""NO_CONCLUSION""}]",bisection over 5 steps on 20 paired runs,40.0,41.25
S9,sodium_bicarbonate_8_4_50ml,changeover_burden,product.changeover_days,1.0,3.0,10.0,True,False,7.609375,feasible_below,"[{""value"": 1.0, ""strategy_id"": ""S9"", ""mean_fill"": 0.998951682783526, ""p_meet"": 0.95, ""mean_cost"": 24644526.49098678, ""mcse_cost"": 23550.623787055145, ""mean_shortage_days"": 1.2801752464403067, ""mean_cost_per_unit"": 19.627499752131705, ""capacity_utilization"": 6278402.0, ""feasible"": true, ""n_runs"": 20, ""eligibility"": ""NO_CONCLUSION""}, {""value"": 10.0, ""strategy_id"": ""S9"", ""mean_fill"": 0.96827051530047, ""p_meet"": 0.2, ""mean_cost"": 23922206.497112293, ""mcse_cost"": 20639.644768146878, ""mean_shortage_days"": 47.32647864184008, ""mean_cost_per_unit"": 19.674275692194836, ""capacity_utilization"": 6082847.15, ""feasible"": false, ""n_runs"": 20, ""eligibility"": ""NO_CONCLUSION""}, {""value"": 5.5, ""strategy_id"": ""S9"", ""mean_fill"": 0.9987468209584043, ""p_meet"": 0.95, ""mean_cost"": 24641104.4831196, ""mcse_cost"": 24155.538348049, ""mean_shortage_days"": 1.6602272727272727, ""mean_cost_per_unit"": 19.62889141194859, ""capacity_utilization"": 6277125.3, ""feasible"": true, ""n_runs"": 20, ""eligibility"": ""NO_CONCLUSION""}, {""value"": 7.75, ""strategy_id"": ""S9"", ""mean_fill"": 0.9958656202268046, ""p_meet"": 0.8, ""mean_cost"": 24397511.376159765, ""mcse_cost"": 32405.583857491358, ""mean_shortage_days"": 4.740648959474261, ""mean_cost_per_unit"": 19.491967004173482, ""capacity_utilization"": 6259083.9, ""feasible"": false, ""n_runs"": 20, ""eligibility"": ""NO_CONCLUSION""}, {""value"": 6.625, ""strategy_id"": ""S9"", ""mean_fill"": 0.9986465293735453, ""p_meet"": 0.95, ""mean_cost"": 24638405.109487012, ""mcse_cost"": 24005.32563502939, ""mean_shortage_days"": 1.780243702081051, ""mean_cost_per_unit"": 19.628746719942917, ""capacity_utilization"": 6276498.3, ""feasible"": true, ""n_runs"": 20, ""eligibility"": ""NO_CONCLUSION""}, {""value"": 7.1875, ""strategy_id"": ""S9"", ""mean_fill"": 0.9986465293735453, ""p_meet"": 0.95, ""mean_cost"": 24638405.109487012, ""mcse_cost"": 24005.32563502939, ""mean_shortage_days"": 1.780243702081051, ""mean_cost_per_unit"": 19.628746719942917, ""capacity_utilization"": 6276498.3, ""feasible"": true, ""n_runs"": 20, ""eligibility"": ""NO_CONCLUSION""}, {""value"": 7.46875, ""strategy_id"": ""S9"", ""mean_fill"": 0.9986465293735453, ""p_meet"": 0.95, ""mean_cost"": 24638405.109487012, ""mcse_cost"": 24005.32563502939, ""mean_shortage_days"": 1.780243702081051, ""mean_cost_per_unit"": 19.628746719942917, ""capacity_utilization"": 6276498.3, ""feasible"": true, ""n_runs"": 20, ""eligibility"": ""NO_CONCLUSION""}]",bisection over 5 steps on 20 paired runs,7.46875,7.75
S10,sodium_bicarbonate_8_4_50ml,capacity_utilization,product.annual_demand_units,600000.0,1200000.0,2400000.0,True,False,1190625.0,feasible_below,"[{""value"": 600000.0, ""strategy_id"": ""S10"", ""mean_fill"": 1.0, ""p_meet"": 1.0, ""mean_cost"": 17382608.536984093, ""mcse_cost"": 6742.831049089952, ""mean_shortage_days"": 0.0, ""mean_cost_per_unit"": 27.65860367001026, ""capacity_utilization"": 3142458.6, ""feasible"": true, ""n_runs"": 20, ""eligibility"": ""NO_CONCLUSION""}, {""value"": 2400000.0, ""strategy_id"": ""S10"", ""mean_fill"": 0.5441444601392108, ""p_meet"": 0.0, ""mean_cost"": 19197619.74422919, ""mcse_cost"": 32217.489553422984, ""mean_shortage_days"": 271.6371851040525, ""mean_cost_per_unit"": 14.162764320487748, ""capacity_utilization"": 6788725.8, ""feasible"": false, ""n_runs"": 20, ""eligibility"": ""NO_CONCLUSION""}, {""value"": 1500000.0, ""strategy_id"": ""S10"", ""mean_fill"": 0.8556006760838313, ""p_meet"": 0.0, ""mean_cost"": 18843001.431768894, ""mcse_cost"": 31813.85181632605, ""mean_shortage_days"": 145.72994934282585, ""mean_cost_per_unit"": 14.085264323732583, ""capacity_utilization"": 6700701.25, ""feasible"": false, ""n_runs"": 20, ""eligibility"": ""NO_CONCLUSION""}, {""value"": 1050000.0, ""strategy_id"": ""S10"", ""mean_fill"": 1.0, ""p_meet"": 1.0, ""mean_cost"": 18715380.391003266, ""mcse_cost"": 33230.184454625014, ""mean_shortage_days"": 0.0, ""mean_cost_per_unit"": 17.016579084114618, ""capacity_utilization"": 5499303.25, ""feasible"": true, ""n_runs"": 20, ""eligibility"": ""NO_CONCLUSION""}, {""value"": 1275000.0, ""strategy_id"": ""S10"", ""mean_fill"": 0.9821440102685361, ""p_meet"": 0.65, ""mean_cost"": 18755466.117448725, ""mcse_cost"": 35172.52154204938, ""mean_shortage_days"": 31.264279846659367, ""mean_cost_per_unit"": 14.323378437435291, ""capacity_utilization"": 6553712.0, ""feasible"": false, ""n_runs"": 20, ""eligibility"": ""NO_CONCLUSION""}, {""value"": 1162500.0, ""strategy_id"": ""S10"", ""mean_fill"": 0.9979449939897469, ""p_meet"": 0.9, ""mean_cost"": 18742282.0276071, ""mcse_cost"": 36672.449007466814, ""mean_shortage_days"": 2.8203860898138005, ""mean_cost_per_unit"": 15.423823558157475, ""capacity_utilization"": 6075945.45, ""feasible"": true, ""n_runs"": 20, ""eligibility"": ""NO_CONCLUSION""}, {""value"": 1218750.0, ""strategy_id"": ""S10"", ""mean_fill"": 0.9918917412832059, ""p_meet"": 0.85, ""mean_cost"": 18736259.831223715, ""mcse_cost"": 36164.62776335896, ""mean_shortage_days"": 10.471433461117195, ""mean_cost_per_unit"": 14.802062227079697, ""capacity_utilization"": 6330947.05, ""feasible"": false, ""n_runs"": 20, ""eligibility"": ""NO_CONCLUSION""}]",bisection over 5 steps on 20 paired runs,1162500.0,1218750.0
S10,sodium_bicarbonate_8_4_50ml,fixed_qa_labor_per_node,product.fixed_qa_labor_usd_per_site_year,1500000.0,3000000.0,6000000.0,True,True,,feasible_everywhere,"[{""value"": 1500000.0, ""strategy_id"": ""S10"", ""mean_fill"": 0.9938657405159365, ""p_meet"": 0.9, ""mean_cost"": 16774458.2796994, ""mcse_cost"": 37503.40125684169, ""mean_shortage_days"": 8.48116100766703, ""mean_cost_per_unit"": 13.43055811808089, ""capacity_utilization"": 6246094.65, ""feasible"": true, ""n_runs"": 20, ""eligibility"": ""NO_CONCLUSION""}, {""value"": 6000000.0, ""strategy_id"": ""S10"", ""mean_fill"": 0.9938657405159365, ""p_meet"": 0.9, ""mean_cost"": 22653849.647563286, ""mcse_cost"": 37503.40125684157, ""mean_shortage_days"": 8.48116100766703, ""mean_cost_per_unit"": 18.138578680527388, ""capacity_utilization"": 6246094.65, ""feasible"": true, ""n_runs"": 20, ""eligibility"": ""NO_CONCLUSION""}]",feasibility does not change between 1500000.0 and 6000000.0; no threshold inside the recorded range,,
S10,sodium_bicarbonate_8_4_50ml,release_time,global.sterility_incubation_days,14.0,14.0,18.0,True,True,,feasible_everywhere,"[{""value"": 14.0, ""strategy_id"": ""S10"", ""mean_fill"": 0.9938657405159365, ""p_meet"": 0.9, ""mean_cost"": 18734255.402320698, ""mcse_cost"": 37503.40125684172, ""mean_shortage_days"": 8.48116100766703, ""mean_cost_per_unit"": 14.99989830556306, ""capacity_utilization"": 6246094.65, ""feasible"": true, ""n_runs"": 20, ""eligibility"": ""NO_CONCLUSION""}, {""value"": 18.0, ""strategy_id"": ""S10"", ""mean_fill"": 0.9934250138298163, ""p_meet"": 0.9, ""mean_cost"": 18729053.048021063, ""mcse_cost"": 37162.80921178742, ""mean_shortage_days"": 9.051239047097479, ""mean_cost_per_unit"": 15.002966359331186, ""capacity_utilization"": 6243234.8, ""feasible"": true, ""n_runs"": 20, ""eligibility"": ""NO_CONCLUSION""}]",feasibility does not change between 14.0 and 18.0; no threshold inside the recorded range,,
S10,sodium_bicarbonate_8_4_50ml,shelf_life,product.shelf_life_months,12.0,24.0,36.0,False,True,12.375,feasible_above,"[{""value"": 12.0, ""strategy_id"": ""S10"", ""mean_fill"": 0.9915147646539536, ""p_meet"": 0.85, ""mean_cost"": 18736234.66404959, ""mcse_cost"": 36657.91482920925, ""mean_shortage_days"": 12.321686746987952, ""mean_cost_per_unit"": 15.039403515974957, ""capacity_utilization"": 6231259.35, ""feasible"": false, ""n_runs"": 20, ""eligibility"": ""NO_CONCLUSION""}, {""value"": 36.0, ""strategy_id"": ""S10"", ""mean_fill"": 0.9938657405159365, ""p_meet"": 0.9, ""mean_cost"": 18734255.402320698, ""mcse_cost"": 37503.40125684172, ""mean_shortage_days"": 8.48116100766703, ""mean_cost_per_unit"": 14.99989830556306, ""capacity_utilization"": 6246094.65, ""feasible"": true, ""n_runs"": 20, ""eligibility"": ""NO_CONCLUSION""}, {""value"": 24.0, ""strategy_id"": ""S10"", ""mean_fill"": 0.9938657405159365, ""p_meet"": 0.9, ""mean_cost"": 18734255.402320698, ""mcse_cost"": 37503.40125684172, ""mean_shortage_days"": 8.48116100766703, ""mean_cost_per_unit"": 14.99989830556306, ""capacity_utilization"": 6246094.65, ""feasible"": true, ""n_runs"": 20, ""eligibility"": ""NO_CONCLUSION""}, {""value"": 18.0, ""strategy_id"": ""S10"", ""mean_fill"": 0.9938657405159365, ""p_meet"": 0.9, ""mean_cost"": 18734255.402320698, ""mcse_cost"": 37503.40125684172, ""mean_shortage_days"": 8.48116100766703, ""mean_cost_per_unit"": 14.99989830556306, ""capacity_utilization"": 6246094.65, ""feasible"": true, ""n_runs"": 20, ""eligibility"": ""NO_CONCLUSION""}, {""value"": 15.0, ""strategy_id"": ""S10"", ""mean_fill"": 0.9938657405159365, ""p_meet"": 0.9, ""mean_cost"": 18734255.402320698, ""mcse_cost"": 37503.40125684172, ""mean_shortage_days"": 8.48116100766703, ""mean_cost_per_unit"": 14.99989830556306, ""capacity_utilization"": 6246094.65, ""feasible"": true, ""n_runs"": 20, ""eligibility"": ""NO_CONCLUSION""}, {""value"": 13.5, ""strategy_id"": ""S10"", ""mean_fill"": 0.9938657405159365, ""p_meet"": 0.9, ""mean_cost"": 18734255.402320698, ""mcse_cost"": 37503.40125684172, ""mean_shortage_days"": 8.48116100766703, ""mean_cost_per_unit"": 14.99989830556306, ""capacity_utilization"": 6246094.65, ""feasible"": true, ""n_runs"": 20, ""eligibility"": ""NO_CONCLUSION""}, {""value"": 12.75, ""strategy_id"": ""S10"", ""mean_fill"": 0.9933474707410831, ""p_meet"": 0.9, ""mean_cost"": 18734792.77966483, ""mcse_cost"": 37315.42833619803, ""mean_shortage_days"": 9.551307502738224, ""mean_cost_per_unit"": 15.00857601643753, ""capacity_utilization"": 6242833.35, ""feasible"": true, ""n_runs"": 20, ""eligibility"": ""NO_CONCLUSION""}]",bisection over 5 steps on 20 paired runs,12.0,12.75
S10,sodium_bicarbonate_8_4_50ml,raw_material_lead_time,product.material_lead_time_days,30.0,90.0,240.0,True,False,131.71875,feasible_below,"[{""value"": 30.0, ""strategy_id"": ""S10"", ""mean_fill"": 0.993591018795773, ""p_meet"": 0.9, ""mean_cost"": 18703861.420398287, ""mcse_cost"": 37420.87477061613, ""mean_shortage_days"": 9.161254107338443, ""mean_cost_per_unit"": 14.980944802665084, ""capacity_utilization"": 6244026.0, ""feasible"": true, ""n_runs"": 20, ""eligibility"": ""NO_CONCLUSION""}, {""value"": 240.0, ""strategy_id"": ""S10"", ""mean_fill"": 0.992126991135752, ""p_meet"": 0.85, ""mean_cost"": 18697848.684240602, ""mcse_cost"": 31020.3437832698, ""mean_shortage_days"": 10.581448521358158, ""mean_cost_per_unit"": 15.001841410965486, ""capacity_utilization"": 6234031.4, ""feasible"": false, ""n_runs"": 20, ""eligibility"": ""NO_CONCLUSION""}, {""value"": 135.0, ""strategy_id"": ""S10"", ""mean_fill"": 0.9941498981383857, ""p_meet"": 0.85, ""mean_cost"": 18756115.600328915, ""mcse_cost"": 37459.06149686349, ""mean_shortage_days"": 9.351280120481928, ""mean_cost_per_unit"": 15.01180687495832, ""capacity_utilization"": 6247716.35, ""feasible"": false, ""n_runs"": 20, ""eligibility"": ""NO_CONCLUSION""}, {""value"": 82.5, ""strategy_id"": ""S10"", ""mean_fill"": 0.9950183442951163, ""p_meet"": 0.9, ""mean_cost"": 18733315.015025854, ""mcse_cost"": 35916.5526240329, ""mean_shortage_days"": 8.021098028477546, ""mean_cost_per_unit"": 14.980456010005122, ""capacity_utilization"": 6253433.45, ""feasible"": true, ""n_runs"": 20, ""eligibility"": ""NO_CONCLUSION""}, {""value"": 108.75, ""strategy_id"": ""S10"", ""mean_fill"": 0.9952046442295448, ""p_meet"": 0.9, ""mean_cost"": 18748194.30312284, ""mcse_cost"": 35862.85938636501, ""mean_shortage_days"": 7.66104874041621, ""mean_cost_per_unit"": 14.989388264022717, ""capacity_utilization"": 6254586.3, ""feasible"": true, ""n_runs"": 20, ""eligibility"": ""NO_CONCLUSION""}, {""value"": 121.875, ""strategy_id"": ""S10"", ""mean_fill"": 0.9952046442295448, ""p_meet"": 0.9, ""mean_cost"": 18756206.348610297, ""mcse_cost"": 36151.52784574927, ""mean_shortage_days"": 7.66104874041621, ""mean_cost_per_unit"": 14.995769944894258, ""capacity_utilization"": 6254586.3, ""feasible"": true, ""n_runs"": 20, ""eligibility"": ""NO_CONCLUSION""}, {""value"": 128.4375, ""strategy_id"": ""S10"", ""mean_fill"": 0.9952046442295448, ""p_meet"": 0.9, ""mean_cost"": 18759440.196577888, ""mcse_cost"": 36281.095935873316, ""mean_shortage_days"": 7.66104874041621, ""mean_cost_per_unit"": 14.998362402922101, ""capacity_utilization"": 6254586.3, ""feasible"": true, ""n_runs"": 20, ""eligibility"": ""NO_CONCLUSION""}]",bisection over 5 steps on 20 paired runs,128.4375,135.0
S10,sodium_bicarbonate_8_4_50ml,common_cause_dependence,global.common_cause_events_per_year,0.02,0.1,0.3,True,False,0.103125,feasible_below,"[{""value"": 0.02, ""strategy_id"": ""S10"", ""mean_fill"": 1.0, ""p_meet"": 1.0, ""mean_cost"": 18936274.237391897, ""mcse_cost"": 25245.651429318186, ""mean_shortage_days"": 0.0, ""mean_cost_per_unit"": 15.065791024011855, ""capacity_utilization"": 6284911.2, ""feasible"": true, ""n_runs"": 20, ""eligibility"": ""NO_CONCLUSION""}, {""value"": 0.3, ""strategy_id"": ""S10"", ""mean_fill"": 0.9561326876115709, ""p_meet"": 0.45, ""mean_cost"": 18446862.84778624, ""mcse_cost"": 46925.93637656591, ""mean_shortage_days"": 44.116039156626506, ""mean_cost_per_unit"": 15.421949057208113, ""capacity_utilization"": 6001012.75, ""feasible"": false, ""n_runs"": 20, ""eligibility"": ""NO_CONCLUSION""}, {""value"": 0.16, ""strategy_id"": ""S10"", ""mean_fill"": 0.9858407131063579, ""p_meet"": 0.75, ""mean_cost"": 18617377.015276656, ""mcse_cost"": 38773.18071715594, ""mean_shortage_days"": 16.02219331872946, ""mean_cost_per_unit"": 15.033915877321064, ""capacity_utilization"": 6195266.55, ""feasible"": false, ""n_runs"": 20, ""eligibility"": ""NO_CONCLUSION""}, {""value"": 0.09, ""strategy_id"": ""S10"", ""mean_fill"": 0.9950839812245486, ""p_meet"": 0.9, ""mean_cost"": 18766512.618144065, ""mcse_cost"": 34429.6485009343, ""mean_shortage_days"": 6.590902245345016, ""mean_cost_per_unit"": 15.006069950044838, ""capacity_utilization"": 6253866.6, ""feasible"": true, ""n_runs"": 20, ""eligibility"": ""NO_CONCLUSION""}, {""value"": 0.125, ""strategy_id"": ""S10"", ""mean_fill"": 0.9902418999577748, ""p_meet"": 0.75, ""mean_cost"": 18692253.331764556, ""mcse_cost"": 39445.48557688501, ""mean_shortage_days"": 14.181941401971523, ""mean_cost_per_unit"": 15.020679287678814, ""capacity_utilization"": 6223419.6, ""feasible"": false, ""n_runs"": 20, ""eligibility"": ""NO_CONCLUSION""}, {""value"": 0.1075, ""strategy_id"": ""S10"", ""mean_fill"": 0.9914327471634898, ""p_meet"": 0.85, ""mean_cost"": 18719763.7834971, ""mcse_cost"": 40806.36567413723, ""mean_shortage_days"": 10.821481380065716, ""mean_cost_per_unit"": 15.026639545054909, ""capacity_utilization"": 6230798.45, ""feasible"": false, ""n_runs"": 20, ""eligibility"": ""NO_CONCLUSION""}, {""value"": 0.09875, ""strategy_id"": ""S10"", ""mean_fill"": 0.9938657405159365, ""p_meet"": 0.9, ""mean_cost"": 18747712.843392357, ""mcse_cost"": 38075.089454452645, ""mean_shortage_days"": 8.48116100766703, ""mean_cost_per_unit"": 15.010700420940072, ""capacity_utilization"": 6246094.65, ""feasible"": true, ""n_runs"": 20, ""eligibility"": ""NO_CONCLUSION""}]",bisection over 5 steps on 20 paired runs,0.09875,0.1075
S10,sodium_bicarbonate_8_4_50ml,supplier_concentration,global.supplier_disruptions_per_supplier_year,0.05,0.2,0.6,True,False,0.21328124999999998,feasible_below,"[{""value"": 0.05, ""strategy_id"": ""S10"", ""mean_fill"": 0.994052040450365, ""p_meet"": 0.9, ""mean_cost"": 18749239.135445986, ""mcse_cost"": 39788.80181634942, ""mean_shortage_days"": 8.121111719605695, ""mean_cost_per_unit"": 15.008694214961363, ""capacity_utilization"": 6247247.5, ""feasible"": true, ""n_runs"": 20, ""eligibility"": ""NO_CONCLUSION""}, {""value"": 0.6, ""strategy_id"": ""S10"", ""mean_fill"": 0.9936904995265969, ""p_meet"": 0.85, ""mean_cost"": 18696914.55800395, ""mcse_cost"": 38814.108522068505, ""mean_shortage_days"": 10.761473165388827, ""mean_cost_per_unit"": 14.972318885855714, ""capacity_utilization"": 6244720.4, ""feasible"": false, ""n_runs"": 20, ""eligibility"": ""NO_CONCLUSION""}, {""value"": 0.325, ""strategy_id"": ""S10"", ""mean_fill"": 0.994190112316527, ""p_meet"": 0.85, ""mean_cost"": 18716191.005574692, ""mcse_cost"": 35642.686381656844, ""mean_shortage_days"": 8.881215772179626, ""mean_cost_per_unit"": 14.979309290137417, ""capacity_utilization"": 6248306.05, ""feasible"": false, ""n_runs"": 20, ""eligibility"": ""NO_CONCLUSION""}, {""value"": 0.1875, ""strategy_id"": ""S10"", ""mean_fill"": 0.9938657405159365, ""p_meet"": 0.9, ""mean_cost"": 18736277.116448037, ""mcse_cost"": 37657.31206350666, ""mean_shortage_days"": 8.48116100766703, ""mean_cost_per_unit"": 15.001484068974795, ""capacity_utilization"": 6246094.65, ""feasible"": true, ""n_runs"": 20, ""eligibility"": ""NO_CONCLUSION""}, {""value"": 0.25625, ""strategy_id"": ""S10"", ""mean_fill"": 0.9930482443051473, ""p_meet"": 0.85, ""mean_cost"": 18720374.290265244, ""mcse_cost"": 36282.31915496406, ""mean_shortage_days"": 9.301273274917852, ""mean_cost_per_unit"": 15.001209454370718, ""capacity_utilization"": 6241045.3, ""feasible"": false, ""n_runs"": 20, ""eligibility"": ""NO_CONCLUSION""}, {""value"": 0.221875, ""strategy_id"": ""S10"", ""mean_fill"": 0.9930482443051473, ""p_meet"": 0.85, ""mean_cost"": 18724271.234206136, ""mcse_cost"": 37769.39556230498, ""mean_shortage_days"": 9.301273274917852, ""mean_cost_per_unit"": 15.004235333166127, ""capacity_utilization"": 6241045.3, ""feasible"": false, ""n_runs"": 20, ""eligibility"": ""NO_CONCLUSION""}, {""value"": 0.2046875, ""strategy_id"": ""S10"", ""mean_fill"": 0.9938657405159365, ""p_meet"": 0.9, ""mean_cost"": 18727008.39716529, ""mcse_cost"": 36829.0725477972, ""mean_shortage_days"": 8.48116100766703, ""mean_cost_per_unit"": 14.994121243935032, ""capacity_utilization"": 6246094.65, ""feasible"": true, ""n_runs"": 20, ""eligibility"": ""NO_CONCLUSION""}]",bisection over 5 steps on 20 paired runs,0.2046875,0.221875
S10,sodium_bicarbonate_8_4_50ml,commissioning_days,global.node_commissioning_days,365.0,730.0,1095.0,True,True,,feasible_everywhere,"[{""value"": 365.0, ""strategy_id"": ""S10"", ""mean_fill"": 0.9938657405159365, ""p_meet"": 0.9, ""mean_cost"": 18734255.402320698, ""mcse_cost"": 37503.40125684172, ""mean_shortage_days"": 8.48116100766703, ""mean_cost_per_unit"": 14.99989830556306, ""capacity_utilization"": 6246094.65, ""feasible"": true, ""n_runs"": 20, ""eligibility"": ""NO_CONCLUSION""}, {""value"": 1095.0, ""strategy_id"": ""S10"", ""mean_fill"": 0.9938657405159365, ""p_meet"": 0.9, ""mean_cost"": 18734255.402320698, ""mcse_cost"": 37503.40125684172, ""mean_shortage_days"": 8.48116100766703, ""mean_cost_per_unit"": 14.99989830556306, ""capacity_utilization"": 6246094.65, ""feasible"": true, ""n_runs"": 20, ""eligibility"": ""NO_CONCLUSION""}]",feasibility does not change between 365.0 and 1095.0; no threshold inside the recorded range,,
S10,sodium_bicarbonate_8_4_50ml,activation_latency_days,global.reserved_capacity_activation_days,7.0,21.0,60.0,True,True,,feasible_everywhere,"[{""value"": 7.0, ""strategy_id"": ""S10"", ""mean_fill"": 0.9938657405159365, ""p_meet"": 0.9, ""mean_cost"": 18734255.402320698, ""mcse_cost"": 37503.40125684172, ""mean_shortage_days"": 8.48116100766703, ""mean_cost_per_unit"": 14.99989830556306, ""capacity_utilization"": 6246094.65, ""feasible"": true, ""n_runs"": 20, ""eligibility"": ""NO_CONCLUSION""}, {""value"": 60.0, ""strategy_id"": ""S10"", ""mean_fill"": 0.9938657405159365, ""p_meet"": 0.9, ""mean_cost"": 18734255.402320698, ""mcse_cost"": 37503.40125684172, ""mean_shortage_days"": 8.48116100766703, ""mean_cost_per_unit"": 14.99989830556306, ""capacity_utilization"": 6246094.65, ""feasible"": true, ""n_runs"": 20, ""eligibility"": ""NO_CONCLUSION""}]",feasibility does not change between 7.0 and 60.0; no threshold inside the recorded range,,
S10,sodium_bicarbonate_8_4_50ml,node_capital,product.capital_usd_per_site,15000000.0,40000000.0,100000000.0,True,True,,feasible_everywhere,"[{""value"": 15000000.0, ""strategy_id"": ""S10"", ""mean_fill"": 0.9938657405159365, ""p_meet"": 0.9, ""mean_cost"": 12917300.47167756, ""mcse_cost"": 37503.401256841615, ""mean_shortage_days"": 8.48116100766703, ""mean_cost_per_unit"": 10.341874760135681, ""capacity_utilization"": 6246094.65, ""feasible"": true, ""n_runs"": 20, ""eligibility"": ""NO_CONCLUSION""}, {""value"": 100000000.0, ""strategy_id"": ""S10"", ""mean_fill"": 0.9938657405159365, ""p_meet"": 0.9, ""mean_cost"": 32694947.235866077, ""mcse_cost"": 37503.40125684172, ""mean_shortage_days"": 8.48116100766703, ""mean_cost_per_unit"": 26.179154814590238, ""capacity_utilization"": 6246094.65, ""feasible"": true, ""n_runs"": 20, ""eligibility"": ""NO_CONCLUSION""}]",feasibility does not change between 15000000.0 and 100000000.0; no threshold inside the recorded range,,
S10,sodium_bicarbonate_8_4_50ml,batches_per_site_year,product.batches_per_site_year_nominal,30.0,45.0,70.0,False,True,43.125,feasible_above,"[{""value"": 30.0, ""strategy_id"": ""S10"", ""mean_fill"": 0.6997837475270896, ""p_meet"": 0.0, ""mean_cost"": 17655300.24305073, ""mcse_cost"": 20475.54364511597, ""mean_shortage_days"": 215.36948247535597, ""mean_cost_per_unit"": 20.18970603610153, ""capacity_utilization"": 4379549.95, ""feasible"": false, ""n_runs"": 20, ""eligibility"": ""NO_CONCLUSION""}, {""value"": 70.0, ""strategy_id"": ""S10"", ""mean_fill"": 1.0, ""p_meet"": 1.0, ""mean_cost"": 19511440.804300155, ""mcse_cost"": 13603.485924315255, ""mean_shortage_days"": 0.0, ""mean_cost_per_unit"": 15.522777048661203, ""capacity_utilization"": 6284911.2, ""feasible"": true, ""n_runs"": 20, ""eligibility"": ""NO_CONCLUSION""}, {""value"": 50.0, ""strategy_id"": ""S10"", ""mean_fill"": 1.0, ""p_meet"": 1.0, ""mean_cost"": 19162843.334796965, ""mcse_cost"": 41054.266632242776, ""mean_shortage_days"": 0.0, ""mean_cost_per_unit"": 15.24553412333842, ""capacity_utilization"": 6284911.2, ""feasible"": true, ""n_runs"": 20, ""eligibility"": ""NO_CONCLUSION""}, {""value"": 40.0, ""strategy_id"": ""S10"", ""mean_fill"": 0.9538174840702542, ""p_meet"": 0.15, ""mean_cost"": 18404983.611553695, ""mcse_cost"": 29674.988568035253, ""mean_shortage_days"": 72.28989594742606, ""mean_cost_per_unit"": 15.40646837777831, ""capacity_utilization"": 5984140.45, ""feasible"": false, ""n_runs"": 20, ""eligibility"": ""NO_CONCLUSION""}, {""value"": 45.0, ""strategy_id"": ""S10"", ""mean_fill"": 0.9938657405159365, ""p_meet"": 0.9, ""mean_cost"": 18734255.402320698, ""mcse_cost"": 37503.40125684172, ""mean_shortage_days"": 8.48116100766703, ""mean_cost_per_unit"": 14.99989830556306, ""capacity_utilization"": 6246094.65, ""feasible"": true, ""n_runs"": 20, ""eligibility"": ""NO_CONCLUSION""}, {""value"": 42.5, ""strategy_id"": ""S10"", ""mean_fill"": 0.9661539025003275, ""p_meet"": 0.45, ""mean_cost"": 18442447.94932184, ""mcse_cost"": 27590.27783814932, ""mean_shortage_days"": 58.077950438116105, ""mean_cost_per_unit"": 15.228748526548594, ""capacity_utilization"": 6064030.6, ""feasible"": false, ""n_runs"": 20, ""eligibility"": ""NO_CONCLUSION""}, {""value"": 43.75, ""strategy_id"": ""S10"", ""mean_fill"": 0.9918716564710243, ""p_meet"": 0.9, ""mean_cost"": 18718449.198236722, ""mcse_cost"": 39772.009509011186, ""mean_shortage_days"": 10.311411555312157, ""mean_cost_per_unit"": 15.021218088418731, ""capacity_utilization"": 6233086.95, ""feasible"": true, ""n_runs"": 20, ""eligibility"": ""NO_CONCLUSION""}]",bisection over 5 steps on 20 paired runs,42.5,43.75
S10,sodium_bicarbonate_8_4_50ml,changeover_burden,product.changeover_days,1.0,3.0,10.0,True,False,6.484375,feasible_below,"[{""value"": 1.0, ""strategy_id"": ""S10"", ""mean_fill"": 0.9939868794838101, ""p_meet"": 0.9, ""mean_cost"": 18737472.726477932, ""mcse_cost"": 37817.18650597525, ""mean_shortage_days"": 7.821070646221249, ""mean_cost_per_unit"": 15.000638366789705, ""capacity_utilization"": 6246790.25, ""feasible"": true, ""n_runs"": 20, ""eligibility"": ""NO_CONCLUSION""}, {""value"": 10.0, ""strategy_id"": ""S10"", ""mean_fill"": 0.8186681390560624, ""p_meet"": 0.0, ""mean_cost"": 18023680.79679788, ""mcse_cost"": 18701.41314760886, ""mean_shortage_days"": 181.88489868565173, ""mean_cost_per_unit"": 17.5802278145086, ""capacity_utilization"": 5131381.55, ""feasible"": false, ""n_runs"": 20, ""eligibility"": ""NO_CONCLUSION""}, {""value"": 5.5, ""strategy_id"": ""S10"", ""mean_fill"": 0.9936590474159057, ""p_meet"": 0.9, ""mean_cost"": 18732397.00236383, ""mcse_cost"": 37504.09335745324, ""mean_shortage_days"": 8.501163745892661, ""mean_cost_per_unit"": 15.00159253489682, ""capacity_utilization"": 6244832.8, ""feasible"": true, ""n_runs"": 20, ""eligibility"": ""NO_CONCLUSION""}, {""value"": 7.75, ""strategy_id"": ""S10"", ""mean_fill"": 0.9185637473893626, ""p_meet"": 0.0, ""mean_cost"": 18303049.33443229, ""mcse_cost"": 21783.539056616493, ""mean_shortage_days"": 110.73515881708651, ""mean_cost_per_unit"": 15.904895604018098, ""capacity_utilization"": 5760760.95, ""feasible"": false, ""n_runs"": 20, ""eligibility"": ""NO_CONCLUSION""}, {""value"": 6.625, ""strategy_id"": ""S10"", ""mean_fill"": 0.9757906347367937, ""p_meet"": 0.55, ""mean_cost"": 18486990.980146803, ""mcse_cost"": 26554.492814425506, ""mean_shortage_days"": 44.52609529025192, ""mean_cost_per_unit"": 15.098343467544828, ""capacity_utilization"": 6128430.15, ""feasible"": false, ""n_runs"": 20, ""eligibility"": ""NO_CONCLUSION""}, {""value"": 6.0625, ""strategy_id"": ""S10"", ""mean_fill"": 0.993621457606034, ""p_meet"": 0.9, ""mean_cost"": 18730611.75129012, ""mcse_cost"": 37378.22984737198, ""mean_shortage_days"": 8.861213033953998, ""mean_cost_per_unit"": 15.000784202046043, ""capacity_utilization"": 6244596.6, ""feasible"": true, ""n_runs"": 20, ""eligibility"": ""NO_CONCLUSION""}, {""value"": 6.34375, ""strategy_id"": ""S10"", ""mean_fill"": 0.993621457606034, ""p_meet"": 0.9, ""mean_cost"": 18730611.75129012, ""mcse_cost"": 37378.22984737198, ""mean_shortage_days"": 8.861213033953998, ""mean_cost_per_unit"": 15.000784202046043, ""capacity_utilization"": 6244596.6, ""feasible"": true, ""n_runs"": 20, ""eligibility"": ""NO_CONCLUSION""}]",bisection over 5 steps on 20 paired runs,6.34375,6.625
S11,sodium_bicarbonate_8_4_50ml,capacity_utilization,product.annual_demand_units,600000.0,1200000.0,2400000.0,True,False,1246875.0,feasible_below,"[{""value"": 600000.0, ""strategy_id"": ""S11"", ""mean_fill"": 1.0, ""p_meet"": 1.0, ""mean_cost"": 15272763.155461613, ""mcse_cost"": 13958.961395612254, ""mean_shortage_days"": 0.0, ""mean_cost_per_unit"": 24.30148476000796, ""capacity_utilization"": 3142458.6, ""feasible"": true, ""n_runs"": 20, ""eligibility"": ""NO_CONCLUSION""}, {""value"": 2400000.0, ""strategy_id"": ""S11"", ""mean_fill"": 0.6858459064077872, ""p_meet"": 0.0, ""mean_cost"": 17092446.750429206, ""mcse_cost"": 33598.84319123297, ""mean_shortage_days"": 200.73747946330775, ""mean_cost_per_unit"": 9.978803457351002, ""capacity_utilization"": 8571794.45, ""feasible"": false, ""n_runs"": 20, ""eligibility"": ""NO_CONCLUSION""}, {""value"": 1500000.0, ""strategy_id"": ""S11"", ""mean_fill"": 0.9461441010537452, ""p_meet"": 0.0, ""mean_cost"": 16416033.798436278, ""mcse_cost"": 25959.092796334255, ""mean_shortage_days"": 75.43032584884995, ""mean_cost_per_unit"": 11.074504099482374, ""capacity_utilization"": 7416312.35, ""feasible"": false, ""n_runs"": 20, ""eligibility"": ""NO_CONCLUSION""}, {""value"": 1050000.0, ""strategy_id"": ""S11"", ""mean_fill"": 1.0, ""p_meet"": 1.0, ""mean_cost"": 16055897.137543539, ""mcse_cost"": 38221.42432886006, ""mean_shortage_days"": 0.0, ""mean_cost_per_unit"": 14.598855454707998, ""capacity_utilization"": 5499303.25, ""feasible"": true, ""n_runs"": 20, ""eligibility"": ""NO_CONCLUSION""}, {""value"": 1275000.0, ""strategy_id"": ""S11"", ""mean_fill"": 0.9960080860256578, ""p_meet"": 0.85, ""mean_cost"": 16144147.234352758, ""mcse_cost"": 28157.334324736723, ""mean_shortage_days"": 6.140840635268345, ""mean_cost_per_unit"": 12.140000819536976, ""capacity_utilization"": 6649405.05, ""feasible"": false, ""n_runs"": 20, ""eligibility"": ""NO_CONCLUSION""}, {""value"": 1162500.0, ""strategy_id"": ""S11"", ""mean_fill"": 0.9997057032371547, ""p_meet"": 1.0, ""mean_cost"": 16082167.262071606, ""mcse_cost"": 35584.16917263764, ""mean_shortage_days"": 0.870119112814896, ""mean_cost_per_unit"": 13.211454053571572, ""capacity_utilization"": 6086719.8, ""feasible"": true, ""n_runs"": 20, ""eligibility"": ""NO_CONCLUSION""}, {""value"": 1218750.0, ""strategy_id"": ""S11"", ""mean_fill"": 0.9981976188144539, ""p_meet"": 0.95, ""mean_cost"": 16114305.765836328, ""mcse_cost"": 32587.88795953238, ""mean_shortage_days"": 3.140429901423877, ""mean_cost_per_unit"": 12.645786379829772, ""capacity_utilization"": 6371561.3, ""feasible"": true, ""n_runs"": 20, ""eligibility"": ""NO_CONCLUSION""}]",bisection over 5 steps on 20 paired runs,1218750.0,1275000.0
S11,sodium_bicarbonate_8_4_50ml,fixed_qa_labor_per_node,product.fixed_qa_labor_usd_per_site_year,1500000.0,3000000.0,6000000.0,True,True,,feasible_everywhere,"[{""value"": 1500000.0, ""strategy_id"": ""S11"", ""mean_fill"": 0.9990193135083245, ""p_meet"": 0.95, ""mean_cost"": 14288539.21882984, ""mcse_cost"": 33849.794577422246, ""mean_shortage_days"": 2.210302573932092, ""mean_cost_per_unit"": 11.37879282664625, ""capacity_utilization"": 6278726.85, ""feasible"": true, ""n_runs"": 20, ""eligibility"": ""NO_CONCLUSION""}, {""value"": 6000000.0, ""strategy_id"": ""S11"", ""mean_fill"": 0.9990193135083245, ""p_meet"": 0.95, ""mean_cost"": 19743028.128758494, ""mcse_cost"": 33849.794577422304, ""mean_shortage_days"": 2.210302573932092, ""mean_cost_per_unit"": 15.722633158279246, ""capacity_utilization"": 6278726.85, ""feasible"": true, ""n_runs"": 20, ""eligibility"": ""NO_CONCLUSION""}]",feasibility does not change between 1500000.0 and 6000000.0; no threshold inside the recorded range,,
S11,sodium_bicarbonate_8_4_50ml,release_time,global.sterility_incubation_days,14.0,14.0,18.0,True,True,,feasible_everywhere,"[{""value"": 14.0, ""strategy_id"": ""S11"", ""mean_fill"": 0.9990193135083245, ""p_meet"": 0.95, ""mean_cost"": 16106702.188805973, ""mcse_cost"": 33849.79457742224, ""mean_shortage_days"": 2.210302573932092, ""mean_cost_per_unit"": 12.826739603857186, ""capacity_utilization"": 6278726.85, ""feasible"": true, ""n_runs"": 20, ""eligibility"": ""NO_CONCLUSION""}, {""value"": 18.0, ""strategy_id"": ""S11"", ""mean_fill"": 0.9987624699796646, ""p_meet"": 0.95, ""mean_cost"": 16101402.545035321, ""mcse_cost"": 33652.37928756311, ""mean_shortage_days"": 2.260309419496166, ""mean_cost_per_unit"": 12.825809551673256, ""capacity_utilization"": 6277103.8, ""feasible"": true, ""n_runs"": 20, ""eligibility"": ""NO_CONCLUSION""}]",feasibility does not change between 14.0 and 18.0; no threshold inside the recorded range,,
S11,sodium_bicarbonate_8_4_50ml,shelf_life,product.shelf_life_months,12.0,24.0,36.0,False,True,18.375,feasible_above,"[{""value"": 12.0, ""strategy_id"": ""S11"", ""mean_fill"": 0.9835800883591197, ""p_meet"": 0.65, ""mean_cost"": 16274590.525072064, ""mcse_cost"": 20397.69577741501, ""mean_shortage_days"": 26.73365963855421, ""mean_cost_per_unit"": 13.177837454703143, ""capacity_utilization"": 6178108.3, ""feasible"": false, ""n_runs"": 20, ""eligibility"": ""NO_CONCLUSION""}, {""value"": 36.0, ""strategy_id"": ""S11"", ""mean_fill"": 0.9990193135083245, ""p_meet"": 0.95, ""mean_cost"": 16106409.748810764, ""mcse_cost"": 33794.59720700675, ""mean_shortage_days"": 2.210302573932092, ""mean_cost_per_unit"": 12.826505436035797, ""capacity_utilization"": 6278726.85, ""feasible"": true, ""n_runs"": 20, ""eligibility"": ""NO_CONCLUSION""}, {""value"": 24.0, ""strategy_id"": ""S11"", ""mean_fill"": 0.9990193135083245, ""p_meet"": 0.95, ""mean_cost"": 16106702.188805973, ""mcse_cost"": 33849.79457742224, ""mean_shortage_days"": 2.210302573932092, ""mean_cost_per_unit"": 12.826739603857186, ""capacity_utilization"": 6278726.85, ""feasible"": true, ""n_runs"": 20, ""eligibility"": ""NO_CONCLUSION""}, {""value"": 18.0, ""strategy_id"": ""S11"", ""mean_fill"": 0.9967089257174477, ""p_meet"": 0.85, ""mean_cost"": 16115726.52935641, ""mcse_cost"": 31807.308263688086, ""mean_shortage_days"": 4.530620208105148, ""mean_cost_per_unit"": 12.86445340771167, ""capacity_utilization"": 6263791.15, ""feasible"": false, ""n_runs"": 20, ""eligibility"": ""NO_CONCLUSION""}, {""value"": 21.0, ""strategy_id"": ""S11"", ""mean_fill"": 0.998902102492845, ""p_meet"": 0.95, ""mean_cost"": 16106853.744528016, ""mcse_cost"": 33828.19853221886, ""mean_shortage_days"": 2.260309419496166, ""mean_cost_per_unit"": 12.828332401950044, ""capacity_utilization"": 6277980.55, ""feasible"": true, ""n_runs"": 20, ""eligibility"": ""NO_CONCLUSION""}, {""value"": 19.5, ""strategy_id"": ""S11"", ""mean_fill"": 0.9982074705720422, ""p_meet"": 0.9, ""mean_cost"": 16108299.334844086, ""mcse_cost"": 33762.423477804005, ""mean_shortage_days"": 2.580353231106243, ""mean_cost_per_unit"": 12.838368698989617, ""capacity_utilization"": 6273577.25, ""feasible"": true, ""n_runs"": 20, ""eligibility"": ""NO_CONCLUSION""}, {""value"": 18.75, ""strategy_id"": ""S11"", ""mean_fill"": 0.9970220162673857, ""p_meet"": 0.9, ""mean_cost"": 16110857.159856636, ""mcse_cost"": 33242.64348448802, ""mean_shortage_days"": 3.4904778203723987, ""mean_cost_per_unit"": 12.85589353339382, ""capacity_utilization"": 6266091.7, ""feasible"": true, ""n_runs"": 20, ""eligibility"": ""NO_CONCLUSION""}]",bisection over 5 steps on 20 paired runs,18.0,18.75
S11,sodium_bicarbonate_8_4_50ml,raw_material_lead_time,product.material_lead_time_days,30.0,90.0,240.0,True,False,223.59375,feasible_below,"[{""value"": 30.0, ""strategy_id"": ""S11"", ""mean_fill"": 0.998991929012121, ""p_meet"": 0.95, ""mean_cost"": 16134419.60287124, ""mcse_cost"": 34621.714162344186, ""mean_shortage_days"": 1.5802163198247534, ""mean_cost_per_unit"": 12.851333401352386, ""capacity_utilization"": 6277595.45, ""feasible"": true, ""n_runs"": 20, ""eligibility"": ""NO_CONCLUSION""}, {""value"": 240.0, ""strategy_id"": ""S11"", ""mean_fill"": 0.9967505468694808, ""p_meet"": 0.85, ""mean_cost"": 15983742.588197807, ""mcse_cost"": 23083.88055665144, ""mean_shortage_days"": 5.450746166484118, ""mean_cost_per_unit"": 12.758480266790833, ""capacity_utilization"": 6264193.5, ""feasible"": false, ""n_runs"": 20, ""eligibility"": ""NO_CONCLUSION""}, {""value"": 135.0, ""strategy_id"": ""S11"", ""mean_fill"": 0.9980221311768434, ""p_meet"": 0.9, ""mean_cost"": 16063801.357519573, ""mcse_cost"": 30905.57904215128, ""mean_shortage_days"": 3.7005065717415113, ""mean_cost_per_unit"": 12.805809068803224, ""capacity_utilization"": 6272290.2, ""feasible"": true, ""n_runs"": 20, ""eligibility"": ""NO_CONCLUSION""}, {""value"": 187.5, ""strategy_id"": ""S11"", ""mean_fill"": 0.9972386190314853, ""p_meet"": 0.9, ""mean_cost"": 16023155.493206706, ""mcse_cost"": 25613.217601520108, ""mean_shortage_days"": 4.2705846111719605, ""mean_cost_per_unit"": 12.783252616367754, ""capacity_utilization"": 6267468.65, ""feasible"": true, ""n_runs"": 20, ""eligibility"": ""NO_CONCLUSION""}, {""value"": 213.75, ""strategy_id"": ""S11"", ""mean_fill"": 0.9970447506845194, ""p_meet"": 0.9, ""mean_cost"": 16002089.480803464, ""mcse_cost"": 24354.476123106484, ""mean_shortage_days"": 5.040690032858707, ""mean_cost_per_unit"": 12.76896823504942, ""capacity_utilization"": 6266210.85, ""feasible"": true, ""n_runs"": 20, ""eligibility"": ""NO_CONCLUSION""}, {""value"": 226.875, ""strategy_id"": ""S11"", ""mean_fill"": 0.9970433875495022, ""p_meet"": 0.85, ""mean_cost"": 15992215.444284748, ""mcse_cost"": 23665.21714410001, ""mean_shortage_days"": 5.180709200438116, ""mean_cost_per_unit"": 12.761582725145932, ""capacity_utilization"": 6265948.35, ""feasible"": false, ""n_runs"": 20, ""eligibility"": ""NO_CONCLUSION""}, {""value"": 220.3125, ""strategy_id"": ""S11"", ""mean_fill"": 0.9971732853618827, ""p_meet"": 0.9, ""mean_cost"": 15998779.190368041, ""mcse_cost"": 23912.914559119527, ""mean_shortage_days"": 4.770653066812705, ""mean_cost_per_unit"": 12.764623184238014, ""capacity_utilization"": 6267029.25, ""feasible"": true, ""n_runs"": 20, ""eligibility"": ""NO_CONCLUSION""}]",bisection over 5 steps on 20 paired runs,220.3125,226.875
S11,sodium_bicarbonate_8_4_50ml,common_cause_dependence,global.common_cause_events_per_year,0.02,0.1,0.3,True,False,0.181875,feasible_below,"[{""value"": 0.02, ""strategy_id"": ""S11"", ""mean_fill"": 1.0, ""p_meet"": 1.0, ""mean_cost"": 16246992.051454538, ""mcse_cost"": 22405.978501939142, ""mean_shortage_days"": 0.0, ""mean_cost_per_unit"": 12.926212107005133, ""capacity_utilization"": 6284911.2, ""feasible"": true, ""n_runs"": 20, ""eligibility"": ""NO_CONCLUSION""}, {""value"": 0.3, ""strategy_id"": ""S11"", ""mean_fill"": 0.9903163406194103, ""p_meet"": 0.85, ""mean_cost"": 15926580.408181828, ""mcse_cost"": 34738.79414921177, ""mean_shortage_days"": 10.081380065717415, ""mean_cost_per_unit"": 12.807585595317184, ""capacity_utilization"": 6220510.15, ""feasible"": false, ""n_runs"": 20, ""eligibility"": ""NO_CONCLUSION""}, {""value"": 0.16, ""strategy_id"": ""S11"", ""mean_fill"": 0.9989553779733544, ""p_meet"": 0.95, ""mean_cost"": 16035706.514363026, ""mcse_cost"": 31732.915091891322, ""mean_shortage_days"": 2.510343647316539, ""mean_cost_per_unit"": 12.771041677835226, ""capacity_utilization"": 6278296.35, ""feasible"": true, ""n_runs"": 20, ""eligibility"": ""NO_CONCLUSION""}, {""value"": 0.22999999999999998, ""strategy_id"": ""S11"", ""mean_fill"": 0.9921649540104678, ""p_meet"": 0.85, ""mean_cost"": 15959097.084813047, ""mcse_cost"": 35740.73527593933, ""mean_shortage_days"": 8.941223986856517, ""mean_cost_per_unit"": 12.806460050176346, ""capacity_utilization"": 6233119.0, ""feasible"": false, ""n_runs"": 20, ""eligibility"": ""NO_CONCLUSION""}, {""value"": 0.195, ""strategy_id"": ""S11"", ""mean_fill"": 0.9967677525575874, ""p_meet"": 0.85, ""mean_cost"": 15986504.880863253, ""mcse_cost"": 34179.90491178209, ""mean_shortage_days"": 5.21071330777656, ""mean_cost_per_unit"": 12.761465227783749, ""capacity_utilization"": 6264096.8, ""feasible"": false, ""n_runs"": 20, ""eligibility"": ""NO_CONCLUSION""}, {""value"": 0.1775, ""strategy_id"": ""S11"", ""mean_fill"": 0.9979680405448133, ""p_meet"": 0.9, ""mean_cost"": 16017884.030938104, ""mcse_cost"": 33133.39065307431, ""mean_shortage_days"": 3.300451807228915, ""mean_cost_per_unit"": 12.770872755001104, ""capacity_utilization"": 6271555.35, ""feasible"": true, ""n_runs"": 20, ""eligibility"": ""NO_CONCLUSION""}, {""value"": 0.18625, ""strategy_id"": ""S11"", ""mean_fill"": 0.9968018888759463, ""p_meet"": 0.85, ""mean_cost"": 15995460.856480096, ""mcse_cost"": 34871.72007941588, ""mean_shortage_days"": 4.950677710843373, ""mean_cost_per_unit"": 12.767999650071047, ""capacity_utilization"": 6264320.65, ""feasible"": false, ""n_runs"": 20, ""eligibility"": ""NO_CONCLUSION""}]",bisection over 5 steps on 20 paired runs,0.1775,0.18625
S11,sodium_bicarbonate_8_4_50ml,supplier_concentration,global.supplier_disruptions_per_supplier_year,0.05,0.2,0.6,True,True,,feasible_everywhere,"[{""value"": 0.05, ""strategy_id"": ""S11"", ""mean_fill"": 0.999579765592365, ""p_meet"": 1.0, ""mean_cost"": 16141887.972321952, ""mcse_cost"": 33840.15626690624, ""mean_shortage_days"": 1.0901492332968234, ""mean_cost_per_unit"": 12.847478185618689, ""capacity_utilization"": 6282269.35, ""feasible"": true, ""n_runs"": 20, ""eligibility"": ""NO_CONCLUSION""}, {""value"": 0.6, ""strategy_id"": ""S11"", ""mean_fill"": 0.9977836140436832, ""p_meet"": 0.95, ""mean_cost"": 16018187.86109443, ""mcse_cost"": 36134.57995328757, ""mean_shortage_days"": 3.82052300109529, ""mean_cost_per_unit"": 12.77486101668857, ""capacity_utilization"": 6269595.7, ""feasible"": true, ""n_runs"": 20, ""eligibility"": ""NO_CONCLUSION""}]",feasibility does not change between 0.05 and 0.6; no threshold inside the recorded range,,
S11,sodium_bicarbonate_8_4_50ml,commissioning_days,global.node_commissioning_days,365.0,730.0,1095.0,True,True,,feasible_everywhere,"[{""value"": 365.0, ""strategy_id"": ""S11"", ""mean_fill"": 0.9990193135083245, ""p_meet"": 0.95, ""mean_cost"": 16106702.188805973, ""mcse_cost"": 33849.79457742224, ""mean_shortage_days"": 2.210302573932092, ""mean_cost_per_unit"": 12.826739603857186, ""capacity_utilization"": 6278726.85, ""feasible"": true, ""n_runs"": 20, ""eligibility"": ""NO_CONCLUSION""}, {""value"": 1095.0, ""strategy_id"": ""S11"", ""mean_fill"": 0.9990193135083245, ""p_meet"": 0.95, ""mean_cost"": 16106702.188805973, ""mcse_cost"": 33849.79457742224, ""mean_shortage_days"": 2.210302573932092, ""mean_cost_per_unit"": 12.826739603857186, ""capacity_utilization"": 6278726.85, ""feasible"": true, ""n_runs"": 20, ""eligibility"": ""NO_CONCLUSION""}]",feasibility does not change between 365.0 and 1095.0; no threshold inside the recorded range,,
S11,sodium_bicarbonate_8_4_50ml,activation_latency_days,global.reserved_capacity_activation_days,7.0,21.0,60.0,True,True,,feasible_everywhere,"[{""value"": 7.0, ""strategy_id"": ""S11"", ""mean_fill"": 0.9990615616165437, ""p_meet"": 0.95, ""mean_cost"": 16106720.650553122, ""mcse_cost"": 33843.998559773885, ""mean_shortage_days"": 2.0602820372398685, ""mean_cost_per_unit"": 12.826224787327778, ""capacity_utilization"": 6278995.85, ""feasible"": true, ""n_runs"": 20, ""eligibility"": ""NO_CONCLUSION""}, {""value"": 60.0, ""strategy_id"": ""S11"", ""mean_fill"": 0.9983632583510552, ""p_meet"": 0.95, ""mean_cost"": 16103683.638777902, ""mcse_cost"": 35056.6422342375, ""mean_shortage_days"": 2.7603778751369115, ""mean_cost_per_unit"": 12.832736189989074, ""capacity_utilization"": 6274586.3, ""feasible"": true, ""n_runs"": 20, ""eligibility"": ""NO_CONCLUSION""}]",feasibility does not change between 7.0 and 60.0; no threshold inside the recorded range,,
S11,sodium_bicarbonate_8_4_50ml,node_capital,product.capital_usd_per_site,15000000.0,40000000.0,100000000.0,True,True,,feasible_everywhere,"[{""value"": 15000000.0, ""strategy_id"": ""S11"", ""mean_fill"": 0.9990193135083245, ""p_meet"": 0.95, ""mean_cost"": 11111911.822027769, ""mcse_cost"": 33849.794577422224, ""mean_shortage_days"": 2.210302573932092, ""mean_cost_per_unit"": 8.848993530568908, ""capacity_utilization"": 6278726.85, ""feasible"": true, ""n_runs"": 20, ""eligibility"": ""NO_CONCLUSION""}, {""value"": 100000000.0, ""strategy_id"": ""S11"", ""mean_fill"": 0.9990193135083245, ""p_meet"": 0.95, ""mean_cost"": 28094199.06907327, ""mcse_cost"": 33849.79457742219, ""mean_shortage_days"": 2.210302573932092, ""mean_cost_per_unit"": 22.373330179748727, ""capacity_utilization"": 6278726.85, ""feasible"": true, ""n_runs"": 20, ""eligibility"": ""NO_CONCLUSION""}]",feasibility does not change between 15000000.0 and 100000000.0; no threshold inside the recorded range,,
S11,sodium_bicarbonate_8_4_50ml,batches_per_site_year,product.batches_per_site_year_nominal,30.0,45.0,70.0,False,True,43.125,feasible_above,"[{""value"": 30.0, ""strategy_id"": ""S11"", ""mean_fill"": 0.84960513111903, ""p_meet"": 0.0, ""mean_cost"": 15251490.743731266, ""mcse_cost"": 20235.968683656403, ""mean_shortage_days"": 125.50718099671413, ""mean_cost_per_unit"": 14.336074085433902, ""capacity_utilization"": 5323889.65, ""feasible"": false, ""n_runs"": 20, ""eligibility"": ""NO_CONCLUSION""}, {""value"": 70.0, ""strategy_id"": ""S11"", ""mean_fill"": 1.0, ""p_meet"": 1.0, ""mean_cost"": 17436762.985337406, ""mcse_cost"": 45894.25838091, ""mean_shortage_days"": 0.0, ""mean_cost_per_unit"": 13.872846532880391, ""capacity_utilization"": 6284911.2, ""feasible"": true, ""n_runs"": 20, ""eligibility"": ""NO_CONCLUSION""}, {""value"": 50.0, ""strategy_id"": ""S11"", ""mean_fill"": 1.0, ""p_meet"": 1.0, ""mean_cost"": 16473605.931691524, ""mcse_cost"": 41070.819719753235, ""mean_shortage_days"": 0.0, ""mean_cost_per_unit"": 13.106320154144797, ""capacity_utilization"": 6284911.2, ""feasible"": true, ""n_runs"": 20, ""eligibility"": ""NO_CONCLUSION""}, {""value"": 40.0, ""strategy_id"": ""S11"", ""mean_fill"": 0.9918686652555438, ""p_meet"": 0.8, ""mean_cost"": 15834755.711196905, ""mcse_cost"": 23462.47119431153, ""mean_shortage_days"": 14.581996166484117, ""mean_cost_per_unit"": 12.710077573233802, ""capacity_utilization"": 6230115.8, ""feasible"": false, ""n_runs"": 20, ""eligibility"": ""NO_CONCLUSION""}, {""value"": 45.0, ""strategy_id"": ""S11"", ""mean_fill"": 0.9990193135083245, ""p_meet"": 0.95, ""mean_cost"": 16106702.188805973, ""mcse_cost"": 33849.79457742224, ""mean_shortage_days"": 2.210302573932092, ""mean_cost_per_unit"": 12.826739603857186, ""capacity_utilization"": 6278726.85, ""feasible"": true, ""n_runs"": 20, ""eligibility"": ""NO_CONCLUSION""}, {""value"": 42.5, ""strategy_id"": ""S11"", ""mean_fill"": 0.9948637380585537, ""p_meet"": 0.85, ""mean_cost"": 15866484.244845498, ""mcse_cost"": 20901.551396511208, ""mean_shortage_days"": 10.801478641840088, ""mean_cost_per_unit"": 12.694107418831539, ""capacity_utilization"": 6249786.25, ""feasible"": false, ""n_runs"": 20, ""eligibility"": ""NO_CONCLUSION""}, {""value"": 43.75, ""strategy_id"": ""S11"", ""mean_fill"": 0.9984700498462621, ""p_meet"": 0.95, ""mean_cost"": 16091558.931537386, ""mcse_cost"": 34671.91831130943, ""mean_shortage_days"": 2.5303463855421686, ""mean_cost_per_unit"": 12.822209425806454, ""capacity_utilization"": 6275040.45, ""feasible"": true, ""n_runs"": 20, ""eligibility"": ""NO_CONCLUSION""}]",bisection over 5 steps on 20 paired runs,42.5,43.75
S11,sodium_bicarbonate_8_4_50ml,changeover_burden,product.changeover_days,1.0,3.0,10.0,True,False,6.484375,feasible_below,"[{""value"": 1.0, ""strategy_id"": ""S11"", ""mean_fill"": 0.999055750366438, ""p_meet"": 0.95, ""mean_cost"": 16110042.10758667, ""mcse_cost"": 33931.40872615587, ""mean_shortage_days"": 2.2303053121577214, ""mean_cost_per_unit"": 12.82948423974627, ""capacity_utilization"": 6278668.35, ""feasible"": true, ""n_runs"": 20, ""eligibility"": ""NO_CONCLUSION""}, {""value"": 10.0, ""strategy_id"": ""S11"", ""mean_fill"": 0.929762134790896, ""p_meet"": 0.0, ""mean_cost"": 15614012.429521173, ""mcse_cost"": 13971.51959986089, ""mean_shortage_days"": 99.8436678532311, ""mean_cost_per_unit"": 13.396721914797485, ""capacity_utilization"": 5828947.85, ""feasible"": false, ""n_runs"": 20, ""eligibility"": ""NO_CONCLUSION""}, {""value"": 5.5, ""strategy_id"": ""S11"", ""mean_fill"": 0.9989357737481839, ""p_meet"": 0.95, ""mean_cost"": 16104340.882280415, ""mcse_cost"": 33797.87689277738, ""mean_shortage_days"": 2.39032721796276, ""mean_cost_per_unit"": 12.826046749645334, ""capacity_utilization"": 6278153.05, ""feasible"": true, ""n_runs"": 20, ""eligibility"": ""NO_CONCLUSION""}, {""value"": 7.75, ""strategy_id"": ""S11"", ""mean_fill"": 0.9821434306322689, ""p_meet"": 0.4, ""mean_cost"": 15781025.866298899, ""mcse_cost"": 14758.453300663708, ""mean_shortage_days"": 41.63569961664841, ""mean_cost_per_unit"": 12.800150258906825, ""capacity_utilization"": 6165681.35, ""feasible"": false, ""n_runs"": 20, ""eligibility"": ""NO_CONCLUSION""}, {""value"": 6.625, ""strategy_id"": ""S11"", ""mean_fill"": 0.9952086698869206, ""p_meet"": 0.85, ""mean_cost"": 15887773.123469144, ""mcse_cost"": 20746.989752655067, ""mean_shortage_days"": 10.241401971522453, ""mean_cost_per_unit"": 12.705513057379823, ""capacity_utilization"": 6252557.75, ""feasible"": false, ""n_runs"": 20, ""eligibility"": ""NO_CONCLUSION""}, {""value"": 6.0625, ""strategy_id"": ""S11"", ""mean_fill"": 0.9988400835265825, ""p_meet"": 0.95, ""mean_cost"": 16102764.510259653, ""mcse_cost"": 33742.182580154156, ""mean_shortage_days"": 2.270310788608981, ""mean_cost_per_unit"": 12.825912326778901, ""capacity_utilization"": 6277596.4, ""feasible"": true, ""n_runs"": 20, ""eligibility"": ""NO_CONCLUSION""}, {""value"": 6.34375, ""strategy_id"": ""S11"", ""mean_fill"": 0.9988400835265825, ""p_meet"": 0.95, ""mean_cost"": 16102764.510259653, ""mcse_cost"": 33742.182580154156, ""mean_shortage_days"": 2.270310788608981, ""mean_cost_per_unit"": 12.825912326778901, ""capacity_utilization"": 6277596.4, ""feasible"": true, ""n_runs"": 20, ""eligibility"": ""NO_CONCLUSION""}]",bisection over 5 steps on 20 paired runs,6.34375,6.625
S12,sodium_bicarbonate_8_4_50ml,capacity_utilization,product.annual_demand_units,600000.0,1200000.0,2400000.0,True,False,1190625.0,feasible_below,"[{""value"": 600000.0, ""strategy_id"": ""S12"", ""mean_fill"": 1.0, ""p_meet"": 1.0, ""mean_cost"": 20014128.707299784, ""mcse_cost"": 5801.60336795082, ""mean_shortage_days"": 0.0, ""mean_cost_per_unit"": 31.845834529931427, ""capacity_utilization"": 3142458.6, ""feasible"": true, ""n_runs"": 20, ""eligibility"": ""NO_CONCLUSION""}, {""value"": 2400000.0, ""strategy_id"": ""S12"", ""mean_fill"": 0.5569342852814659, ""p_meet"": 0.0, ""mean_cost"": 21881598.218567237, ""mcse_cost"": 31433.183270582984, ""mean_shortage_days"": 271.11711391018616, ""mean_cost_per_unit"": 15.755432791031168, ""capacity_utilization"": 6953955.7, ""feasible"": false, ""n_runs"": 20, ""eligibility"": ""NO_CONCLUSION""}, {""value"": 1500000.0, ""strategy_id"": ""S12"", ""mean_fill"": 0.8762556943728311, ""p_meet"": 0.0, ""mean_cost"": 21558242.333361622, ""mcse_cost"": 30303.182481374508, ""mean_shortage_days"": 154.13109939759036, ""mean_cost_per_unit"": 15.714541892437245, ""capacity_utilization"": 6868988.6, ""feasible"": false, ""n_runs"": 20, ""eligibility"": ""NO_CONCLUSION""}, {""value"": 1050000.0, ""strategy_id"": ""S12"", ""mean_fill"": 1.0, ""p_meet"": 1.0, ""mean_cost"": 21374882.710617214, ""mcse_cost"": 28780.067720104307, ""mean_shortage_days"": 0.0, ""mean_cost_per_unit"": 19.434791594031157, ""capacity_utilization"": 5499303.25, ""feasible"": true, ""n_runs"": 20, ""eligibility"": ""NO_CONCLUSION""}, {""value"": 1275000.0, ""strategy_id"": ""S12"", ""mean_fill"": 0.9885884435348581, ""p_meet"": 0.75, ""mean_cost"": 21452563.24893784, ""mcse_cost"": 33293.86154059731, ""mean_shortage_days"": 15.272090635268345, ""mean_cost_per_unit"": 16.25609319963058, ""capacity_utilization"": 6601149.85, ""feasible"": false, ""n_runs"": 20, ""eligibility"": ""NO_CONCLUSION""}, {""value"": 1162500.0, ""strategy_id"": ""S12"", ""mean_fill"": 0.9998896115727425, ""p_meet"": 1.0, ""mean_cost"": 21431751.51960398, ""mcse_cost"": 36858.90056595155, ""mean_shortage_days"": 0.36004928806133624, ""mean_cost_per_unit"": 17.602591433347946, ""capacity_utilization"": 6087828.65, ""feasible"": true, ""n_runs"": 20, ""eligibility"": ""NO_CONCLUSION""}, {""value"": 1218750.0, ""strategy_id"": ""S12"", ""mean_fill"": 0.9943756126888577, ""p_meet"": 0.85, ""mean_cost"": 21445656.157665823, ""mcse_cost"": 36775.97937938331, ""mean_shortage_days"": 8.391148685651697, ""mean_cost_per_unit"": 16.895826896137535, ""capacity_utilization"": 6347117.9, ""feasible"": false, ""n_runs"": 20, ""eligibility"": ""NO_CONCLUSION""}]",bisection over 5 steps on 20 paired runs,1162500.0,1218750.0
S12,sodium_bicarbonate_8_4_50ml,fixed_qa_labor_per_node,product.fixed_qa_labor_usd_per_site_year,1500000.0,3000000.0,6000000.0,True,True,,feasible_everywhere,"[{""value"": 1500000.0, ""strategy_id"": ""S12"", ""mean_fill"": 0.9962829817555011, ""p_meet"": 0.9, ""mean_cost"": 20155137.88115325, ""mcse_cost"": 38271.73892903923, ""mean_shortage_days"": 6.040826944140197, ""mean_cost_per_unit"": 16.095346556136995, ""capacity_utilization"": 6261481.45, ""feasible"": true, ""n_runs"": 20, ""eligibility"": ""NO_CONCLUSION""}, {""value"": 6000000.0, ""strategy_id"": ""S12"", ""mean_fill"": 0.9962829817555011, ""p_meet"": 0.9, ""mean_cost"": 24022482.414019354, ""mcse_cost"": 38271.73892903935, ""mean_shortage_days"": 6.040826944140197, ""mean_cost_per_unit"": 19.183977676185208, ""capacity_utilization"": 6261481.45, ""feasible"": true, ""n_runs"": 20, ""eligibility"": ""NO_CONCLUSION""}]",feasibility does not change between 1500000.0 and 6000000.0; no threshold inside the recorded range,,
S12,sodium_bicarbonate_8_4_50ml,release_time,global.sterility_incubation_days,14.0,14.0,18.0,True,True,,feasible_everywhere,"[{""value"": 14.0, ""strategy_id"": ""S12"", ""mean_fill"": 0.9962829817555011, ""p_meet"": 0.9, ""mean_cost"": 21444252.725441955, ""mcse_cost"": 38271.738929039275, ""mean_shortage_days"": 6.040826944140197, ""mean_cost_per_unit"": 17.12489026281973, ""capacity_utilization"": 6261481.45, ""feasible"": true, ""n_runs"": 20, ""eligibility"": ""NO_CONCLUSION""}, {""value"": 18.0, ""strategy_id"": ""S12"", ""mean_fill"": 0.9957033740872072, ""p_meet"": 0.9, ""mean_cost"": 21438922.16004807, ""mcse_cost"": 37602.226531493216, ""mean_shortage_days"": 6.630907721796277, ""mean_cost_per_unit"": 17.130850293145933, ""capacity_utilization"": 6257836.15, ""feasible"": true, ""n_runs"": 20, ""eligibility"": ""NO_CONCLUSION""}]",feasibility does not change between 14.0 and 18.0; no threshold inside the recorded range,,
S12,sodium_bicarbonate_8_4_50ml,shelf_life,product.shelf_life_months,12.0,24.0,36.0,False,True,12.375,feasible_above,"[{""value"": 12.0, ""strategy_id"": ""S12"", ""mean_fill"": 0.9936046361126551, ""p_meet"": 0.8, ""mean_cost"": 21447120.652643688, ""mcse_cost"": 37259.53449793326, ""mean_shortage_days"": 9.391285596933185, ""mean_cost_per_unit"": 17.174462262240294, ""capacity_utilization"": 6244604.35, ""feasible"": false, ""n_runs"": 20, ""eligibility"": ""NO_CONCLUSION""}, {""value"": 36.0, ""strategy_id"": ""S12"", ""mean_fill"": 0.9962829817555011, ""p_meet"": 0.9, ""mean_cost"": 21444252.725441955, ""mcse_cost"": 38271.738929039275, ""mean_shortage_days"": 6.040826944140197, ""mean_cost_per_unit"": 17.12489026281973, ""capacity_utilization"": 6261481.45, ""feasible"": true, ""n_runs"": 20, ""eligibility"": ""NO_CONCLUSION""}, {""value"": 24.0, ""strategy_id"": ""S12"", ""mean_fill"": 0.9962829817555011, ""p_meet"": 0.9, ""mean_cost"": 21444252.725441955, ""mcse_cost"": 38271.738929039275, ""mean_shortage_days"": 6.040826944140197, ""mean_cost_per_unit"": 17.12489026281973, ""capacity_utilization"": 6261481.45, ""feasible"": true, ""n_runs"": 20, ""eligibility"": ""NO_CONCLUSION""}, {""value"": 18.0, ""strategy_id"": ""S12"", ""mean_fill"": 0.9962829817555011, ""p_meet"": 0.9, ""mean_cost"": 21444252.725441955, ""mcse_cost"": 38271.738929039275, ""mean_shortage_days"": 6.040826944140197, ""mean_cost_per_unit"": 17.12489026281973, ""capacity_utilization"": 6261481.45, ""feasible"": true, ""n_runs"": 20, ""eligibility"": ""NO_CONCLUSION""}, {""value"": 15.0, ""strategy_id"": ""S12"", ""mean_fill"": 0.9962829817555011, ""p_meet"": 0.9, ""mean_cost"": 21444252.725441955, ""mcse_cost"": 38271.738929039275, ""mean_shortage_days"": 6.040826944140197, ""mean_cost_per_unit"": 17.12489026281973, ""capacity_utilization"": 6261481.45, ""feasible"": true, ""n_runs"": 20, ""eligibility"": ""NO_CONCLUSION""}, {""value"": 13.5, ""strategy_id"": ""S12"", ""mean_fill"": 0.9962829817555011, ""p_meet"": 0.9, ""mean_cost"": 21444252.725441955, ""mcse_cost"": 38271.738929039275, ""mean_shortage_days"": 6.040826944140197, ""mean_cost_per_unit"": 17.12489026281973, ""capacity_utilization"": 6261481.45, ""feasible"": true, ""n_runs"": 20, ""eligibility"": ""NO_CONCLUSION""}, {""value"": 12.75, ""strategy_id"": ""S12"", ""mean_fill"": 0.9959156461001785, ""p_meet"": 0.9, ""mean_cost"": 21444704.26302753, ""mcse_cost"": 38123.45668567546, ""mean_shortage_days"": 6.510891292442497, ""mean_cost_per_unit"": 17.13166265394064, ""capacity_utilization"": 6259173.25, ""feasible"": true, ""n_runs"": 20, ""eligibility"": ""NO_CONCLUSION""}]",bisection over 5 steps on 20 paired runs,12.0,12.75
S12,sodium_bicarbonate_8_4_50ml,raw_material_lead_time,product.material_lead_time_days,30.0,90.0,240.0,False,False,,infeasible_everywhere,"[{""value"": 30.0, ""strategy_id"": ""S12"", ""mean_fill"": 0.9957428208239103, ""p_meet"": 0.85, ""mean_cost"": 21407555.538781527, ""mcse_cost"": 37530.61054773843, ""mean_shortage_days"": 6.510891292442497, ""mean_cost_per_unit"": 17.104759248223406, ""capacity_utilization"": 6258032.55, ""feasible"": false, ""n_runs"": 20, ""eligibility"": ""NO_CONCLUSION""}, {""value"": 240.0, ""strategy_id"": ""S12"", ""mean_fill"": 0.9873226821214413, ""p_meet"": 0.65, ""mean_cost"": 21299009.4026106, ""mcse_cost"": 27645.533353620758, ""mean_shortage_days"": 19.352649233296823, ""mean_cost_per_unit"": 17.167881534824556, ""capacity_utilization"": 6203890.0, ""feasible"": false, ""n_runs"": 20, ""eligibility"": ""NO_CONCLUSION""}]",feasibility does not change between 30.0 and 240.0; no threshold inside the recorded range,,
S12,sodium_bicarbonate_8_4_50ml,common_cause_dependence,global.common_cause_events_per_year,0.02,0.1,0.3,True,False,0.103125,feasible_below,"[{""value"": 0.02, ""strategy_id"": ""S12"", ""mean_fill"": 1.0, ""p_meet"": 1.0, ""mean_cost"": 21643918.72329225, ""mcse_cost"": 22368.93006647288, ""mean_shortage_days"": 0.0, ""mean_cost_per_unit"": 17.219837287862756, ""capacity_utilization"": 6284911.2, ""feasible"": true, ""n_runs"": 20, ""eligibility"": ""NO_CONCLUSION""}, {""value"": 0.3, ""strategy_id"": ""S12"", ""mean_fill"": 0.9741689564248052, ""p_meet"": 0.55, ""mean_cost"": 21183706.436801612, ""mcse_cost"": 42449.762312188264, ""mean_shortage_days"": 26.393613088718514, ""mean_cost_per_unit"": 17.335721032434346, ""capacity_utilization"": 6119592.7, ""feasible"": false, ""n_runs"": 20, ""eligibility"": ""NO_CONCLUSION""}, {""value"": 0.16, ""strategy_id"": ""S12"", ""mean_fill"": 0.9902946992007567, ""p_meet"": 0.8, ""mean_cost"": 21329796.959420502, ""mcse_cost"": 37206.05496152028, ""mean_shortage_days"": 11.56158269441402, ""mean_cost_per_unit"": 17.14202820002255, ""capacity_utilization"": 6223696.95, ""feasible"": false, ""n_runs"": 20, ""eligibility"": ""NO_CONCLUSION""}, {""value"": 0.09, ""strategy_id"": ""S12"", ""mean_fill"": 0.9966725835771426, ""p_meet"": 0.9, ""mean_cost"": 21469208.019119497, ""mcse_cost"": 35960.110513839936, ""mean_shortage_days"": 5.340731106243154, ""mean_cost_per_unit"": 17.138190264273835, ""capacity_utilization"": 6263942.3, ""feasible"": true, ""n_runs"": 20, ""eligibility"": ""NO_CONCLUSION""}, {""value"": 0.125, ""strategy_id"": ""S12"", ""mean_fill"": 0.994157387525408, ""p_meet"": 0.8, ""mean_cost"": 21403962.313305486, ""mcse_cost"": 39568.32364584589, ""mean_shortage_days"": 8.141114457831325, ""mean_cost_per_unit"": 17.129540828151594, ""capacity_utilization"": 6248076.3, ""feasible"": false, ""n_runs"": 20, ""eligibility"": ""NO_CONCLUSION""}, {""value"": 0.1075, ""strategy_id"": ""S12"", ""mean_fill"": 0.9945804124456291, ""p_meet"": 0.85, ""mean_cost"": 21433773.097190015, ""mcse_cost"": 40651.10206087752, ""mean_shortage_days"": 8.021098028477544, ""mean_cost_per_unit"": 17.146450064949892, ""capacity_utilization"": 6250797.7, ""feasible"": false, ""n_runs"": 20, ""eligibility"": ""NO_CONCLUSION""}, {""value"": 0.09875, ""strategy_id"": ""S12"", ""mean_fill"": 0.9962829817555011, ""p_meet"": 0.9, ""mean_cost"": 21451005.031262126, ""mcse_cost"": 38445.24016292151, ""mean_shortage_days"": 6.040826944140197, ""mean_cost_per_unit"": 17.13031025211354, ""capacity_utilization"": 6261481.45, ""feasible"": true, ""n_runs"": 20, ""eligibility"": ""NO_CONCLUSION""}]",bisection over 5 steps on 20 paired runs,0.09875,0.1075
S12,sodium_bicarbonate_8_4_50ml,supplier_concentration,global.supplier_disruptions_per_supplier_year,0.05,0.2,0.6,True,True,,feasible_everywhere,"[{""value"": 0.05, ""strategy_id"": ""S12"", ""mean_fill"": 0.997441322757585, ""p_meet"": 0.9, ""mean_cost"": 21465583.1067781, ""mcse_cost"": 38118.30850762316, ""mean_shortage_days"": 5.080695509309967, ""mean_cost_per_unit"": 17.121252318443485, ""capacity_utilization"": 6268754.45, ""feasible"": true, ""n_runs"": 20, ""eligibility"": ""NO_CONCLUSION""}, {""value"": 0.6, ""strategy_id"": ""S12"", ""mean_fill"": 0.9947979990571184, ""p_meet"": 0.9, ""mean_cost"": 21386494.965528898, ""mcse_cost"": 34994.65072598708, ""mean_shortage_days"": 9.081243154435924, ""mean_cost_per_unit"": 17.105930852060773, ""capacity_utilization"": 6252102.25, ""feasible"": true, ""n_runs"": 20, ""eligibility"": ""NO_CONCLUSION""}]",feasibility does not change between 0.05 and 0.6; no threshold inside the recorded range,,
S12,sodium_bicarbonate_8_4_50ml,commissioning_days,global.node_commissioning_days,365.0,730.0,1095.0,True,True,,feasible_everywhere,"[{""value"": 365.0, ""strategy_id"": ""S12"", ""mean_fill"": 0.9962829817555011, ""p_meet"": 0.9, ""mean_cost"": 21444252.725441955, ""mcse_cost"": 38271.738929039275, ""mean_shortage_days"": 6.040826944140197, ""mean_cost_per_unit"": 17.12489026281973, ""capacity_utilization"": 6261481.45, ""feasible"": true, ""n_runs"": 20, ""eligibility"": ""NO_CONCLUSION""}, {""value"": 1095.0, ""strategy_id"": ""S12"", ""mean_fill"": 0.9962829817555011, ""p_meet"": 0.9, ""mean_cost"": 21444252.725441955, ""mcse_cost"": 38271.738929039275, ""mean_shortage_days"": 6.040826944140197, ""mean_cost_per_unit"": 17.12489026281973, ""capacity_utilization"": 6261481.45, ""feasible"": true, ""n_runs"": 20, ""eligibility"": ""NO_CONCLUSION""}]",feasibility does not change between 365.0 and 1095.0; no threshold inside the recorded range,,
S12,sodium_bicarbonate_8_4_50ml,activation_latency_days,global.reserved_capacity_activation_days,7.0,21.0,60.0,True,True,,feasible_everywhere,"[{""value"": 7.0, ""strategy_id"": ""S12"", ""mean_fill"": 0.9962829817555011, ""p_meet"": 0.9, ""mean_cost"": 21444252.725441955, ""mcse_cost"": 38271.738929039275, ""mean_shortage_days"": 6.040826944140197, ""mean_cost_per_unit"": 17.12489026281973, ""capacity_utilization"": 6261481.45, ""feasible"": true, ""n_runs"": 20, ""eligibility"": ""NO_CONCLUSION""}, {""value"": 60.0, ""strategy_id"": ""S12"", ""mean_fill"": 0.9962829817555011, ""p_meet"": 0.9, ""mean_cost"": 21444252.725441955, ""mcse_cost"": 38271.738929039275, ""mean_shortage_days"": 6.040826944140197, ""mean_cost_per_unit"": 17.12489026281973, ""capacity_utilization"": 6261481.45, ""feasible"": true, ""n_runs"": 20, ""eligibility"": ""NO_CONCLUSION""}]",feasibility does not change between 7.0 and 60.0; no threshold inside the recorded range,,
S12,sodium_bicarbonate_8_4_50ml,node_capital,product.capital_usd_per_site,15000000.0,40000000.0,100000000.0,True,True,,feasible_everywhere,"[{""value"": 15000000.0, ""strategy_id"": ""S12"", ""mean_fill"": 0.9962829817555011, ""p_meet"": 0.9, ""mean_cost"": 13729995.045266772, ""mcse_cost"": 38271.73892903932, ""mean_shortage_days"": 6.040826944140197, ""mean_cost_per_unit"": 10.963945424165264, ""capacity_utilization"": 6261481.45, ""feasible"": true, ""n_runs"": 20, ""eligibility"": ""NO_CONCLUSION""}, {""value"": 100000000.0, ""strategy_id"": ""S12"", ""mean_fill"": 0.9962829817555011, ""p_meet"": 0.9, ""mean_cost"": 39958471.15785848, ""mcse_cost"": 38271.73892903924, ""mean_shortage_days"": 6.040826944140197, ""mean_cost_per_unit"": 31.91115787558735, ""capacity_utilization"": 6261481.45, ""feasible"": true, ""n_runs"": 20, ""eligibility"": ""NO_CONCLUSION""}]",feasibility does not change between 15000000.0 and 100000000.0; no threshold inside the recorded range,,
S12,sodium_bicarbonate_8_4_50ml,batches_per_site_year,product.batches_per_site_year_nominal,30.0,45.0,70.0,False,True,43.125,feasible_above,"[{""value"": 30.0, ""strategy_id"": ""S12"", ""mean_fill"": 0.7172638767602877, ""p_meet"": 0.0, ""mean_cost"": 20351326.361485086, ""mcse_cost"": 20361.567375055434, ""mean_shortage_days"": 219.4400397042716, ""mean_cost_per_unit"": 22.684992012604443, ""capacity_utilization"": 4492243.65, ""feasible"": false, ""n_runs"": 20, ""eligibility"": ""NO_CONCLUSION""}, {""value"": 70.0, ""strategy_id"": ""S12"", ""mean_fill"": 1.0, ""p_meet"": 1.0, ""mean_cost"": 22118357.997434653, ""mcse_cost"": 14331.051022569656, ""mean_shortage_days"": 0.0, ""mean_cost_per_unit"": 17.596827202878426, ""capacity_utilization"": 6284911.2, ""feasible"": true, ""n_runs"": 20, ""eligibility"": ""NO_CONCLUSION""}, {""value"": 50.0, ""strategy_id"": ""S12"", ""mean_fill"": 1.0, ""p_meet"": 1.0, ""mean_cost"": 21839436.949154187, ""mcse_cost"": 35507.012893304454, ""mean_shortage_days"": 0.0, ""mean_cost_per_unit"": 17.375109951147643, ""capacity_utilization"": 6284911.2, ""feasible"": true, ""n_runs"": 20, ""eligibility"": ""NO_CONCLUSION""}, {""value"": 40.0, ""strategy_id"": ""S12"", ""mean_fill"": 0.9677609055609979, ""p_meet"": 0.45, ""mean_cost"": 21087468.287429627, ""mcse_cost"": 28605.466089761074, ""mean_shortage_days"": 51.52705366922235, ""mean_cost_per_unit"": 17.376899814922588, ""capacity_utilization"": 6075111.65, ""feasible"": false, ""n_runs"": 20, ""eligibility"": ""NO_CONCLUSION""}, {""value"": 45.0, ""strategy_id"": ""S12"", ""mean_fill"": 0.9962829817555011, ""p_meet"": 0.9, ""mean_cost"": 21444252.725441955, ""mcse_cost"": 38271.738929039275, ""mean_shortage_days"": 6.040826944140197, ""mean_cost_per_unit"": 17.12489026281973, ""capacity_utilization"": 6261481.45, ""feasible"": true, ""n_runs"": 20, ""eligibility"": ""NO_CONCLUSION""}, {""value"": 42.5, ""strategy_id"": ""S12"", ""mean_fill"": 0.980264573175712, ""p_meet"": 0.6, ""mean_cost"": 21142287.36249581, ""mcse_cost"": 26707.350758433357, ""mean_shortage_days"": 32.10439485213581, ""mean_cost_per_unit"": 17.1784584921711, ""capacity_utilization"": 6158630.0, ""feasible"": false, ""n_runs"": 20, ""eligibility"": ""NO_CONCLUSION""}, {""value"": 43.75, ""strategy_id"": ""S12"", ""mean_fill"": 0.9949970815197402, ""p_meet"": 0.9, ""mean_cost"": 21419064.500894714, ""mcse_cost"": 37961.39256538262, ""mean_shortage_days"": 7.19098439211391, ""mean_cost_per_unit"": 17.127913924817136, ""capacity_utilization"": 6253398.1, ""feasible"": true, ""n_runs"": 20, ""eligibility"": ""NO_CONCLUSION""}]",bisection over 5 steps on 20 paired runs,42.5,43.75
S12,sodium_bicarbonate_8_4_50ml,changeover_burden,product.changeover_days,1.0,3.0,10.0,True,False,6.484375,feasible_below,"[{""value"": 1.0, ""strategy_id"": ""S12"", ""mean_fill"": 0.9964929561637306, ""p_meet"": 0.9, ""mean_cost"": 21446394.403937165, ""mcse_cost"": 38467.31366488651, ""mean_shortage_days"": 5.330729737130339, ""mean_cost_per_unit"": 17.122921084983236, ""capacity_utilization"": 6262806.55, ""feasible"": true, ""n_runs"": 20, ""eligibility"": ""NO_CONCLUSION""}, {""value"": 10.0, ""strategy_id"": ""S12"", ""mean_fill"": 0.8441743811883123, ""p_meet"": 0.0, ""mean_cost"": 20745041.720437616, ""mcse_cost"": 18020.252630670282, ""mean_shortage_days"": 187.05560651697698, ""mean_cost_per_unit"": 19.618193372659047, ""capacity_utilization"": 5291754.7, ""feasible"": false, ""n_runs"": 20, ""eligibility"": ""NO_CONCLUSION""}, {""value"": 5.5, ""strategy_id"": ""S12"", ""mean_fill"": 0.9960581925718867, ""p_meet"": 0.9, ""mean_cost"": 21441142.24300106, ""mcse_cost"": 37782.78931306484, ""mean_shortage_days"": 6.090833789704272, ""mean_cost_per_unit"": 17.126360465741, ""capacity_utilization"": 6260065.45, ""feasible"": true, ""n_runs"": 20, ""eligibility"": ""NO_CONCLUSION""}, {""value"": 7.75, ""strategy_id"": ""S12"", ""mean_fill"": 0.9425959393633127, ""p_meet"": 0.05, ""mean_cost"": 21006284.787476186, ""mcse_cost"": 21252.55314521088, ""mean_shortage_days"": 96.67323384446878, ""mean_cost_per_unit"": 17.767124287649217, ""capacity_utilization"": 5917600.0, ""feasible"": false, ""n_runs"": 20, ""eligibility"": ""NO_CONCLUSION""}, {""value"": 6.625, ""strategy_id"": ""S12"", ""mean_fill"": 0.9848299429780234, ""p_meet"": 0.65, ""mean_cost"": 21185919.699132048, ""mcse_cost"": 27281.810897425625, ""mean_shortage_days"": 21.54294906900328, ""mean_cost_per_unit"": 17.126656064113295, ""capacity_utilization"": 6188720.3, ""feasible"": false, ""n_runs"": 20, ""eligibility"": ""NO_CONCLUSION""}, {""value"": 6.0625, ""strategy_id"": ""S12"", ""mean_fill"": 0.9959207728965955, ""p_meet"": 0.9, ""mean_cost"": 21440406.883654185, ""mcse_cost"": 37791.62582553021, ""mean_shortage_days"": 6.400876232201533, ""mean_cost_per_unit"": 17.128185524000113, ""capacity_utilization"": 6259203.3, ""feasible"": true, ""n_runs"": 20, ""eligibility"": ""NO_CONCLUSION""}, {""value"": 6.34375, ""strategy_id"": ""S12"", ""mean_fill"": 0.9959207728965955, ""p_meet"": 0.9, ""mean_cost"": 21440406.883654185, ""mcse_cost"": 37791.62582553021, ""mean_shortage_days"": 6.400876232201533, ""mean_cost_per_unit"": 17.128185524000113, ""capacity_utilization"": 6259203.3, ""feasible"": true, ""n_runs"": 20, ""eligibility"": ""NO_CONCLUSION""}]",bisection over 5 steps on 20 paired runs,6.34375,6.625
S13,sodium_bicarbonate_8_4_50ml,capacity_utilization,product.annual_demand_units,600000.0,1200000.0,2400000.0,True,False,1190625.0,feasible_below,"[{""value"": 600000.0, ""strategy_id"": ""S13"", ""mean_fill"": 1.0, ""p_meet"": 1.0, ""mean_cost"": 18692810.12893036, ""mcse_cost"": 9099.868312777084, ""mean_shortage_days"": 0.0, ""mean_cost_per_unit"": 29.743216552080877, ""capacity_utilization"": 3142458.6, ""feasible"": true, ""n_runs"": 20, ""eligibility"": ""NO_CONCLUSION""}, {""value"": 2400000.0, ""strategy_id"": ""S13"", ""mean_fill"": 0.5753549767927099, ""p_meet"": 0.0, ""mean_cost"": 20476606.57553374, ""mcse_cost"": 33168.3747314126, ""mean_shortage_days"": 267.12656763417306, ""mean_cost_per_unit"": 14.272957845585267, ""capacity_utilization"": 7183694.95, ""feasible"": false, ""n_runs"": 20, ""eligibility"": ""NO_CONCLUSION""}, {""value"": 1500000.0, ""strategy_id"": ""S13"", ""mean_fill"": 0.8793455797673182, ""p_meet"": 0.0, ""mean_cost"": 20011386.014934927, ""mcse_cost"": 29977.741812433946, ""mean_shortage_days"": 148.29029983570643, ""mean_cost_per_unit"": 14.541848180867518, ""capacity_utilization"": 6890045.75, ""feasible"": false, ""n_runs"": 20, ""eligibility"": ""NO_CONCLUSION""}, {""value"": 1050000.0, ""strategy_id"": ""S13"", ""mean_fill"": 1.0, ""p_meet"": 1.0, ""mean_cost"": 19492763.16961179, ""mcse_cost"": 28056.664132183254, ""mean_shortage_days"": 0.0, ""mean_cost_per_unit"": 17.72346711878284, ""capacity_utilization"": 5499303.25, ""feasible"": true, ""n_runs"": 20, ""eligibility"": ""NO_CONCLUSION""}, {""value"": 1275000.0, ""strategy_id"": ""S13"", ""mean_fill"": 0.9812531969966546, ""p_meet"": 0.45, ""mean_cost"": 19760382.718122058, ""mcse_cost"": 21339.445992180208, ""mean_shortage_days"": 33.74461938663745, ""mean_cost_per_unit"": 15.098871040836993, ""capacity_utilization"": 6547248.9, ""feasible"": false, ""n_runs"": 20, ""eligibility"": ""NO_CONCLUSION""}, {""value"": 1162500.0, ""strategy_id"": ""S13"", ""mean_fill"": 0.9968726877083478, ""p_meet"": 0.9, ""mean_cost"": 19576426.799232963, ""mcse_cost"": 17080.98557637922, ""mean_shortage_days"": 5.510754381161007, ""mean_cost_per_unit"": 16.128145281101347, ""capacity_utilization"": 6069262.1, ""feasible"": true, ""n_runs"": 20, ""eligibility"": ""NO_CONCLUSION""}, {""value"": 1218750.0, ""strategy_id"": ""S13"", ""mean_fill"": 0.9937678716731211, ""p_meet"": 0.85, ""mean_cost"": 19681594.25350795, ""mcse_cost"": 15134.910728417814, ""mean_shortage_days"": 10.971501916757939, ""mean_cost_per_unit"": 15.516972444793291, ""capacity_utilization"": 6342762.1, ""feasible"": false, ""n_runs"": 20, ""eligibility"": ""NO_CONCLUSION""}]",bisection over 5 steps on 20 paired runs,1162500.0,1218750.0
S13,sodium_bicarbonate_8_4_50ml,fixed_qa_labor_per_node,product.fixed_qa_labor_usd_per_site_year,1500000.0,3000000.0,6000000.0,True,True,,feasible_everywhere,"[{""value"": 1500000.0, ""strategy_id"": ""S13"", ""mean_fill"": 0.9949284147265564, ""p_meet"": 0.9, ""mean_cost"": 17687682.818966802, ""mcse_cost"": 14657.099372332254, ""mean_shortage_days"": 8.731195235487403, ""mean_cost_per_unit"": 14.145627827669008, ""capacity_utilization"": 6252396.9, ""feasible"": true, ""n_runs"": 20, ""eligibility"": ""NO_CONCLUSION""}, {""value"": 6000000.0, ""strategy_id"": ""S13"", ""mean_fill"": 0.9949284147265564, ""p_meet"": 0.9, ""mean_cost"": 23577060.160452016, ""mcse_cost"": 14657.09937233217, ""mean_shortage_days"": 8.731195235487403, ""mean_cost_per_unit"": 18.855855732542494, ""capacity_utilization"": 6252396.9, ""feasible"": true, ""n_runs"": 20, ""eligibility"": ""NO_CONCLUSION""}]",feasibility does not change between 1500000.0 and 6000000.0; no threshold inside the recorded range,,
S13,sodium_bicarbonate_8_4_50ml,release_time,global.sterility_incubation_days,14.0,14.0,18.0,True,False,14.6875,feasible_below,"[{""value"": 14.0, ""strategy_id"": ""S13"", ""mean_fill"": 0.9949284147265564, ""p_meet"": 0.9, ""mean_cost"": 19650808.599461857, ""mcse_cost"": 14657.099372332232, ""mean_shortage_days"": 8.731195235487403, ""mean_cost_per_unit"": 15.715703795960152, ""capacity_utilization"": 6252396.9, ""feasible"": true, ""n_runs"": 20, ""eligibility"": ""NO_CONCLUSION""}, {""value"": 18.0, ""strategy_id"": ""S13"", ""mean_fill"": 0.9948265216862723, ""p_meet"": 0.85, ""mean_cost"": 19648563.11908805, ""mcse_cost"": 13601.985174849115, ""mean_shortage_days"": 8.811206188389923, ""mean_cost_per_unit"": 15.714547821297185, ""capacity_utilization"": 6252045.0, ""feasible"": false, ""n_runs"": 20, ""eligibility"": ""NO_CONCLUSION""}, {""value"": 16.0, ""strategy_id"": ""S13"", ""mean_fill"": 0.9952301943687949, ""p_meet"": 0.85, ""mean_cost"": 19650164.21079047, ""mcse_cost"": 13820.753846455893, ""mean_shortage_days"": 8.301136363636363, ""mean_cost_per_unit"": 15.709744286320412, ""capacity_utilization"": 6254425.7, ""feasible"": false, ""n_runs"": 20, ""eligibility"": ""NO_CONCLUSION""}, {""value"": 15.0, ""strategy_id"": ""S13"", ""mean_fill"": 0.9953136414547572, ""p_meet"": 0.85, ""mean_cost"": 19650673.233206265, ""mcse_cost"": 14116.94693234331, ""mean_shortage_days"": 8.101108981380065, ""mean_cost_per_unit"": 15.70887328279061, ""capacity_utilization"": 6254906.35, ""feasible"": false, ""n_runs"": 20, ""eligibility"": ""NO_CONCLUSION""}, {""value"": 14.5, ""strategy_id"": ""S13"", ""mean_fill"": 0.9953803833728303, ""p_meet"": 0.9, ""mean_cost"": 19651472.217604484, ""mcse_cost"": 14263.810024234048, ""mean_shortage_days"": 8.141114457831325, ""mean_cost_per_unit"": 15.708478785173138, ""capacity_utilization"": 6255320.0, ""feasible"": true, ""n_runs"": 20, ""eligibility"": ""NO_CONCLUSION""}, {""value"": 14.75, ""strategy_id"": ""S13"", ""mean_fill"": 0.9953234975948527, ""p_meet"": 0.85, ""mean_cost"": 19651038.009161532, ""mcse_cost"": 14264.853429191997, ""mean_shortage_days"": 7.911082968236582, ""mean_cost_per_unit"": 15.708998803187447, ""capacity_utilization"": 6254967.75, ""feasible"": false, ""n_runs"": 20, ""eligibility"": ""NO_CONCLUSION""}, {""value"": 14.625, ""strategy_id"": ""S13"", ""mean_fill"": 0.9953510013278903, ""p_meet"": 0.9, ""mean_cost"": 19651086.765253276, ""mcse_cost"": 14276.331934464522, ""mean_shortage_days"": 8.101108981380065, ""mean_cost_per_unit"": 15.70864247243829, ""capacity_utilization"": 6255136.45, ""feasible"": true, ""n_runs"": 20, ""eligibility"": ""NO_CONCLUSION""}]",bisection over 5 steps on 20 paired runs,14.625,14.75
S13,sodium_bicarbonate_8_4_50ml,shelf_life,product.shelf_life_months,12.0,24.0,36.0,False,True,13.875,feasible_above,"[{""value"": 12.0, ""strategy_id"": ""S13"", ""mean_fill"": 0.9921950245914536, ""p_meet"": 0.7, ""mean_cost"": 19719838.998238668, ""mcse_cost"": 15992.030177792374, ""mean_shortage_days"": 13.841894852135814, ""mean_cost_per_unit"": 15.814707234678057, ""capacity_utilization"": 6235353.55, ""feasible"": false, ""n_runs"": 20, ""eligibility"": ""NO_CONCLUSION""}, {""value"": 36.0, ""strategy_id"": ""S13"", ""mean_fill"": 0.9949284147265564, ""p_meet"": 0.9, ""mean_cost"": 19650808.599461857, ""mcse_cost"": 14657.099372332232, ""mean_shortage_days"": 8.731195235487403, ""mean_cost_per_unit"": 15.715703795960152, ""capacity_utilization"": 6252396.9, ""feasible"": true, ""n_runs"": 20, ""eligibility"": ""NO_CONCLUSION""}, {""value"": 24.0, ""strategy_id"": ""S13"", ""mean_fill"": 0.9949284147265564, ""p_meet"": 0.9, ""mean_cost"": 19650808.599461857, ""mcse_cost"": 14657.099372332232, ""mean_shortage_days"": 8.731195235487403, ""mean_cost_per_unit"": 15.715703795960152, ""capacity_utilization"": 6252396.9, ""feasible"": true, ""n_runs"": 20, ""eligibility"": ""NO_CONCLUSION""}, {""value"": 18.0, ""strategy_id"": ""S13"", ""mean_fill"": 0.9949284147265564, ""p_meet"": 0.9, ""mean_cost"": 19650808.599461857, ""mcse_cost"": 14657.099372332232, ""mean_shortage_days"": 8.731195235487403, ""mean_cost_per_unit"": 15.715703795960152, ""capacity_utilization"": 6252396.9, ""feasible"": true, ""n_runs"": 20, ""eligibility"": ""NO_CONCLUSION""}, {""value"": 15.0, ""strategy_id"": ""S13"", ""mean_fill"": 0.9949284147265564, ""p_meet"": 0.9, ""mean_cost"": 19650808.599461857, ""mcse_cost"": 14657.099372332232, ""mean_shortage_days"": 8.731195235487403, ""mean_cost_per_unit"": 15.715703795960152, ""capacity_utilization"": 6252396.9, ""feasible"": true, ""n_runs"": 20, ""eligibility"": ""NO_CONCLUSION""}, {""value"": 13.5, ""strategy_id"": ""S13"", ""mean_fill"": 0.9952386145136941, ""p_meet"": 0.85, ""mean_cost"": 19656205.583219044, ""mcse_cost"": 14834.634642688869, ""mean_shortage_days"": 8.081106243154435, ""mean_cost_per_unit"": 15.71460652168491, ""capacity_utilization"": 6254378.25, ""feasible"": false, ""n_runs"": 20, ""eligibility"": ""NO_CONCLUSION""}, {""value"": 14.25, ""strategy_id"": ""S13"", ""mean_fill"": 0.9949284147265564, ""p_meet"": 0.9, ""mean_cost"": 19650808.599461857, ""mcse_cost"": 14657.099372332232, ""mean_shortage_days"": 8.731195235487403, ""mean_cost_per_unit"": 15.715703795960152, ""capacity_utilization"": 6252396.9, ""feasible"": true, ""n_runs"": 20, ""eligibility"": ""NO_CONCLUSION""}]",bisection over 5 steps on 20 paired runs,13.5,14.25
S13,sodium_bicarbonate_8_4_50ml,raw_material_lead_time,product.material_lead_time_days,30.0,90.0,240.0,True,False,177.65625,feasible_below,"[{""value"": 30.0, ""strategy_id"": ""S13"", ""mean_fill"": 0.9947941727091564, ""p_meet"": 0.9, ""mean_cost"": 19615248.208949074, ""mcse_cost"": 14323.7058622863, ""mean_shortage_days"": 8.551170591456735, ""mean_cost_per_unit"": 15.688940567663684, ""capacity_utilization"": 6251760.6, ""feasible"": true, ""n_runs"": 20, ""eligibility"": ""NO_CONCLUSION""}, {""value"": 240.0, ""strategy_id"": ""S13"", ""mean_fill"": 0.9926812269507981, ""p_meet"": 0.8, ""mean_cost"": 19686276.09982014, ""mcse_cost"": 14813.77126629688, ""mean_shortage_days"": 13.331825027382255, ""mean_cost_per_unit"": 15.780382673249457, ""capacity_utilization"": 6238235.65, ""feasible"": false, ""n_runs"": 20, ""eligibility"": ""NO_CONCLUSION""}, {""value"": 135.0, ""strategy_id"": ""S13"", ""mean_fill"": 0.9954232884076912, ""p_meet"": 0.9, ""mean_cost"": 19674189.35956273, ""mcse_cost"": 16357.233783684256, ""mean_shortage_days"": 8.241128148959474, ""mean_cost_per_unit"": 15.726735599210329, ""capacity_utilization"": 6255642.05, ""feasible"": true, ""n_runs"": 20, ""eligibility"": ""NO_CONCLUSION""}, {""value"": 187.5, ""strategy_id"": ""S13"", ""mean_fill"": 0.9946490515884523, ""p_meet"": 0.85, ""mean_cost"": 19686074.77602347, ""mcse_cost"": 13898.993586507871, ""mean_shortage_days"": 9.181256845564075, ""mean_cost_per_unit"": 15.747951608111146, ""capacity_utilization"": 6250868.7, ""feasible"": false, ""n_runs"": 20, ""eligibility"": ""NO_CONCLUSION""}, {""value"": 161.25, ""strategy_id"": ""S13"", ""mean_fill"": 0.9950976747217573, ""p_meet"": 0.9, ""mean_cost"": 19681889.340735704, ""mcse_cost"": 14046.238510963842, ""mean_shortage_days"": 8.68118838992333, ""mean_cost_per_unit"": 15.738057922773455, ""capacity_utilization"": 6253266.1, ""feasible"": true, ""n_runs"": 20, ""eligibility"": ""NO_CONCLUSION""}, {""value"": 174.375, ""strategy_id"": ""S13"", ""mean_fill"": 0.9948663977318116, ""p_meet"": 0.9, ""mean_cost"": 19684495.931383803, ""mcse_cost"": 13603.164498907434, ""mean_shortage_days"": 8.391148685651697, ""mean_cost_per_unit"": 15.742838495190473, ""capacity_utilization"": 6252258.1, ""feasible"": true, ""n_runs"": 20, ""eligibility"": ""NO_CONCLUSION""}, {""value"": 180.9375, ""strategy_id"": ""S13"", ""mean_fill"": 0.9940472192392923, ""p_meet"": 0.85, ""mean_cost"": 19683531.479701925, ""mcse_cost"": 13942.663745219224, ""mean_shortage_days"": 9.761336254107338, ""mean_cost_per_unit"": 15.75625268446674, ""capacity_utilization"": 6246840.7, ""feasible"": false, ""n_runs"": 20, ""eligibility"": ""NO_CONCLUSION""}]",bisection over 5 steps on 20 paired runs,174.375,180.9375
S13,sodium_bicarbonate_8_4_50ml,common_cause_dependence,global.common_cause_events_per_year,0.02,0.1,0.3,True,False,0.120625,feasible_below,"[{""value"": 0.02, ""strategy_id"": ""S13"", ""mean_fill"": 0.9992976305346388, ""p_meet"": 1.0, ""mean_cost"": 19701271.81216861, ""mcse_cost"": 9825.303227835739, ""mean_shortage_days"": 1.3001779846659365, ""mean_cost_per_unit"": 15.684739825252695, ""capacity_utilization"": 6280341.2, ""feasible"": true, ""n_runs"": 20, ""eligibility"": ""NO_CONCLUSION""}, {""value"": 0.3, ""strategy_id"": ""S13"", ""mean_fill"": 0.9568068611151397, ""p_meet"": 0.25, ""mean_cost"": 19495213.08265241, ""mcse_cost"": 32951.575002594705, ""mean_shortage_days"": 44.91614868565169, ""mean_cost_per_unit"": 16.261153005122168, ""capacity_utilization"": 6006997.65, ""feasible"": false, ""n_runs"": 20, ""eligibility"": ""NO_CONCLUSION""}, {""value"": 0.16, ""strategy_id"": ""S13"", ""mean_fill"": 0.9823634793842471, ""p_meet"": 0.5, ""mean_cost"": 19588347.88716222, ""mcse_cost"": 18186.87982504284, ""mean_shortage_days"": 21.012876506024092, ""mean_cost_per_unit"": 15.870215247567652, ""capacity_utilization"": 6172865.5, ""feasible"": false, ""n_runs"": 20, ""eligibility"": ""NO_CONCLUSION""}, {""value"": 0.09, ""strategy_id"": ""S13"", ""mean_fill"": 0.9954932142871776, ""p_meet"": 0.9, ""mean_cost"": 19654792.50797098, ""mcse_cost"": 14393.537017719478, ""mean_shortage_days"": 7.11097343921139, ""mean_cost_per_unit"": 15.709653176868343, ""capacity_utilization"": 6255952.4, ""feasible"": true, ""n_runs"": 20, ""eligibility"": ""NO_CONCLUSION""}, {""value"": 0.125, ""strategy_id"": ""S13"", ""mean_fill"": 0.992997314132109, ""p_meet"": 0.8, ""mean_cost"": 19632556.139179792, ""mcse_cost"": 16063.702076006875, ""mean_shortage_days"": 12.311685377875136, ""mean_cost_per_unit"": 15.731042989777299, ""capacity_utilization"": 6240595.75, ""feasible"": false, ""n_runs"": 20, ""eligibility"": ""NO_CONCLUSION""}, {""value"": 0.1075, ""strategy_id"": ""S13"", ""mean_fill"": 0.9942556870797752, ""p_meet"": 0.9, ""mean_cost"": 19643775.3218635, ""mcse_cost"": 15625.974450389567, ""mean_shortage_days"": 9.941360898138004, ""mean_cost_per_unit"": 15.72053326396355, ""capacity_utilization"": 6248261.15, ""feasible"": true, ""n_runs"": 20, ""eligibility"": ""NO_CONCLUSION""}, {""value"": 0.11624999999999999, ""strategy_id"": ""S13"", ""mean_fill"": 0.9943986114012361, ""p_meet"": 0.9, ""mean_cost"": 19640212.899594445, ""mcse_cost"": 14442.491660616375, ""mean_shortage_days"": 10.941497809419495, ""mean_cost_per_unit"": 15.717283548018179, ""capacity_utilization"": 6248322.05, ""feasible"": true, ""n_runs"": 20, ""eligibility"": ""NO_CONCLUSION""}]",bisection over 5 steps on 20 paired runs,0.11624999999999999,0.125
S13,sodium_bicarbonate_8_4_50ml,supplier_concentration,global.supplier_disruptions_per_supplier_year,0.05,0.2,0.6,True,True,,feasible_everywhere,"[{""value"": 0.05, ""strategy_id"": ""S13"", ""mean_fill"": 0.9954232884076912, ""p_meet"": 0.9, ""mean_cost"": 19652128.057065226, ""mcse_cost"": 16251.103270178954, ""mean_shortage_days"": 8.241128148959474, ""mean_cost_per_unit"": 15.709092728603943, ""capacity_utilization"": 6255642.05, ""feasible"": true, ""n_runs"": 20, ""eligibility"": ""NO_CONCLUSION""}, {""value"": 0.6, ""strategy_id"": ""S13"", ""mean_fill"": 0.9955048091369119, ""p_meet"": 0.9, ""mean_cost"": 19648817.33907413, ""mcse_cost"": 16811.24200453899, ""mean_shortage_days"": 9.221262322015335, ""mean_cost_per_unit"": 15.70430237203271, ""capacity_utilization"": 6256413.1, ""feasible"": true, ""n_runs"": 20, ""eligibility"": ""NO_CONCLUSION""}]",feasibility does not change between 0.05 and 0.6; no threshold inside the recorded range,,
S13,sodium_bicarbonate_8_4_50ml,commissioning_days,global.node_commissioning_days,365.0,730.0,1095.0,True,True,,feasible_everywhere,"[{""value"": 365.0, ""strategy_id"": ""S13"", ""mean_fill"": 0.9949284147265564, ""p_meet"": 0.9, ""mean_cost"": 19650808.599461857, ""mcse_cost"": 14657.099372332232, ""mean_shortage_days"": 8.731195235487403, ""mean_cost_per_unit"": 15.715703795960152, ""capacity_utilization"": 6252396.9, ""feasible"": true, ""n_runs"": 20, ""eligibility"": ""NO_CONCLUSION""}, {""value"": 1095.0, ""strategy_id"": ""S13"", ""mean_fill"": 0.9949284147265564, ""p_meet"": 0.9, ""mean_cost"": 19650808.599461857, ""mcse_cost"": 14657.099372332232, ""mean_shortage_days"": 8.731195235487403, ""mean_cost_per_unit"": 15.715703795960152, ""capacity_utilization"": 6252396.9, ""feasible"": true, ""n_runs"": 20, ""eligibility"": ""NO_CONCLUSION""}]",feasibility does not change between 365.0 and 1095.0; no threshold inside the recorded range,,
S13,sodium_bicarbonate_8_4_50ml,activation_latency_days,global.reserved_capacity_activation_days,7.0,21.0,60.0,True,False,39.296875,feasible_below,"[{""value"": 7.0, ""strategy_id"": ""S13"", ""mean_fill"": 0.9953716691254506, ""p_meet"": 0.9, ""mean_cost"": 19654608.471491523, ""mcse_cost"": 14104.772741902514, ""mean_shortage_days"": 7.461021358159911, ""mean_cost_per_unit"": 15.711457872918283, ""capacity_utilization"": 6255174.85, ""feasible"": true, ""n_runs"": 20, ""eligibility"": ""NO_CONCLUSION""}, {""value"": 60.0, ""strategy_id"": ""S13"", ""mean_fill"": 0.993500225605319, ""p_meet"": 0.85, ""mean_cost"": 19634064.9292494, ""mcse_cost"": 15890.392719584073, ""mean_shortage_days"": 10.061377327491783, ""mean_cost_per_unit"": 15.725893933393845, ""capacity_utilization"": 6243437.85, ""feasible"": false, ""n_runs"": 20, ""eligibility"": ""NO_CONCLUSION""}, {""value"": 33.5, ""strategy_id"": ""S13"", ""mean_fill"": 0.9945871100074687, ""p_meet"": 0.9, ""mean_cost"": 19647542.876070026, ""mcse_cost"": 14630.279367291714, ""mean_shortage_days"": 8.6611856516977, ""mean_cost_per_unit"": 15.718267482123858, ""capacity_utilization"": 6250447.0, ""feasible"": true, ""n_runs"": 20, ""eligibility"": ""NO_CONCLUSION""}, {""value"": 46.75, ""strategy_id"": ""S13"", ""mean_fill"": 0.9939266252862664, ""p_meet"": 0.85, ""mean_cost"": 19640774.102876734, ""mcse_cost"": 15204.336675519538, ""mean_shortage_days"": 9.281270536692222, ""mean_cost_per_unit"": 15.723661060186624, ""capacity_utilization"": 6246266.35, ""feasible"": false, ""n_runs"": 20, ""eligibility"": ""NO_CONCLUSION""}, {""value"": 40.125, ""strategy_id"": ""S13"", ""mean_fill"": 0.9941151983658646, ""p_meet"": 0.85, ""mean_cost"": 19642753.938443594, ""mcse_cost"": 15291.472927642973, ""mean_shortage_days"": 8.841210295728368, ""mean_cost_per_unit"": 15.72243513173314, ""capacity_utilization"": 6247455.8, ""feasible"": false, ""n_runs"": 20, ""eligibility"": ""NO_CONCLUSION""}, {""value"": 36.8125, ""strategy_id"": ""S13"", ""mean_fill"": 0.994532657433248, ""p_meet"": 0.9, ""mean_cost"": 19645790.836510006, ""mcse_cost"": 14811.198373575136, ""mean_shortage_days"": 8.811206188389923, ""mean_cost_per_unit"": 15.717741601371817, ""capacity_utilization"": 6250114.85, ""feasible"": true, ""n_runs"": 20, ""eligibility"": ""NO_CONCLUSION""}, {""value"": 38.46875, ""strategy_id"": ""S13"", ""mean_fill"": 0.9942788427417424, ""p_meet"": 0.9, ""mean_cost"": 19644937.965162672, ""mcse_cost"": 14960.753040475443, ""mean_shortage_days"": 8.74119660460022, ""mean_cost_per_unit"": 15.721390828599576, ""capacity_utilization"": 6248503.65, ""feasible"": true, ""n_runs"": 20, ""eligibility"": ""NO_CONCLUSION""}]",bisection over 5 steps on 20 paired runs,38.46875,40.125
S13,sodium_bicarbonate_8_4_50ml,node_capital,product.capital_usd_per_site,15000000.0,40000000.0,100000000.0,True,True,,feasible_everywhere,"[{""value"": 15000000.0, ""strategy_id"": ""S13"", ""mean_fill"": 0.9949284147265564, ""p_meet"": 0.9, ""mean_cost"": 13252965.220990447, ""mcse_cost"": 14657.099372332124, ""mean_shortage_days"": 8.731195235487403, ""mean_cost_per_unit"": 10.598813050989417, ""capacity_utilization"": 6252396.9, ""feasible"": true, ""n_runs"": 20, ""eligibility"": ""NO_CONCLUSION""}, {""value"": 100000000.0, ""strategy_id"": ""S13"", ""mean_fill"": 0.9949284147265564, ""p_meet"": 0.9, ""mean_cost"": 35005632.70779704, ""mcse_cost"": 14657.099372332084, ""mean_shortage_days"": 8.731195235487403, ""mean_cost_per_unit"": 27.99624158389297, ""capacity_utilization"": 6252396.9, ""feasible"": true, ""n_runs"": 20, ""eligibility"": ""NO_CONCLUSION""}]",feasibility does not change between 15000000.0 and 100000000.0; no threshold inside the recorded range,,
S13,sodium_bicarbonate_8_4_50ml,batches_per_site_year,product.batches_per_site_year_nominal,30.0,45.0,70.0,False,True,44.375,feasible_above,"[{""value"": 30.0, ""strategy_id"": ""S13"", ""mean_fill"": 0.7526768318595165, ""p_meet"": 0.0, ""mean_cost"": 18847441.194433495, ""mcse_cost"": 22440.10073022877, ""mean_shortage_days"": 206.3082420591457, ""mean_cost_per_unit"": 20.040284484832192, ""capacity_utilization"": 4710269.5, ""feasible"": false, ""n_runs"": 20, ""eligibility"": ""NO_CONCLUSION""}, {""value"": 70.0, ""strategy_id"": ""S13"", ""mean_fill"": 1.0, ""p_meet"": 1.0, ""mean_cost"": 20970099.674178638, ""mcse_cost"": 29055.96781129775, ""mean_shortage_days"": 0.0, ""mean_cost_per_unit"": 16.68330946050582, ""capacity_utilization"": 6284911.2, ""feasible"": true, ""n_runs"": 20, ""eligibility"": ""NO_CONCLUSION""}, {""value"": 50.0, ""strategy_id"": ""S13"", ""mean_fill"": 0.9998809700750938, ""p_meet"": 1.0, ""mean_cost"": 19867972.185374897, ""mcse_cost"": 28190.762191099933, ""mean_shortage_days"": 0.670091730558598, ""mean_cost_per_unit"": 15.808628855846234, ""capacity_utilization"": 6284018.1, ""feasible"": true, ""n_runs"": 20, ""eligibility"": ""NO_CONCLUSION""}, {""value"": 40.0, ""strategy_id"": ""S13"", ""mean_fill"": 0.962708505171728, ""p_meet"": 0.2, ""mean_cost"": 19472322.12487495, ""mcse_cost"": 23142.213131651755, ""mean_shortage_days"": 61.028354326396496, ""mean_cost_per_unit"": 16.132969194817, ""capacity_utilization"": 6041608.05, ""feasible"": false, ""n_runs"": 20, ""eligibility"": ""NO_CONCLUSION""}, {""value"": 45.0, ""strategy_id"": ""S13"", ""mean_fill"": 0.9949284147265564, ""p_meet"": 0.9, ""mean_cost"": 19650808.599461857, ""mcse_cost"": 14657.099372332232, ""mean_shortage_days"": 8.731195235487403, ""mean_cost_per_unit"": 15.715703795960152, ""capacity_utilization"": 6252396.9, ""feasible"": true, ""n_runs"": 20, ""eligibility"": ""NO_CONCLUSION""}, {""value"": 42.5, ""strategy_id"": ""S13"", ""mean_fill"": 0.9740218010231407, ""p_meet"": 0.35, ""mean_cost"": 19521343.46264672, ""mcse_cost"": 20435.881729011726, ""mean_shortage_days"": 42.515820098576114, ""mean_cost_per_unit"": 15.963811393174955, ""capacity_utilization"": 6118818.55, ""feasible"": false, ""n_runs"": 20, ""eligibility"": ""NO_CONCLUSION""}, {""value"": 43.75, ""strategy_id"": ""S13"", ""mean_fill"": 0.9945883597587931, ""p_meet"": 0.85, ""mean_cost"": 19641929.420592844, ""mcse_cost"": 15682.146147680518, ""mean_shortage_days"": 8.72119386637459, ""mean_cost_per_unit"": 15.713890145985886, ""capacity_utilization"": 6250250.4, ""feasible"": false, ""n_runs"": 20, ""eligibility"": ""NO_CONCLUSION""}]",bisection over 5 steps on 20 paired runs,43.75,45.0
S13,sodium_bicarbonate_8_4_50ml,changeover_burden,product.changeover_days,1.0,3.0,10.0,True,False,3.390625,feasible_below,"[{""value"": 1.0, ""strategy_id"": ""S13"", ""mean_fill"": 0.9953759877475743, ""p_meet"": 0.9, ""mean_cost"": 19650930.67441234, ""mcse_cost"": 14930.43795271509, ""mean_shortage_days"": 7.331003559693317, ""mean_cost_per_unit"": 15.708161758617994, ""capacity_utilization"": 6255375.95, ""feasible"": true, ""n_runs"": 20, ""eligibility"": ""NO_CONCLUSION""}, {""value"": 10.0, ""strategy_id"": ""S13"", ""mean_fill"": 0.9265524224001199, ""p_meet"": 0.0, ""mean_cost"": 19398897.834898643, ""mcse_cost"": 20569.8204577317, ""mean_shortage_days"": 121.6666552573932, ""mean_cost_per_unit"": 16.70941089319843, ""capacity_utilization"": 5810431.3, ""feasible"": false, ""n_runs"": 20, ""eligibility"": ""NO_CONCLUSION""}, {""value"": 5.5, ""strategy_id"": ""S13"", ""mean_fill"": 0.9952302648715643, ""p_meet"": 0.85, ""mean_cost"": 19650442.794866916, ""mcse_cost"": 13898.253733865971, ""mean_shortage_days"": 8.381147316538883, ""mean_cost_per_unit"": 15.709965952858024, ""capacity_utilization"": 6254426.55, ""feasible"": false, ""n_runs"": 20, ""eligibility"": ""NO_CONCLUSION""}, {""value"": 3.25, ""strategy_id"": ""S13"", ""mean_fill"": 0.9949284147265564, ""p_meet"": 0.9, ""mean_cost"": 19650808.599461857, ""mcse_cost"": 14657.099372332232, ""mean_shortage_days"": 8.731195235487403, ""mean_cost_per_unit"": 15.715703795960152, ""capacity_utilization"": 6252396.9, ""feasible"": true, ""n_runs"": 20, ""eligibility"": ""NO_CONCLUSION""}, {""value"": 4.375, ""strategy_id"": ""S13"", ""mean_fill"": 0.9953137481231229, ""p_meet"": 0.85, ""mean_cost"": 19650278.278759204, ""mcse_cost"": 14057.277937690993, ""mean_shortage_days"": 8.041100766703176, ""mean_cost_per_unit"": 15.708554858466968, ""capacity_utilization"": 6254907.45, ""feasible"": false, ""n_runs"": 20, ""eligibility"": ""NO_CONCLUSION""}, {""value"": 3.8125, ""strategy_id"": ""S13"", ""mean_fill"": 0.9953137481231229, ""p_meet"": 0.85, ""mean_cost"": 19650278.278759204, ""mcse_cost"": 14057.277937690993, ""mean_shortage_days"": 8.041100766703176, ""mean_cost_per_unit"": 15.708554858466968, ""capacity_utilization"": 6254907.45, ""feasible"": false, ""n_runs"": 20, ""eligibility"": ""NO_CONCLUSION""}, {""value"": 3.53125, ""strategy_id"": ""S13"", ""mean_fill"": 0.9953137481231229, ""p_meet"": 0.85, ""mean_cost"": 19650278.278759204, ""mcse_cost"": 14057.277937690993, ""mean_shortage_days"": 8.041100766703176, ""mean_cost_per_unit"": 15.708554858466968, ""capacity_utilization"": 6254907.45, ""feasible"": false, ""n_runs"": 20, ""eligibility"": ""NO_CONCLUSION""}]",bisection over 5 steps on 20 paired runs,3.25,3.53125
S14,sodium_bicarbonate_8_4_50ml,capacity_utilization,product.annual_demand_units,600000.0,1200000.0,2400000.0,True,False,1134375.0,feasible_below,"[{""value"": 600000.0, ""strategy_id"": ""S14"", ""mean_fill"": 1.0, ""p_meet"": 1.0, ""mean_cost"": 23500176.978990816, ""mcse_cost"": 7513.438536597842, ""mean_shortage_days"": 0.0, ""mean_cost_per_unit"": 37.392841849892456, ""capacity_utilization"": 3142458.6, ""feasible"": true, ""n_runs"": 20, ""eligibility"": ""NO_CONCLUSION""}, {""value"": 2400000.0, ""strategy_id"": ""S14"", ""mean_fill"": 0.6507178165506553, ""p_meet"": 0.0, ""mean_cost"": 26152492.155902274, ""mcse_cost"": 40860.906493982824, ""mean_shortage_days"": 288.81953723986857, ""mean_cost_per_unit"": 16.08589266832952, ""capacity_utilization"": 8141247.1, ""feasible"": false, ""n_runs"": 20, ""eligibility"": ""NO_CONCLUSION""}, {""value"": 1500000.0, ""strategy_id"": ""S14"", ""mean_fill"": 0.960294914760628, ""p_meet"": 0.1, ""mean_cost"": 25764945.95446754, ""mcse_cost"": 38120.969166081624, ""mean_shortage_days"": 34.054661829134716, ""mean_cost_per_unit"": 17.084775454709856, ""capacity_utilization"": 7543720.05, ""feasible"": false, ""n_runs"": 20, ""eligibility"": ""NO_CONCLUSION""}, {""value"": 1050000.0, ""strategy_id"": ""S14"", ""mean_fill"": 0.9989914086633107, ""p_meet"": 0.95, ""mean_cost"": 24749364.657457266, ""mcse_cost"": 10874.74126593622, ""mean_shortage_days"": 3.270447699890471, ""mean_cost_per_unit"": 22.525955029310207, ""capacity_utilization"": 5493792.35, ""feasible"": true, ""n_runs"": 20, ""eligibility"": ""NO_CONCLUSION""}, {""value"": 1275000.0, ""strategy_id"": ""S14"", ""mean_fill"": 0.9913698901799496, ""p_meet"": 0.8, ""mean_cost"": 25375309.01386576, ""mcse_cost"": 17409.96103912657, ""mean_shortage_days"": 8.791203450164293, ""mean_cost_per_unit"": 19.171116203570566, ""capacity_utilization"": 6620292.2, ""feasible"": false, ""n_runs"": 20, ""eligibility"": ""NO_CONCLUSION""}, {""value"": 1162500.0, ""strategy_id"": ""S14"", ""mean_fill"": 0.9952707360404341, ""p_meet"": 0.8, ""mean_cost"": 25051876.949908204, ""mcse_cost"": 12454.567155684737, ""mean_shortage_days"": 6.200848849945235, ""mean_cost_per_unit"": 20.673259247041806, ""capacity_utilization"": 6059777.0, ""feasible"": false, ""n_runs"": 20, ""eligibility"": ""NO_CONCLUSION""}, {""value"": 1106250.0, ""strategy_id"": ""S14"", ""mean_fill"": 0.998015631732545, ""p_meet"": 0.9, ""mean_cost"": 24894063.960011806, ""mcse_cost"": 10936.628844465022, ""mean_shortage_days"": 4.110562705366922, ""mean_cost_per_unit"": 21.52709185781021, ""capacity_utilization"": 5782476.3, ""feasible"": true, ""n_runs"": 20, ""eligibility"": ""NO_CONCLUSION""}]",bisection over 5 steps on 20 paired runs,1106250.0,1162500.0
S14,sodium_bicarbonate_8_4_50ml,fixed_qa_labor_per_node,product.fixed_qa_labor_usd_per_site_year,1500000.0,3000000.0,6000000.0,False,False,,infeasible_everywhere,"[{""value"": 1500000.0, ""strategy_id"": ""S14"", ""mean_fill"": 0.9944794644457742, ""p_meet"": 0.85, ""mean_cost"": 22174355.697588284, ""mcse_cost"": 14576.068210620519, ""mean_shortage_days"": 5.490751642935377, ""mean_cost_per_unit"": 17.742068482594767, ""capacity_utilization"": 6250323.45, ""feasible"": false, ""n_runs"": 20, ""eligibility"": ""NO_CONCLUSION""}, {""value"": 6000000.0, ""strategy_id"": ""S14"", ""mean_fill"": 0.9944794644457742, ""p_meet"": 0.85, ""mean_cost"": 31143482.92797547, ""mcse_cost"": 14576.068210620413, ""mean_shortage_days"": 5.490751642935377, ""mean_cost_per_unit"": 24.91880790485895, ""capacity_utilization"": 6250323.45, ""feasible"": false, ""n_runs"": 20, ""eligibility"": ""NO_CONCLUSION""}]",feasibility does not change between 1500000.0 and 6000000.0; no threshold inside the recorded range,,
S14,sodium_bicarbonate_8_4_50ml,release_time,global.sterility_incubation_days,14.0,14.0,18.0,False,False,,infeasible_everywhere,"[{""value"": 14.0, ""strategy_id"": ""S14"", ""mean_fill"": 0.9944794644457742, ""p_meet"": 0.85, ""mean_cost"": 25164064.774384014, ""mcse_cost"": 14576.068210620528, ""mean_shortage_days"": 5.490751642935377, ""mean_cost_per_unit"": 20.13431495668283, ""capacity_utilization"": 6250323.45, ""feasible"": false, ""n_runs"": 20, ""eligibility"": ""NO_CONCLUSION""}, {""value"": 18.0, ""strategy_id"": ""S14"", ""mean_fill"": 0.9939711344257279, ""p_meet"": 0.85, ""mean_cost"": 25164238.18092623, ""mcse_cost"": 14817.281145370067, ""mean_shortage_days"": 5.830798192771084, ""mean_cost_per_unit"": 20.145235887260156, ""capacity_utilization"": 6247143.85, ""feasible"": false, ""n_runs"": 20, ""eligibility"": ""NO_CONCLUSION""}]",feasibility does not change between 14.0 and 18.0; no threshold inside the recorded range,,
S14,sodium_bicarbonate_8_4_50ml,shelf_life,product.shelf_life_months,12.0,24.0,36.0,False,False,,infeasible_everywhere,"[{""value"": 12.0, ""strategy_id"": ""S14"", ""mean_fill"": 0.9944794644457742, ""p_meet"": 0.85, ""mean_cost"": 25249672.13663413, ""mcse_cost"": 18645.882722795002, ""mean_shortage_days"": 5.490751642935377, ""mean_cost_per_unit"": 20.202756564009206, ""capacity_utilization"": 6250323.45, ""feasible"": false, ""n_runs"": 20, ""eligibility"": ""NO_CONCLUSION""}, {""value"": 36.0, ""strategy_id"": ""S14"", ""mean_fill"": 0.9944794644457742, ""p_meet"": 0.85, ""mean_cost"": 25164064.774384014, ""mcse_cost"": 14576.068210620528, ""mean_shortage_days"": 5.490751642935377, ""mean_cost_per_unit"": 20.13431495668283, ""capacity_utilization"": 6250323.45, ""feasible"": false, ""n_runs"": 20, ""eligibility"": ""NO_CONCLUSION""}]",feasibility does not change between 12.0 and 36.0; no threshold inside the recorded range,,
S14,sodium_bicarbonate_8_4_50ml,raw_material_lead_time,product.material_lead_time_days,30.0,90.0,240.0,False,False,,infeasible_everywhere,"[{""value"": 30.0, ""strategy_id"": ""S14"", ""mean_fill"": 0.9943552347925696, ""p_meet"": 0.85, ""mean_cost"": 25151967.36363869, ""mcse_cost"": 14838.593239894508, ""mean_shortage_days"": 6.25085569550931, ""mean_cost_per_unit"": 20.127094925706775, ""capacity_utilization"": 6249530.25, ""feasible"": false, ""n_runs"": 20, ""eligibility"": ""NO_CONCLUSION""}, {""value"": 240.0, ""strategy_id"": ""S14"", ""mean_fill"": 0.9607311226915443, ""p_meet"": 0.05, ""mean_cost"": 25051793.478586204, ""mcse_cost"": 12898.530176980454, ""mean_shortage_days"": 40.80558598028477, ""mean_cost_per_unit"": 20.749458353224327, ""capacity_utilization"": 6038140.7, ""feasible"": false, ""n_runs"": 20, ""eligibility"": ""NO_CONCLUSION""}]",feasibility does not change between 30.0 and 240.0; no threshold inside the recorded range,,
S14,sodium_bicarbonate_8_4_50ml,common_cause_dependence,global.common_cause_events_per_year,0.02,0.1,0.3,True,False,0.041874999999999996,feasible_below,"[{""value"": 0.02, ""strategy_id"": ""S14"", ""mean_fill"": 0.9991188710268535, ""p_meet"": 0.95, ""mean_cost"": 25192955.345290907, ""mcse_cost"": 11230.469422348802, ""mean_shortage_days"": 1.3001779846659365, ""mean_cost_per_unit"": 20.06097922075709, ""capacity_utilization"": 6279424.75, ""feasible"": true, ""n_runs"": 20, ""eligibility"": ""NO_CONCLUSION""}, {""value"": 0.3, ""strategy_id"": ""S14"", ""mean_fill"": 0.9893694365712369, ""p_meet"": 0.75, ""mean_cost"": 25108077.071579587, ""mcse_cost"": 29000.870718196154, ""mean_shortage_days"": 11.531578587075575, ""mean_cost_per_unit"": 20.19341352728391, ""capacity_utilization"": 6217405.15, ""feasible"": false, ""n_runs"": 20, ""eligibility"": ""NO_CONCLUSION""}, {""value"": 0.16, ""strategy_id"": ""S14"", ""mean_fill"": 0.9884056610507168, ""p_meet"": 0.7, ""mean_cost"": 25145244.042155575, ""mcse_cost"": 16763.226054179464, ""mean_shortage_days"": 11.611589539978095, ""mean_cost_per_unit"": 20.246000890715102, ""capacity_utilization"": 6211903.1, ""feasible"": false, ""n_runs"": 20, ""eligibility"": ""NO_CONCLUSION""}, {""value"": 0.09, ""strategy_id"": ""S14"", ""mean_fill"": 0.994715478366994, ""p_meet"": 0.85, ""mean_cost"": 25167444.26840752, ""mcse_cost"": 14613.778746621354, ""mean_shortage_days"": 4.980681818181817, ""mean_cost_per_unit"": 20.132208953855432, ""capacity_utilization"": 6251788.1, ""feasible"": false, ""n_runs"": 20, ""eligibility"": ""NO_CONCLUSION""}, {""value"": 0.055, ""strategy_id"": ""S14"", ""mean_fill"": 0.9955439543251956, ""p_meet"": 0.85, ""mean_cost"": 25174212.013947457, ""mcse_cost"": 13345.083127663616, ""mean_shortage_days"": 3.8605284775465494, ""mean_cost_per_unit"": 20.12013570708253, ""capacity_utilization"": 6256946.7, ""feasible"": false, ""n_runs"": 20, ""eligibility"": ""NO_CONCLUSION""}, {""value"": 0.0375, ""strategy_id"": ""S14"", ""mean_fill"": 0.9969258653809895, ""p_meet"": 0.9, ""mean_cost"": 25180448.92444723, ""mcse_cost"": 13406.177091210046, ""mean_shortage_days"": 3.31045317634173, ""mean_cost_per_unit"": 20.0968590460309, ""capacity_utilization"": 6265695.8, ""feasible"": true, ""n_runs"": 20, ""eligibility"": ""NO_CONCLUSION""}, {""value"": 0.04625, ""strategy_id"": ""S14"", ""mean_fill"": 0.9955439543251956, ""p_meet"": 0.85, ""mean_cost"": 25175068.70991003, ""mcse_cost"": 13432.464746696376, ""mean_shortage_days"": 3.8605284775465494, ""mean_cost_per_unit"": 20.120813579828933, ""capacity_utilization"": 6256946.7, ""feasible"": false, ""n_runs"": 20, ""eligibility"": ""NO_CONCLUSION""}]",bisection over 5 steps on 20 paired runs,0.0375,0.04625
S14,sodium_bicarbonate_8_4_50ml,supplier_concentration,global.supplier_disruptions_per_supplier_year,0.05,0.2,0.6,False,False,,infeasible_everywhere,"[{""value"": 0.05, ""strategy_id"": ""S14"", ""mean_fill"": 0.9951163093381163, ""p_meet"": 0.85, ""mean_cost"": 25168991.96535047, ""mcse_cost"": 14142.045285809212, ""mean_shortage_days"": 5.230716046002191, ""mean_cost_per_unit"": 20.12477822884677, ""capacity_utilization"": 6254337.0, ""feasible"": false, ""n_runs"": 20, ""eligibility"": ""NO_CONCLUSION""}, {""value"": 0.6, ""strategy_id"": ""S14"", ""mean_fill"": 0.9935094321616784, ""p_meet"": 0.85, ""mean_cost"": 25159996.134066578, ""mcse_cost"": 15785.435767004781, ""mean_shortage_days"": 5.640772179627601, ""mean_cost_per_unit"": 20.152730134681597, ""capacity_utilization"": 6244274.6, ""feasible"": false, ""n_runs"": 20, ""eligibility"": ""NO_CONCLUSION""}]",feasibility does not change between 0.05 and 0.6; no threshold inside the recorded range,,
S14,sodium_bicarbonate_8_4_50ml,commissioning_days,global.node_commissioning_days,365.0,730.0,1095.0,False,False,,infeasible_everywhere,"[{""value"": 365.0, ""strategy_id"": ""S14"", ""mean_fill"": 0.9944794644457742, ""p_meet"": 0.85, ""mean_cost"": 25164064.774384014, ""mcse_cost"": 14576.068210620528, ""mean_shortage_days"": 5.490751642935377, ""mean_cost_per_unit"": 20.13431495668283, ""capacity_utilization"": 6250323.45, ""feasible"": false, ""n_runs"": 20, ""eligibility"": ""NO_CONCLUSION""}, {""value"": 1095.0, ""strategy_id"": ""S14"", ""mean_fill"": 0.9944794644457742, ""p_meet"": 0.85, ""mean_cost"": 25164064.774384014, ""mcse_cost"": 14576.068210620528, ""mean_shortage_days"": 5.490751642935377, ""mean_cost_per_unit"": 20.13431495668283, ""capacity_utilization"": 6250323.45, ""feasible"": false, ""n_runs"": 20, ""eligibility"": ""NO_CONCLUSION""}]",feasibility does not change between 365.0 and 1095.0; no threshold inside the recorded range,,
S14,sodium_bicarbonate_8_4_50ml,activation_latency_days,global.reserved_capacity_activation_days,7.0,21.0,60.0,False,False,,infeasible_everywhere,"[{""value"": 7.0, ""strategy_id"": ""S14"", ""mean_fill"": 0.9944794644457742, ""p_meet"": 0.85, ""mean_cost"": 25164064.774384014, ""mcse_cost"": 14576.068210620528, ""mean_shortage_days"": 5.490751642935377, ""mean_cost_per_unit"": 20.13431495668283, ""capacity_utilization"": 6250323.45, ""feasible"": false, ""n_runs"": 20, ""eligibility"": ""NO_CONCLUSION""}, {""value"": 60.0, ""strategy_id"": ""S14"", ""mean_fill"": 0.9944794644457742, ""p_meet"": 0.85, ""mean_cost"": 25164064.774384014, ""mcse_cost"": 14576.068210620528, ""mean_shortage_days"": 5.490751642935377, ""mean_cost_per_unit"": 20.13431495668283, ""capacity_utilization"": 6250323.45, ""feasible"": false, ""n_runs"": 20, ""eligibility"": ""NO_CONCLUSION""}]",feasibility does not change between 7.0 and 60.0; no threshold inside the recorded range,,
S14,sodium_bicarbonate_8_4_50ml,node_capital,product.capital_usd_per_site,15000000.0,40000000.0,100000000.0,False,False,,infeasible_everywhere,"[{""value"": 15000000.0, ""strategy_id"": ""S14"", ""mean_fill"": 0.9944794644457742, ""p_meet"": 0.85, ""mean_cost"": 16785062.810746595, ""mcse_cost"": 14576.068210620513, ""mean_shortage_days"": 5.490751642935377, ""mean_cost_per_unit"": 13.429770337454613, ""capacity_utilization"": 6250323.45, ""feasible"": false, ""n_runs"": 20, ""eligibility"": ""NO_CONCLUSION""}, {""value"": 100000000.0, ""strategy_id"": ""S14"", ""mean_fill"": 0.9944794644457742, ""p_meet"": 0.85, ""mean_cost"": 45273669.48710897, ""mcse_cost"": 14576.06821062042, ""mean_shortage_days"": 5.490751642935377, ""mean_cost_per_unit"": 36.22522204282667, ""capacity_utilization"": 6250323.45, ""feasible"": false, ""n_runs"": 20, ""eligibility"": ""NO_CONCLUSION""}]",feasibility does not change between 15000000.0 and 100000000.0; no threshold inside the recorded range,,
S14,sodium_bicarbonate_8_4_50ml,batches_per_site_year,product.batches_per_site_year_nominal,30.0,45.0,70.0,False,True,48.125,feasible_above,"[{""value"": 30.0, ""strategy_id"": ""S14"", ""mean_fill"": 0.8494282259623305, ""p_meet"": 0.0, ""mean_cost"": 24308154.895591684, ""mcse_cost"": 23138.33795332259, ""mean_shortage_days"": 184.4352478094195, ""mean_cost_per_unit"": 22.829804073935144, ""capacity_utilization"": 5332068.4, ""feasible"": false, ""n_runs"": 20, ""eligibility"": ""NO_CONCLUSION""}, {""value"": 70.0, ""strategy_id"": ""S14"", ""mean_fill"": 1.0, ""p_meet"": 1.0, ""mean_cost"": 25603249.683369406, ""mcse_cost"": 21959.783047959518, ""mean_shortage_days"": 0.0, ""mean_cost_per_unit"": 20.369442154406496, ""capacity_utilization"": 6284911.2, ""feasible"": true, ""n_runs"": 20, ""eligibility"": ""NO_CONCLUSION""}, {""value"": 50.0, ""strategy_id"": ""S14"", ""mean_fill"": 0.9990168591888672, ""p_meet"": 0.95, ""mean_cost"": 25222084.309688896, ""mcse_cost"": 11920.39413391245, ""mean_shortage_days"": 2.6103573384446874, ""mean_cost_per_unit"": 20.086140857488086, ""capacity_utilization"": 6278765.3, ""feasible"": true, ""n_runs"": 20, ""eligibility"": ""NO_CONCLUSION""}, {""value"": 40.0, ""strategy_id"": ""S14"", ""mean_fill"": 0.9833420700761206, ""p_meet"": 0.6, ""mean_cost"": 25096312.189478263, ""mcse_cost"": 17428.085396634146, ""mean_shortage_days"": 15.812164567360352, ""mean_cost_per_unit"": 20.312518966730124, ""capacity_utilization"": 6179948.7, ""feasible"": false, ""n_runs"": 20, ""eligibility"": ""NO_CONCLUSION""}, {""value"": 45.0, ""strategy_id"": ""S14"", ""mean_fill"": 0.9944794644457742, ""p_meet"": 0.85, ""mean_cost"": 25164064.774384014, ""mcse_cost"": 14576.068210620528, ""mean_shortage_days"": 5.490751642935377, ""mean_cost_per_unit"": 20.13431495668283, ""capacity_utilization"": 6250323.45, ""feasible"": false, ""n_runs"": 20, ""eligibility"": ""NO_CONCLUSION""}, {""value"": 47.5, ""strategy_id"": ""S14"", ""mean_fill"": 0.9947332636516977, ""p_meet"": 0.85, ""mean_cost"": 25167184.319447912, ""mcse_cost"": 14050.054319447432, ""mean_shortage_days"": 5.35073247535597, ""mean_cost_per_unit"": 20.131395729621772, ""capacity_utilization"": 6251907.95, ""feasible"": false, ""n_runs"": 20, ""eligibility"": ""NO_CONCLUSION""}, {""value"": 48.75, ""strategy_id"": ""S14"", ""mean_fill"": 0.9991510948226358, ""p_meet"": 1.0, ""mean_cost"": 25221012.386005647, ""mcse_cost"": 11726.735221882815, ""mean_shortage_days"": 3.2604463307776554, ""mean_cost_per_unit"": 20.082517509658427, ""capacity_utilization"": 6279611.8, ""feasible"": true, ""n_runs"": 20, ""eligibility"": ""NO_CONCLUSION""}]",bisection over 5 steps on 20 paired runs,47.5,48.75
S14,sodium_bicarbonate_8_4_50ml,changeover_burden,product.changeover_days,1.0,3.0,10.0,False,False,,infeasible_everywhere,"[{""value"": 1.0, ""strategy_id"": ""S14"", ""mean_fill"": 0.9946781048574712, ""p_meet"": 0.85, ""mean_cost"": 25165177.166214913, ""mcse_cost"": 14250.316380402504, ""mean_shortage_days"": 5.300725629791894, ""mean_cost_per_unit"": 20.13097952330556, ""capacity_utilization"": 6251569.1, ""feasible"": false, ""n_runs"": 20, ""eligibility"": ""NO_CONCLUSION""}, {""value"": 10.0, ""strategy_id"": ""S14"", ""mean_fill"": 0.9171899361970552, ""p_meet"": 0.0, ""mean_cost"": 24508600.79940296, ""mcse_cost"": 18601.51676487409, ""mean_shortage_days"": 80.40100629791894, ""mean_cost_per_unit"": 21.271655631235156, ""capacity_utilization"": 5763884.1, ""feasible"": false, ""n_runs"": 20, ""eligibility"": ""NO_CONCLUSION""}]",feasibility does not change between 1.0 and 10.0; no threshold inside the recorded range,,
S15,sodium_bicarbonate_8_4_50ml,capacity_utilization,product.annual_demand_units,600000.0,1200000.0,2400000.0,True,False,965625.0,feasible_below,"[{""value"": 600000.0, ""strategy_id"": ""S15"", ""mean_fill"": 1.0, ""p_meet"": 1.0, ""mean_cost"": 12558888.179867234, ""mcse_cost"": 12319.372043098148, ""mean_shortage_days"": 0.0, ""mean_cost_per_unit"": 19.983226832673807, ""capacity_utilization"": 3142458.6, ""feasible"": true, ""n_runs"": 20, ""eligibility"": ""NO_CONCLUSION""}, {""value"": 2400000.0, ""strategy_id"": ""S15"", ""mean_fill"": 0.5197110825286426, ""p_meet"": 0.0, ""mean_cost"": 13887814.64284784, ""mcse_cost"": 29775.7444731329, ""mean_shortage_days"": 242.11314348302295, ""mean_cost_per_unit"": 10.72905739865152, ""capacity_utilization"": 6481516.8, ""feasible"": false, ""n_runs"": 20, ""eligibility"": ""NO_CONCLUSION""}, {""value"": 1500000.0, ""strategy_id"": ""S15"", ""mean_fill"": 0.7583400765631042, ""p_meet"": 0.0, ""mean_cost"": 13503875.698566, ""mcse_cost"": 31024.159129540374, ""mean_shortage_days"": 138.7990005476451, ""mean_cost_per_unit"": 11.403960114327607, ""capacity_utilization"": 5930683.5, ""feasible"": false, ""n_runs"": 20, ""eligibility"": ""NO_CONCLUSION""}, {""value"": 1050000.0, ""strategy_id"": ""S15"", ""mean_fill"": 0.9853836922634965, ""p_meet"": 0.75, ""mean_cost"": 13346513.078173485, ""mcse_cost"": 38043.23517533917, ""mean_shortage_days"": 16.902313800657176, ""mean_cost_per_unit"": 12.328258336784199, ""capacity_utilization"": 5415678.35, ""feasible"": false, ""n_runs"": 20, ""eligibility"": ""NO_CONCLUSION""}, {""value"": 825000.0, ""strategy_id"": ""S15"", ""mean_fill"": 1.0, ""p_meet"": 1.0, ""mean_cost"": 13227864.23554044, ""mcse_cost"": 30076.935891314013, ""mean_shortage_days"": 0.0, ""mean_cost_per_unit"": 15.307789424909995, ""capacity_utilization"": 4320881.5, ""feasible"": true, ""n_runs"": 20, ""eligibility"": ""NO_CONCLUSION""}, {""value"": 937500.0, ""strategy_id"": ""S15"", ""mean_fill"": 0.9979452044360736, ""p_meet"": 0.9, ""mean_cost"": 13295405.968006209, ""mcse_cost"": 37996.60953614493, ""mean_shortage_days"": 2.4303326944140196, ""mean_cost_per_unit"": 13.568688490208691, ""capacity_utilization"": 4899576.15, ""feasible"": true, ""n_runs"": 20, ""eligibility"": ""NO_CONCLUSION""}, {""value"": 993750.0, ""strategy_id"": ""S15"", ""mean_fill"": 0.992945264293606, ""p_meet"": 0.85, ""mean_cost"": 13320962.169939803, ""mcse_cost"": 38940.82725899573, ""mean_shortage_days"": 8.451156900328588, ""mean_cost_per_unit"": 12.892329728276845, ""capacity_utilization"": 5167362.55, ""feasible"": false, ""n_runs"": 20, ""eligibility"": ""NO_CONCLUSION""}]",bisection over 5 steps on 20 paired runs,937500.0,993750.0
S15,sodium_bicarbonate_8_4_50ml,fixed_qa_labor_per_node,product.fixed_qa_labor_usd_per_site_year,1500000.0,3000000.0,6000000.0,False,False,,infeasible_everywhere,"[{""value"": 1500000.0, ""strategy_id"": ""S15"", ""mean_fill"": 0.9125994856258279, ""p_meet"": 0.0, ""mean_cost"": 11825494.047120672, ""mcse_cost"": 34429.96108312345, ""mean_shortage_days"": 75.97039978094195, ""mean_cost_per_unit"": 10.361048954896166, ""capacity_utilization"": 5717081.45, ""feasible"": false, ""n_runs"": 20, ""eligibility"": ""NO_CONCLUSION""}, {""value"": 6000000.0, ""strategy_id"": ""S15"", ""mean_fill"": 0.9125994856258279, ""p_meet"": 0.0, ""mean_cost"": 16504611.567426305, ""mcse_cost"": 34429.961083123446, ""mean_shortage_days"": 75.97039978094195, ""mean_cost_per_unit"": 14.463386397342509, ""capacity_utilization"": 5717081.45, ""feasible"": false, ""n_runs"": 20, ""eligibility"": ""NO_CONCLUSION""}]",feasibility does not change between 1500000.0 and 6000000.0; no threshold inside the recorded range,,
S15,sodium_bicarbonate_8_4_50ml,release_time,global.sterility_incubation_days,14.0,14.0,18.0,False,False,,infeasible_everywhere,"[{""value"": 14.0, ""strategy_id"": ""S15"", ""mean_fill"": 0.9125994856258279, ""p_meet"": 0.0, ""mean_cost"": 13385199.887222549, ""mcse_cost"": 34429.961083123446, ""mean_shortage_days"": 75.97039978094195, ""mean_cost_per_unit"": 11.728494769044946, ""capacity_utilization"": 5717081.45, ""feasible"": false, ""n_runs"": 20, ""eligibility"": ""NO_CONCLUSION""}, {""value"": 18.0, ""strategy_id"": ""S15"", ""mean_fill"": 0.9110751616606141, ""p_meet"": 0.0, ""mean_cost"": 13381477.893231679, ""mcse_cost"": 34270.416987419565, ""mean_shortage_days"": 77.50060925520263, ""mean_cost_per_unit"": 11.743692068761064, ""capacity_utilization"": 5708189.45, ""feasible"": false, ""n_runs"": 20, ""eligibility"": ""NO_CONCLUSION""}]",feasibility does not change between 14.0 and 18.0; no threshold inside the recorded range,,
S15,sodium_bicarbonate_8_4_50ml,shelf_life,product.shelf_life_months,12.0,24.0,36.0,False,False,,infeasible_everywhere,"[{""value"": 12.0, ""strategy_id"": ""S15"", ""mean_fill"": 0.8202383912501293, ""p_meet"": 0.0, ""mean_cost"": 13436353.839120772, ""mcse_cost"": 31743.430212224794, ""mean_shortage_days"": 148.8403751369113, ""mean_cost_per_unit"": 13.11048133999796, ""capacity_utilization"": 5136718.7, ""feasible"": false, ""n_runs"": 20, ""eligibility"": ""NO_CONCLUSION""}, {""value"": 36.0, ""strategy_id"": ""S15"", ""mean_fill"": 0.9125994856258279, ""p_meet"": 0.0, ""mean_cost"": 13385199.887222549, ""mcse_cost"": 34429.961083123446, ""mean_shortage_days"": 75.97039978094195, ""mean_cost_per_unit"": 11.728494769044946, ""capacity_utilization"": 5717081.45, ""feasible"": false, ""n_runs"": 20, ""eligibility"": ""NO_CONCLUSION""}]",feasibility does not change between 12.0 and 36.0; no threshold inside the recorded range,,
S15,sodium_bicarbonate_8_4_50ml,raw_material_lead_time,product.material_lead_time_days,30.0,90.0,240.0,False,False,,infeasible_everywhere,"[{""value"": 30.0, ""strategy_id"": ""S15"", ""mean_fill"": 0.9224742287136832, ""p_meet"": 0.0, ""mean_cost"": 13422839.67047358, ""mcse_cost"": 34931.30752068829, ""mean_shortage_days"": 66.85915251916757, ""mean_cost_per_unit"": 11.633612848865672, ""capacity_utilization"": 5780209.8, ""feasible"": false, ""n_runs"": 20, ""eligibility"": ""NO_CONCLUSION""}, {""value"": 240.0, ""strategy_id"": ""S15"", ""mean_fill"": 0.8691118740144297, ""p_meet"": 0.0, ""mean_cost"": 13228015.554371111, ""mcse_cost"": 25473.39652876949, ""mean_shortage_days"": 110.83517250821467, ""mean_cost_per_unit"": 12.163659594892168, ""capacity_utilization"": 5445548.0, ""feasible"": false, ""n_runs"": 20, ""eligibility"": ""NO_CONCLUSION""}]",feasibility does not change between 30.0 and 240.0; no threshold inside the recorded range,,
S15,sodium_bicarbonate_8_4_50ml,common_cause_dependence,global.common_cause_events_per_year,0.02,0.1,0.3,False,False,,infeasible_everywhere,"[{""value"": 0.02, ""strategy_id"": ""S15"", ""mean_fill"": 0.9467100377025451, ""p_meet"": 0.05, ""mean_cost"": 13499176.92695418, ""mcse_cost"": 20358.443077569827, ""mean_shortage_days"": 51.927108433734944, ""mean_cost_per_unit"": 11.376951304567058, ""capacity_utilization"": 5934867.4, ""feasible"": false, ""n_runs"": 20, ""eligibility"": ""NO_CONCLUSION""}, {""value"": 0.3, ""strategy_id"": ""S15"", ""mean_fill"": 0.8650246190126063, ""p_meet"": 0.0, ""mean_cost"": 13238429.840710912, ""mcse_cost"": 37204.11241873852, ""mean_shortage_days"": 95.90312842278203, ""mean_cost_per_unit"": 12.25562014243566, ""capacity_utilization"": 5418705.4, ""feasible"": false, ""n_runs"": 20, ""eligibility"": ""NO_CONCLUSION""}]",feasibility does not change between 0.02 and 0.3; no threshold inside the recorded range,,
S15,sodium_bicarbonate_8_4_50ml,supplier_concentration,global.supplier_disruptions_per_supplier_year,0.05,0.2,0.6,False,False,,infeasible_everywhere,"[{""value"": 0.05, ""strategy_id"": ""S15"", ""mean_fill"": 0.9220195927969688, ""p_meet"": 0.0, ""mean_cost"": 13419417.024661846, ""mcse_cost"": 35503.979873099335, ""mean_shortage_days"": 67.05917990142387, ""mean_cost_per_unit"": 11.634023019737697, ""capacity_utilization"": 5778720.7, ""feasible"": false, ""n_runs"": 20, ""eligibility"": ""NO_CONCLUSION""}, {""value"": 0.6, ""strategy_id"": ""S15"", ""mean_fill"": 0.883521901414019, ""p_meet"": 0.0, ""mean_cost"": 13295172.865127388, ""mcse_cost"": 38242.73869597027, ""mean_shortage_days"": 90.03232475355968, ""mean_cost_per_unit"": 12.041435959952068, ""capacity_utilization"": 5535717.95, ""feasible"": false, ""n_runs"": 20, ""eligibility"": ""NO_CONCLUSION""}]",feasibility does not change between 0.05 and 0.6; no threshold inside the recorded range,,
S15,sodium_bicarbonate_8_4_50ml,commissioning_days,global.node_commissioning_days,365.0,730.0,1095.0,False,False,,infeasible_everywhere,"[{""value"": 365.0, ""strategy_id"": ""S15"", ""mean_fill"": 0.9125994856258279, ""p_meet"": 0.0, ""mean_cost"": 13385199.887222549, ""mcse_cost"": 34429.961083123446, ""mean_shortage_days"": 75.97039978094195, ""mean_cost_per_unit"": 11.728494769044946, ""capacity_utilization"": 5717081.45, ""feasible"": false, ""n_runs"": 20, ""eligibility"": ""NO_CONCLUSION""}, {""value"": 1095.0, ""strategy_id"": ""S15"", ""mean_fill"": 0.9125994856258279, ""p_meet"": 0.0, ""mean_cost"": 13385199.887222549, ""mcse_cost"": 34429.961083123446, ""mean_shortage_days"": 75.97039978094195, ""mean_cost_per_unit"": 11.728494769044946, ""capacity_utilization"": 5717081.45, ""feasible"": false, ""n_runs"": 20, ""eligibility"": ""NO_CONCLUSION""}]",feasibility does not change between 365.0 and 1095.0; no threshold inside the recorded range,,
S15,sodium_bicarbonate_8_4_50ml,activation_latency_days,global.reserved_capacity_activation_days,7.0,21.0,60.0,False,False,,infeasible_everywhere,"[{""value"": 7.0, ""strategy_id"": ""S15"", ""mean_fill"": 0.9125994856258279, ""p_meet"": 0.0, ""mean_cost"": 13385199.887222549, ""mcse_cost"": 34429.961083123446, ""mean_shortage_days"": 75.97039978094195, ""mean_cost_per_unit"": 11.728494769044946, ""capacity_utilization"": 5717081.45, ""feasible"": false, ""n_runs"": 20, ""eligibility"": ""NO_CONCLUSION""}, {""value"": 60.0, ""strategy_id"": ""S15"", ""mean_fill"": 0.9125994856258279, ""p_meet"": 0.0, ""mean_cost"": 13385199.887222549, ""mcse_cost"": 34429.961083123446, ""mean_shortage_days"": 75.97039978094195, ""mean_cost_per_unit"": 11.728494769044946, ""capacity_utilization"": 5717081.45, ""feasible"": false, ""n_runs"": 20, ""eligibility"": ""NO_CONCLUSION""}]",feasibility does not change between 7.0 and 60.0; no threshold inside the recorded range,,
S15,sodium_bicarbonate_8_4_50ml,node_capital,product.capital_usd_per_site,15000000.0,40000000.0,100000000.0,False,False,,infeasible_everywhere,"[{""value"": 15000000.0, ""strategy_id"": ""S15"", ""mean_fill"": 0.9125994856258279, ""p_meet"": 0.0, ""mean_cost"": 9195698.905404234, ""mcse_cost"": 34429.961083123446, ""mean_shortage_days"": 75.97039978094195, ""mean_cost_per_unit"": 8.055420376641916, ""capacity_utilization"": 5717081.45, ""feasible"": false, ""n_runs"": 20, ""eligibility"": ""NO_CONCLUSION""}, {""value"": 100000000.0, ""strategy_id"": ""S15"", ""mean_fill"": 0.9125994856258279, ""p_meet"": 0.0, ""mean_cost"": 23440002.243585832, ""mcse_cost"": 34429.96108312342, ""mean_shortage_days"": 75.97039978094195, ""mean_cost_per_unit"": 20.543873310811627, ""capacity_utilization"": 5717081.45, ""feasible"": false, ""n_runs"": 20, ""eligibility"": ""NO_CONCLUSION""}]",feasibility does not change between 15000000.0 and 100000000.0; no threshold inside the recorded range,,
S15,sodium_bicarbonate_8_4_50ml,batches_per_site_year,product.batches_per_site_year_nominal,30.0,45.0,70.0,False,True,54.375,feasible_above,"[{""value"": 30.0, ""strategy_id"": ""S15"", ""mean_fill"": 0.6383160773324748, ""p_meet"": 0.0, ""mean_cost"": 12536106.588638797, ""mcse_cost"": 19283.615983708856, ""mean_shortage_days"": 190.57608844468785, ""mean_cost_per_unit"": 15.738365302341588, ""capacity_utilization"": 3989211.45, ""feasible"": false, ""n_runs"": 20, ""eligibility"": ""NO_CONCLUSION""}, {""value"": 70.0, ""strategy_id"": ""S15"", ""mean_fill"": 1.0, ""p_meet"": 1.0, ""mean_cost"": 14482898.371117806, ""mcse_cost"": 43383.545282388055, ""mean_shortage_days"": 0.0, ""mean_cost_per_unit"": 11.522783714558473, ""capacity_utilization"": 6284911.2, ""feasible"": true, ""n_runs"": 20, ""eligibility"": ""NO_CONCLUSION""}, {""value"": 50.0, ""strategy_id"": ""S15"", ""mean_fill"": 0.9812068365303379, ""p_meet"": 0.65, ""mean_cost"": 13704289.0649576, ""mcse_cost"": 41064.557841448295, ""mean_shortage_days"": 19.742702628696605, ""mean_cost_per_unit"": 11.132706060693078, ""capacity_utilization"": 6159476.9, ""feasible"": false, ""n_runs"": 20, ""eligibility"": ""NO_CONCLUSION""}, {""value"": 60.0, ""strategy_id"": ""S15"", ""mean_fill"": 0.9984713996934669, ""p_meet"": 0.95, ""mean_cost"": 14137205.219273213, ""mcse_cost"": 48496.606584604786, ""mean_shortage_days"": 1.1901629244249725, ""mean_cost_per_unit"": 11.264916058174506, ""capacity_utilization"": 6275213.3, ""feasible"": true, ""n_runs"": 20, ""eligibility"": ""NO_CONCLUSION""}, {""value"": 55.0, ""strategy_id"": ""S15"", ""mean_fill"": 0.998083049868737, ""p_meet"": 0.95, ""mean_cost"": 14112007.150381383, ""mcse_cost"": 52380.43541538871, ""mean_shortage_days"": 1.3901903066812706, ""mean_cost_per_unit"": 11.249625555068466, ""capacity_utilization"": 6272647.8, ""feasible"": true, ""n_runs"": 20, ""eligibility"": ""NO_CONCLUSION""}, {""value"": 52.5, ""strategy_id"": ""S15"", ""mean_fill"": 0.9816576151012779, ""p_meet"": 0.65, ""mean_cost"": 13709537.119415384, ""mcse_cost"": 41209.768329811595, ""mean_shortage_days"": 19.822713581599125, ""mean_cost_per_unit"": 11.129763804755697, ""capacity_utilization"": 6162927.95, ""feasible"": false, ""n_runs"": 20, ""eligibility"": ""NO_CONCLUSION""}, {""value"": 53.75, ""strategy_id"": ""S15"", ""mean_fill"": 0.9832768817795163, ""p_meet"": 0.7, ""mean_cost"": 13715043.139853084, ""mcse_cost"": 40460.02608416654, ""mean_shortage_days"": 18.842579408543262, ""mean_cost_per_unit"": 11.11808031222714, ""capacity_utilization"": 6171679.1, ""feasible"": false, ""n_runs"": 20, ""eligibility"": ""NO_CONCLUSION""}]",bisection over 5 steps on 20 paired runs,53.75,55.0
S15,sodium_bicarbonate_8_4_50ml,changeover_burden,product.changeover_days,1.0,3.0,10.0,False,False,,infeasible_everywhere,"[{""value"": 1.0, ""strategy_id"": ""S15"", ""mean_fill"": 0.9134476953018902, ""p_meet"": 0.0, ""mean_cost"": 13388067.037576955, ""mcse_cost"": 34196.03049307819, ""mean_shortage_days"": 75.4003217415115, ""mean_cost_per_unit"": 11.723476990630456, ""capacity_utilization"": 5720998.75, ""feasible"": false, ""n_runs"": 20, ""eligibility"": ""NO_CONCLUSION""}, {""value"": 10.0, ""strategy_id"": ""S15"", ""mean_fill"": 0.6865464452769097, ""p_meet"": 0.0, ""mean_cost"": 12684347.740229852, ""mcse_cost"": 15511.473697084013, ""mean_shortage_days"": 175.88407721796278, ""mean_cost_per_unit"": 14.786456375968807, ""capacity_utilization"": 4292567.7, ""feasible"": false, ""n_runs"": 20, ""eligibility"": ""NO_CONCLUSION""}]",feasibility does not change between 1.0 and 10.0; no threshold inside the recorded range,,
S16,sodium_bicarbonate_8_4_50ml,capacity_utilization,product.annual_demand_units,600000.0,1200000.0,2400000.0,True,False,1246875.0,feasible_below,"[{""value"": 600000.0, ""strategy_id"": ""S16"", ""mean_fill"": 1.0, ""p_meet"": 1.0, ""mean_cost"": 15433788.007722354, ""mcse_cost"": 9235.787455047099, ""mean_shortage_days"": 0.0, ""mean_cost_per_unit"": 24.557705622335796, ""capacity_utilization"": 3142458.6, ""feasible"": true, ""n_runs"": 20, ""eligibility"": ""NO_CONCLUSION""}, {""value"": 2400000.0, ""strategy_id"": ""S16"", ""mean_fill"": 0.6302544209031202, ""p_meet"": 0.0, ""mean_cost"": 17839312.26807996, ""mcse_cost"": 33420.98024487398, ""mean_shortage_days"": 263.3560514786418, ""mean_cost_per_unit"": 11.341019093521929, ""capacity_utilization"": 7873635.35, ""feasible"": false, ""n_runs"": 20, ""eligibility"": ""NO_CONCLUSION""}, {""value"": 1500000.0, ""strategy_id"": ""S16"", ""mean_fill"": 0.9699070340465692, ""p_meet"": 0.4, ""mean_cost"": 17392906.895619433, ""mcse_cost"": 27888.681827043867, ""mean_shortage_days"": 35.29483159912377, ""mean_cost_per_unit"": 11.423634860195289, ""capacity_utilization"": 7617939.65, ""feasible"": false, ""n_runs"": 20, ""eligibility"": ""NO_CONCLUSION""}, {""value"": 1050000.0, ""strategy_id"": ""S16"", ""mean_fill"": 0.9999887771697203, ""p_meet"": 1.0, ""mean_cost"": 16365439.278620351, ""mcse_cost"": 16223.303279746187, ""mean_shortage_days"": 0.29003970427163195, ""mean_cost_per_unit"": 14.880576914480987, ""capacity_utilization"": 5499019.25, ""feasible"": true, ""n_runs"": 20, ""eligibility"": ""NO_CONCLUSION""}, {""value"": 1275000.0, ""strategy_id"": ""S16"", ""mean_fill"": 0.9957434970364714, ""p_meet"": 0.8, ""mean_cost"": 16925472.46958018, ""mcse_cost"": 14548.499364099865, ""mean_shortage_days"": 5.940813253012047, ""mean_cost_per_unit"": 12.727744376039869, ""capacity_utilization"": 6649258.9, ""feasible"": false, ""n_runs"": 20, ""eligibility"": ""NO_CONCLUSION""}, {""value"": 1162500.0, ""strategy_id"": ""S16"", ""mean_fill"": 0.9996925687483837, ""p_meet"": 1.0, ""mean_cost"": 16635395.07970022, ""mcse_cost"": 11300.60209365889, ""mean_shortage_days"": 1.4902039978094195, ""mean_cost_per_unit"": 13.665651995872654, ""capacity_utilization"": 6086610.25, ""feasible"": true, ""n_runs"": 20, ""eligibility"": ""NO_CONCLUSION""}, {""value"": 1218750.0, ""strategy_id"": ""S16"", ""mean_fill"": 0.9986978849065729, ""p_meet"": 0.95, ""mean_cost"": 16783142.007898077, ""mcse_cost"": 12225.532498058301, ""mean_shortage_days"": 3.300451807228915, ""mean_cost_per_unit"": 13.163839495867526, ""capacity_utilization"": 6374784.1, ""feasible"": true, ""n_runs"": 20, ""eligibility"": ""NO_CONCLUSION""}]",bisection over 5 steps on 20 paired runs,1218750.0,1275000.0
S16,sodium_bicarbonate_8_4_50ml,fixed_qa_labor_per_node,product.fixed_qa_labor_usd_per_site_year,1500000.0,3000000.0,6000000.0,True,True,,feasible_everywhere,"[{""value"": 1500000.0, ""strategy_id"": ""S16"", ""mean_fill"": 0.998828315496508, ""p_meet"": 0.95, ""mean_cost"": 14819621.742807293, ""mcse_cost"": 12549.661249435801, ""mean_shortage_days"": 2.610357338444688, ""mean_cost_per_unit"": 11.80382099215197, ""capacity_utilization"": 6277576.0, ""feasible"": true, ""n_runs"": 20, ""eligibility"": ""NO_CONCLUSION""}, {""value"": 6000000.0, ""strategy_id"": ""S16"", ""mean_fill"": 0.998828315496508, ""p_meet"": 0.95, ""mean_cost"": 20551872.587721013, ""mcse_cost"": 12549.661249435825, ""mean_shortage_days"": 2.610357338444688, ""mean_cost_per_unit"": 16.369771316274928, ""capacity_utilization"": 6277576.0, ""feasible"": true, ""n_runs"": 20, ""eligibility"": ""NO_CONCLUSION""}]",feasibility does not change between 1500000.0 and 6000000.0; no threshold inside the recorded range,,
S16,sodium_bicarbonate_8_4_50ml,release_time,global.sterility_incubation_days,14.0,14.0,18.0,True,True,,feasible_everywhere,"[{""value"": 14.0, ""strategy_id"": ""S16"", ""mean_fill"": 0.998828315496508, ""p_meet"": 0.95, ""mean_cost"": 16730372.024445087, ""mcse_cost"": 12549.661249435801, ""mean_shortage_days"": 2.610357338444688, ""mean_cost_per_unit"": 13.325804433526198, ""capacity_utilization"": 6277576.0, ""feasible"": true, ""n_runs"": 20, ""eligibility"": ""NO_CONCLUSION""}, {""value"": 18.0, ""strategy_id"": ""S16"", ""mean_fill"": 0.9982447102930248, ""p_meet"": 0.95, ""mean_cost"": 16737649.988277808, ""mcse_cost"": 12260.009413695137, ""mean_shortage_days"": 2.9904093647316534, ""mean_cost_per_unit"": 13.339442132159741, ""capacity_utilization"": 6273875.35, ""feasible"": true, ""n_runs"": 20, ""eligibility"": ""NO_CONCLUSION""}]",feasibility does not change between 14.0 and 18.0; no threshold inside the recorded range,,
S16,sodium_bicarbonate_8_4_50ml,shelf_life,product.shelf_life_months,12.0,24.0,36.0,False,True,12.375,feasible_above,"[{""value"": 12.0, ""strategy_id"": ""S16"", ""mean_fill"": 0.9971968680387692, ""p_meet"": 0.85, ""mean_cost"": 16780077.608826194, ""mcse_cost"": 13003.441206046278, ""mean_shortage_days"": 3.900533953997809, ""mean_cost_per_unit"": 13.38731612244653, ""capacity_utilization"": 6267250.85, ""feasible"": false, ""n_runs"": 20, ""eligibility"": ""NO_CONCLUSION""}, {""value"": 36.0, ""strategy_id"": ""S16"", ""mean_fill"": 0.998828315496508, ""p_meet"": 0.95, ""mean_cost"": 16730372.024445087, ""mcse_cost"": 12549.661249435801, ""mean_shortage_days"": 2.610357338444688, ""mean_cost_per_unit"": 13.325804433526198, ""capacity_utilization"": 6277576.0, ""feasible"": true, ""n_runs"": 20, ""eligibility"": ""NO_CONCLUSION""}, {""value"": 24.0, ""strategy_id"": ""S16"", ""mean_fill"": 0.998828315496508, ""p_meet"": 0.95, ""mean_cost"": 16730372.024445087, ""mcse_cost"": 12549.661249435801, ""mean_shortage_days"": 2.610357338444688, ""mean_cost_per_unit"": 13.325804433526198, ""capacity_utilization"": 6277576.0, ""feasible"": true, ""n_runs"": 20, ""eligibility"": ""NO_CONCLUSION""}, {""value"": 18.0, ""strategy_id"": ""S16"", ""mean_fill"": 0.998828315496508, ""p_meet"": 0.95, ""mean_cost"": 16730372.024445087, ""mcse_cost"": 12549.661249435801, ""mean_shortage_days"": 2.610357338444688, ""mean_cost_per_unit"": 13.325804433526198, ""capacity_utilization"": 6277576.0, ""feasible"": true, ""n_runs"": 20, ""eligibility"": ""NO_CONCLUSION""}, {""value"": 15.0, ""strategy_id"": ""S16"", ""mean_fill"": 0.998828315496508, ""p_meet"": 0.95, ""mean_cost"": 16730372.024445087, ""mcse_cost"": 12549.661249435801, ""mean_shortage_days"": 2.610357338444688, ""mean_cost_per_unit"": 13.325804433526198, ""capacity_utilization"": 6277576.0, ""feasible"": true, ""n_runs"": 20, ""eligibility"": ""NO_CONCLUSION""}, {""value"": 13.5, ""strategy_id"": ""S16"", ""mean_fill"": 0.998828315496508, ""p_meet"": 0.95, ""mean_cost"": 16730372.024445087, ""mcse_cost"": 12549.661249435801, ""mean_shortage_days"": 2.610357338444688, ""mean_cost_per_unit"": 13.325804433526198, ""capacity_utilization"": 6277576.0, ""feasible"": true, ""n_runs"": 20, ""eligibility"": ""NO_CONCLUSION""}, {""value"": 12.75, ""strategy_id"": ""S16"", ""mean_fill"": 0.9984458215214357, ""p_meet"": 0.9, ""mean_cost"": 16741788.70022099, ""mcse_cost"": 13452.40811986729, ""mean_shortage_days"": 2.780380613362541, ""mean_cost_per_unit"": 13.339981247572243, ""capacity_utilization"": 6275135.8, ""feasible"": true, ""n_runs"": 20, ""eligibility"": ""NO_CONCLUSION""}]",bisection over 5 steps on 20 paired runs,12.0,12.75
S16,sodium_bicarbonate_8_4_50ml,raw_material_lead_time,product.material_lead_time_days,30.0,90.0,240.0,True,False,118.59375,feasible_below,"[{""value"": 30.0, ""strategy_id"": ""S16"", ""mean_fill"": 0.9982839571938811, ""p_meet"": 0.9, ""mean_cost"": 16710990.137368863, ""mcse_cost"": 12292.27836076406, ""mean_shortage_days"": 2.90039704271632, ""mean_cost_per_unit"": 13.317625484842509, ""capacity_utilization"": 6274100.3, ""feasible"": true, ""n_runs"": 20, ""eligibility"": ""NO_CONCLUSION""}, {""value"": 240.0, ""strategy_id"": ""S16"", ""mean_fill"": 0.9915798762536241, ""p_meet"": 0.7, ""mean_cost"": 16731392.45988872, ""mcse_cost"": 10744.92539849957, ""mean_shortage_days"": 10.011370481927711, ""mean_cost_per_unit"": 13.424937499476709, ""capacity_utilization"": 6231348.65, ""feasible"": false, ""n_runs"": 20, ""eligibility"": ""NO_CONCLUSION""}, {""value"": 135.0, ""strategy_id"": ""S16"", ""mean_fill"": 0.9969534190209997, ""p_meet"": 0.85, ""mean_cost"": 16732459.477969503, ""mcse_cost"": 11275.358608946352, ""mean_shortage_days"": 4.490614731653888, ""mean_cost_per_unit"": 13.352581103293002, ""capacity_utilization"": 6265519.25, ""feasible"": false, ""n_runs"": 20, ""eligibility"": ""NO_CONCLUSION""}, {""value"": 82.5, ""strategy_id"": ""S16"", ""mean_fill"": 0.9986811975455472, ""p_meet"": 0.95, ""mean_cost"": 16728754.228353122, ""mcse_cost"": 12694.081493492664, ""mean_shortage_days"": 2.9904093647316534, ""mean_cost_per_unit"": 13.326434056307454, ""capacity_utilization"": 6276623.75, ""feasible"": true, ""n_runs"": 20, ""eligibility"": ""NO_CONCLUSION""}, {""value"": 108.75, ""strategy_id"": ""S16"", ""mean_fill"": 0.9982530278930681, ""p_meet"": 0.95, ""mean_cost"": 16734324.111631757, ""mcse_cost"": 11874.228709974837, ""mean_shortage_days"": 3.8105216319824757, ""mean_cost_per_unit"": 13.336660423329992, ""capacity_utilization"": 6273806.6, ""feasible"": true, ""n_runs"": 20, ""eligibility"": ""NO_CONCLUSION""}, {""value"": 121.875, ""strategy_id"": ""S16"", ""mean_fill"": 0.9972017472178913, ""p_meet"": 0.85, ""mean_cost"": 16736105.861278951, ""mcse_cost"": 11912.230891960238, ""mean_shortage_days"": 4.570625684556406, ""mean_cost_per_unit"": 13.35288261447646, ""capacity_utilization"": 6266846.85, ""feasible"": false, ""n_runs"": 20, ""eligibility"": ""NO_CONCLUSION""}, {""value"": 115.3125, ""strategy_id"": ""S16"", ""mean_fill"": 0.9973157280121653, ""p_meet"": 0.9, ""mean_cost"": 16735672.672798123, ""mcse_cost"": 11346.496648169157, ""mean_shortage_days"": 4.2805859802847745, ""mean_cost_per_unit"": 13.350352280384707, ""capacity_utilization"": 6267906.5, ""feasible"": true, ""n_runs"": 20, ""eligibility"": ""NO_CONCLUSION""}]",bisection over 5 steps on 20 paired runs,115.3125,121.875
S16,sodium_bicarbonate_8_4_50ml,common_cause_dependence,global.common_cause_events_per_year,0.02,0.1,0.3,True,False,0.173125,feasible_below,"[{""value"": 0.02, ""strategy_id"": ""S16"", ""mean_fill"": 0.9998137470946572, ""p_meet"": 1.0, ""mean_cost"": 16758392.096645907, ""mcse_cost"": 12050.795706962064, ""mean_shortage_days"": 0.6300862541073384, ""mean_cost_per_unit"": 13.334875609193038, ""capacity_utilization"": 6283725.3, ""feasible"": true, ""n_runs"": 20, ""eligibility"": ""NO_CONCLUSION""}, {""value"": 0.3, ""strategy_id"": ""S16"", ""mean_fill"": 0.9910066540893581, ""p_meet"": 0.75, ""mean_cost"": 16695924.5492041, ""mcse_cost"": 13722.660369375744, ""mean_shortage_days"": 9.641319824753559, ""mean_cost_per_unit"": 13.405833174785116, ""capacity_utilization"": 6227323.7, ""feasible"": false, ""n_runs"": 20, ""eligibility"": ""NO_CONCLUSION""}, {""value"": 0.16, ""strategy_id"": ""S16"", ""mean_fill"": 0.9953306457505906, ""p_meet"": 0.9, ""mean_cost"": 16730820.033521304, ""mcse_cost"": 12240.101887997766, ""mean_shortage_days"": 5.370735213581598, ""mean_cost_per_unit"": 13.374225117149473, ""capacity_utilization"": 6255199.5, ""feasible"": true, ""n_runs"": 20, ""eligibility"": ""NO_CONCLUSION""}, {""value"": 0.22999999999999998, ""strategy_id"": ""S16"", ""mean_fill"": 0.9873191425648283, ""p_meet"": 0.7, ""mean_cost"": 16690276.912846956, ""mcse_cost"": 19877.642639360598, ""mean_shortage_days"": 12.351690854326394, ""mean_cost_per_unit"": 13.457150138080527, ""capacity_utilization"": 6202919.0, ""feasible"": false, ""n_runs"": 20, ""eligibility"": ""NO_CONCLUSION""}, {""value"": 0.195, ""strategy_id"": ""S16"", ""mean_fill"": 0.99331364850635, ""p_meet"": 0.75, ""mean_cost"": 16719824.99725453, ""mcse_cost"": 13039.848087882161, ""mean_shortage_days"": 7.170981653888279, ""mean_cost_per_unit"": 13.392701001876242, ""capacity_utilization"": 6242735.9, ""feasible"": false, ""n_runs"": 20, ""eligibility"": ""NO_CONCLUSION""}, {""value"": 0.1775, ""strategy_id"": ""S16"", ""mean_fill"": 0.9963422762599523, ""p_meet"": 0.85, ""mean_cost"": 16733764.83556489, ""mcse_cost"": 12517.616115452533, ""mean_shortage_days"": 4.790655805038335, ""mean_cost_per_unit"": 13.362181252113277, ""capacity_utilization"": 6261720.55, ""feasible"": false, ""n_runs"": 20, ""eligibility"": ""NO_CONCLUSION""}, {""value"": 0.16875, ""strategy_id"": ""S16"", ""mean_fill"": 0.9956419949036311, ""p_meet"": 0.9, ""mean_cost"": 16733262.913395563, ""mcse_cost"": 12500.238598408418, ""mean_shortage_days"": 4.6006297918948516, ""mean_cost_per_unit"": 13.37198536221635, ""capacity_utilization"": 6257148.65, ""feasible"": true, ""n_runs"": 20, ""eligibility"": ""NO_CONCLUSION""}]",bisection over 5 steps on 20 paired runs,0.16875,0.1775
S16,sodium_bicarbonate_8_4_50ml,supplier_concentration,global.supplier_disruptions_per_supplier_year,0.05,0.2,0.6,True,True,,feasible_everywhere,"[{""value"": 0.05, ""strategy_id"": ""S16"", ""mean_fill"": 0.9990207286109486, ""p_meet"": 0.95, ""mean_cost"": 16735520.253105972, ""mcse_cost"": 13493.606704299591, ""mean_shortage_days"": 2.280312157721796, ""mean_cost_per_unit"": 13.327306864480036, ""capacity_utilization"": 6278794.65, ""feasible"": true, ""n_runs"": 20, ""eligibility"": ""NO_CONCLUSION""}, {""value"": 0.6, ""strategy_id"": ""S16"", ""mean_fill"": 0.9981878970577135, ""p_meet"": 0.9, ""mean_cost"": 16731589.038075391, ""mcse_cost"": 13668.881457774489, ""mean_shortage_days"": 2.5903546002190576, ""mean_cost_per_unit"": 13.335609435930285, ""capacity_utilization"": 6273577.35, ""feasible"": true, ""n_runs"": 20, ""eligibility"": ""NO_CONCLUSION""}]",feasibility does not change between 0.05 and 0.6; no threshold inside the recorded range,,
S16,sodium_bicarbonate_8_4_50ml,commissioning_days,global.node_commissioning_days,365.0,730.0,1095.0,True,True,,feasible_everywhere,"[{""value"": 365.0, ""strategy_id"": ""S16"", ""mean_fill"": 0.998828315496508, ""p_meet"": 0.95, ""mean_cost"": 16730372.024445087, ""mcse_cost"": 12549.661249435801, ""mean_shortage_days"": 2.610357338444688, ""mean_cost_per_unit"": 13.325804433526198, ""capacity_utilization"": 6277576.0, ""feasible"": true, ""n_runs"": 20, ""eligibility"": ""NO_CONCLUSION""}, {""value"": 1095.0, ""strategy_id"": ""S16"", ""mean_fill"": 0.998828315496508, ""p_meet"": 0.95, ""mean_cost"": 16730372.024445087, ""mcse_cost"": 12549.661249435801, ""mean_shortage_days"": 2.610357338444688, ""mean_cost_per_unit"": 13.325804433526198, ""capacity_utilization"": 6277576.0, ""feasible"": true, ""n_runs"": 20, ""eligibility"": ""NO_CONCLUSION""}]",feasibility does not change between 365.0 and 1095.0; no threshold inside the recorded range,,
S16,sodium_bicarbonate_8_4_50ml,activation_latency_days,global.reserved_capacity_activation_days,7.0,21.0,60.0,True,False,32.671875,feasible_below,"[{""value"": 7.0, ""strategy_id"": ""S16"", ""mean_fill"": 0.9989780133547246, ""p_meet"": 0.95, ""mean_cost"": 16748019.622291276, ""mcse_cost"": 11854.032996260581, ""mean_shortage_days"": 1.90026013143483, ""mean_cost_per_unit"": 13.33793715386157, ""capacity_utilization"": 6278521.2, ""feasible"": true, ""n_runs"": 20, ""eligibility"": ""NO_CONCLUSION""}, {""value"": 60.0, ""strategy_id"": ""S16"", ""mean_fill"": 0.9664338240133805, ""p_meet"": 0.25, ""mean_cost"": 16551684.361122172, ""mcse_cost"": 22479.512336716256, ""mean_shortage_days"": 55.70762595837897, ""mean_cost_per_unit"": 13.649044510529194, ""capacity_utilization"": 6068012.85, ""feasible"": false, ""n_runs"": 20, ""eligibility"": ""NO_CONCLUSION""}, {""value"": 33.5, ""strategy_id"": ""S16"", ""mean_fill"": 0.9964630060204062, ""p_meet"": 0.85, ""mean_cost"": 16704083.13309981, ""mcse_cost"": 12835.407475886634, ""mean_shortage_days"": 6.910946056955093, ""mean_cost_per_unit"": 13.336691933656127, ""capacity_utilization"": 6262513.45, ""feasible"": false, ""n_runs"": 20, ""eligibility"": ""NO_CONCLUSION""}, {""value"": 20.25, ""strategy_id"": ""S16"", ""mean_fill"": 0.9989560446611992, ""p_meet"": 0.95, ""mean_cost"": 16733718.952095475, ""mcse_cost"": 12003.21055491561, ""mean_shortage_days"": 2.5503491237677984, ""mean_cost_per_unit"": 13.326794216870706, ""capacity_utilization"": 6278385.95, ""feasible"": true, ""n_runs"": 20, ""eligibility"": ""NO_CONCLUSION""}, {""value"": 26.875, ""strategy_id"": ""S16"", ""mean_fill"": 0.9979783668118822, ""p_meet"": 0.9, ""mean_cost"": 16723290.895992553, ""mcse_cost"": 12696.707463145767, ""mean_shortage_days"": 3.5304832968236584, ""mean_cost_per_unit"": 13.331491999821441, ""capacity_utilization"": 6272163.15, ""feasible"": true, ""n_runs"": 20, ""eligibility"": ""NO_CONCLUSION""}, {""value"": 30.1875, ""strategy_id"": ""S16"", ""mean_fill"": 0.9975931797866645, ""p_meet"": 0.9, ""mean_cost"": 16716203.8140099, ""mcse_cost"": 12118.939362674677, ""mean_shortage_days"": 4.450609255202628, ""mean_cost_per_unit"": 13.331007685396226, ""capacity_utilization"": 6269673.05, ""feasible"": true, ""n_runs"": 20, ""eligibility"": ""NO_CONCLUSION""}, {""value"": 31.84375, ""strategy_id"": ""S16"", ""mean_fill"": 0.9973144408460655, ""p_meet"": 0.9, ""mean_cost"": 16714439.836029295, ""mcse_cost"": 12342.133893051216, ""mean_shortage_days"": 4.670639375684557, ""mean_cost_per_unit"": 13.333355681368095, ""capacity_utilization"": 6267895.55, ""feasible"": true, ""n_runs"": 20, ""eligibility"": ""NO_CONCLUSION""}]",bisection over 5 steps on 20 paired runs,31.84375,33.5
S16,sodium_bicarbonate_8_4_50ml,node_capital,product.capital_usd_per_site,15000000.0,40000000.0,100000000.0,True,True,,feasible_everywhere,"[{""value"": 15000000.0, ""strategy_id"": ""S16"", ""mean_fill"": 0.998828315496508, ""p_meet"": 0.95, ""mean_cost"": 11486267.298807293, ""mcse_cost"": 12549.66124943584, ""mean_shortage_days"": 2.610357338444688, ""mean_cost_per_unit"": 9.148680591675031, ""capacity_utilization"": 6277576.0, ""feasible"": true, ""n_runs"": 20, ""eligibility"": ""NO_CONCLUSION""}, {""value"": 100000000.0, ""strategy_id"": ""S16"", ""mean_fill"": 0.998828315496508, ""p_meet"": 0.95, ""mean_cost"": 29316223.365975987, ""mcse_cost"": 12549.661249435787, ""mean_shortage_days"": 2.610357338444688, ""mean_cost_per_unit"": 23.35090165396916, ""capacity_utilization"": 6277576.0, ""feasible"": true, ""n_runs"": 20, ""eligibility"": ""NO_CONCLUSION""}]",feasibility does not change between 15000000.0 and 100000000.0; no threshold inside the recorded range,,
S16,sodium_bicarbonate_8_4_50ml,batches_per_site_year,product.batches_per_site_year_nominal,30.0,45.0,70.0,False,True,43.125,feasible_above,"[{""value"": 30.0, ""strategy_id"": ""S16"", ""mean_fill"": 0.8888421325799862, ""p_meet"": 0.0, ""mean_cost"": 16172551.135292161, ""mcse_cost"": 23728.872918785273, ""mean_shortage_days"": 119.33633625410732, ""mean_cost_per_unit"": 14.506772208297312, ""capacity_utilization"": 5582023.15, ""feasible"": false, ""n_runs"": 20, ""eligibility"": ""NO_CONCLUSION""}, {""value"": 70.0, ""strategy_id"": ""S16"", ""mean_fill"": 1.0, ""p_meet"": 1.0, ""mean_cost"": 17606318.83746932, ""mcse_cost"": 29303.337290866402, ""mean_shortage_days"": 0.0, ""mean_cost_per_unit"": 14.007415936423845, ""capacity_utilization"": 6284911.2, ""feasible"": true, ""n_runs"": 20, ""eligibility"": ""NO_CONCLUSION""}, {""value"": 50.0, ""strategy_id"": ""S16"", ""mean_fill"": 0.999895912103382, ""p_meet"": 1.0, ""mean_cost"": 16838846.4611884, ""mcse_cost"": 15825.719967327885, ""mean_shortage_days"": 0.7300999452354875, ""mean_cost_per_unit"": 13.397830837117604, ""capacity_utilization"": 6284247.45, ""feasible"": true, ""n_runs"": 20, ""eligibility"": ""NO_CONCLUSION""}, {""value"": 40.0, ""strategy_id"": ""S16"", ""mean_fill"": 0.9922769669407756, ""p_meet"": 0.75, ""mean_cost"": 16641227.072453577, ""mcse_cost"": 14806.993780059049, ""mean_shortage_days"": 8.801204819277109, ""mean_cost_per_unit"": 13.344078517660986, ""capacity_utilization"": 6236010.8, ""feasible"": false, ""n_runs"": 20, ""eligibility"": ""NO_CONCLUSION""}, {""value"": 45.0, ""strategy_id"": ""S16"", ""mean_fill"": 0.998828315496508, ""p_meet"": 0.95, ""mean_cost"": 16730372.024445087, ""mcse_cost"": 12549.661249435801, ""mean_shortage_days"": 2.610357338444688, ""mean_cost_per_unit"": 13.325804433526198, ""capacity_utilization"": 6277576.0, ""feasible"": true, ""n_runs"": 20, ""eligibility"": ""NO_CONCLUSION""}, {""value"": 42.5, ""strategy_id"": ""S16"", ""mean_fill"": 0.9952134695780028, ""p_meet"": 0.75, ""mean_cost"": 16677888.33431682, ""mcse_cost"": 12052.641059144871, ""mean_shortage_days"": 6.6609118291347205, ""mean_cost_per_unit"": 13.332496299733341, ""capacity_utilization"": 6254623.05, ""feasible"": false, ""n_runs"": 20, ""eligibility"": ""NO_CONCLUSION""}, {""value"": 43.75, ""strategy_id"": ""S16"", ""mean_fill"": 0.9986865374768344, ""p_meet"": 0.95, ""mean_cost"": 16718503.32987402, ""mcse_cost"": 12657.28198407497, ""mean_shortage_days"": 2.7803806133625413, ""mean_cost_per_unit"": 13.318242435149227, ""capacity_utilization"": 6276670.3, ""feasible"": true, ""n_runs"": 20, ""eligibility"": ""NO_CONCLUSION""}]",bisection over 5 steps on 20 paired runs,42.5,43.75
S16,sodium_bicarbonate_8_4_50ml,changeover_burden,product.changeover_days,1.0,3.0,10.0,True,False,6.484375,feasible_below,"[{""value"": 1.0, ""strategy_id"": ""S16"", ""mean_fill"": 0.9986443152296636, ""p_meet"": 0.95, ""mean_cost"": 16731165.755482057, ""mcse_cost"": 11988.194309035867, ""mean_shortage_days"": 2.6903682913472067, ""mean_cost_per_unit"": 13.328901364654623, ""capacity_utilization"": 6276392.45, ""feasible"": true, ""n_runs"": 20, ""eligibility"": ""NO_CONCLUSION""}, {""value"": 10.0, ""strategy_id"": ""S16"", ""mean_fill"": 0.9491186336618576, ""p_meet"": 0.0, ""mean_cost"": 16540752.315570142, ""mcse_cost"": 15467.289277862825, ""mean_shortage_days"": 45.586240416210295, ""mean_cost_per_unit"": 13.869762254718768, ""capacity_utilization"": 5964164.7, ""feasible"": false, ""n_runs"": 20, ""eligibility"": ""NO_CONCLUSION""}, {""value"": 5.5, ""strategy_id"": ""S16"", ""mean_fill"": 0.9986481810321679, ""p_meet"": 0.95, ""mean_cost"": 16740135.996857453, ""mcse_cost"": 12706.217154087315, ""mean_shortage_days"": 2.8803943044906903, ""mean_cost_per_unit"": 13.336084232166481, ""capacity_utilization"": 6276308.65, ""feasible"": true, ""n_runs"": 20, ""eligibility"": ""NO_CONCLUSION""}, {""value"": 7.75, ""strategy_id"": ""S16"", ""mean_fill"": 0.9867246691980514, ""p_meet"": 0.55, ""mean_cost"": 16673291.50354344, ""mcse_cost"": 15525.519032695483, ""mean_shortage_days"": 15.052060514786419, ""mean_cost_per_unit"": 13.446069716541498, ""capacity_utilization"": 6201075.85, ""feasible"": false, ""n_runs"": 20, ""eligibility"": ""NO_CONCLUSION""}, {""value"": 6.625, ""strategy_id"": ""S16"", ""mean_fill"": 0.9951965431970956, ""p_meet"": 0.75, ""mean_cost"": 16709714.966237416, ""mcse_cost"": 10961.658474797536, ""mean_shortage_days"": 6.530894030668127, ""mean_cost_per_unit"": 13.3581032017704, ""capacity_utilization"": 6254473.7, ""feasible"": false, ""n_runs"": 20, ""eligibility"": ""NO_CONCLUSION""}, {""value"": 6.0625, ""strategy_id"": ""S16"", ""mean_fill"": 0.9983801276097385, ""p_meet"": 0.95, ""mean_cost"": 16736059.964135408, ""mcse_cost"": 13404.514736091813, ""mean_shortage_days"": 3.0004107338444688, ""mean_cost_per_unit"": 13.336292482208426, ""capacity_utilization"": 6274693.3, ""feasible"": true, ""n_runs"": 20, ""eligibility"": ""NO_CONCLUSION""}, {""value"": 6.34375, ""strategy_id"": ""S16"", ""mean_fill"": 0.9983801276097385, ""p_meet"": 0.95, ""mean_cost"": 16736059.964135408, ""mcse_cost"": 13404.514736091813, ""mean_shortage_days"": 3.0004107338444688, ""mean_cost_per_unit"": 13.336292482208426, ""capacity_utilization"": 6274693.3, ""feasible"": true, ""n_runs"": 20, ""eligibility"": ""NO_CONCLUSION""}]",bisection over 5 steps on 20 paired runs,6.34375,6.625
S17,sodium_bicarbonate_8_4_50ml,capacity_utilization,product.annual_demand_units,600000.0,1200000.0,2400000.0,True,False,1190625.0,feasible_below,"[{""value"": 600000.0, ""strategy_id"": ""S17"", ""mean_fill"": 0.9999464164315632, ""p_meet"": 1.0, ""mean_cost"": 17833782.32802835, ""mcse_cost"": 7813.949004315438, ""mean_shortage_days"": 0.5500753012048193, ""mean_cost_per_unit"": 28.37805578825707, ""capacity_utilization"": 3142292.45, ""feasible"": true, ""n_runs"": 20, ""eligibility"": ""NO_CONCLUSION""}, {""value"": 2400000.0, ""strategy_id"": ""S17"", ""mean_fill"": 0.8020348051871808, ""p_meet"": 0.0, ""mean_cost"": 21761218.907521732, ""mcse_cost"": 44914.51382349033, ""mean_shortage_days"": 251.15438116100762, ""mean_cost_per_unit"": 10.839623552598212, ""capacity_utilization"": 10051057.5, ""feasible"": false, ""n_runs"": 20, ""eligibility"": ""NO_CONCLUSION""}, {""value"": 1500000.0, ""strategy_id"": ""S17"", ""mean_fill"": 0.9914932232113098, ""p_meet"": 0.75, ""mean_cost"": 20229886.196482938, ""mcse_cost"": 11628.95557774214, ""mean_shortage_days"": 21.062883351588173, ""mean_cost_per_unit"": 12.98654214314777, ""capacity_utilization"": 7788746.7, ""feasible"": false, ""n_runs"": 20, ""eligibility"": ""NO_CONCLUSION""}, {""value"": 1050000.0, ""strategy_id"": ""S17"", ""mean_fill"": 0.9971393034674361, ""p_meet"": 0.95, ""mean_cost"": 19004259.285011917, ""mcse_cost"": 11503.281845619273, ""mean_shortage_days"": 12.421700438116101, ""mean_cost_per_unit"": 17.32908416557195, ""capacity_utilization"": 5483403.65, ""feasible"": true, ""n_runs"": 20, ""eligibility"": ""NO_CONCLUSION""}, {""value"": 1275000.0, ""strategy_id"": ""S17"", ""mean_fill"": 0.9954119353878085, ""p_meet"": 0.85, ""mean_cost"": 19627805.834988873, ""mcse_cost"": 11518.559294446628, ""mean_shortage_days"": 16.112205640744797, ""mean_cost_per_unit"": 14.764372086105704, ""capacity_utilization"": 6646863.35, ""feasible"": false, ""n_runs"": 20, ""eligibility"": ""NO_CONCLUSION""}, {""value"": 1162500.0, ""strategy_id"": ""S17"", ""mean_fill"": 0.9959574336767695, ""p_meet"": 0.95, ""mean_cost"": 19328616.514962852, ""mcse_cost"": 8776.850658319128, ""mean_shortage_days"": 15.862171412924422, ""mean_cost_per_unit"": 15.937667926118465, ""capacity_utilization"": 6063680.3, ""feasible"": true, ""n_runs"": 20, ""eligibility"": ""NO_CONCLUSION""}, {""value"": 1218750.0, ""strategy_id"": ""S17"", ""mean_fill"": 0.9959523615425004, ""p_meet"": 0.85, ""mean_cost"": 19492555.69991014, ""mcse_cost"": 9255.213711934652, ""mean_shortage_days"": 15.662144030668122, ""mean_cost_per_unit"": 15.33129397917279, ""capacity_utilization"": 6357173.3, ""feasible"": false, ""n_runs"": 20, ""eligibility"": ""NO_CONCLUSION""}]",bisection over 5 steps on 20 paired runs,1162500.0,1218750.0
S17,sodium_bicarbonate_8_4_50ml,fixed_qa_labor_per_node,product.fixed_qa_labor_usd_per_site_year,1500000.0,3000000.0,6000000.0,True,True,,feasible_everywhere,"[{""value"": 1500000.0, ""strategy_id"": ""S17"", ""mean_fill"": 0.9970640844531591, ""p_meet"": 0.95, ""mean_cost"": 16858118.873471, ""mcse_cost"": 11112.248876162363, ""mean_shortage_days"": 13.531852409638551, ""mean_cost_per_unit"": 13.45193493276949, ""capacity_utilization"": 6266158.5, ""feasible"": true, ""n_runs"": 20, ""eligibility"": ""NO_CONCLUSION""}, {""value"": 6000000.0, ""strategy_id"": ""S17"", ""mean_fill"": 0.9970640844531591, ""p_meet"": 0.95, ""mean_cost"": 24567854.02182203, ""mcse_cost"": 11112.248876162315, ""mean_shortage_days"": 13.531852409638551, ""mean_cost_per_unit"": 19.604086721880808, ""capacity_utilization"": 6266158.5, ""feasible"": true, ""n_runs"": 20, ""eligibility"": ""NO_CONCLUSION""}]",feasibility does not change between 1500000.0 and 6000000.0; no threshold inside the recorded range,,
S17,sodium_bicarbonate_8_4_50ml,release_time,global.sterility_incubation_days,14.0,14.0,18.0,True,True,,feasible_everywhere,"[{""value"": 14.0, ""strategy_id"": ""S17"", ""mean_fill"": 0.9970640844531591, ""p_meet"": 0.95, ""mean_cost"": 19428030.589588597, ""mcse_cost"": 11112.248876162352, ""mean_shortage_days"": 13.531852409638551, ""mean_cost_per_unit"": 15.502652195807068, ""capacity_utilization"": 6266158.5, ""feasible"": true, ""n_runs"": 20, ""eligibility"": ""NO_CONCLUSION""}, {""value"": 18.0, ""strategy_id"": ""S17"", ""mean_fill"": 0.9957246013920432, ""p_meet"": 0.95, ""mean_cost"": 19426325.576039992, ""mcse_cost"": 10389.497060920054, ""mean_shortage_days"": 16.222220700985762, ""mean_cost_per_unit"": 15.521751912663095, ""capacity_utilization"": 6258111.55, ""feasible"": true, ""n_runs"": 20, ""eligibility"": ""NO_CONCLUSION""}]",feasibility does not change between 14.0 and 18.0; no threshold inside the recorded range,,
S17,sodium_bicarbonate_8_4_50ml,shelf_life,product.shelf_life_months,12.0,24.0,36.0,True,True,,feasible_everywhere,"[{""value"": 12.0, ""strategy_id"": ""S17"", ""mean_fill"": 0.9963403219896175, ""p_meet"": 0.95, ""mean_cost"": 19502641.225545235, ""mcse_cost"": 10555.96121391824, ""mean_shortage_days"": 16.152211117196057, ""mean_cost_per_unit"": 15.574522875657493, ""capacity_utilization"": 6261119.65, ""feasible"": true, ""n_runs"": 20, ""eligibility"": ""NO_CONCLUSION""}, {""value"": 36.0, ""strategy_id"": ""S17"", ""mean_fill"": 0.9970640844531591, ""p_meet"": 0.95, ""mean_cost"": 19428030.589588597, ""mcse_cost"": 11112.248876162352, ""mean_shortage_days"": 13.531852409638551, ""mean_cost_per_unit"": 15.502652195807068, ""capacity_utilization"": 6266158.5, ""feasible"": true, ""n_runs"": 20, ""eligibility"": ""NO_CONCLUSION""}]",feasibility does not change between 12.0 and 36.0; no threshold inside the recorded range,,
S17,sodium_bicarbonate_8_4_50ml,raw_material_lead_time,product.material_lead_time_days,30.0,90.0,240.0,True,True,,feasible_everywhere,"[{""value"": 30.0, ""strategy_id"": ""S17"", ""mean_fill"": 0.9970993015689353, ""p_meet"": 0.95, ""mean_cost"": 19376865.735512607, ""mcse_cost"": 10717.158491458504, ""mean_shortage_days"": 13.381831872946327, ""mean_cost_per_unit"": 15.461277789337126, ""capacity_utilization"": 6266376.9, ""feasible"": true, ""n_runs"": 20, ""eligibility"": ""NO_CONCLUSION""}, {""value"": 240.0, ""strategy_id"": ""S17"", ""mean_fill"": 0.997101099333286, ""p_meet"": 0.95, ""mean_cost"": 19559652.406817712, ""mcse_cost"": 10947.155078232032, ""mean_shortage_days"": 13.30182092004381, ""mean_cost_per_unit"": 15.60713615150963, ""capacity_utilization"": 6266388.05, ""feasible"": true, ""n_runs"": 20, ""eligibility"": ""NO_CONCLUSION""}]",feasibility does not change between 30.0 and 240.0; no threshold inside the recorded range,,
S17,sodium_bicarbonate_8_4_50ml,common_cause_dependence,global.common_cause_events_per_year,0.02,0.1,0.3,True,False,0.181875,feasible_below,"[{""value"": 0.02, ""strategy_id"": ""S17"", ""mean_fill"": 0.9977708234605526, ""p_meet"": 0.95, ""mean_cost"": 19428232.8428038, ""mcse_cost"": 9177.566541565104, ""mean_shortage_days"": 9.491299288061334, ""mean_cost_per_unit"": 15.49099865286587, ""capacity_utilization"": 6270757.4, ""feasible"": true, ""n_runs"": 20, ""eligibility"": ""NO_CONCLUSION""}, {""value"": 0.3, ""strategy_id"": ""S17"", ""mean_fill"": 0.9903232712027584, ""p_meet"": 0.75, ""mean_cost"": 19396912.76016984, ""mcse_cost"": 13281.647568807432, ""mean_shortage_days"": 20.932865553121577, ""mean_cost_per_unit"": 15.584724294524701, ""capacity_utilization"": 6223364.5, ""feasible"": false, ""n_runs"": 20, ""eligibility"": ""NO_CONCLUSION""}, {""value"": 0.16, ""strategy_id"": ""S17"", ""mean_fill"": 0.9933178536912102, ""p_meet"": 0.95, ""mean_cost"": 19422825.709418587, ""mcse_cost"": 12080.953190320413, ""mean_shortage_days"": 17.112342552026284, ""mean_cost_per_unit"": 15.557736959711795, ""capacity_utilization"": 6242683.95, ""feasible"": true, ""n_runs"": 20, ""eligibility"": ""NO_CONCLUSION""}, {""value"": 0.22999999999999998, ""strategy_id"": ""S17"", ""mean_fill"": 0.9885690721822827, ""p_meet"": 0.8, ""mean_cost"": 19396360.586569887, ""mcse_cost"": 17280.77475564445, ""mean_shortage_days"": 22.163033953997807, ""mean_cost_per_unit"": 15.61688738314957, ""capacity_utilization"": 6210652.75, ""feasible"": false, ""n_runs"": 20, ""eligibility"": ""NO_CONCLUSION""}, {""value"": 0.195, ""strategy_id"": ""S17"", ""mean_fill"": 0.99111301694619, ""p_meet"": 0.8, ""mean_cost"": 19421166.236493666, ""mcse_cost"": 13010.728548405079, ""mean_shortage_days"": 20.012739594742605, ""mean_cost_per_unit"": 15.591365788737637, ""capacity_utilization"": 6228916.05, ""feasible"": false, ""n_runs"": 20, ""eligibility"": ""NO_CONCLUSION""}, {""value"": 0.1775, ""strategy_id"": ""S17"", ""mean_fill"": 0.9932368738714124, ""p_meet"": 0.9, ""mean_cost"": 19419611.241231456, ""mcse_cost"": 11212.243295733757, ""mean_shortage_days"": 17.97246029572837, ""mean_cost_per_unit"": 15.55653570340959, ""capacity_utilization"": 6242013.45, ""feasible"": true, ""n_runs"": 20, ""eligibility"": ""NO_CONCLUSION""}, {""value"": 0.18625, ""strategy_id"": ""S17"", ""mean_fill"": 0.9912976889918544, ""p_meet"": 0.8, ""mean_cost"": 19414679.55465752, ""mcse_cost"": 13824.817586222478, ""mean_shortage_days"": 19.622686199342827, ""mean_cost_per_unit"": 15.583986666583295, ""capacity_utilization"": 6229963.7, ""feasible"": false, ""n_runs"": 20, ""eligibility"": ""NO_CONCLUSION""}]",bisection over 5 steps on 20 paired runs,0.1775,0.18625
S17,sodium_bicarbonate_8_4_50ml,supplier_concentration,global.supplier_disruptions_per_supplier_year,0.05,0.2,0.6,True,True,,feasible_everywhere,"[{""value"": 0.05, ""strategy_id"": ""S17"", ""mean_fill"": 0.9970640844531591, ""p_meet"": 0.95, ""mean_cost"": 19428178.791416988, ""mcse_cost"": 11123.498200770533, ""mean_shortage_days"": 13.531852409638551, ""mean_cost_per_unit"": 15.502769516777954, ""capacity_utilization"": 6266158.5, ""feasible"": true, ""n_runs"": 20, ""eligibility"": ""NO_CONCLUSION""}, {""value"": 0.6, ""strategy_id"": ""S17"", ""mean_fill"": 0.996560380851062, ""p_meet"": 0.95, ""mean_cost"": 19422342.759156376, ""mcse_cost"": 10885.772634661393, ""mean_shortage_days"": 14.942045454545454, ""mean_cost_per_unit"": 15.505322008146086, ""capacity_utilization"": 6263261.85, ""feasible"": true, ""n_runs"": 20, ""eligibility"": ""NO_CONCLUSION""}]",feasibility does not change between 0.05 and 0.6; no threshold inside the recorded range,,
S17,sodium_bicarbonate_8_4_50ml,commissioning_days,global.node_commissioning_days,365.0,730.0,1095.0,True,True,,feasible_everywhere,"[{""value"": 365.0, ""strategy_id"": ""S17"", ""mean_fill"": 0.9970640844531591, ""p_meet"": 0.95, ""mean_cost"": 19428030.589588597, ""mcse_cost"": 11112.248876162352, ""mean_shortage_days"": 13.531852409638551, ""mean_cost_per_unit"": 15.502652195807068, ""capacity_utilization"": 6266158.5, ""feasible"": true, ""n_runs"": 20, ""eligibility"": ""NO_CONCLUSION""}, {""value"": 1095.0, ""strategy_id"": ""S17"", ""mean_fill"": 0.9970640844531591, ""p_meet"": 0.95, ""mean_cost"": 19428030.589588597, ""mcse_cost"": 11112.248876162352, ""mean_shortage_days"": 13.531852409638551, ""mean_cost_per_unit"": 15.502652195807068, ""capacity_utilization"": 6266158.5, ""feasible"": true, ""n_runs"": 20, ""eligibility"": ""NO_CONCLUSION""}]",feasibility does not change between 365.0 and 1095.0; no threshold inside the recorded range,,
S17,sodium_bicarbonate_8_4_50ml,activation_latency_days,global.reserved_capacity_activation_days,7.0,21.0,60.0,True,True,,feasible_everywhere,"[{""value"": 7.0, ""strategy_id"": ""S17"", ""mean_fill"": 0.9970640844531591, ""p_meet"": 0.95, ""mean_cost"": 19428030.589588597, ""mcse_cost"": 11112.248876162352, ""mean_shortage_days"": 13.531852409638551, ""mean_cost_per_unit"": 15.502652195807068, ""capacity_utilization"": 6266158.5, ""feasible"": true, ""n_runs"": 20, ""eligibility"": ""NO_CONCLUSION""}, {""value"": 60.0, ""strategy_id"": ""S17"", ""mean_fill"": 0.9970640844531591, ""p_meet"": 0.95, ""mean_cost"": 19428030.589588597, ""mcse_cost"": 11112.248876162352, ""mean_shortage_days"": 13.531852409638551, ""mean_cost_per_unit"": 15.502652195807068, ""capacity_utilization"": 6266158.5, ""feasible"": true, ""n_runs"": 20, ""eligibility"": ""NO_CONCLUSION""}]",feasibility does not change between 7.0 and 60.0; no threshold inside the recorded range,,
S17,sodium_bicarbonate_8_4_50ml,node_capital,product.capital_usd_per_site,15000000.0,40000000.0,100000000.0,True,True,,feasible_everywhere,"[{""value"": 15000000.0, ""strategy_id"": ""S17"", ""mean_fill"": 0.9970640844531591, ""p_meet"": 0.95, ""mean_cost"": 13407643.915341647, ""mcse_cost"": 11112.24887616231, ""mean_shortage_days"": 13.531852409638551, ""mean_cost_per_unit"": 10.698552971071429, ""capacity_utilization"": 6266158.5, ""feasible"": true, ""n_runs"": 20, ""eligibility"": ""NO_CONCLUSION""}, {""value"": 100000000.0, ""strategy_id"": ""S17"", ""mean_fill"": 0.9970640844531591, ""p_meet"": 0.95, ""mean_cost"": 33876958.60778041, ""mcse_cost"": 11112.24887616233, ""mean_shortage_days"": 13.531852409638551, ""mean_cost_per_unit"": 27.0324903351719, ""capacity_utilization"": 6266158.5, ""feasible"": true, ""n_runs"": 20, ""eligibility"": ""NO_CONCLUSION""}]",feasibility does not change between 15000000.0 and 100000000.0; no threshold inside the recorded range,,
S17,sodium_bicarbonate_8_4_50ml,batches_per_site_year,product.batches_per_site_year_nominal,30.0,45.0,70.0,False,True,44.375,feasible_above,"[{""value"": 30.0, ""strategy_id"": ""S17"", ""mean_fill"": 0.979788483860462, ""p_meet"": 0.45, ""mean_cost"": 19265837.26399134, ""mcse_cost"": 14040.712430939122, ""mean_shortage_days"": 35.3248357064622, ""mean_cost_per_unit"": 15.64917659394354, ""capacity_utilization"": 6156779.15, ""feasible"": false, ""n_runs"": 20, ""eligibility"": ""NO_CONCLUSION""}, {""value"": 70.0, ""strategy_id"": ""S17"", ""mean_fill"": 0.995741848107943, ""p_meet"": 0.9, ""mean_cost"": 19554337.925922163, ""mcse_cost"": 10210.496157950045, ""mean_shortage_days"": 13.221809967141292, ""mean_cost_per_unit"": 15.623241142631281, ""capacity_utilization"": 6257889.6, ""feasible"": true, ""n_runs"": 20, ""eligibility"": ""NO_CONCLUSION""}, {""value"": 50.0, ""strategy_id"": ""S17"", ""mean_fill"": 0.9971475346809028, ""p_meet"": 1.0, ""mean_cost"": 19452331.017326023, ""mcse_cost"": 10608.509415406712, ""mean_shortage_days"": 13.321823658269441, ""mean_cost_per_unit"": 15.519993610134012, ""capacity_utilization"": 6266917.45, ""feasible"": true, ""n_runs"": 20, ""eligibility"": ""NO_CONCLUSION""}, {""value"": 40.0, ""strategy_id"": ""S17"", ""mean_fill"": 0.9944876827270102, ""p_meet"": 0.8, ""mean_cost"": 19380783.637282543, ""mcse_cost"": 10733.727876544375, ""mean_shortage_days"": 16.442250821467688, ""mean_cost_per_unit"": 15.50428060965218, ""capacity_utilization"": 6249890.6, ""feasible"": false, ""n_runs"": 20, ""eligibility"": ""NO_CONCLUSION""}, {""value"": 45.0, ""strategy_id"": ""S17"", ""mean_fill"": 0.9970640844531591, ""p_meet"": 0.95, ""mean_cost"": 19428030.589588597, ""mcse_cost"": 11112.248876162352, ""mean_shortage_days"": 13.531852409638551, ""mean_cost_per_unit"": 15.502652195807068, ""capacity_utilization"": 6266158.5, ""feasible"": true, ""n_runs"": 20, ""eligibility"": ""NO_CONCLUSION""}, {""value"": 42.5, ""strategy_id"": ""S17"", ""mean_fill"": 0.9946691735209182, ""p_meet"": 0.8, ""mean_cost"": 19414994.154698476, ""mcse_cost"": 10200.438950853031, ""mean_shortage_days"": 16.062198795180723, ""mean_cost_per_unit"": 15.528596187044798, ""capacity_utilization"": 6250969.6, ""feasible"": false, ""n_runs"": 20, ""eligibility"": ""NO_CONCLUSION""}, {""value"": 43.75, ""strategy_id"": ""S17"", ""mean_fill"": 0.9955791058535747, ""p_meet"": 0.85, ""mean_cost"": 19414189.302775018, ""mcse_cost"": 9822.573580459759, ""mean_shortage_days"": 16.09220290251917, ""mean_cost_per_unit"": 15.513837157295985, ""capacity_utilization"": 6256834.05, ""feasible"": false, ""n_runs"": 20, ""eligibility"": ""NO_CONCLUSION""}]",bisection over 5 steps on 20 paired runs,43.75,45.0
S17,sodium_bicarbonate_8_4_50ml,changeover_burden,product.changeover_days,1.0,3.0,10.0,True,True,,feasible_everywhere,"[{""value"": 1.0, ""strategy_id"": ""S17"", ""mean_fill"": 0.9957579284900661, ""p_meet"": 0.95, ""mean_cost"": 19431640.389646105, ""mcse_cost"": 7687.63446173251, ""mean_shortage_days"": 15.942182365826943, ""mean_cost_per_unit"": 15.525049034497385, ""capacity_utilization"": 6258052.85, ""feasible"": true, ""n_runs"": 20, ""eligibility"": ""NO_CONCLUSION""}, {""value"": 10.0, ""strategy_id"": ""S17"", ""mean_fill"": 0.9953402458742993, ""p_meet"": 0.9, ""mean_cost"": 19391645.01892155, ""mcse_cost"": 11470.76931401225, ""mean_shortage_days"": 18.842579408543262, ""mean_cost_per_unit"": 15.49993040099723, ""capacity_utilization"": 6255425.3, ""feasible"": true, ""n_runs"": 20, ""eligibility"": ""NO_CONCLUSION""}]",feasibility does not change between 1.0 and 10.0; no threshold inside the recorded range,,
S18,sodium_bicarbonate_8_4_50ml,capacity_utilization,product.annual_demand_units,600000.0,1200000.0,2400000.0,True,False,1134375.0,feasible_below,"[{""value"": 600000.0, ""strategy_id"": ""S18"", ""mean_fill"": 1.0, ""p_meet"": 1.0, ""mean_cost"": 22625974.14012762, ""mcse_cost"": 9063.955269623499, ""mean_shortage_days"": 0.0, ""mean_cost_per_unit"": 36.00181678921872, ""capacity_utilization"": 3142458.6, ""feasible"": true, ""n_runs"": 20, ""eligibility"": ""NO_CONCLUSION""}, {""value"": 2400000.0, ""strategy_id"": ""S18"", ""mean_fill"": 0.6405997622032651, ""p_meet"": 0.0, ""mean_cost"": 24854702.97044917, ""mcse_cost"": 41508.7365787943, ""mean_shortage_days"": 268.00668811610075, ""mean_cost_per_unit"": 15.544866641219405, ""capacity_utilization"": 8009979.35, ""feasible"": false, ""n_runs"": 20, ""eligibility"": ""NO_CONCLUSION""}, {""value"": 1500000.0, ""strategy_id"": ""S18"", ""mean_fill"": 0.9588443180236927, ""p_meet"": 0.25, ""mean_cost"": 24408371.416717313, ""mcse_cost"": 41958.12949880895, ""mean_shortage_days"": 38.00520262869661, ""mean_cost_per_unit"": 16.21852014713774, ""capacity_utilization"": 7531439.8, ""feasible"": false, ""n_runs"": 20, ""eligibility"": ""NO_CONCLUSION""}, {""value"": 1050000.0, ""strategy_id"": ""S18"", ""mean_fill"": 1.0, ""p_meet"": 1.0, ""mean_cost"": 23825292.19578098, ""mcse_cost"": 16052.850674702133, ""mean_shortage_days"": 0.0, ""mean_cost_per_unit"": 21.662817910727505, ""capacity_utilization"": 5499303.25, ""feasible"": true, ""n_runs"": 20, ""eligibility"": ""NO_CONCLUSION""}, {""value"": 1275000.0, ""strategy_id"": ""S18"", ""mean_fill"": 0.99089961985142, ""p_meet"": 0.7, ""mean_cost"": 24318544.620504852, ""mcse_cost"": 34979.00788990091, ""mean_shortage_days"": 9.62131708652793, ""mean_cost_per_unit"": 18.379039536526726, ""capacity_utilization"": 6616650.15, ""feasible"": false, ""n_runs"": 20, ""eligibility"": ""NO_CONCLUSION""}, {""value"": 1162500.0, ""strategy_id"": ""S18"", ""mean_fill"": 0.9965008452056638, ""p_meet"": 0.85, ""mean_cost"": 24083673.726207044, ""mcse_cost"": 16716.94265881237, ""mean_shortage_days"": 4.200575027382255, ""mean_cost_per_unit"": 19.848652370875968, ""capacity_utilization"": 6067047.5, ""feasible"": false, ""n_runs"": 20, ""eligibility"": ""NO_CONCLUSION""}, {""value"": 1106250.0, ""strategy_id"": ""S18"", ""mean_fill"": 0.9995268212505994, ""p_meet"": 1.0, ""mean_cost"": 23951458.671965376, ""mcse_cost"": 13351.368544050949, ""mean_shortage_days"": 2.0202765607886084, ""mean_cost_per_unit"": 20.679827621465424, ""capacity_utilization"": 5791132.15, ""feasible"": true, ""n_runs"": 20, ""eligibility"": ""NO_CONCLUSION""}]",bisection over 5 steps on 20 paired runs,1106250.0,1162500.0
S18,sodium_bicarbonate_8_4_50ml,fixed_qa_labor_per_node,product.fixed_qa_labor_usd_per_site_year,1500000.0,3000000.0,6000000.0,False,False,,infeasible_everywhere,"[{""value"": 1500000.0, ""strategy_id"": ""S18"", ""mean_fill"": 0.9952306158617719, ""p_meet"": 0.85, ""mean_cost"": 21611433.78238802, ""mcse_cost"": 23254.282025647324, ""mean_shortage_days"": 5.940813253012047, ""mean_cost_per_unit"": 17.276922846126425, ""capacity_utilization"": 6254798.35, ""feasible"": false, ""n_runs"": 20, ""eligibility"": ""NO_CONCLUSION""}, {""value"": 6000000.0, ""strategy_id"": ""S18"", ""mean_fill"": 0.9952306158617719, ""p_meet"": 0.85, ""mean_cost"": 29287047.11481131, ""mcse_cost"": 23254.282025647324, ""mean_shortage_days"": 5.940813253012047, ""mean_cost_per_unit"": 23.413339906860536, ""capacity_utilization"": 6254798.35, ""feasible"": false, ""n_runs"": 20, ""eligibility"": ""NO_CONCLUSION""}]",feasibility does not change between 1500000.0 and 6000000.0; no threshold inside the recorded range,,
S18,sodium_bicarbonate_8_4_50ml,release_time,global.sterility_incubation_days,14.0,14.0,18.0,False,False,,infeasible_everywhere,"[{""value"": 14.0, ""strategy_id"": ""S18"", ""mean_fill"": 0.9952306158617719, ""p_meet"": 0.85, ""mean_cost"": 24169971.559862453, ""mcse_cost"": 23254.282025647328, ""mean_shortage_days"": 5.940813253012047, ""mean_cost_per_unit"": 19.322395199704467, ""capacity_utilization"": 6254798.35, ""feasible"": false, ""n_runs"": 20, ""eligibility"": ""NO_CONCLUSION""}, {""value"": 18.0, ""strategy_id"": ""S18"", ""mean_fill"": 0.9944279393009946, ""p_meet"": 0.85, ""mean_cost"": 24166660.45515296, ""mcse_cost"": 23579.619275720543, ""mean_shortage_days"": 6.830935104052574, ""mean_cost_per_unit"": 19.335418345201543, ""capacity_utilization"": 6249716.6, ""feasible"": false, ""n_runs"": 20, ""eligibility"": ""NO_CONCLUSION""}]",feasibility does not change between 14.0 and 18.0; no threshold inside the recorded range,,
S18,sodium_bicarbonate_8_4_50ml,shelf_life,product.shelf_life_months,12.0,24.0,36.0,False,False,,infeasible_everywhere,"[{""value"": 12.0, ""strategy_id"": ""S18"", ""mean_fill"": 0.9950175359999118, ""p_meet"": 0.85, ""mean_cost"": 24244666.364053003, ""mcse_cost"": 35627.32498457123, ""mean_shortage_days"": 6.1208378970427155, ""mean_cost_per_unit"": 19.386047273178217, ""capacity_utilization"": 6253451.25, ""feasible"": false, ""n_runs"": 20, ""eligibility"": ""NO_CONCLUSION""}, {""value"": 36.0, ""strategy_id"": ""S18"", ""mean_fill"": 0.9952306158617719, ""p_meet"": 0.85, ""mean_cost"": 24169971.559862453, ""mcse_cost"": 23254.282025647328, ""mean_shortage_days"": 5.940813253012047, ""mean_cost_per_unit"": 19.322395199704467, ""capacity_utilization"": 6254798.35, ""feasible"": false, ""n_runs"": 20, ""eligibility"": ""NO_CONCLUSION""}]",feasibility does not change between 12.0 and 36.0; no threshold inside the recorded range,,
S18,sodium_bicarbonate_8_4_50ml,raw_material_lead_time,product.material_lead_time_days,30.0,90.0,240.0,True,False,59.53125,feasible_below,"[{""value"": 30.0, ""strategy_id"": ""S18"", ""mean_fill"": 0.9982485516723247, ""p_meet"": 0.9, ""mean_cost"": 24186229.65871822, ""mcse_cost"": 21448.549612962135, ""mean_shortage_days"": 2.970406626506024, ""mean_cost_per_unit"": 19.27588659336014, ""capacity_utilization"": 6273898.55, ""feasible"": true, ""n_runs"": 20, ""eligibility"": ""NO_CONCLUSION""}, {""value"": 240.0, ""strategy_id"": ""S18"", ""mean_fill"": 0.9620879600668621, ""p_meet"": 0.25, ""mean_cost"": 23975256.995103892, ""mcse_cost"": 29437.344598327083, ""mean_shortage_days"": 39.65542853231106, ""mean_cost_per_unit"": 19.840148741945352, ""capacity_utilization"": 6045535.8, ""feasible"": false, ""n_runs"": 20, ""eligibility"": ""NO_CONCLUSION""}, {""value"": 135.0, ""strategy_id"": ""S18"", ""mean_fill"": 0.9873122023383312, ""p_meet"": 0.65, ""mean_cost"": 24124429.209950767, ""mcse_cost"": 26227.127751847984, ""mean_shortage_days"": 11.921631982475358, ""mean_cost_per_unit"": 19.443581271617223, ""capacity_utilization"": 6204509.9, ""feasible"": false, ""n_runs"": 20, ""eligibility"": ""NO_CONCLUSION""}, {""value"": 82.5, ""strategy_id"": ""S18"", ""mean_fill"": 0.9953103695233103, ""p_meet"": 0.85, ""mean_cost"": 24181274.04231475, ""mcse_cost"": 21323.025848207384, ""mean_shortage_days"": 5.360733844468784, ""mean_cost_per_unit"": 19.32999500499944, ""capacity_utilization"": 6255244.05, ""feasible"": false, ""n_runs"": 20, ""eligibility"": ""NO_CONCLUSION""}, {""value"": 56.25, ""strategy_id"": ""S18"", ""mean_fill"": 0.9974692476509268, ""p_meet"": 0.9, ""mean_cost"": 24191930.05312352, ""mcse_cost"": 20237.929245800486, ""mean_shortage_days"": 3.090423055859803, ""mean_cost_per_unit"": 19.29579318660352, ""capacity_utilization"": 6268939.95, ""feasible"": true, ""n_runs"": 20, ""eligibility"": ""NO_CONCLUSION""}, {""value"": 69.375, ""strategy_id"": ""S18"", ""mean_fill"": 0.997172936584953, ""p_meet"": 0.85, ""mean_cost"": 24188093.554786686, ""mcse_cost"": 21930.26713544497, ""mean_shortage_days"": 3.7005065717415113, ""mean_cost_per_unit"": 19.298594751447716, ""capacity_utilization"": 6267128.95, ""feasible"": false, ""n_runs"": 20, ""eligibility"": ""NO_CONCLUSION""}, {""value"": 62.8125, ""strategy_id"": ""S18"", ""mean_fill"": 0.9973150829918238, ""p_meet"": 0.85, ""mean_cost"": 24188810.260139264, ""mcse_cost"": 21004.206633186204, ""mean_shortage_days"": 3.440470974808324, ""mean_cost_per_unit"": 19.29631767905589, ""capacity_utilization"": 6268002.9, ""feasible"": false, ""n_runs"": 20, ""eligibility"": ""NO_CONCLUSION""}]",bisection over 5 steps on 20 paired runs,56.25,62.8125
S18,sodium_bicarbonate_8_4_50ml,common_cause_dependence,global.common_cause_events_per_year,0.02,0.1,0.3,True,False,0.06812499999999999,feasible_below,"[{""value"": 0.02, ""strategy_id"": ""S18"", ""mean_fill"": 1.0, ""p_meet"": 1.0, ""mean_cost"": 24231456.8821493, ""mcse_cost"": 9683.37671689914, ""mean_shortage_days"": 0.07000958378970426, ""mean_cost_per_unit"": 19.278024180735162, ""capacity_utilization"": 6284911.2, ""feasible"": true, ""n_runs"": 20, ""eligibility"": ""NO_CONCLUSION""}, {""value"": 0.3, ""strategy_id"": ""S18"", ""mean_fill"": 0.9876783707283199, ""p_meet"": 0.75, ""mean_cost"": 24025506.761888005, ""mcse_cost"": 44295.03842935019, ""mean_shortage_days"": 11.641593647316537, ""mean_cost_per_unit"": 19.35679542095491, ""capacity_utilization"": 6206475.45, ""feasible"": false, ""n_runs"": 20, ""eligibility"": ""NO_CONCLUSION""}, {""value"": 0.16, ""strategy_id"": ""S18"", ""mean_fill"": 0.9931046918986505, ""p_meet"": 0.8, ""mean_cost"": 24131787.835932054, ""mcse_cost"": 28945.832333865063, ""mean_shortage_days"": 7.471022727272727, ""mean_cost_per_unit"": 19.335398764446275, ""capacity_utilization"": 6241248.45, ""feasible"": false, ""n_runs"": 20, ""eligibility"": ""NO_CONCLUSION""}, {""value"": 0.09, ""strategy_id"": ""S18"", ""mean_fill"": 0.9956394513916671, ""p_meet"": 0.85, ""mean_cost"": 24189375.089160945, ""mcse_cost"": 15909.894685399593, ""mean_shortage_days"": 5.010685925520263, ""mean_cost_per_unit"": 19.330223517401244, ""capacity_utilization"": 6257432.45, ""feasible"": false, ""n_runs"": 20, ""eligibility"": ""NO_CONCLUSION""}, {""value"": 0.055, ""strategy_id"": ""S18"", ""mean_fill"": 0.9964049798153015, ""p_meet"": 0.9, ""mean_cost"": 24206052.87848294, ""mcse_cost"": 12703.530875644687, ""mean_shortage_days"": 4.260583242059146, ""mean_cost_per_unit"": 19.328427014978008, ""capacity_utilization"": 6262199.1, ""feasible"": true, ""n_runs"": 20, ""eligibility"": ""NO_CONCLUSION""}, {""value"": 0.0725, ""strategy_id"": ""S18"", ""mean_fill"": 0.9956394513916671, ""p_meet"": 0.85, ""mean_cost"": 24197284.000586778, ""mcse_cost"": 13810.736777387976, ""mean_shortage_days"": 5.010685925520263, ""mean_cost_per_unit"": 19.33662483409819, ""capacity_utilization"": 6257432.45, ""feasible"": false, ""n_runs"": 20, ""eligibility"": ""NO_CONCLUSION""}, {""value"": 0.06375, ""strategy_id"": ""S18"", ""mean_fill"": 0.9964049798153015, ""p_meet"": 0.9, ""mean_cost"": 24205462.149215024, ""mcse_cost"": 12638.111150444369, ""mean_shortage_days"": 4.260583242059146, ""mean_cost_per_unit"": 19.3279591270664, ""capacity_utilization"": 6262199.1, ""feasible"": true, ""n_runs"": 20, ""eligibility"": ""NO_CONCLUSION""}]",bisection over 5 steps on 20 paired runs,0.06375,0.0725
S18,sodium_bicarbonate_8_4_50ml,supplier_concentration,global.supplier_disruptions_per_supplier_year,0.05,0.2,0.6,False,False,,infeasible_everywhere,"[{""value"": 0.05, ""strategy_id"": ""S18"", ""mean_fill"": 0.9958162153656686, ""p_meet"": 0.85, ""mean_cost"": 24179808.01694597, ""mcse_cost"": 23346.761013135987, ""mean_shortage_days"": 5.4707489047097475, ""mean_cost_per_unit"": 19.31881182439144, ""capacity_utilization"": 6258557.25, ""feasible"": false, ""n_runs"": 20, ""eligibility"": ""NO_CONCLUSION""}, {""value"": 0.6, ""strategy_id"": ""S18"", ""mean_fill"": 0.9927448242281536, ""p_meet"": 0.8, ""mean_cost"": 24123047.76736907, ""mcse_cost"": 29124.661494460324, ""mean_shortage_days"": 9.311274644030668, ""mean_cost_per_unit"": 19.33579949868436, ""capacity_utilization"": 6239339.5, ""feasible"": false, ""n_runs"": 20, ""eligibility"": ""NO_CONCLUSION""}]",feasibility does not change between 0.05 and 0.6; no threshold inside the recorded range,,
S18,sodium_bicarbonate_8_4_50ml,commissioning_days,global.node_commissioning_days,365.0,730.0,1095.0,False,False,,infeasible_everywhere,"[{""value"": 365.0, ""strategy_id"": ""S18"", ""mean_fill"": 0.9952306158617719, ""p_meet"": 0.85, ""mean_cost"": 24169971.559862453, ""mcse_cost"": 23254.282025647328, ""mean_shortage_days"": 5.940813253012047, ""mean_cost_per_unit"": 19.322395199704467, ""capacity_utilization"": 6254798.35, ""feasible"": false, ""n_runs"": 20, ""eligibility"": ""NO_CONCLUSION""}, {""value"": 1095.0, ""strategy_id"": ""S18"", ""mean_fill"": 0.9952306158617719, ""p_meet"": 0.85, ""mean_cost"": 24169971.559862453, ""mcse_cost"": 23254.282025647328, ""mean_shortage_days"": 5.940813253012047, ""mean_cost_per_unit"": 19.322395199704467, ""capacity_utilization"": 6254798.35, ""feasible"": false, ""n_runs"": 20, ""eligibility"": ""NO_CONCLUSION""}]",feasibility does not change between 365.0 and 1095.0; no threshold inside the recorded range,,
S18,sodium_bicarbonate_8_4_50ml,activation_latency_days,global.reserved_capacity_activation_days,7.0,21.0,60.0,False,False,,infeasible_everywhere,"[{""value"": 7.0, ""strategy_id"": ""S18"", ""mean_fill"": 0.9952306158617719, ""p_meet"": 0.85, ""mean_cost"": 24169971.559862453, ""mcse_cost"": 23254.282025647328, ""mean_shortage_days"": 5.940813253012047, ""mean_cost_per_unit"": 19.322395199704467, ""capacity_utilization"": 6254798.35, ""feasible"": false, ""n_runs"": 20, ""eligibility"": ""NO_CONCLUSION""}, {""value"": 60.0, ""strategy_id"": ""S18"", ""mean_fill"": 0.9952306158617719, ""p_meet"": 0.85, ""mean_cost"": 24169971.559862453, ""mcse_cost"": 23254.282025647328, ""mean_shortage_days"": 5.940813253012047, ""mean_cost_per_unit"": 19.322395199704467, ""capacity_utilization"": 6254798.35, ""feasible"": false, ""n_runs"": 20, ""eligibility"": ""NO_CONCLUSION""}]",feasibility does not change between 7.0 and 60.0; no threshold inside the recorded range,,
S18,sodium_bicarbonate_8_4_50ml,node_capital,product.capital_usd_per_site,15000000.0,40000000.0,100000000.0,False,False,,infeasible_everywhere,"[{""value"": 15000000.0, ""strategy_id"": ""S18"", ""mean_fill"": 0.9952306158617719, ""p_meet"": 0.85, ""mean_cost"": 15911835.705980813, ""mcse_cost"": 23254.282025647262, ""mean_shortage_days"": 5.940813253012047, ""mean_cost_per_unit"": 12.720269278436819, ""capacity_utilization"": 6254798.35, ""feasible"": false, ""n_runs"": 20, ""eligibility"": ""NO_CONCLUSION""}, {""value"": 100000000.0, ""strategy_id"": ""S18"", ""mean_fill"": 0.9952306158617719, ""p_meet"": 0.85, ""mean_cost"": 43989497.60917457, ""mcse_cost"": 23254.28202564742, ""mean_shortage_days"": 5.940813253012047, ""mean_cost_per_unit"": 35.16749741074378, ""capacity_utilization"": 6254798.35, ""feasible"": false, ""n_runs"": 20, ""eligibility"": ""NO_CONCLUSION""}]",feasibility does not change between 15000000.0 and 100000000.0; no threshold inside the recorded range,,
S18,sodium_bicarbonate_8_4_50ml,batches_per_site_year,product.batches_per_site_year_nominal,30.0,45.0,70.0,False,True,48.125,feasible_above,"[{""value"": 30.0, ""strategy_id"": ""S18"", ""mean_fill"": 0.8449491073682266, ""p_meet"": 0.0, ""mean_cost"": 23163965.09405574, ""mcse_cost"": 27506.562512848282, ""mean_shortage_days"": 176.7141908543264, ""mean_cost_per_unit"": 21.88181499022247, ""capacity_utilization"": 5304615.3, ""feasible"": false, ""n_runs"": 20, ""eligibility"": ""NO_CONCLUSION""}, {""value"": 70.0, ""strategy_id"": ""S18"", ""mean_fill"": 1.0, ""p_meet"": 1.0, ""mean_cost"": 24869294.69594734, ""mcse_cost"": 32117.39791696931, ""mean_shortage_days"": 0.0, ""mean_cost_per_unit"": 19.785559928769587, ""capacity_utilization"": 6284911.2, ""feasible"": true, ""n_runs"": 20, ""eligibility"": ""NO_CONCLUSION""}, {""value"": 50.0, ""strategy_id"": ""S18"", ""mean_fill"": 0.9995670321661045, ""p_meet"": 1.0, ""mean_cost"": 24290616.47899435, ""mcse_cost"": 16908.428844030965, ""mean_shortage_days"": 1.5902176889375685, ""mean_cost_per_unit"": 19.333384798160324, ""capacity_utilization"": 6282155.65, ""feasible"": true, ""n_runs"": 20, ""eligibility"": ""NO_CONCLUSION""}, {""value"": 40.0, ""strategy_id"": ""S18"", ""mean_fill"": 0.9839056815135757, ""p_meet"": 0.65, ""mean_cost"": 23948229.769083805, ""mcse_cost"": 40125.64863847625, ""mean_shortage_days"": 15.742154983570643, ""mean_cost_per_unit"": 19.3715060130344, ""capacity_utilization"": 6183248.05, ""feasible"": false, ""n_runs"": 20, ""eligibility"": ""NO_CONCLUSION""}, {""value"": 45.0, ""strategy_id"": ""S18"", ""mean_fill"": 0.9952306158617719, ""p_meet"": 0.85, ""mean_cost"": 24169971.559862453, ""mcse_cost"": 23254.282025647328, ""mean_shortage_days"": 5.940813253012047, ""mean_cost_per_unit"": 19.322395199704467, ""capacity_utilization"": 6254798.35, ""feasible"": false, ""n_runs"": 20, ""eligibility"": ""NO_CONCLUSION""}, {""value"": 47.5, ""strategy_id"": ""S18"", ""mean_fill"": 0.996194056184701, ""p_meet"": 0.85, ""mean_cost"": 24204134.001566004, ""mcse_cost"": 17043.79887407876, ""mean_shortage_days"": 4.700643483023001, ""mean_cost_per_unit"": 19.330699889034623, ""capacity_utilization"": 6260876.8, ""feasible"": false, ""n_runs"": 20, ""eligibility"": ""NO_CONCLUSION""}, {""value"": 48.75, ""strategy_id"": ""S18"", ""mean_fill"": 0.9993774997240552, ""p_meet"": 0.95, ""mean_cost"": 24289051.32458153, ""mcse_cost"": 17098.013587429257, ""mean_shortage_days"": 1.6002190580503832, ""mean_cost_per_unit"": 19.33579568043235, ""capacity_utilization"": 6280945.5, ""feasible"": true, ""n_runs"": 20, ""eligibility"": ""NO_CONCLUSION""}]",bisection over 5 steps on 20 paired runs,47.5,48.75
S18,sodium_bicarbonate_8_4_50ml,changeover_burden,product.changeover_days,1.0,3.0,10.0,False,False,,infeasible_everywhere,"[{""value"": 1.0, ""strategy_id"": ""S18"", ""mean_fill"": 0.9956240699070502, ""p_meet"": 0.85, ""mean_cost"": 24171854.56195282, ""mcse_cost"": 23016.791402693423, ""mean_shortage_days"": 5.6907790251916754, ""mean_cost_per_unit"": 19.31619302463149, ""capacity_utilization"": 6257289.25, ""feasible"": false, ""n_runs"": 20, ""eligibility"": ""NO_CONCLUSION""}, {""value"": 10.0, ""strategy_id"": ""S18"", ""mean_fill"": 0.9131511383495786, ""p_meet"": 0.0, ""mean_cost"": 23352998.518893026, ""mcse_cost"": 20962.963323556145, ""mean_shortage_days"": 86.9519030668127, ""mean_cost_per_unit"": 20.372154031765653, ""capacity_utilization"": 5736124.75, ""feasible"": false, ""n_runs"": 20, ""eligibility"": ""NO_CONCLUSION""}]",feasibility does not change between 1.0 and 10.0; no threshold inside the recorded range,,
S19,sodium_bicarbonate_8_4_50ml,capacity_utilization,product.annual_demand_units,600000.0,1200000.0,2400000.0,True,False,909375.0,feasible_below,"[{""value"": 600000.0, ""strategy_id"": ""S19"", ""mean_fill"": 1.0, ""p_meet"": 1.0, ""mean_cost"": 15447180.869645337, ""mcse_cost"": 7992.885570705573, ""mean_shortage_days"": 0.0, ""mean_cost_per_unit"": 24.57893613850792, ""capacity_utilization"": 3142458.6, ""feasible"": true, ""n_runs"": 20, ""eligibility"": ""NO_CONCLUSION""}, {""value"": 2400000.0, ""strategy_id"": ""S19"", ""mean_fill"": 0.4740593489207937, ""p_meet"": 0.0, ""mean_cost"": 16816296.905010466, ""mcse_cost"": 25906.39711846726, ""mean_shortage_days"": 276.00778340635264, ""mean_cost_per_unit"": 14.251945361405959, ""capacity_utilization"": 5908390.4, ""feasible"": false, ""n_runs"": 20, ""eligibility"": ""NO_CONCLUSION""}, {""value"": 1500000.0, ""strategy_id"": ""S19"", ""mean_fill"": 0.7281987889425834, ""p_meet"": 0.0, ""mean_cost"": 16480305.627361905, ""mcse_cost"": 24991.20516396592, ""mean_shortage_days"": 177.9843647316539, ""mean_cost_per_unit"": 14.492181837155991, ""capacity_utilization"": 5693725.0, ""feasible"": false, ""n_runs"": 20, ""eligibility"": ""NO_CONCLUSION""}, {""value"": 1050000.0, ""strategy_id"": ""S19"", ""mean_fill"": 0.9788335104055038, ""p_meet"": 0.6, ""mean_cost"": 16271766.53261293, ""mcse_cost"": 27766.539297161795, ""mean_shortage_days"": 25.193448795180725, ""mean_cost_per_unit"": 15.13911626478479, ""capacity_utilization"": 5379802.55, ""feasible"": false, ""n_runs"": 20, ""eligibility"": ""NO_CONCLUSION""}, {""value"": 825000.0, ""strategy_id"": ""S19"", ""mean_fill"": 1.0, ""p_meet"": 1.0, ""mean_cost"": 16061181.279431734, ""mcse_cost"": 25120.37738153826, ""mean_shortage_days"": 0.0, ""mean_cost_per_unit"": 18.58613403712804, ""capacity_utilization"": 4320881.5, ""feasible"": true, ""n_runs"": 20, ""eligibility"": ""NO_CONCLUSION""}, {""value"": 937500.0, ""strategy_id"": ""S19"", ""mean_fill"": 0.9969730053053254, ""p_meet"": 0.85, ""mean_cost"": 16189157.877971668, ""mcse_cost"": 28966.77295954969, ""mean_shortage_days"": 3.830524370208105, ""mean_cost_per_unit"": 16.537114993651876, ""capacity_utilization"": 4895052.05, ""feasible"": false, ""n_runs"": 20, ""eligibility"": ""NO_CONCLUSION""}, {""value"": 881250.0, ""strategy_id"": ""S19"", ""mean_fill"": 0.9997840375566774, ""p_meet"": 1.0, ""mean_cost"": 16158053.6460682, ""mcse_cost"": 30714.330219708354, ""mean_shortage_days"": 0.29003970427163195, ""mean_cost_per_unit"": 17.508555448859653, ""capacity_utilization"": 4614472.55, ""feasible"": true, ""n_runs"": 20, ""eligibility"": ""NO_CONCLUSION""}]",bisection over 5 steps on 20 paired runs,881250.0,937500.0
S19,sodium_bicarbonate_8_4_50ml,fixed_qa_labor_per_node,product.fixed_qa_labor_usd_per_site_year,1500000.0,3000000.0,6000000.0,False,False,,infeasible_everywhere,"[{""value"": 1500000.0, ""strategy_id"": ""S19"", ""mean_fill"": 0.889428574819523, ""p_meet"": 0.0, ""mean_cost"": 14329832.799013311, ""mcse_cost"": 27685.649361356314, ""mean_shortage_days"": 106.7446125410734, ""mean_cost_per_unit"": 12.865092703269903, ""capacity_utilization"": 5577933.25, ""feasible"": false, ""n_runs"": 20, ""eligibility"": ""NO_CONCLUSION""}, {""value"": 6000000.0, ""strategy_id"": ""S19"", ""mean_fill"": 0.889428574819523, ""p_meet"": 0.0, ""mean_cost"": 20412685.575410563, ""mcse_cost"": 27685.64936135631, ""mean_shortage_days"": 106.7446125410734, ""mean_cost_per_unit"": 18.32828841250675, ""capacity_utilization"": 5577933.25, ""feasible"": false, ""n_runs"": 20, ""eligibility"": ""NO_CONCLUSION""}]",feasibility does not change between 1500000.0 and 6000000.0; no threshold inside the recorded range,,
S19,sodium_bicarbonate_8_4_50ml,release_time,global.sterility_incubation_days,14.0,14.0,18.0,False,False,,infeasible_everywhere,"[{""value"": 14.0, ""strategy_id"": ""S19"", ""mean_fill"": 0.889428574819523, ""p_meet"": 0.0, ""mean_cost"": 16357450.391145563, ""mcse_cost"": 27685.649361356373, ""mean_shortage_days"": 106.7446125410734, ""mean_cost_per_unit"": 14.686157939682039, ""capacity_utilization"": 5577933.25, ""feasible"": false, ""n_runs"": 20, ""eligibility"": ""NO_CONCLUSION""}, {""value"": 18.0, ""strategy_id"": ""S19"", ""mean_fill"": 0.8868520499384255, ""p_meet"": 0.0, ""mean_cost"": 16352658.706056789, ""mcse_cost"": 27328.909504199088, ""mean_shortage_days"": 107.5547234392114, ""mean_cost_per_unit"": 14.728640366276238, ""capacity_utilization"": 5560182.2, ""feasible"": false, ""n_runs"": 20, ""eligibility"": ""NO_CONCLUSION""}]",feasibility does not change between 14.0 and 18.0; no threshold inside the recorded range,,
S19,sodium_bicarbonate_8_4_50ml,shelf_life,product.shelf_life_months,12.0,24.0,36.0,False,False,,infeasible_everywhere,"[{""value"": 12.0, ""strategy_id"": ""S19"", ""mean_fill"": 0.8775845605402217, ""p_meet"": 0.0, ""mean_cost"": 16375207.80728728, ""mcse_cost"": 27188.253844935796, ""mean_shortage_days"": 118.01615553121579, ""mean_cost_per_unit"": 14.900290228941483, ""capacity_utilization"": 5503714.8, ""feasible"": false, ""n_runs"": 20, ""eligibility"": ""NO_CONCLUSION""}, {""value"": 36.0, ""strategy_id"": ""S19"", ""mean_fill"": 0.889428574819523, ""p_meet"": 0.0, ""mean_cost"": 16357450.391145563, ""mcse_cost"": 27685.649361356373, ""mean_shortage_days"": 106.7446125410734, ""mean_cost_per_unit"": 14.686157939682039, ""capacity_utilization"": 5577933.25, ""feasible"": false, ""n_runs"": 20, ""eligibility"": ""NO_CONCLUSION""}]",feasibility does not change between 12.0 and 36.0; no threshold inside the recorded range,,
S19,sodium_bicarbonate_8_4_50ml,raw_material_lead_time,product.material_lead_time_days,30.0,90.0,240.0,False,False,,infeasible_everywhere,"[{""value"": 30.0, ""strategy_id"": ""S19"", ""mean_fill"": 0.8917169796838484, ""p_meet"": 0.0, ""mean_cost"": 16351396.613363955, ""mcse_cost"": 24620.522341239546, ""mean_shortage_days"": 101.97395947426068, ""mean_cost_per_unit"": 14.63464204810827, ""capacity_utilization"": 5593044.5, ""feasible"": false, ""n_runs"": 20, ""eligibility"": ""NO_CONCLUSION""}, {""value"": 240.0, ""strategy_id"": ""S19"", ""mean_fill"": 0.8530854327555039, ""p_meet"": 0.0, ""mean_cost"": 16269889.977562722, ""mcse_cost"": 23853.965146251598, ""mean_shortage_days"": 142.38949205914568, ""mean_cost_per_unit"": 15.243339281022207, ""capacity_utilization"": 5344804.9, ""feasible"": false, ""n_runs"": 20, ""eligibility"": ""NO_CONCLUSION""}]",feasibility does not change between 30.0 and 240.0; no threshold inside the recorded range,,
S19,sodium_bicarbonate_8_4_50ml,common_cause_dependence,global.common_cause_events_per_year,0.02,0.1,0.3,False,False,,infeasible_everywhere,"[{""value"": 0.02, ""strategy_id"": ""S19"", ""mean_fill"": 0.9324991222484025, ""p_meet"": 0.05, ""mean_cost"": 16492138.541626621, ""mcse_cost"": 19548.469971227994, ""mean_shortage_days"": 75.09027929901423, ""mean_cost_per_unit"": 14.104032531032521, ""capacity_utilization"": 5849265.0, ""feasible"": false, ""n_runs"": 20, ""eligibility"": ""NO_CONCLUSION""}, {""value"": 0.3, ""strategy_id"": ""S19"", ""mean_fill"": 0.8131199082459812, ""p_meet"": 0.0, ""mean_cost"": 16123279.531657428, ""mcse_cost"": 30817.47549757553, ""mean_shortage_days"": 145.24988362541072, ""mean_cost_per_unit"": 15.873429583771019, ""capacity_utilization"": 5093570.95, ""feasible"": false, ""n_runs"": 20, ""eligibility"": ""NO_CONCLUSION""}]",feasibility does not change between 0.02 and 0.3; no threshold inside the recorded range,,
S19,sodium_bicarbonate_8_4_50ml,supplier_concentration,global.supplier_disruptions_per_supplier_year,0.05,0.2,0.6,False,False,,infeasible_everywhere,"[{""value"": 0.05, ""strategy_id"": ""S19"", ""mean_fill"": 0.8958463612790366, ""p_meet"": 0.0, ""mean_cost"": 16380092.804951813, ""mcse_cost"": 29645.28931504451, ""mean_shortage_days"": 99.4336117196057, ""mean_cost_per_unit"": 14.604391902598806, ""capacity_utilization"": 5618155.0, ""feasible"": false, ""n_runs"": 20, ""eligibility"": ""NO_CONCLUSION""}, {""value"": 0.6, ""strategy_id"": ""S19"", ""mean_fill"": 0.8627252946023513, ""p_meet"": 0.0, ""mean_cost"": 16276503.028886324, ""mcse_cost"": 29830.599764478506, ""mean_shortage_days"": 115.21577217962758, ""mean_cost_per_unit"": 15.07597309020424, ""capacity_utilization"": 5409224.45, ""feasible"": false, ""n_runs"": 20, ""eligibility"": ""NO_CONCLUSION""}]",feasibility does not change between 0.05 and 0.6; no threshold inside the recorded range,,
S19,sodium_bicarbonate_8_4_50ml,commissioning_days,global.node_commissioning_days,365.0,730.0,1095.0,False,False,,infeasible_everywhere,"[{""value"": 365.0, ""strategy_id"": ""S19"", ""mean_fill"": 0.889428574819523, ""p_meet"": 0.0, ""mean_cost"": 16357450.391145563, ""mcse_cost"": 27685.649361356373, ""mean_shortage_days"": 106.7446125410734, ""mean_cost_per_unit"": 14.686157939682039, ""capacity_utilization"": 5577933.25, ""feasible"": false, ""n_runs"": 20, ""eligibility"": ""NO_CONCLUSION""}, {""value"": 1095.0, ""strategy_id"": ""S19"", ""mean_fill"": 0.889428574819523, ""p_meet"": 0.0, ""mean_cost"": 16357450.391145563, ""mcse_cost"": 27685.649361356373, ""mean_shortage_days"": 106.7446125410734, ""mean_cost_per_unit"": 14.686157939682039, ""capacity_utilization"": 5577933.25, ""feasible"": false, ""n_runs"": 20, ""eligibility"": ""NO_CONCLUSION""}]",feasibility does not change between 365.0 and 1095.0; no threshold inside the recorded range,,
S19,sodium_bicarbonate_8_4_50ml,activation_latency_days,global.reserved_capacity_activation_days,7.0,21.0,60.0,False,False,,infeasible_everywhere,"[{""value"": 7.0, ""strategy_id"": ""S19"", ""mean_fill"": 0.889428574819523, ""p_meet"": 0.0, ""mean_cost"": 16357450.391145563, ""mcse_cost"": 27685.649361356373, ""mean_shortage_days"": 106.7446125410734, ""mean_cost_per_unit"": 14.686157939682039, ""capacity_utilization"": 5577933.25, ""feasible"": false, ""n_runs"": 20, ""eligibility"": ""NO_CONCLUSION""}, {""value"": 60.0, ""strategy_id"": ""S19"", ""mean_fill"": 0.889428574819523, ""p_meet"": 0.0, ""mean_cost"": 16357450.391145563, ""mcse_cost"": 27685.649361356373, ""mean_shortage_days"": 106.7446125410734, ""mean_cost_per_unit"": 14.686157939682039, ""capacity_utilization"": 5577933.25, ""feasible"": false, ""n_runs"": 20, ""eligibility"": ""NO_CONCLUSION""}]",feasibility does not change between 7.0 and 60.0; no threshold inside the recorded range,,
S19,sodium_bicarbonate_8_4_50ml,node_capital,product.capital_usd_per_site,15000000.0,40000000.0,100000000.0,False,False,,infeasible_everywhere,"[{""value"": 15000000.0, ""strategy_id"": ""S19"", ""mean_fill"": 0.889428574819523, ""p_meet"": 0.0, ""mean_cost"": 10911099.114781816, ""mcse_cost"": 27685.649361356314, ""mean_shortage_days"": 106.7446125410734, ""mean_cost_per_unit"": 9.794623651776744, ""capacity_utilization"": 5577933.25, ""feasible"": false, ""n_runs"": 20, ""eligibility"": ""NO_CONCLUSION""}, {""value"": 100000000.0, ""strategy_id"": ""S19"", ""mean_fill"": 0.889428574819523, ""p_meet"": 0.0, ""mean_cost"": 29428693.454417937, ""mcse_cost"": 27685.649361356314, ""mean_shortage_days"": 106.7446125410734, ""mean_cost_per_unit"": 26.425840230654188, ""capacity_utilization"": 5577933.25, ""feasible"": false, ""n_runs"": 20, ""eligibility"": ""NO_CONCLUSION""}]",feasibility does not change between 15000000.0 and 100000000.0; no threshold inside the recorded range,,
S19,sodium_bicarbonate_8_4_50ml,batches_per_site_year,product.batches_per_site_year_nominal,30.0,45.0,70.0,False,True,59.375,feasible_above,"[{""value"": 30.0, ""strategy_id"": ""S19"", ""mean_fill"": 0.6265428693377458, ""p_meet"": 0.0, ""mean_cost"": 15579801.806634385, ""mcse_cost"": 18607.307111070913, ""mean_shortage_days"": 222.63047645125957, ""mean_cost_per_unit"": 19.89762641578655, ""capacity_utilization"": 3921552.95, ""feasible"": false, ""n_runs"": 20, ""eligibility"": ""NO_CONCLUSION""}, {""value"": 70.0, ""strategy_id"": ""S19"", ""mean_fill"": 1.0, ""p_meet"": 1.0, ""mean_cost"": 17259632.405491523, ""mcse_cost"": 35191.203723640145, ""mean_shortage_days"": 0.0, ""mean_cost_per_unit"": 13.731581299397181, ""capacity_utilization"": 6284911.2, ""feasible"": true, ""n_runs"": 20, ""eligibility"": ""NO_CONCLUSION""}, {""value"": 50.0, ""strategy_id"": ""S19"", ""mean_fill"": 0.9666810491510409, ""p_meet"": 0.4, ""mean_cost"": 16620600.644635525, ""mcse_cost"": 31334.188004147705, ""mean_shortage_days"": 35.36484118291348, ""mean_cost_per_unit"": 13.714230618774433, ""capacity_utilization"": 6067803.3, ""feasible"": false, ""n_runs"": 20, ""eligibility"": ""NO_CONCLUSION""}, {""value"": 60.0, ""strategy_id"": ""S19"", ""mean_fill"": 0.9968138765058765, ""p_meet"": 0.9, ""mean_cost"": 16957869.286369205, ""mcse_cost"": 36755.58352603057, ""mean_shortage_days"": 5.1407037239868565, ""mean_cost_per_unit"": 13.535201275778505, ""capacity_utilization"": 6264623.55, ""feasible"": true, ""n_runs"": 20, ""eligibility"": ""NO_CONCLUSION""}, {""value"": 55.0, ""strategy_id"": ""S19"", ""mean_fill"": 0.9949574007656506, ""p_meet"": 0.85, ""mean_cost"": 16936788.208958205, ""mcse_cost"": 38267.43981226922, ""mean_shortage_days"": 7.501026834611172, ""mean_cost_per_unit"": 13.544361786549786, ""capacity_utilization"": 6252926.55, ""feasible"": false, ""n_runs"": 20, ""eligibility"": ""NO_CONCLUSION""}, {""value"": 57.5, ""strategy_id"": ""S19"", ""mean_fill"": 0.9956713856611895, ""p_meet"": 0.85, ""mean_cost"": 16950975.1243457, ""mcse_cost"": 37656.59785681079, ""mean_shortage_days"": 7.341004928806133, ""mean_cost_per_unit"": 13.54523082441525, ""capacity_utilization"": 6257569.75, ""feasible"": false, ""n_runs"": 20, ""eligibility"": ""NO_CONCLUSION""}, {""value"": 58.75, ""strategy_id"": ""S19"", ""mean_fill"": 0.9957023492839978, ""p_meet"": 0.85, ""mean_cost"": 16953495.46551571, ""mcse_cost"": 37800.49055626006, ""mean_shortage_days"": 6.810932365826943, ""mean_cost_per_unit"": 13.546802539867306, ""capacity_utilization"": 6257766.9, ""feasible"": false, ""n_runs"": 20, ""eligibility"": ""NO_CONCLUSION""}]",bisection over 5 steps on 20 paired runs,58.75,60.0
S19,sodium_bicarbonate_8_4_50ml,changeover_burden,product.changeover_days,1.0,3.0,10.0,False,False,,infeasible_everywhere,"[{""value"": 1.0, ""strategy_id"": ""S19"", ""mean_fill"": 0.8902967695534901, ""p_meet"": 0.0, ""mean_cost"": 16359586.014997682, ""mcse_cost"": 27702.17825553893, ""mean_shortage_days"": 105.78448110624315, ""mean_cost_per_unit"": 14.676466920433146, ""capacity_utilization"": 5582373.15, ""feasible"": false, ""n_runs"": 20, ""eligibility"": ""NO_CONCLUSION""}, {""value"": 10.0, ""strategy_id"": ""S19"", ""mean_fill"": 0.6778051673595893, ""p_meet"": 0.0, ""mean_cost"": 15727691.265967106, ""mcse_cost"": 14252.21643439129, ""mean_shortage_days"": 206.89832283680175, ""mean_cost_per_unit"": 18.56880329350178, ""capacity_utilization"": 4238046.0, ""feasible"": false, ""n_runs"": 20, ""eligibility"": ""NO_CONCLUSION""}]",feasibility does not change between 1.0 and 10.0; no threshold inside the recorded range,,
