strategy_id,product_id,input_name,parameter_id,low,base,high,feasible_at_low,feasible_at_high,threshold,direction,evaluations,note,bracket_low,bracket_high
S0,norepinephrine_1mgml_4ml,capacity_utilization,product.annual_demand_units,500000.0,900000.0,1800000.0,False,False,,infeasible_everywhere,"[{""value"": 500000.0, ""strategy_id"": ""S0"", ""mean_fill"": 0.9954957194662896, ""p_meet"": 0.85, ""mean_cost"": 11772538.006632183, ""mcse_cost"": 4459.430021774095, ""mean_shortage_days"": 8.81120618838992, ""mean_cost_per_unit"": 22.58126160114, ""capacity_utilization"": 2606817.7, ""feasible"": false, ""n_runs"": 20, ""eligibility"": ""NO_CONCLUSION""}, {""value"": 1800000.0, ""strategy_id"": ""S0"", ""mean_fill"": 0.5841160966588743, ""p_meet"": 0.0, ""mean_cost"": 13158294.746270169, ""mcse_cost"": 24768.438481653404, ""mean_shortage_days"": 249.21411555312156, ""mean_cost_per_unit"": 12.012529191320189, ""capacity_utilization"": 5486413.6, ""feasible"": false, ""n_runs"": 20, ""eligibility"": ""NO_CONCLUSION""}]",feasibility does not change between 500000.0 and 1800000.0; no threshold inside the recorded range,,
S0,norepinephrine_1mgml_4ml,fixed_qa_labor_per_node,product.fixed_qa_labor_usd_per_site_year,1500000.0,3000000.0,6000000.0,False,False,,infeasible_everywhere,"[{""value"": 1500000.0, ""strategy_id"": ""S0"", ""mean_fill"": 0.9877698388553909, ""p_meet"": 0.75, ""mean_cost"": 11206767.144264972, ""mcse_cost"": 12158.641406338778, ""mean_shortage_days"": 22.10302573932092, ""mean_cost_per_unit"": 12.03979810620912, ""capacity_utilization"": 4655638.0, ""feasible"": false, ""n_runs"": 20, ""eligibility"": ""NO_CONCLUSION""}, {""value"": 6000000.0, ""strategy_id"": ""S0"", ""mean_fill"": 0.9877698388553909, ""p_meet"": 0.75, ""mean_cost"": 15885884.664570611, ""mcse_cost"": 12158.641406338727, ""mean_shortage_days"": 22.10302573932092, ""mean_cost_per_unit"": 17.067263237683072, ""capacity_utilization"": 4655638.0, ""feasible"": false, ""n_runs"": 20, ""eligibility"": ""NO_CONCLUSION""}]",feasibility does not change between 1500000.0 and 6000000.0; no threshold inside the recorded range,,
S0,norepinephrine_1mgml_4ml,release_time,global.sterility_incubation_days,14.0,14.0,18.0,False,False,,infeasible_everywhere,"[{""value"": 14.0, ""strategy_id"": ""S0"", ""mean_fill"": 0.9877698388553909, ""p_meet"": 0.75, ""mean_cost"": 12766472.984366853, ""mcse_cost"": 12158.641406338727, ""mean_shortage_days"": 22.10302573932092, ""mean_cost_per_unit"": 13.715619816700439, ""capacity_utilization"": 4655638.0, ""feasible"": false, ""n_runs"": 20, ""eligibility"": ""NO_CONCLUSION""}, {""value"": 18.0, ""strategy_id"": ""S0"", ""mean_fill"": 0.9857481406202261, ""p_meet"": 0.75, ""mean_cost"": 12756080.784431282, ""mcse_cost"": 12592.019311615488, ""mean_shortage_days"": 26.833673329682362, ""mean_cost_per_unit"": 13.733321009660926, ""capacity_utilization"": 4645912.5, ""feasible"": false, ""n_runs"": 20, ""eligibility"": ""NO_CONCLUSION""}]",feasibility does not change between 14.0 and 18.0; no threshold inside the recorded range,,
S0,norepinephrine_1mgml_4ml,shelf_life,product.shelf_life_months,12.0,24.0,30.0,False,False,,infeasible_everywhere,"[{""value"": 12.0, ""strategy_id"": ""S0"", ""mean_fill"": 0.9877698388553909, ""p_meet"": 0.75, ""mean_cost"": 12766472.984366853, ""mcse_cost"": 12158.641406338727, ""mean_shortage_days"": 22.10302573932092, ""mean_cost_per_unit"": 13.715619816700439, ""capacity_utilization"": 4655638.0, ""feasible"": false, ""n_runs"": 20, ""eligibility"": ""NO_CONCLUSION""}, {""value"": 30.0, ""strategy_id"": ""S0"", ""mean_fill"": 0.9877698388553909, ""p_meet"": 0.75, ""mean_cost"": 12766472.984366853, ""mcse_cost"": 12158.641406338727, ""mean_shortage_days"": 22.10302573932092, ""mean_cost_per_unit"": 13.715619816700439, ""capacity_utilization"": 4655638.0, ""feasible"": false, ""n_runs"": 20, ""eligibility"": ""NO_CONCLUSION""}]",feasibility does not change between 12.0 and 30.0; no threshold inside the recorded range,,
S0,norepinephrine_1mgml_4ml,raw_material_lead_time,product.material_lead_time_days,30.0,90.0,240.0,False,False,,infeasible_everywhere,"[{""value"": 30.0, ""strategy_id"": ""S0"", ""mean_fill"": 0.9880729840835901, ""p_meet"": 0.6, ""mean_cost"": 12762982.413582508, ""mcse_cost"": 10043.904381611774, ""mean_shortage_days"": 23.073158543263965, ""mean_cost_per_unit"": 13.70506810029145, ""capacity_utilization"": 4656988.55, ""feasible"": false, ""n_runs"": 20, ""eligibility"": ""NO_CONCLUSION""}, {""value"": 240.0, ""strategy_id"": ""S0"", ""mean_fill"": 0.9832471809679285, ""p_meet"": 0.65, ""mean_cost"": 12751484.835982174, ""mcse_cost"": 9795.031298790353, ""mean_shortage_days"": 30.494174424972613, ""mean_cost_per_unit"": 13.760805824557636, ""capacity_utilization"": 4633733.55, ""feasible"": false, ""n_runs"": 20, ""eligibility"": ""NO_CONCLUSION""}]",feasibility does not change between 30.0 and 240.0; no threshold inside the recorded range,,
S0,norepinephrine_1mgml_4ml,common_cause_dependence,global.common_cause_events_per_year,0.02,0.1,0.3,False,False,,infeasible_everywhere,"[{""value"": 0.02, ""strategy_id"": ""S0"", ""mean_fill"": 0.9939181649805375, ""p_meet"": 0.8, ""mean_cost"": 12782636.738955243, ""mcse_cost"": 8800.45389350413, ""mean_shortage_days"": 13.951909912376777, ""mean_cost_per_unit"": 13.642575413153073, ""capacity_utilization"": 4684895.2, ""feasible"": false, ""n_runs"": 20, ""eligibility"": ""NO_CONCLUSION""}, {""value"": 0.3, ""strategy_id"": ""S0"", ""mean_fill"": 0.9691552170855429, ""p_meet"": 0.65, ""mean_cost"": 12715157.93253177, ""mcse_cost"": 22918.613004490708, ""mean_shortage_days"": 38.655291621029576, ""mean_cost_per_unit"": 13.947158603560599, ""capacity_utilization"": 4566319.15, ""feasible"": false, ""n_runs"": 20, ""eligibility"": ""NO_CONCLUSION""}]",feasibility does not change between 0.02 and 0.3; no threshold inside the recorded range,,
S0,norepinephrine_1mgml_4ml,supplier_concentration,global.supplier_disruptions_per_supplier_year,0.05,0.2,0.6,False,False,,infeasible_everywhere,"[{""value"": 0.05, ""strategy_id"": ""S0"", ""mean_fill"": 0.9901044334779284, ""p_meet"": 0.75, ""mean_cost"": 12770808.225089127, ""mcse_cost"": 10693.326988839717, ""mean_shortage_days"": 20.00273822562979, ""mean_cost_per_unit"": 13.68572217730339, ""capacity_utilization"": 4666754.0, ""feasible"": false, ""n_runs"": 20, ""eligibility"": ""NO_CONCLUSION""}, {""value"": 0.6, ""strategy_id"": ""S0"", ""mean_fill"": 0.9813872020080254, ""p_meet"": 0.5, ""mean_cost"": 12744462.94840055, ""mcse_cost"": 10283.467770222753, ""mean_shortage_days"": 30.59418811610076, ""mean_cost_per_unit"": 13.779948200981966, ""capacity_utilization"": 4625163.75, ""feasible"": false, ""n_runs"": 20, ""eligibility"": ""NO_CONCLUSION""}]",feasibility does not change between 0.05 and 0.6; no threshold inside the recorded range,,
S0,norepinephrine_1mgml_4ml,commissioning_days,global.node_commissioning_days,365.0,730.0,1095.0,False,False,,infeasible_everywhere,"[{""value"": 365.0, ""strategy_id"": ""S0"", ""mean_fill"": 0.9877698388553909, ""p_meet"": 0.75, ""mean_cost"": 12766472.984366853, ""mcse_cost"": 12158.641406338727, ""mean_shortage_days"": 22.10302573932092, ""mean_cost_per_unit"": 13.715619816700439, ""capacity_utilization"": 4655638.0, ""feasible"": false, ""n_runs"": 20, ""eligibility"": ""NO_CONCLUSION""}, {""value"": 1095.0, ""strategy_id"": ""S0"", ""mean_fill"": 0.9877698388553909, ""p_meet"": 0.75, ""mean_cost"": 12766472.984366853, ""mcse_cost"": 12158.641406338727, ""mean_shortage_days"": 22.10302573932092, ""mean_cost_per_unit"": 13.715619816700439, ""capacity_utilization"": 4655638.0, ""feasible"": false, ""n_runs"": 20, ""eligibility"": ""NO_CONCLUSION""}]",feasibility does not change between 365.0 and 1095.0; no threshold inside the recorded range,,
S0,norepinephrine_1mgml_4ml,activation_latency_days,global.reserved_capacity_activation_days,7.0,21.0,60.0,False,False,,infeasible_everywhere,"[{""value"": 7.0, ""strategy_id"": ""S0"", ""mean_fill"": 0.9877698388553909, ""p_meet"": 0.75, ""mean_cost"": 12766472.984366853, ""mcse_cost"": 12158.641406338727, ""mean_shortage_days"": 22.10302573932092, ""mean_cost_per_unit"": 13.715619816700439, ""capacity_utilization"": 4655638.0, ""feasible"": false, ""n_runs"": 20, ""eligibility"": ""NO_CONCLUSION""}, {""value"": 60.0, ""strategy_id"": ""S0"", ""mean_fill"": 0.9877698388553909, ""p_meet"": 0.75, ""mean_cost"": 12766472.984366853, ""mcse_cost"": 12158.641406338727, ""mean_shortage_days"": 22.10302573932092, ""mean_cost_per_unit"": 13.715619816700439, ""capacity_utilization"": 4655638.0, ""feasible"": false, ""n_runs"": 20, ""eligibility"": ""NO_CONCLUSION""}]",feasibility does not change between 7.0 and 60.0; no threshold inside the recorded range,,
S0,norepinephrine_1mgml_4ml,node_capital,product.capital_usd_per_site,15000000.0,40000000.0,100000000.0,False,False,,infeasible_everywhere,"[{""value"": 15000000.0, ""strategy_id"": ""S0"", ""mean_fill"": 0.9877698388553909, ""p_meet"": 0.75, ""mean_cost"": 8576972.002548536, ""mcse_cost"": 12158.641406338727, ""mean_shortage_days"": 22.10302573932092, ""mean_cost_per_unit"": 9.214221847326142, ""capacity_utilization"": 4655638.0, ""feasible"": false, ""n_runs"": 20, ""eligibility"": ""NO_CONCLUSION""}, {""value"": 100000000.0, ""strategy_id"": ""S0"", ""mean_fill"": 0.9877698388553909, ""p_meet"": 0.75, ""mean_cost"": 22821275.34073013, ""mcse_cost"": 12158.641406338751, ""mean_shortage_days"": 22.10302573932092, ""mean_cost_per_unit"": 24.518974943198025, ""capacity_utilization"": 4655638.0, ""feasible"": false, ""n_runs"": 20, ""eligibility"": ""NO_CONCLUSION""}]",feasibility does not change between 15000000.0 and 100000000.0; no threshold inside the recorded range,,
S0,norepinephrine_1mgml_4ml,batches_per_site_year,product.batches_per_site_year_nominal,30.0,45.0,70.0,False,False,,infeasible_everywhere,"[{""value"": 30.0, ""strategy_id"": ""S0"", ""mean_fill"": 0.7454955972854133, ""p_meet"": 0.0, ""mean_cost"": 12179857.830412114, ""mcse_cost"": 14537.322968006642, ""mean_shortage_days"": 270.0269646768894, ""mean_cost_per_unit"": 17.403949016448145, ""capacity_utilization"": 3504977.6, ""feasible"": false, ""n_runs"": 20, ""eligibility"": ""NO_CONCLUSION""}, {""value"": 70.0, ""strategy_id"": ""S0"", ""mean_fill"": 0.996596419671526, ""p_meet"": 0.85, ""mean_cost"": 12801364.831103351, ""mcse_cost"": 7916.776024640926, ""mean_shortage_days"": 8.571173329682365, ""mean_cost_per_unit"": 13.62574328391442, ""capacity_utilization"": 4697602.8, ""feasible"": false, ""n_runs"": 20, ""eligibility"": ""NO_CONCLUSION""}]",feasibility does not change between 30.0 and 70.0; no threshold inside the recorded range,,
S0,norepinephrine_1mgml_4ml,changeover_burden,product.changeover_days,1.0,3.0,10.0,False,False,,infeasible_everywhere,"[{""value"": 1.0, ""strategy_id"": ""S0"", ""mean_fill"": 0.9886464503774952, ""p_meet"": 0.8, ""mean_cost"": 12769037.110630581, ""mcse_cost"": 12175.195606109706, ""mean_shortage_days"": 20.362787513691128, ""mean_cost_per_unit"": 13.70394381523829, ""capacity_utilization"": 4660548.9, ""feasible"": false, ""n_runs"": 20, ""eligibility"": ""NO_CONCLUSION""}, {""value"": 10.0, ""strategy_id"": ""S0"", ""mean_fill"": 0.8226300683991203, ""p_meet"": 0.0, ""mean_cost"": 12338857.336841978, ""mcse_cost"": 13271.722400610606, ""mean_shortage_days"": 247.0638211938664, ""mean_cost_per_unit"": 15.954055649439846, ""capacity_utilization"": 3870790.7, ""feasible"": false, ""n_runs"": 20, ""eligibility"": ""NO_CONCLUSION""}]",feasibility does not change between 1.0 and 10.0; no threshold inside the recorded range,,
S1,norepinephrine_1mgml_4ml,capacity_utilization,product.annual_demand_units,500000.0,900000.0,1800000.0,False,False,,infeasible_everywhere,"[{""value"": 500000.0, ""strategy_id"": ""S1"", ""mean_fill"": 0.9939324112927924, ""p_meet"": 0.65, ""mean_cost"": 11763933.58380805, ""mcse_cost"": 5189.682010976774, ""mean_shortage_days"": 13.051786692223441, ""mean_cost_per_unit"": 22.599106430757274, ""capacity_utilization"": 2602688.35, ""feasible"": false, ""n_runs"": 20, ""eligibility"": ""NO_CONCLUSION""}, {""value"": 1800000.0, ""strategy_id"": ""S1"", ""mean_fill"": 0.5818893211171907, ""p_meet"": 0.0, ""mean_cost"": 13123905.888731223, ""mcse_cost"": 24168.045084814326, ""mean_shortage_days"": 249.71418400876232, ""mean_cost_per_unit"": 12.033397985885541, ""capacity_utilization"": 5462507.4, ""feasible"": false, ""n_runs"": 20, ""eligibility"": ""NO_CONCLUSION""}]",feasibility does not change between 500000.0 and 1800000.0; no threshold inside the recorded range,,
S1,norepinephrine_1mgml_4ml,fixed_qa_labor_per_node,product.fixed_qa_labor_usd_per_site_year,1500000.0,3000000.0,6000000.0,False,False,,infeasible_everywhere,"[{""value"": 1500000.0, ""strategy_id"": ""S1"", ""mean_fill"": 0.98900908912292, ""p_meet"": 0.8, ""mean_cost"": 11194229.59845484, ""mcse_cost"": 12402.004079792481, ""mean_shortage_days"": 21.49294222343921, ""mean_cost_per_unit"": 12.009391214098546, ""capacity_utilization"": 4661858.25, ""feasible"": false, ""n_runs"": 20, ""eligibility"": ""NO_CONCLUSION""}, {""value"": 6000000.0, ""strategy_id"": ""S1"", ""mean_fill"": 0.98900908912292, ""p_meet"": 0.8, ""mean_cost"": 15873347.118760476, ""mcse_cost"": 12402.004079792547, ""mean_shortage_days"": 21.49294222343921, ""mean_cost_per_unit"": 17.02974201751432, ""capacity_utilization"": 4661858.25, ""feasible"": false, ""n_runs"": 20, ""eligibility"": ""NO_CONCLUSION""}]",feasibility does not change between 1500000.0 and 6000000.0; no threshold inside the recorded range,,
S1,norepinephrine_1mgml_4ml,release_time,global.sterility_incubation_days,14.0,14.0,18.0,False,False,,infeasible_everywhere,"[{""value"": 14.0, ""strategy_id"": ""S1"", ""mean_fill"": 0.98900908912292, ""p_meet"": 0.8, ""mean_cost"": 12753935.438556721, ""mcse_cost"": 12402.004079792545, ""mean_shortage_days"": 21.49294222343921, ""mean_cost_per_unit"": 13.682841481903804, ""capacity_utilization"": 4661858.25, ""feasible"": false, ""n_runs"": 20, ""eligibility"": ""NO_CONCLUSION""}, {""value"": 18.0, ""strategy_id"": ""S1"", ""mean_fill"": 0.9878551806388078, ""p_meet"": 0.8, ""mean_cost"": 12746950.504127767, ""mcse_cost"": 12375.539761421725, ""mean_shortage_days"": 23.21317771084337, ""mean_cost_per_unit"": 13.691786276839437, ""capacity_utilization"": 4656376.25, ""feasible"": false, ""n_runs"": 20, ""eligibility"": ""NO_CONCLUSION""}]",feasibility does not change between 14.0 and 18.0; no threshold inside the recorded range,,
S1,norepinephrine_1mgml_4ml,shelf_life,product.shelf_life_months,12.0,24.0,30.0,False,False,,infeasible_everywhere,"[{""value"": 12.0, ""strategy_id"": ""S1"", ""mean_fill"": 0.98900908912292, ""p_meet"": 0.8, ""mean_cost"": 12753935.438556721, ""mcse_cost"": 12402.004079792545, ""mean_shortage_days"": 21.49294222343921, ""mean_cost_per_unit"": 13.682841481903804, ""capacity_utilization"": 4661858.25, ""feasible"": false, ""n_runs"": 20, ""eligibility"": ""NO_CONCLUSION""}, {""value"": 30.0, ""strategy_id"": ""S1"", ""mean_fill"": 0.98900908912292, ""p_meet"": 0.8, ""mean_cost"": 12753935.438556721, ""mcse_cost"": 12402.004079792545, ""mean_shortage_days"": 21.49294222343921, ""mean_cost_per_unit"": 13.682841481903804, ""capacity_utilization"": 4661858.25, ""feasible"": false, ""n_runs"": 20, ""eligibility"": ""NO_CONCLUSION""}]",feasibility does not change between 12.0 and 30.0; no threshold inside the recorded range,,
S1,norepinephrine_1mgml_4ml,raw_material_lead_time,product.material_lead_time_days,30.0,90.0,240.0,False,False,,infeasible_everywhere,"[{""value"": 30.0, ""strategy_id"": ""S1"", ""mean_fill"": 0.9908044332305609, ""p_meet"": 0.75, ""mean_cost"": 12753357.355904888, ""mcse_cost"": 10588.097186200168, ""mean_shortage_days"": 18.83257803943045, ""mean_cost_per_unit"": 13.654454480836929, ""capacity_utilization"": 4670643.8, ""feasible"": false, ""n_runs"": 20, ""eligibility"": ""NO_CONCLUSION""}, {""value"": 240.0, ""strategy_id"": ""S1"", ""mean_fill"": 0.982338241652174, ""p_meet"": 0.65, ""mean_cost"": 12736604.191468861, ""mcse_cost"": 15284.244355574267, ""mean_shortage_days"": 28.573911555312158, ""mean_cost_per_unit"": 13.764267022103317, ""capacity_utilization"": 4629701.85, ""feasible"": false, ""n_runs"": 20, ""eligibility"": ""NO_CONCLUSION""}]",feasibility does not change between 30.0 and 240.0; no threshold inside the recorded range,,
S1,norepinephrine_1mgml_4ml,common_cause_dependence,global.common_cause_events_per_year,0.02,0.1,0.3,False,False,,infeasible_everywhere,"[{""value"": 0.02, ""strategy_id"": ""S1"", ""mean_fill"": 0.995977328623785, ""p_meet"": 0.85, ""mean_cost"": 12774155.420617577, ""mcse_cost"": 7770.8300250362445, ""mean_shortage_days"": 10.841484118291346, ""mean_cost_per_unit"": 13.603889799207852, ""capacity_utilization"": 4695059.7, ""feasible"": false, ""n_runs"": 20, ""eligibility"": ""NO_CONCLUSION""}, {""value"": 0.3, ""strategy_id"": ""S1"", ""mean_fill"": 0.9742081495862029, ""p_meet"": 0.7, ""mean_cost"": 12705166.906419644, ""mcse_cost"": 23708.90578027955, ""mean_shortage_days"": 33.5745961117196, ""mean_cost_per_unit"": 13.864665760016894, ""capacity_utilization"": 4590128.05, ""feasible"": false, ""n_runs"": 20, ""eligibility"": ""NO_CONCLUSION""}]",feasibility does not change between 0.02 and 0.3; no threshold inside the recorded range,,
S1,norepinephrine_1mgml_4ml,supplier_concentration,global.supplier_disruptions_per_supplier_year,0.05,0.2,0.6,False,False,,infeasible_everywhere,"[{""value"": 0.05, ""strategy_id"": ""S1"", ""mean_fill"": 0.9909407730798121, ""p_meet"": 0.8, ""mean_cost"": 12757143.592897585, ""mcse_cost"": 10716.725814610832, ""mean_shortage_days"": 19.202628696604602, ""mean_cost_per_unit"": 13.657756949393194, ""capacity_utilization"": 4671093.25, ""feasible"": false, ""n_runs"": 20, ""eligibility"": ""NO_CONCLUSION""}, {""value"": 0.6, ""strategy_id"": ""S1"", ""mean_fill"": 0.9847117390184505, ""p_meet"": 0.5, ""mean_cost"": 12736568.452518687, ""mcse_cost"": 10561.74523482169, ""mean_shortage_days"": 28.813944414019716, ""mean_cost_per_unit"": 13.722109839444794, ""capacity_utilization"": 4641422.45, ""feasible"": false, ""n_runs"": 20, ""eligibility"": ""NO_CONCLUSION""}]",feasibility does not change between 0.05 and 0.6; no threshold inside the recorded range,,
S1,norepinephrine_1mgml_4ml,commissioning_days,global.node_commissioning_days,365.0,730.0,1095.0,False,False,,infeasible_everywhere,"[{""value"": 365.0, ""strategy_id"": ""S1"", ""mean_fill"": 0.98900908912292, ""p_meet"": 0.8, ""mean_cost"": 12753935.438556721, ""mcse_cost"": 12402.004079792545, ""mean_shortage_days"": 21.49294222343921, ""mean_cost_per_unit"": 13.682841481903804, ""capacity_utilization"": 4661858.25, ""feasible"": false, ""n_runs"": 20, ""eligibility"": ""NO_CONCLUSION""}, {""value"": 1095.0, ""strategy_id"": ""S1"", ""mean_fill"": 0.98900908912292, ""p_meet"": 0.8, ""mean_cost"": 12753935.438556721, ""mcse_cost"": 12402.004079792545, ""mean_shortage_days"": 21.49294222343921, ""mean_cost_per_unit"": 13.682841481903804, ""capacity_utilization"": 4661858.25, ""feasible"": false, ""n_runs"": 20, ""eligibility"": ""NO_CONCLUSION""}]",feasibility does not change between 365.0 and 1095.0; no threshold inside the recorded range,,
S1,norepinephrine_1mgml_4ml,activation_latency_days,global.reserved_capacity_activation_days,7.0,21.0,60.0,False,False,,infeasible_everywhere,"[{""value"": 7.0, ""strategy_id"": ""S1"", ""mean_fill"": 0.98900908912292, ""p_meet"": 0.8, ""mean_cost"": 12753935.438556721, ""mcse_cost"": 12402.004079792545, ""mean_shortage_days"": 21.49294222343921, ""mean_cost_per_unit"": 13.682841481903804, ""capacity_utilization"": 4661858.25, ""feasible"": false, ""n_runs"": 20, ""eligibility"": ""NO_CONCLUSION""}, {""value"": 60.0, ""strategy_id"": ""S1"", ""mean_fill"": 0.98900908912292, ""p_meet"": 0.8, ""mean_cost"": 12753935.438556721, ""mcse_cost"": 12402.004079792545, ""mean_shortage_days"": 21.49294222343921, ""mean_cost_per_unit"": 13.682841481903804, ""capacity_utilization"": 4661858.25, ""feasible"": false, ""n_runs"": 20, ""eligibility"": ""NO_CONCLUSION""}]",feasibility does not change between 7.0 and 60.0; no threshold inside the recorded range,,
S1,norepinephrine_1mgml_4ml,node_capital,product.capital_usd_per_site,15000000.0,40000000.0,100000000.0,False,False,,infeasible_everywhere,"[{""value"": 15000000.0, ""strategy_id"": ""S1"", ""mean_fill"": 0.98900908912292, ""p_meet"": 0.8, ""mean_cost"": 8564434.456738405, ""mcse_cost"": 12402.004079792549, ""mean_shortage_days"": 21.49294222343921, ""mean_cost_per_unit"": 9.187813406907107, ""capacity_utilization"": 4661858.25, ""feasible"": false, ""n_runs"": 20, ""eligibility"": ""NO_CONCLUSION""}, {""value"": 100000000.0, ""strategy_id"": ""S1"", ""mean_fill"": 0.98900908912292, ""p_meet"": 0.8, ""mean_cost"": 22808737.794920005, ""mcse_cost"": 12402.004079792594, ""mean_shortage_days"": 21.49294222343921, ""mean_cost_per_unit"": 24.470908861895147, ""capacity_utilization"": 4661858.25, ""feasible"": false, ""n_runs"": 20, ""eligibility"": ""NO_CONCLUSION""}]",feasibility does not change between 15000000.0 and 100000000.0; no threshold inside the recorded range,,
S1,norepinephrine_1mgml_4ml,batches_per_site_year,product.batches_per_site_year_nominal,30.0,45.0,70.0,False,True,48.125,feasible_above,"[{""value"": 30.0, ""strategy_id"": ""S1"", ""mean_fill"": 0.7501873897737649, ""p_meet"": 0.0, ""mean_cost"": 12163734.218870351, ""mcse_cost"": 14901.76491709977, ""mean_shortage_days"": 268.3667374041621, ""mean_cost_per_unit"": 17.272208252955785, ""capacity_utilization"": 3527088.35, ""feasible"": false, ""n_runs"": 20, ""eligibility"": ""NO_CONCLUSION""}, {""value"": 70.0, ""strategy_id"": ""S1"", ""mean_fill"": 0.9972662769440994, ""p_meet"": 0.9, ""mean_cost"": 12795961.576451823, ""mcse_cost"": 6587.913031130057, ""mean_shortage_days"": 7.180983023001095, ""mean_cost_per_unit"": 13.610828770644403, ""capacity_utilization"": 4700646.95, ""feasible"": true, ""n_runs"": 20, ""eligibility"": ""NO_CONCLUSION""}, {""value"": 50.0, ""strategy_id"": ""S1"", ""mean_fill"": 0.9938226853264448, ""p_meet"": 0.9, ""mean_cost"": 12772265.836472664, ""mcse_cost"": 9127.61784673011, ""mean_shortage_days"": 14.46197973713034, ""mean_cost_per_unit"": 13.633823704557438, ""capacity_utilization"": 4684254.2, ""feasible"": true, ""n_runs"": 20, ""eligibility"": ""NO_CONCLUSION""}, {""value"": 40.0, ""strategy_id"": ""S1"", ""mean_fill"": 0.9817759592170736, ""p_meet"": 0.55, ""mean_cost"": 12715694.645922154, ""mcse_cost"": 15563.022618235156, ""mean_shortage_days"": 33.3645673603505, ""mean_cost_per_unit"": 13.749010087213952, ""capacity_utilization"": 4626995.0, ""feasible"": false, ""n_runs"": 20, ""eligibility"": ""NO_CONCLUSION""}, {""value"": 45.0, ""strategy_id"": ""S1"", ""mean_fill"": 0.98900908912292, ""p_meet"": 0.8, ""mean_cost"": 12753935.438556721, ""mcse_cost"": 12402.004079792545, ""mean_shortage_days"": 21.49294222343921, ""mean_cost_per_unit"": 13.682841481903804, ""capacity_utilization"": 4661858.25, ""feasible"": false, ""n_runs"": 20, ""eligibility"": ""NO_CONCLUSION""}, {""value"": 47.5, ""strategy_id"": ""S1"", ""mean_fill"": 0.9897438967145007, ""p_meet"": 0.75, ""mean_cost"": 12758157.908720423, ""mcse_cost"": 11427.521292527937, ""mean_shortage_days"": 19.962732749178535, ""mean_cost_per_unit"": 13.676436999500458, ""capacity_utilization"": 4665260.85, ""feasible"": false, ""n_runs"": 20, ""eligibility"": ""NO_CONCLUSION""}, {""value"": 48.75, ""strategy_id"": ""S1"", ""mean_fill"": 0.9938644552475593, ""p_meet"": 0.9, ""mean_cost"": 12772480.009864267, ""mcse_cost"": 9458.284221292597, ""mean_shortage_days"": 13.97191265060241, ""mean_cost_per_unit"": 13.632924344195995, ""capacity_utilization"": 4684664.3, ""feasible"": true, ""n_runs"": 20, ""eligibility"": ""NO_CONCLUSION""}]",bisection over 5 steps on 20 paired runs,47.5,48.75
S1,norepinephrine_1mgml_4ml,changeover_burden,product.changeover_days,1.0,3.0,10.0,False,False,,infeasible_everywhere,"[{""value"": 1.0, ""strategy_id"": ""S1"", ""mean_fill"": 0.9897620300626789, ""p_meet"": 0.75, ""mean_cost"": 12752866.967070641, ""mcse_cost"": 12252.145637814516, ""mean_shortage_days"": 18.902587623220157, ""mean_cost_per_unit"": 13.671668381455863, ""capacity_utilization"": 4665207.6, ""feasible"": false, ""n_runs"": 20, ""eligibility"": ""NO_CONCLUSION""}, {""value"": 10.0, ""strategy_id"": ""S1"", ""mean_fill"": 0.8189395596868845, ""p_meet"": 0.0, ""mean_cost"": 12307238.86348613, ""mcse_cost"": 13968.906632500195, ""mean_shortage_days"": 245.8836596385542, ""mean_cost_per_unit"": 15.995585978997195, ""capacity_utilization"": 3851553.6, ""feasible"": false, ""n_runs"": 20, ""eligibility"": ""NO_CONCLUSION""}]",feasibility does not change between 1.0 and 10.0; no threshold inside the recorded range,,
S2,norepinephrine_1mgml_4ml,capacity_utilization,product.annual_demand_units,500000.0,900000.0,1800000.0,True,False,926562.5,feasible_below,"[{""value"": 500000.0, ""strategy_id"": ""S2"", ""mean_fill"": 0.9991163411050271, ""p_meet"": 1.0, ""mean_cost"": 17069385.423293427, ""mcse_cost"": 5757.619744551304, ""mean_shortage_days"": 2.8403888280394307, ""mean_cost_per_unit"": 32.61810510177495, ""capacity_utilization"": 2616684.25, ""feasible"": true, ""n_runs"": 20, ""eligibility"": ""NO_CONCLUSION""}, {""value"": 1800000.0, ""strategy_id"": ""S2"", ""mean_fill"": 0.6555476979756828, ""p_meet"": 0.0, ""mean_cost"": 18793156.385759123, ""mcse_cost"": 19709.66894577718, ""mean_shortage_days"": 283.0987541073384, ""mean_cost_per_unit"": 15.256860515615543, ""capacity_utilization"": 6163644.2, ""feasible"": false, ""n_runs"": 20, ""eligibility"": ""NO_CONCLUSION""}, {""value"": 1150000.0, ""strategy_id"": ""S2"", ""mean_fill"": 0.9803614857456708, ""p_meet"": 0.4, ""mean_cost"": 18555118.758740183, ""mcse_cost"": 14762.469640156167, ""mean_shortage_days"": 51.667072836801744, ""mean_cost_per_unit"": 15.700063840127964, ""capacity_utilization"": 5910442.8, ""feasible"": false, ""n_runs"": 20, ""eligibility"": ""NO_CONCLUSION""}, {""value"": 825000.0, ""strategy_id"": ""S2"", ""mean_fill"": 0.9958574832208266, ""p_meet"": 0.95, ""mean_cost"": 17873179.125644106, ""mcse_cost"": 10649.304392389373, ""mean_shortage_days"": 10.64145673603505, ""mean_cost_per_unit"": 20.751888994588658, ""capacity_utilization"": 4306499.55, ""feasible"": true, ""n_runs"": 20, ""eligibility"": ""NO_CONCLUSION""}, {""value"": 987500.0, ""strategy_id"": ""S2"", ""mean_fill"": 0.9926562329321206, ""p_meet"": 0.85, ""mean_cost"": 18232836.985010378, ""mcse_cost"": 11227.05922282023, ""mean_shortage_days"": 21.26291073384447, ""mean_cost_per_unit"": 17.73763249654661, ""capacity_utilization"": 5139773.85, ""feasible"": false, ""n_runs"": 20, ""eligibility"": ""NO_CONCLUSION""}, {""value"": 906250.0, ""strategy_id"": ""S2"", ""mean_fill"": 0.9948364258036451, ""p_meet"": 0.9, ""mean_cost"": 18057849.95210409, ""mcse_cost"": 11115.68277267363, ""mean_shortage_days"": 14.471981106243154, ""mean_cost_per_unit"": 19.10029045743526, ""capacity_utilization"": 4727125.3, ""feasible"": true, ""n_runs"": 20, ""eligibility"": ""NO_CONCLUSION""}, {""value"": 946875.0, ""strategy_id"": ""S2"", ""mean_fill"": 0.9934359487064626, ""p_meet"": 0.8, ""mean_cost"": 18145845.594344925, ""mcse_cost"": 12025.317490254745, ""mean_shortage_days"": 18.65255339539978, ""mean_cost_per_unit"": 18.395974568656467, ""capacity_utilization"": 4932178.75, ""feasible"": false, ""n_runs"": 20, ""eligibility"": ""NO_CONCLUSION""}]",bisection over 5 steps on 20 paired runs,906250.0,946875.0
S2,norepinephrine_1mgml_4ml,fixed_qa_labor_per_node,product.fixed_qa_labor_usd_per_site_year,1500000.0,3000000.0,6000000.0,True,True,,feasible_everywhere,"[{""value"": 1500000.0, ""strategy_id"": ""S2"", ""mean_fill"": 0.9948974879855376, ""p_meet"": 0.9, ""mean_cost"": 15940262.548915083, ""mcse_cost"": 9856.528159638612, ""mean_shortage_days"": 14.11193181818182, ""mean_cost_per_unit"": 16.976502094690268, ""capacity_utilization"": 4694797.3, ""feasible"": true, ""n_runs"": 20, ""eligibility"": ""NO_CONCLUSION""}, {""value"": 6000000.0, ""strategy_id"": ""S2"", ""mean_fill"": 0.9948974879855376, ""p_meet"": 0.9, ""mean_cost"": 22245345.557847932, ""mcse_cost"": 9856.528159638536, ""mean_shortage_days"": 14.11193181818182, ""mean_cost_per_unit"": 23.691642802132357, ""capacity_utilization"": 4694797.3, ""feasible"": true, ""n_runs"": 20, ""eligibility"": ""NO_CONCLUSION""}]",feasibility does not change between 1500000.0 and 6000000.0; no threshold inside the recorded range,,
S2,norepinephrine_1mgml_4ml,release_time,global.sterility_incubation_days,14.0,14.0,18.0,True,False,17.0625,feasible_below,"[{""value"": 14.0, ""strategy_id"": ""S2"", ""mean_fill"": 0.9948974879855376, ""p_meet"": 0.9, ""mean_cost"": 18041956.885226034, ""mcse_cost"": 9856.528159638654, ""mean_shortage_days"": 14.11193181818182, ""mean_cost_per_unit"": 19.2148823305043, ""capacity_utilization"": 4694797.3, ""feasible"": true, ""n_runs"": 20, ""eligibility"": ""NO_CONCLUSION""}, {""value"": 18.0, ""strategy_id"": ""S2"", ""mean_fill"": 0.9933453294951635, ""p_meet"": 0.75, ""mean_cost"": 18031415.93966868, ""mcse_cost"": 10705.290007218236, ""mean_shortage_days"": 17.5924082694414, ""mean_cost_per_unit"": 19.237350747667733, ""capacity_utilization"": 4686582.45, ""feasible"": false, ""n_runs"": 20, ""eligibility"": ""NO_CONCLUSION""}, {""value"": 16.0, ""strategy_id"": ""S2"", ""mean_fill"": 0.9941191037515404, ""p_meet"": 0.9, ""mean_cost"": 18036401.981161527, ""mcse_cost"": 10775.140664224517, ""mean_shortage_days"": 15.81216456736035, ""mean_cost_per_unit"": 19.221033080272264, ""capacity_utilization"": 4691814.35, ""feasible"": true, ""n_runs"": 20, ""eligibility"": ""NO_CONCLUSION""}, {""value"": 17.0, ""strategy_id"": ""S2"", ""mean_fill"": 0.9936198175118213, ""p_meet"": 0.9, ""mean_cost"": 18031122.130476605, ""mcse_cost"": 10903.944751141444, ""mean_shortage_days"": 16.61227409638554, ""mean_cost_per_unit"": 19.229231503121007, ""capacity_utilization"": 4688482.1, ""feasible"": true, ""n_runs"": 20, ""eligibility"": ""NO_CONCLUSION""}, {""value"": 17.5, ""strategy_id"": ""S2"", ""mean_fill"": 0.9936636937790094, ""p_meet"": 0.85, ""mean_cost"": 18033065.718429513, ""mcse_cost"": 9899.16542671722, ""mean_shortage_days"": 15.292093373493975, ""mean_cost_per_unit"": 19.231983788676406, ""capacity_utilization"": 4688236.7, ""feasible"": false, ""n_runs"": 20, ""eligibility"": ""NO_CONCLUSION""}, {""value"": 17.25, ""strategy_id"": ""S2"", ""mean_fill"": 0.9931975928130816, ""p_meet"": 0.85, ""mean_cost"": 18031825.74212281, ""mcse_cost"": 9673.088326934492, ""mean_shortage_days"": 17.072337075575025, ""mean_cost_per_unit"": 19.238541713388, ""capacity_utilization"": 4686322.15, ""feasible"": false, ""n_runs"": 20, ""eligibility"": ""NO_CONCLUSION""}, {""value"": 17.125, ""strategy_id"": ""S2"", ""mean_fill"": 0.9932854813338954, ""p_meet"": 0.85, ""mean_cost"": 18031964.04836775, ""mcse_cost"": 10366.999516567936, ""mean_shortage_days"": 17.22235761226725, ""mean_cost_per_unit"": 19.23671434250891, ""capacity_utilization"": 4686861.85, ""feasible"": false, ""n_runs"": 20, ""eligibility"": ""NO_CONCLUSION""}]",bisection over 5 steps on 20 paired runs,17.0,17.125
S2,norepinephrine_1mgml_4ml,shelf_life,product.shelf_life_months,12.0,24.0,30.0,True,True,,feasible_everywhere,"[{""value"": 12.0, ""strategy_id"": ""S2"", ""mean_fill"": 0.9948974879855376, ""p_meet"": 0.9, ""mean_cost"": 18041956.885226034, ""mcse_cost"": 9856.528159638654, ""mean_shortage_days"": 14.11193181818182, ""mean_cost_per_unit"": 19.2148823305043, ""capacity_utilization"": 4694797.3, ""feasible"": true, ""n_runs"": 20, ""eligibility"": ""NO_CONCLUSION""}, {""value"": 30.0, ""strategy_id"": ""S2"", ""mean_fill"": 0.9948974879855376, ""p_meet"": 0.9, ""mean_cost"": 18041956.885226034, ""mcse_cost"": 9856.528159638654, ""mean_shortage_days"": 14.11193181818182, ""mean_cost_per_unit"": 19.2148823305043, ""capacity_utilization"": 4694797.3, ""feasible"": true, ""n_runs"": 20, ""eligibility"": ""NO_CONCLUSION""}]",feasibility does not change between 12.0 and 30.0; no threshold inside the recorded range,,
S2,norepinephrine_1mgml_4ml,raw_material_lead_time,product.material_lead_time_days,30.0,90.0,240.0,True,True,,feasible_everywhere,"[{""value"": 30.0, ""strategy_id"": ""S2"", ""mean_fill"": 0.9951197971483537, ""p_meet"": 0.95, ""mean_cost"": 18030881.60013985, ""mcse_cost"": 10914.064026461938, ""mean_shortage_days"": 14.231948247535595, ""mean_cost_per_unit"": 19.19992932458816, ""capacity_utilization"": 4695799.0, ""feasible"": true, ""n_runs"": 20, ""eligibility"": ""NO_CONCLUSION""}, {""value"": 240.0, ""strategy_id"": ""S2"", ""mean_fill"": 0.9957589302639469, ""p_meet"": 0.95, ""mean_cost"": 18077243.15812836, ""mcse_cost"": 10756.928228570256, ""mean_shortage_days"": 12.921768893756845, ""mean_cost_per_unit"": 19.236165532116228, ""capacity_utilization"": 4698987.2, ""feasible"": true, ""n_runs"": 20, ""eligibility"": ""NO_CONCLUSION""}]",feasibility does not change between 30.0 and 240.0; no threshold inside the recorded range,,
S2,norepinephrine_1mgml_4ml,common_cause_dependence,global.common_cause_events_per_year,0.02,0.1,0.3,True,False,0.155625,feasible_below,"[{""value"": 0.02, ""strategy_id"": ""S2"", ""mean_fill"": 0.9954114491795678, ""p_meet"": 0.9, ""mean_cost"": 18047315.373406697, ""mcse_cost"": 9422.498697107192, ""mean_shortage_days"": 11.931633351588172, ""mean_cost_per_unit"": 19.21186562594408, ""capacity_utilization"": 4696948.2, ""feasible"": true, ""n_runs"": 20, ""eligibility"": ""NO_CONCLUSION""}, {""value"": 0.3, ""strategy_id"": ""S2"", ""mean_fill"": 0.9867351326281927, ""p_meet"": 0.75, ""mean_cost"": 18021103.338958956, ""mcse_cost"": 12583.80849987845, ""mean_shortage_days"": 25.103436473165385, ""mean_cost_per_unit"": 19.36181952442196, ""capacity_utilization"": 4654664.1, ""feasible"": false, ""n_runs"": 20, ""eligibility"": ""NO_CONCLUSION""}, {""value"": 0.16, ""strategy_id"": ""S2"", ""mean_fill"": 0.994108824948227, ""p_meet"": 0.85, ""mean_cost"": 18033195.65388007, ""mcse_cost"": 10356.29189190957, ""mean_shortage_days"": 15.42211117196057, ""mean_cost_per_unit"": 19.224346654737317, ""capacity_utilization"": 4690189.65, ""feasible"": false, ""n_runs"": 20, ""eligibility"": ""NO_CONCLUSION""}, {""value"": 0.09, ""strategy_id"": ""S2"", ""mean_fill"": 0.9949651480335799, ""p_meet"": 0.9, ""mean_cost"": 18043930.897202075, ""mcse_cost"": 9503.699861749468, ""mean_shortage_days"": 13.761883899233297, ""mean_cost_per_unit"": 19.21792544281857, ""capacity_utilization"": 4694599.55, ""feasible"": true, ""n_runs"": 20, ""eligibility"": ""NO_CONCLUSION""}, {""value"": 0.125, ""strategy_id"": ""S2"", ""mean_fill"": 0.9947068550513265, ""p_meet"": 0.9, ""mean_cost"": 18037037.489876274, ""mcse_cost"": 10603.770665318054, ""mean_shortage_days"": 15.132071467688935, ""mean_cost_per_unit"": 19.214762245287453, ""capacity_utilization"": 4693537.95, ""feasible"": true, ""n_runs"": 20, ""eligibility"": ""NO_CONCLUSION""}, {""value"": 0.14250000000000002, ""strategy_id"": ""S2"", ""mean_fill"": 0.9945820466563287, ""p_meet"": 0.9, ""mean_cost"": 18036350.43865278, ""mcse_cost"": 10639.870615211737, ""mean_shortage_days"": 15.092065991237678, ""mean_cost_per_unit"": 19.21645189049649, ""capacity_utilization"": 4692955.2, ""feasible"": true, ""n_runs"": 20, ""eligibility"": ""NO_CONCLUSION""}, {""value"": 0.15125, ""strategy_id"": ""S2"", ""mean_fill"": 0.9945717592397967, ""p_meet"": 0.9, ""mean_cost"": 18033594.11438494, ""mcse_cost"": 10546.649203550052, ""mean_shortage_days"": 14.56199342825849, ""mean_cost_per_unit"": 19.21580651908958, ""capacity_utilization"": 4692392.65, ""feasible"": true, ""n_runs"": 20, ""eligibility"": ""NO_CONCLUSION""}]",bisection over 5 steps on 20 paired runs,0.15125,0.16
S2,norepinephrine_1mgml_4ml,supplier_concentration,global.supplier_disruptions_per_supplier_year,0.05,0.2,0.6,True,True,,feasible_everywhere,"[{""value"": 0.05, ""strategy_id"": ""S2"", ""mean_fill"": 0.9957565709021055, ""p_meet"": 0.95, ""mean_cost"": 18045971.906472117, ""mcse_cost"": 10886.357307889048, ""mean_shortage_days"": 12.851759309967141, ""mean_cost_per_unit"": 19.202932667813624, ""capacity_utilization"": 4698976.1, ""feasible"": true, ""n_runs"": 20, ""eligibility"": ""NO_CONCLUSION""}, {""value"": 0.6, ""strategy_id"": ""S2"", ""mean_fill"": 0.9955095765590369, ""p_meet"": 0.95, ""mean_cost"": 18042989.02535953, ""mcse_cost"": 10661.840335738169, ""mean_shortage_days"": 13.711877053669221, ""mean_cost_per_unit"": 19.204569092258247, ""capacity_utilization"": 4697823.6, ""feasible"": true, ""n_runs"": 20, ""eligibility"": ""NO_CONCLUSION""}]",feasibility does not change between 0.05 and 0.6; no threshold inside the recorded range,,
S2,norepinephrine_1mgml_4ml,commissioning_days,global.node_commissioning_days,365.0,730.0,1095.0,True,True,,feasible_everywhere,"[{""value"": 365.0, ""strategy_id"": ""S2"", ""mean_fill"": 0.9948974879855376, ""p_meet"": 0.9, ""mean_cost"": 18041956.885226034, ""mcse_cost"": 9856.528159638654, ""mean_shortage_days"": 14.11193181818182, ""mean_cost_per_unit"": 19.2148823305043, ""capacity_utilization"": 4694797.3, ""feasible"": true, ""n_runs"": 20, ""eligibility"": ""NO_CONCLUSION""}, {""value"": 1095.0, ""strategy_id"": ""S2"", ""mean_fill"": 0.9948974879855376, ""p_meet"": 0.9, ""mean_cost"": 18041956.885226034, ""mcse_cost"": 9856.528159638654, ""mean_shortage_days"": 14.11193181818182, ""mean_cost_per_unit"": 19.2148823305043, ""capacity_utilization"": 4694797.3, ""feasible"": true, ""n_runs"": 20, ""eligibility"": ""NO_CONCLUSION""}]",feasibility does not change between 365.0 and 1095.0; no threshold inside the recorded range,,
S2,norepinephrine_1mgml_4ml,activation_latency_days,global.reserved_capacity_activation_days,7.0,21.0,60.0,True,True,,feasible_everywhere,"[{""value"": 7.0, ""strategy_id"": ""S2"", ""mean_fill"": 0.9948974879855376, ""p_meet"": 0.9, ""mean_cost"": 18041956.885226034, ""mcse_cost"": 9856.528159638654, ""mean_shortage_days"": 14.11193181818182, ""mean_cost_per_unit"": 19.2148823305043, ""capacity_utilization"": 4694797.3, ""feasible"": true, ""n_runs"": 20, ""eligibility"": ""NO_CONCLUSION""}, {""value"": 60.0, ""strategy_id"": ""S2"", ""mean_fill"": 0.9948974879855376, ""p_meet"": 0.9, ""mean_cost"": 18041956.885226034, ""mcse_cost"": 9856.528159638654, ""mean_shortage_days"": 14.11193181818182, ""mean_cost_per_unit"": 19.2148823305043, ""capacity_utilization"": 4694797.3, ""feasible"": true, ""n_runs"": 20, ""eligibility"": ""NO_CONCLUSION""}]",feasibility does not change between 7.0 and 60.0; no threshold inside the recorded range,,
S2,norepinephrine_1mgml_4ml,node_capital,product.capital_usd_per_site,15000000.0,40000000.0,100000000.0,True,True,,feasible_everywhere,"[{""value"": 15000000.0, ""strategy_id"": ""S2"", ""mean_fill"": 0.9948974879855376, ""p_meet"": 0.9, ""mean_cost"": 12052747.961666498, ""mcse_cost"": 9856.5281596386, ""mean_shortage_days"": 14.11193181818182, ""mean_cost_per_unit"": 12.836158911480334, ""capacity_utilization"": 4694797.3, ""feasible"": true, ""n_runs"": 20, ""eligibility"": ""NO_CONCLUSION""}, {""value"": 100000000.0, ""strategy_id"": ""S2"", ""mean_fill"": 0.9948974879855376, ""p_meet"": 0.9, ""mean_cost"": 32416058.301764168, ""mcse_cost"": 9856.528159638678, ""mean_shortage_days"": 14.11193181818182, ""mean_cost_per_unit"": 34.52381853615675, ""capacity_utilization"": 4694797.3, ""feasible"": true, ""n_runs"": 20, ""eligibility"": ""NO_CONCLUSION""}]",feasibility does not change between 15000000.0 and 100000000.0; no threshold inside the recorded range,,
S2,norepinephrine_1mgml_4ml,batches_per_site_year,product.batches_per_site_year_nominal,30.0,45.0,70.0,False,True,39.375,feasible_above,"[{""value"": 30.0, ""strategy_id"": ""S2"", ""mean_fill"": 0.8710491939996616, ""p_meet"": 0.0, ""mean_cost"": 17714850.789922897, ""mcse_cost"": 13413.329014307448, ""mean_shortage_days"": 208.24850766703176, ""mean_cost_per_unit"": 21.617038311746615, ""capacity_utilization"": 4101084.1, ""feasible"": false, ""n_runs"": 20, ""eligibility"": ""NO_CONCLUSION""}, {""value"": 70.0, ""strategy_id"": ""S2"", ""mean_fill"": 0.9985353270387536, ""p_meet"": 1.0, ""mean_cost"": 18095876.061035097, ""mcse_cost"": 10227.539571549214, ""mean_shortage_days"": 4.35059556407448, ""mean_cost_per_unit"": 19.218737851397766, ""capacity_utilization"": 4707973.0, ""feasible"": true, ""n_runs"": 20, ""eligibility"": ""NO_CONCLUSION""}, {""value"": 50.0, ""strategy_id"": ""S2"", ""mean_fill"": 0.9966997267489359, ""p_meet"": 0.9, ""mean_cost"": 18067527.265391026, ""mcse_cost"": 12204.347095634601, ""mean_shortage_days"": 9.391285596933187, ""mean_cost_per_unit"": 19.21326899716143, ""capacity_utilization"": 4701978.25, ""feasible"": true, ""n_runs"": 20, ""eligibility"": ""NO_CONCLUSION""}, {""value"": 40.0, ""strategy_id"": ""S2"", ""mean_fill"": 0.992265376351338, ""p_meet"": 0.9, ""mean_cost"": 18012784.29779594, ""mcse_cost"": 10096.355772351553, ""mean_shortage_days"": 20.60282037239869, ""mean_cost_per_unit"": 19.250252745486307, ""capacity_utilization"": 4678654.15, ""feasible"": true, ""n_runs"": 20, ""eligibility"": ""NO_CONCLUSION""}, {""value"": 35.0, ""strategy_id"": ""S2"", ""mean_fill"": 0.98378801680508, ""p_meet"": 0.55, ""mean_cost"": 17967878.90116335, ""mcse_cost"": 11616.926990962933, ""mean_shortage_days"": 43.66597754654983, ""mean_cost_per_unit"": 19.370103170400114, ""capacity_utilization"": 4638837.3, ""feasible"": false, ""n_runs"": 20, ""eligibility"": ""NO_CONCLUSION""}, {""value"": 37.5, ""strategy_id"": ""S2"", ""mean_fill"": 0.9886618493935307, ""p_meet"": 0.7, ""mean_cost"": 17992558.164769012, ""mcse_cost"": 9764.34539669797, ""mean_shortage_days"": 26.603641840087626, ""mean_cost_per_unit"": 19.288576657036156, ""capacity_utilization"": 4664445.15, ""feasible"": false, ""n_runs"": 20, ""eligibility"": ""NO_CONCLUSION""}, {""value"": 38.75, ""strategy_id"": ""S2"", ""mean_fill"": 0.991677542599, ""p_meet"": 0.8, ""mean_cost"": 18011589.8737983, ""mcse_cost"": 10164.870212316233, ""mean_shortage_days"": 21.022877875136913, ""mean_cost_per_unit"": 19.25879461431713, ""capacity_utilization"": 4676304.9, ""feasible"": false, ""n_runs"": 20, ""eligibility"": ""NO_CONCLUSION""}]",bisection over 5 steps on 20 paired runs,38.75,40.0
S2,norepinephrine_1mgml_4ml,changeover_burden,product.changeover_days,1.0,3.0,10.0,True,False,8.453125,feasible_below,"[{""value"": 1.0, ""strategy_id"": ""S2"", ""mean_fill"": 0.9942979572546674, ""p_meet"": 0.9, ""mean_cost"": 18043451.792896353, ""mcse_cost"": 10123.490756449606, ""mean_shortage_days"": 15.442113910186198, ""mean_cost_per_unit"": 19.23571281152241, ""capacity_utilization"": 4690095.15, ""feasible"": true, ""n_runs"": 20, ""eligibility"": ""NO_CONCLUSION""}, {""value"": 10.0, ""strategy_id"": ""S2"", ""mean_fill"": 0.9925428859780098, ""p_meet"": 0.75, ""mean_cost"": 18023299.12933086, ""mcse_cost"": 10428.881416143866, ""mean_shortage_days"": 18.332509583789708, ""mean_cost_per_unit"": 19.25459252361482, ""capacity_utilization"": 4680266.1, ""feasible"": false, ""n_runs"": 20, ""eligibility"": ""NO_CONCLUSION""}, {""value"": 5.5, ""strategy_id"": ""S2"", ""mean_fill"": 0.9937718445133885, ""p_meet"": 0.9, ""mean_cost"": 18033481.96592039, ""mcse_cost"": 10189.766450639287, ""mean_shortage_days"": 15.512123493975903, ""mean_cost_per_unit"": 19.224089559452477, ""capacity_utilization"": 4690362.45, ""feasible"": true, ""n_runs"": 20, ""eligibility"": ""NO_CONCLUSION""}, {""value"": 7.75, ""strategy_id"": ""S2"", ""mean_fill"": 0.9931151791425903, ""p_meet"": 0.9, ""mean_cost"": 18031979.309245583, ""mcse_cost"": 10891.31984539682, ""mean_shortage_days"": 18.022467141292438, ""mean_cost_per_unit"": 19.24463231906563, ""capacity_utilization"": 4684896.85, ""feasible"": true, ""n_runs"": 20, ""eligibility"": ""NO_CONCLUSION""}, {""value"": 8.875, ""strategy_id"": ""S2"", ""mean_fill"": 0.99257536945315, ""p_meet"": 0.8, ""mean_cost"": 18026807.373152245, ""mcse_cost"": 9973.753998104225, ""mean_shortage_days"": 20.462801204819275, ""mean_cost_per_unit"": 19.255154370351136, ""capacity_utilization"": 4681006.8, ""feasible"": false, ""n_runs"": 20, ""eligibility"": ""NO_CONCLUSION""}, {""value"": 8.3125, ""strategy_id"": ""S2"", ""mean_fill"": 0.9931151791425903, ""p_meet"": 0.9, ""mean_cost"": 18031979.309245583, ""mcse_cost"": 10891.31984539682, ""mean_shortage_days"": 18.022467141292438, ""mean_cost_per_unit"": 19.24463231906563, ""capacity_utilization"": 4684896.85, ""feasible"": true, ""n_runs"": 20, ""eligibility"": ""NO_CONCLUSION""}, {""value"": 8.59375, ""strategy_id"": ""S2"", ""mean_fill"": 0.99257536945315, ""p_meet"": 0.8, ""mean_cost"": 18026807.373152245, ""mcse_cost"": 9973.753998104225, ""mean_shortage_days"": 20.462801204819275, ""mean_cost_per_unit"": 19.255154370351136, ""capacity_utilization"": 4681006.8, ""feasible"": false, ""n_runs"": 20, ""eligibility"": ""NO_CONCLUSION""}]",bisection over 5 steps on 20 paired runs,8.3125,8.59375
S3,norepinephrine_1mgml_4ml,capacity_utilization,product.annual_demand_units,500000.0,900000.0,1800000.0,True,False,967187.5,feasible_below,"[{""value"": 500000.0, ""strategy_id"": ""S3"", ""mean_fill"": 0.9987892695264664, ""p_meet"": 1.0, ""mean_cost"": 16355701.494308632, ""mcse_cost"": 4741.082393292923, ""mean_shortage_days"": 4.72064622124863, ""mean_cost_per_unit"": 31.267193037172603, ""capacity_utilization"": 2615499.0, ""feasible"": true, ""n_runs"": 20, ""eligibility"": ""NO_CONCLUSION""}, {""value"": 1800000.0, ""strategy_id"": ""S3"", ""mean_fill"": 0.9700986016243606, ""p_meet"": 0.3, ""mean_cost"": 19501459.425368138, ""mcse_cost"": 31330.689638323794, ""mean_shortage_days"": 60.798322836801745, ""mean_cost_per_unit"": 10.667545282756572, ""capacity_utilization"": 9147259.1, ""feasible"": false, ""n_runs"": 20, ""eligibility"": ""NO_CONCLUSION""}, {""value"": 1150000.0, ""strategy_id"": ""S3"", ""mean_fill"": 0.9940652606493907, ""p_meet"": 0.8, ""mean_cost"": 17990613.9624935, ""mcse_cost"": 7309.046070584375, ""mean_shortage_days"": 16.072200164293537, ""mean_cost_per_unit"": 15.024959619035894, ""capacity_utilization"": 5986570.8, ""feasible"": false, ""n_runs"": 20, ""eligibility"": ""NO_CONCLUSION""}, {""value"": 825000.0, ""strategy_id"": ""S3"", ""mean_fill"": 0.9962678129085922, ""p_meet"": 0.9, ""mean_cost"": 17165299.979366772, ""mcse_cost"": 6168.084967224491, ""mean_shortage_days"": 12.751745618838992, ""mean_cost_per_unit"": 19.93815065630634, ""capacity_utilization"": 4304658.8, ""feasible"": true, ""n_runs"": 20, ""eligibility"": ""NO_CONCLUSION""}, {""value"": 987500.0, ""strategy_id"": ""S3"", ""mean_fill"": 0.9958810310534496, ""p_meet"": 0.85, ""mean_cost"": 17576844.60169934, ""mcse_cost"": 5707.984920540997, ""mean_shortage_days"": 14.571994797371303, ""mean_cost_per_unit"": 17.062995583984723, ""capacity_utilization"": 5150431.75, ""feasible"": false, ""n_runs"": 20, ""eligibility"": ""NO_CONCLUSION""}, {""value"": 906250.0, ""strategy_id"": ""S3"", ""mean_fill"": 0.9967715646031708, ""p_meet"": 0.9, ""mean_cost"": 17372305.307459496, ""mcse_cost"": 7161.907277103595, ""mean_shortage_days"": 12.79175109529025, ""mean_cost_per_unit"": 18.36104070439258, ""capacity_utilization"": 4730742.6, ""feasible"": true, ""n_runs"": 20, ""eligibility"": ""NO_CONCLUSION""}, {""value"": 946875.0, ""strategy_id"": ""S3"", ""mean_fill"": 0.9960332196002227, ""p_meet"": 0.9, ""mean_cost"": 17473230.799691737, ""mcse_cost"": 7870.559969864822, ""mean_shortage_days"": 12.181667579408542, ""mean_cost_per_unit"": 17.690846389253323, ""capacity_utilization"": 4938452.95, ""feasible"": true, ""n_runs"": 20, ""eligibility"": ""NO_CONCLUSION""}]",bisection over 5 steps on 20 paired runs,946875.0,987500.0
S3,norepinephrine_1mgml_4ml,fixed_qa_labor_per_node,product.fixed_qa_labor_usd_per_site_year,1500000.0,3000000.0,6000000.0,True,True,,feasible_everywhere,"[{""value"": 1500000.0, ""strategy_id"": ""S3"", ""mean_fill"": 0.9961252270608982, ""p_meet"": 0.9, ""mean_cost"": 14812379.193923678, ""mcse_cost"": 7575.891138039318, ""mean_shortage_days"": 14.622001642935373, ""mean_cost_per_unit"": 15.773592618407065, ""capacity_utilization"": 4695268.15, ""feasible"": true, ""n_runs"": 20, ""eligibility"": ""NO_CONCLUSION""}, {""value"": 6000000.0, ""strategy_id"": ""S3"", ""mean_fill"": 0.9961252270608982, ""p_meet"": 0.9, ""mean_cost"": 22433620.052446686, ""mcse_cost"": 7575.891138039377, ""mean_shortage_days"": 14.622001642935373, ""mean_cost_per_unit"": 23.88956589600299, ""capacity_utilization"": 4695268.15, ""feasible"": true, ""n_runs"": 20, ""eligibility"": ""NO_CONCLUSION""}]",feasibility does not change between 1500000.0 and 6000000.0; no threshold inside the recorded range,,
S3,norepinephrine_1mgml_4ml,release_time,global.sterility_incubation_days,14.0,14.0,18.0,True,True,,feasible_everywhere,"[{""value"": 14.0, ""strategy_id"": ""S3"", ""mean_fill"": 0.9961252270608982, ""p_meet"": 0.9, ""mean_cost"": 17352792.813431352, ""mcse_cost"": 7575.891138039287, ""mean_shortage_days"": 14.622001642935373, ""mean_cost_per_unit"": 18.47891704427238, ""capacity_utilization"": 4695268.15, ""feasible"": true, ""n_runs"": 20, ""eligibility"": ""NO_CONCLUSION""}, {""value"": 18.0, ""strategy_id"": ""S3"", ""mean_fill"": 0.9960775825813857, ""p_meet"": 0.95, ""mean_cost"": 17351678.056728933, ""mcse_cost"": 7709.222087183526, ""mean_shortage_days"": 16.782297371303393, ""mean_cost_per_unit"": 18.48164483600323, ""capacity_utilization"": 4694405.7, ""feasible"": true, ""n_runs"": 20, ""eligibility"": ""NO_CONCLUSION""}]",feasibility does not change between 14.0 and 18.0; no threshold inside the recorded range,,
S3,norepinephrine_1mgml_4ml,shelf_life,product.shelf_life_months,12.0,24.0,30.0,True,True,,feasible_everywhere,"[{""value"": 12.0, ""strategy_id"": ""S3"", ""mean_fill"": 0.9961531983644683, ""p_meet"": 0.9, ""mean_cost"": 17355056.73713995, ""mcse_cost"": 7447.689785355881, ""mean_shortage_days"": 14.581996166484114, ""mean_cost_per_unit"": 18.48081975691479, ""capacity_utilization"": 4695398.3, ""feasible"": true, ""n_runs"": 20, ""eligibility"": ""NO_CONCLUSION""}, {""value"": 30.0, ""strategy_id"": ""S3"", ""mean_fill"": 0.9961252270608982, ""p_meet"": 0.9, ""mean_cost"": 17352792.813431352, ""mcse_cost"": 7575.891138039287, ""mean_shortage_days"": 14.622001642935373, ""mean_cost_per_unit"": 18.47891704427238, ""capacity_utilization"": 4695268.15, ""feasible"": true, ""n_runs"": 20, ""eligibility"": ""NO_CONCLUSION""}]",feasibility does not change between 12.0 and 30.0; no threshold inside the recorded range,,
S3,norepinephrine_1mgml_4ml,raw_material_lead_time,product.material_lead_time_days,30.0,90.0,240.0,False,True,66.09375,feasible_above,"[{""value"": 30.0, ""strategy_id"": ""S3"", ""mean_fill"": 0.9943844655814809, ""p_meet"": 0.75, ""mean_cost"": 17341378.91730021, ""mcse_cost"": 8251.355322083276, ""mean_shortage_days"": 14.862034501642933, ""mean_cost_per_unit"": 18.498857492374967, ""capacity_utilization"": 4687084.45, ""feasible"": false, ""n_runs"": 20, ""eligibility"": ""NO_CONCLUSION""}, {""value"": 240.0, ""strategy_id"": ""S3"", ""mean_fill"": 0.9972753552691666, ""p_meet"": 0.95, ""mean_cost"": 17385080.92186228, ""mcse_cost"": 7828.421754396536, ""mean_shortage_days"": 11.691600492880612, ""mean_cost_per_unit"": 18.491664201080162, ""capacity_utilization"": 4700839.6, ""feasible"": true, ""n_runs"": 20, ""eligibility"": ""NO_CONCLUSION""}, {""value"": 135.0, ""strategy_id"": ""S3"", ""mean_fill"": 0.996961155966898, ""p_meet"": 0.9, ""mean_cost"": 17365058.925647847, ""mcse_cost"": 8820.70699655817, ""mean_shortage_days"": 12.521714129244248, ""mean_cost_per_unit"": 18.476545676525184, ""capacity_utilization"": 4699284.35, ""feasible"": true, ""n_runs"": 20, ""eligibility"": ""NO_CONCLUSION""}, {""value"": 82.5, ""strategy_id"": ""S3"", ""mean_fill"": 0.9965286513208609, ""p_meet"": 0.95, ""mean_cost"": 17351584.592049643, ""mcse_cost"": 7336.2669836197565, ""mean_shortage_days"": 12.961774370208104, ""mean_cost_per_unit"": 18.471102335064504, ""capacity_utilization"": 4696989.0, ""feasible"": true, ""n_runs"": 20, ""eligibility"": ""NO_CONCLUSION""}, {""value"": 56.25, ""strategy_id"": ""S3"", ""mean_fill"": 0.9957278571234551, ""p_meet"": 0.75, ""mean_cost"": 17346526.753996316, ""mcse_cost"": 8212.508070883918, ""mean_shortage_days"": 13.50184830230011, ""mean_cost_per_unit"": 18.482093426999988, ""capacity_utilization"": 4692773.65, ""feasible"": false, ""n_runs"": 20, ""eligibility"": ""NO_CONCLUSION""}, {""value"": 69.375, ""strategy_id"": ""S3"", ""mean_fill"": 0.9967687154489525, ""p_meet"": 0.95, ""mean_cost"": 17352333.468006887, ""mcse_cost"": 8180.7495494911955, ""mean_shortage_days"": 12.701738773274917, ""mean_cost_per_unit"": 18.466276097583847, ""capacity_utilization"": 4698394.25, ""feasible"": true, ""n_runs"": 20, ""eligibility"": ""NO_CONCLUSION""}, {""value"": 62.8125, ""strategy_id"": ""S3"", ""mean_fill"": 0.9958954440482376, ""p_meet"": 0.85, ""mean_cost"": 17345189.928464897, ""mcse_cost"": 7843.685582125087, ""mean_shortage_days"": 13.611863362541072, ""mean_cost_per_unit"": 18.475622054842574, ""capacity_utilization"": 4693921.4, ""feasible"": false, ""n_runs"": 20, ""eligibility"": ""NO_CONCLUSION""}]",bisection over 5 steps on 20 paired runs,62.8125,69.375
S3,norepinephrine_1mgml_4ml,common_cause_dependence,global.common_cause_events_per_year,0.02,0.1,0.3,True,True,,feasible_everywhere,"[{""value"": 0.02, ""strategy_id"": ""S3"", ""mean_fill"": 0.9970543136499446, ""p_meet"": 0.95, ""mean_cost"": 17355082.801699795, ""mcse_cost"": 7871.891146113671, ""mean_shortage_days"": 11.641593647316537, ""mean_cost_per_unit"": 18.463650616315782, ""capacity_utilization"": 4699749.6, ""feasible"": true, ""n_runs"": 20, ""eligibility"": ""NO_CONCLUSION""}, {""value"": 0.3, ""strategy_id"": ""S3"", ""mean_fill"": 0.995494239380659, ""p_meet"": 0.9, ""mean_cost"": 17357480.603111558, ""mcse_cost"": 7274.326463882565, ""mean_shortage_days"": 14.0319208652793, ""mean_cost_per_unit"": 18.49524907130669, ""capacity_utilization"": 4692447.65, ""feasible"": true, ""n_runs"": 20, ""eligibility"": ""NO_CONCLUSION""}]",feasibility does not change between 0.02 and 0.3; no threshold inside the recorded range,,
S3,norepinephrine_1mgml_4ml,supplier_concentration,global.supplier_disruptions_per_supplier_year,0.05,0.2,0.6,True,True,,feasible_everywhere,"[{""value"": 0.05, ""strategy_id"": ""S3"", ""mean_fill"": 0.9973493301430709, ""p_meet"": 0.95, ""mean_cost"": 17355358.491806448, ""mcse_cost"": 8229.742437751629, ""mean_shortage_days"": 11.051512869660458, ""mean_cost_per_unit"": 18.45884492865131, ""capacity_utilization"": 4701225.8, ""feasible"": true, ""n_runs"": 20, ""eligibility"": ""NO_CONCLUSION""}, {""value"": 0.6, ""strategy_id"": ""S3"", ""mean_fill"": 0.9965112108640584, ""p_meet"": 0.95, ""mean_cost"": 17353927.654895674, ""mcse_cost"": 7295.02424467554, ""mean_shortage_days"": 13.971912650602409, ""mean_cost_per_unit"": 18.473659375460954, ""capacity_utilization"": 4697052.05, ""feasible"": true, ""n_runs"": 20, ""eligibility"": ""NO_CONCLUSION""}]",feasibility does not change between 0.05 and 0.6; no threshold inside the recorded range,,
S3,norepinephrine_1mgml_4ml,commissioning_days,global.node_commissioning_days,365.0,730.0,1095.0,True,True,,feasible_everywhere,"[{""value"": 365.0, ""strategy_id"": ""S3"", ""mean_fill"": 0.9961252270608982, ""p_meet"": 0.9, ""mean_cost"": 17352792.813431352, ""mcse_cost"": 7575.891138039287, ""mean_shortage_days"": 14.622001642935373, ""mean_cost_per_unit"": 18.47891704427238, ""capacity_utilization"": 4695268.15, ""feasible"": true, ""n_runs"": 20, ""eligibility"": ""NO_CONCLUSION""}, {""value"": 1095.0, ""strategy_id"": ""S3"", ""mean_fill"": 0.9961252270608982, ""p_meet"": 0.9, ""mean_cost"": 17352792.813431352, ""mcse_cost"": 7575.891138039287, ""mean_shortage_days"": 14.622001642935373, ""mean_cost_per_unit"": 18.47891704427238, ""capacity_utilization"": 4695268.15, ""feasible"": true, ""n_runs"": 20, ""eligibility"": ""NO_CONCLUSION""}]",feasibility does not change between 365.0 and 1095.0; no threshold inside the recorded range,,
S3,norepinephrine_1mgml_4ml,activation_latency_days,global.reserved_capacity_activation_days,7.0,21.0,60.0,True,False,24.390625,feasible_below,"[{""value"": 7.0, ""strategy_id"": ""S3"", ""mean_fill"": 0.9984410865405519, ""p_meet"": 1.0, ""mean_cost"": 17361624.784188163, ""mcse_cost"": 7937.052089565614, ""mean_shortage_days"": 8.07110487404162, ""mean_cost_per_unit"": 18.445043555162062, ""capacity_utilization"": 4706374.4, ""feasible"": true, ""n_runs"": 20, ""eligibility"": ""NO_CONCLUSION""}, {""value"": 60.0, ""strategy_id"": ""S3"", ""mean_fill"": 0.9922861379070307, ""p_meet"": 0.75, ""mean_cost"": 17336556.252884496, ""mcse_cost"": 8077.980963004863, ""mean_shortage_days"": 19.662691675794083, ""mean_cost_per_unit"": 18.534095304104664, ""capacity_utilization"": 4677002.75, ""feasible"": false, ""n_runs"": 20, ""eligibility"": ""NO_CONCLUSION""}, {""value"": 33.5, ""strategy_id"": ""S3"", ""mean_fill"": 0.9949431307890689, ""p_meet"": 0.85, ""mean_cost"": 17349011.5240345, ""mcse_cost"": 7332.835821504216, ""mean_shortage_days"": 18.272501369112817, ""mean_cost_per_unit"": 18.497681771080437, ""capacity_utilization"": 4689428.05, ""feasible"": false, ""n_runs"": 20, ""eligibility"": ""NO_CONCLUSION""}, {""value"": 20.25, ""strategy_id"": ""S3"", ""mean_fill"": 0.9960051228925748, ""p_meet"": 0.95, ""mean_cost"": 17358185.348454244, ""mcse_cost"": 8598.501309307016, ""mean_shortage_days"": 12.731742880613362, ""mean_cost_per_unit"": 18.490220064827646, ""capacity_utilization"": 4694131.0, ""feasible"": true, ""n_runs"": 20, ""eligibility"": ""NO_CONCLUSION""}, {""value"": 26.875, ""strategy_id"": ""S3"", ""mean_fill"": 0.9953456048373471, ""p_meet"": 0.85, ""mean_cost"": 17351295.733163215, ""mcse_cost"": 6403.87829254213, ""mean_shortage_days"": 15.172076944140196, ""mean_cost_per_unit"": 18.49002685018746, ""capacity_utilization"": 4691965.1, ""feasible"": false, ""n_runs"": 20, ""eligibility"": ""NO_CONCLUSION""}, {""value"": 23.5625, ""strategy_id"": ""S3"", ""mean_fill"": 0.995999099943804, ""p_meet"": 0.95, ""mean_cost"": 17358132.29441568, ""mcse_cost"": 7296.093479282069, ""mean_shortage_days"": 14.89203860898138, ""mean_cost_per_unit"": 18.4867068614335, ""capacity_utilization"": 4694679.3, ""feasible"": true, ""n_runs"": 20, ""eligibility"": ""NO_CONCLUSION""}, {""value"": 25.21875, ""strategy_id"": ""S3"", ""mean_fill"": 0.9959780008583167, ""p_meet"": 0.85, ""mean_cost"": 17353445.57703678, ""mcse_cost"": 7279.363513905422, ""mean_shortage_days"": 14.491983844468788, ""mean_cost_per_unit"": 18.481176700584378, ""capacity_utilization"": 4694776.9, ""feasible"": false, ""n_runs"": 20, ""eligibility"": ""NO_CONCLUSION""}]",bisection over 5 steps on 20 paired runs,23.5625,25.21875
S3,norepinephrine_1mgml_4ml,node_capital,product.capital_usd_per_site,15000000.0,40000000.0,100000000.0,True,True,,feasible_everywhere,"[{""value"": 15000000.0, ""strategy_id"": ""S3"", ""mean_fill"": 0.9961252270608982, ""p_meet"": 0.9, ""mean_cost"": 11766050.449568544, ""mcse_cost"": 7575.891138039318, ""mean_shortage_days"": 14.622001642935373, ""mean_cost_per_unit"": 12.529511615992703, ""capacity_utilization"": 4695268.15, ""feasible"": true, ""n_runs"": 20, ""eligibility"": ""NO_CONCLUSION""}, {""value"": 100000000.0, ""strategy_id"": ""S3"", ""mean_fill"": 0.9961252270608982, ""p_meet"": 0.9, ""mean_cost"": 30760974.486702245, ""mcse_cost"": 7575.8911380393265, ""mean_shortage_days"": 14.622001642935373, ""mean_cost_per_unit"": 32.75749007214377, ""capacity_utilization"": 4695268.15, ""feasible"": true, ""n_runs"": 20, ""eligibility"": ""NO_CONCLUSION""}]",feasibility does not change between 15000000.0 and 100000000.0; no threshold inside the recorded range,,
S3,norepinephrine_1mgml_4ml,batches_per_site_year,product.batches_per_site_year_nominal,30.0,45.0,70.0,False,True,38.125,feasible_above,"[{""value"": 30.0, ""strategy_id"": ""S3"", ""mean_fill"": 0.9894771606565268, ""p_meet"": 0.7, ""mean_cost"": 17327060.61894527, ""mcse_cost"": 7513.836407302799, ""mean_shortage_days"": 26.623644578313254, ""mean_cost_per_unit"": 18.576347557318385, ""capacity_utilization"": 4663660.4, ""feasible"": false, ""n_runs"": 20, ""eligibility"": ""NO_CONCLUSION""}, {""value"": 70.0, ""strategy_id"": ""S3"", ""mean_fill"": 0.9980463231902383, ""p_meet"": 1.0, ""mean_cost"": 17361251.343184806, ""mcse_cost"": 6848.029289207211, ""mean_shortage_days"": 10.001369112814896, ""mean_cost_per_unit"": 18.452309219454786, ""capacity_utilization"": 4704442.1, ""feasible"": true, ""n_runs"": 20, ""eligibility"": ""NO_CONCLUSION""}, {""value"": 50.0, ""strategy_id"": ""S3"", ""mean_fill"": 0.9955888738162597, ""p_meet"": 0.9, ""mean_cost"": 17354074.739707556, ""mcse_cost"": 8779.88323591645, ""mean_shortage_days"": 13.111794906900329, ""mean_cost_per_unit"": 18.494043844501466, ""capacity_utilization"": 4692160.4, ""feasible"": true, ""n_runs"": 20, ""eligibility"": ""NO_CONCLUSION""}, {""value"": 40.0, ""strategy_id"": ""S3"", ""mean_fill"": 0.9964793639623457, ""p_meet"": 0.9, ""mean_cost"": 17356414.282267727, ""mcse_cost"": 7101.611323781269, ""mean_shortage_days"": 14.101930449069005, ""mean_cost_per_unit"": 18.47399721220205, ""capacity_utilization"": 4697515.0, ""feasible"": true, ""n_runs"": 20, ""eligibility"": ""NO_CONCLUSION""}, {""value"": 35.0, ""strategy_id"": ""S3"", ""mean_fill"": 0.9944775758307556, ""p_meet"": 0.8, ""mean_cost"": 17343307.12282189, ""mcse_cost"": 9127.537513516298, ""mean_shortage_days"": 17.132345290251916, ""mean_cost_per_unit"": 18.501991237893517, ""capacity_utilization"": 4686960.5, ""feasible"": false, ""n_runs"": 20, ""eligibility"": ""NO_CONCLUSION""}, {""value"": 37.5, ""strategy_id"": ""S3"", ""mean_fill"": 0.9948235684083908, ""p_meet"": 0.8, ""mean_cost"": 17345634.332635142, ""mcse_cost"": 6808.60727957829, ""mean_shortage_days"": 16.79229874041621, ""mean_cost_per_unit"": 18.493236763446397, ""capacity_utilization"": 4689779.6, ""feasible"": false, ""n_runs"": 20, ""eligibility"": ""NO_CONCLUSION""}, {""value"": 38.75, ""strategy_id"": ""S3"", ""mean_fill"": 0.9966910213576456, ""p_meet"": 0.95, ""mean_cost"": 17351836.604482092, ""mcse_cost"": 7641.333673755367, ""mean_shortage_days"": 13.171803121577216, ""mean_cost_per_unit"": 18.46751016668991, ""capacity_utilization"": 4697776.7, ""feasible"": true, ""n_runs"": 20, ""eligibility"": ""NO_CONCLUSION""}]",bisection over 5 steps on 20 paired runs,37.5,38.75
S3,norepinephrine_1mgml_4ml,changeover_burden,product.changeover_days,1.0,3.0,10.0,True,True,,feasible_everywhere,"[{""value"": 1.0, ""strategy_id"": ""S3"", ""mean_fill"": 0.9967027492085855, ""p_meet"": 1.0, ""mean_cost"": 17357659.792765595, ""mcse_cost"": 8346.706227751623, ""mean_shortage_days"": 13.44184008762322, ""mean_cost_per_unit"": 18.47193216795022, ""capacity_utilization"": 4698406.55, ""feasible"": true, ""n_runs"": 20, ""eligibility"": ""NO_CONCLUSION""}, {""value"": 10.0, ""strategy_id"": ""S3"", ""mean_fill"": 0.9946309443448087, ""p_meet"": 0.9, ""mean_cost"": 17345128.04805732, ""mcse_cost"": 6943.976278412927, ""mean_shortage_days"": 19.592682092004384, ""mean_cost_per_unit"": 18.49703885117085, ""capacity_utilization"": 4688488.95, ""feasible"": true, ""n_runs"": 20, ""eligibility"": ""NO_CONCLUSION""}]",feasibility does not change between 1.0 and 10.0; no threshold inside the recorded range,,
S4,norepinephrine_1mgml_4ml,capacity_utilization,product.annual_demand_units,500000.0,900000.0,1800000.0,True,False,560937.5,feasible_below,"[{""value"": 500000.0, ""strategy_id"": ""S4"", ""mean_fill"": 0.9957528084275136, ""p_meet"": 0.9, ""mean_cost"": 37310941.68242603, ""mcse_cost"": 4735.769351013578, ""mean_shortage_days"": 10.491436199342825, ""mean_cost_per_unit"": 71.54173111036837, ""capacity_utilization"": 2607716.15, ""feasible"": true, ""n_runs"": 20, ""eligibility"": ""NO_CONCLUSION""}, {""value"": 1800000.0, ""strategy_id"": ""S4"", ""mean_fill"": 0.9728137394090102, ""p_meet"": 0.0, ""mean_cost"": 40483190.13120932, ""mcse_cost"": 20976.77027711561, ""mean_shortage_days"": 52.49718647316538, ""mean_cost_per_unit"": 22.05183544722616, ""capacity_utilization"": 9180285.3, ""feasible"": false, ""n_runs"": 20, ""eligibility"": ""NO_CONCLUSION""}, {""value"": 1150000.0, ""strategy_id"": ""S4"", ""mean_fill"": 0.9927884711700825, ""p_meet"": 0.85, ""mean_cost"": 38997224.423626624, ""mcse_cost"": 15468.692921141374, ""mean_shortage_days"": 19.762705366922233, ""mean_cost_per_unit"": 32.59971910946446, ""capacity_utilization"": 5981679.7, ""feasible"": false, ""n_runs"": 20, ""eligibility"": ""NO_CONCLUSION""}, {""value"": 825000.0, ""strategy_id"": ""S4"", ""mean_fill"": 0.9956021845379132, ""p_meet"": 0.8, ""mean_cost"": 38156028.26432547, ""mcse_cost"": 9817.846409297772, ""mean_shortage_days"": 11.691600492880614, ""mean_cost_per_unit"": 44.342418097258545, ""capacity_utilization"": 4302619.4, ""feasible"": false, ""n_runs"": 20, ""eligibility"": ""NO_CONCLUSION""}, {""value"": 662500.0, ""strategy_id"": ""S4"", ""mean_fill"": 0.9925491899776947, ""p_meet"": 0.7, ""mean_cost"": 37729338.008904204, ""mcse_cost"": 7684.47838043113, ""mean_shortage_days"": 17.36237677984666, ""mean_cost_per_unit"": 54.771405475146004, ""capacity_utilization"": 3444338.65, ""feasible"": false, ""n_runs"": 20, ""eligibility"": ""NO_CONCLUSION""}, {""value"": 581250.0, ""strategy_id"": ""S4"", ""mean_fill"": 0.9948137218294132, ""p_meet"": 0.85, ""mean_cost"": 37518377.51763431, ""mcse_cost"": 6470.618678089197, ""mean_shortage_days"": 12.341689485213582, ""mean_cost_per_unit"": 61.94381580650063, ""capacity_utilization"": 3028564.3, ""feasible"": false, ""n_runs"": 20, ""eligibility"": ""NO_CONCLUSION""}, {""value"": 540625.0, ""strategy_id"": ""S4"", ""mean_fill"": 0.9949845735639391, ""p_meet"": 0.9, ""mean_cost"": 37417412.122463, ""mcse_cost"": 5876.101529271351, ""mean_shortage_days"": 10.531441675794087, ""mean_cost_per_unit"": 66.41044431727427, ""capacity_utilization"": 2817242.25, ""feasible"": true, ""n_runs"": 20, ""eligibility"": ""NO_CONCLUSION""}]",bisection over 5 steps on 20 paired runs,540625.0,581250.0
S4,norepinephrine_1mgml_4ml,fixed_qa_labor_per_node,product.fixed_qa_labor_usd_per_site_year,1500000.0,3000000.0,6000000.0,False,False,,infeasible_everywhere,"[{""value"": 1500000.0, ""strategy_id"": ""S4"", ""mean_fill"": 0.9946669990935456, ""p_meet"": 0.85, ""mean_cost"": 32628527.764960326, ""mcse_cost"": 10107.726177397872, ""mean_shortage_days"": 16.04219605695509, ""mean_cost_per_unit"": 34.787313853478494, ""capacity_utilization"": 4689839.45, ""feasible"": false, ""n_runs"": 20, ""eligibility"": ""NO_CONCLUSION""}, {""value"": 6000000.0, ""strategy_id"": ""S4"", ""mean_fill"": 0.9946669990935456, ""p_meet"": 0.85, ""mean_cost"": 49801505.11718128, ""mcse_cost"": 10107.72617739785, ""mean_shortage_days"": 16.04219605695509, ""mean_cost_per_unit"": 53.096787511793664, ""capacity_utilization"": 4689839.45, ""feasible"": false, ""n_runs"": 20, ""eligibility"": ""NO_CONCLUSION""}]",feasibility does not change between 1500000.0 and 6000000.0; no threshold inside the recorded range,,
S4,norepinephrine_1mgml_4ml,release_time,global.sterility_incubation_days,14.0,14.0,18.0,False,False,,infeasible_everywhere,"[{""value"": 14.0, ""strategy_id"": ""S4"", ""mean_fill"": 0.9946669990935456, ""p_meet"": 0.85, ""mean_cost"": 38352853.549033985, ""mcse_cost"": 10107.72617739785, ""mean_shortage_days"": 16.04219605695509, ""mean_cost_per_unit"": 40.890471739583546, ""capacity_utilization"": 4689839.45, ""feasible"": false, ""n_runs"": 20, ""eligibility"": ""NO_CONCLUSION""}, {""value"": 18.0, ""strategy_id"": ""S4"", ""mean_fill"": 0.9919345088838378, ""p_meet"": 0.8, ""mean_cost"": 38335858.76159689, ""mcse_cost"": 11155.751560615738, ""mean_shortage_days"": 21.052881982475355, ""mean_cost_per_unit"": 40.99217254060155, ""capacity_utilization"": 4676136.65, ""feasible"": false, ""n_runs"": 20, ""eligibility"": ""NO_CONCLUSION""}]",feasibility does not change between 14.0 and 18.0; no threshold inside the recorded range,,
S4,norepinephrine_1mgml_4ml,shelf_life,product.shelf_life_months,12.0,24.0,30.0,False,False,,infeasible_everywhere,"[{""value"": 12.0, ""strategy_id"": ""S4"", ""mean_fill"": 0.9946669990935456, ""p_meet"": 0.85, ""mean_cost"": 38352853.549033985, ""mcse_cost"": 10107.72617739785, ""mean_shortage_days"": 16.04219605695509, ""mean_cost_per_unit"": 40.890471739583546, ""capacity_utilization"": 4689839.45, ""feasible"": false, ""n_runs"": 20, ""eligibility"": ""NO_CONCLUSION""}, {""value"": 30.0, ""strategy_id"": ""S4"", ""mean_fill"": 0.9946669990935456, ""p_meet"": 0.85, ""mean_cost"": 38352853.549033985, ""mcse_cost"": 10107.72617739785, ""mean_shortage_days"": 16.04219605695509, ""mean_cost_per_unit"": 40.890471739583546, ""capacity_utilization"": 4689839.45, ""feasible"": false, ""n_runs"": 20, ""eligibility"": ""NO_CONCLUSION""}]",feasibility does not change between 12.0 and 30.0; no threshold inside the recorded range,,
S4,norepinephrine_1mgml_4ml,raw_material_lead_time,product.material_lead_time_days,30.0,90.0,240.0,False,False,,infeasible_everywhere,"[{""value"": 30.0, ""strategy_id"": ""S4"", ""mean_fill"": 0.992313885110152, ""p_meet"": 0.75, ""mean_cost"": 38333083.03247023, ""mcse_cost"": 11170.14597089014, ""mean_shortage_days"": 17.532400054764516, ""mean_cost_per_unit"": 40.97222349440189, ""capacity_utilization"": 4678084.05, ""feasible"": false, ""n_runs"": 20, ""eligibility"": ""NO_CONCLUSION""}, {""value"": 240.0, ""strategy_id"": ""S4"", ""mean_fill"": 0.9909358372694642, ""p_meet"": 0.75, ""mean_cost"": 38375953.928432345, ""mcse_cost"": 9285.17659226708, ""mean_shortage_days"": 19.41265744797371, ""mean_cost_per_unit"": 41.070130652038515, ""capacity_utilization"": 4671957.7, ""feasible"": false, ""n_runs"": 20, ""eligibility"": ""NO_CONCLUSION""}]",feasibility does not change between 30.0 and 240.0; no threshold inside the recorded range,,
S4,norepinephrine_1mgml_4ml,common_cause_dependence,global.common_cause_events_per_year,0.02,0.1,0.3,False,False,,infeasible_everywhere,"[{""value"": 0.02, ""strategy_id"": ""S4"", ""mean_fill"": 0.9953145967925622, ""p_meet"": 0.85, ""mean_cost"": 38354388.243245825, ""mcse_cost"": 10085.241952025995, ""mean_shortage_days"": 15.722152245345018, ""mean_cost_per_unit"": 40.86531503053648, ""capacity_utilization"": 4692881.6, ""feasible"": false, ""n_runs"": 20, ""eligibility"": ""NO_CONCLUSION""}, {""value"": 0.3, ""strategy_id"": ""S4"", ""mean_fill"": 0.9936592888592413, ""p_meet"": 0.85, ""mean_cost"": 38349686.680593, ""mcse_cost"": 9490.346938529641, ""mean_shortage_days"": 18.352512322015333, ""mean_cost_per_unit"": 40.93516930798927, ""capacity_utilization"": 4684201.0, ""feasible"": false, ""n_runs"": 20, ""eligibility"": ""NO_CONCLUSION""}]",feasibility does not change between 0.02 and 0.3; no threshold inside the recorded range,,
S4,norepinephrine_1mgml_4ml,supplier_concentration,global.supplier_disruptions_per_supplier_year,0.05,0.2,0.6,True,False,0.12734374999999998,feasible_below,"[{""value"": 0.05, ""strategy_id"": ""S4"", ""mean_fill"": 0.9957443323119929, ""p_meet"": 0.9, ""mean_cost"": 38354560.065269485, ""mcse_cost"": 10072.844765477465, ""mean_shortage_days"": 14.922042716319822, ""mean_cost_per_unit"": 40.848378952297764, ""capacity_utilization"": 4694988.75, ""feasible"": true, ""n_runs"": 20, ""eligibility"": ""NO_CONCLUSION""}, {""value"": 0.6, ""strategy_id"": ""S4"", ""mean_fill"": 0.991637506554382, ""p_meet"": 0.75, ""mean_cost"": 38348899.90899206, ""mcse_cost"": 13125.473223229106, ""mean_shortage_days"": 18.402519167579406, ""mean_cost_per_unit"": 41.01685180277768, ""capacity_utilization"": 4675714.45, ""feasible"": false, ""n_runs"": 20, ""eligibility"": ""NO_CONCLUSION""}, {""value"": 0.325, ""strategy_id"": ""S4"", ""mean_fill"": 0.9922962318776859, ""p_meet"": 0.8, ""mean_cost"": 38348644.2385698, ""mcse_cost"": 13366.331605152616, ""mean_shortage_days"": 17.412383625410733, ""mean_cost_per_unit"": 40.98915872982788, ""capacity_utilization"": 4678812.4, ""feasible"": false, ""n_runs"": 20, ""eligibility"": ""NO_CONCLUSION""}, {""value"": 0.1875, ""strategy_id"": ""S4"", ""mean_fill"": 0.9943428631172685, ""p_meet"": 0.8, ""mean_cost"": 38352015.60720818, ""mcse_cost"": 9604.473512802673, ""mean_shortage_days"": 16.412246714129243, ""mean_cost_per_unit"": 40.90250060463761, ""capacity_utilization"": 4688245.3, ""feasible"": false, ""n_runs"": 20, ""eligibility"": ""NO_CONCLUSION""}, {""value"": 0.11875, ""strategy_id"": ""S4"", ""mean_fill"": 0.9957443323119929, ""p_meet"": 0.9, ""mean_cost"": 38354495.57064329, ""mcse_cost"": 10070.902858408363, ""mean_shortage_days"": 14.922042716319822, ""mean_cost_per_unit"": 40.848310251982625, ""capacity_utilization"": 4694988.75, ""feasible"": true, ""n_runs"": 20, ""eligibility"": ""NO_CONCLUSION""}, {""value"": 0.153125, ""strategy_id"": ""S4"", ""mean_fill"": 0.99540926524627, ""p_meet"": 0.85, ""mean_cost"": 38354185.76246864, ""mcse_cost"": 9779.310905103219, ""mean_shortage_days"": 15.362102957283678, ""mean_cost_per_unit"": 40.86116955299545, ""capacity_utilization"": 4693319.9, ""feasible"": false, ""n_runs"": 20, ""eligibility"": ""NO_CONCLUSION""}, {""value"": 0.1359375, ""strategy_id"": ""S4"", ""mean_fill"": 0.99540926524627, ""p_meet"": 0.85, ""mean_cost"": 38354185.76246864, ""mcse_cost"": 9779.310905103219, ""mean_shortage_days"": 15.362102957283678, ""mean_cost_per_unit"": 40.86116955299545, ""capacity_utilization"": 4693319.9, ""feasible"": false, ""n_runs"": 20, ""eligibility"": ""NO_CONCLUSION""}]",bisection over 5 steps on 20 paired runs,0.11875,0.1359375
S4,norepinephrine_1mgml_4ml,commissioning_days,global.node_commissioning_days,365.0,730.0,1095.0,True,False,718.59375,feasible_below,"[{""value"": 365.0, ""strategy_id"": ""S4"", ""mean_fill"": 0.9993454030629266, ""p_meet"": 1.0, ""mean_cost"": 39502383.70227437, ""mcse_cost"": 10524.440393324574, ""mean_shortage_days"": 3.810521631982475, ""mean_cost_per_unit"": 41.91858863848593, ""capacity_utilization"": 4711983.55, ""feasible"": true, ""n_runs"": 20, ""eligibility"": ""NO_CONCLUSION""}, {""value"": 1095.0, ""strategy_id"": ""S4"", ""mean_fill"": 0.9878902588869913, ""p_meet"": 0.6, ""mean_cost"": 37192957.037992045, ""mcse_cost"": 10484.229954107956, ""mean_shortage_days"": 30.29414704271632, ""mean_cost_per_unit"": 39.927404786254236, ""capacity_utilization"": 4657730.6, ""feasible"": false, ""n_runs"": 20, ""eligibility"": ""NO_CONCLUSION""}, {""value"": 730.0, ""strategy_id"": ""S4"", ""mean_fill"": 0.9946669990935456, ""p_meet"": 0.85, ""mean_cost"": 38352853.549033985, ""mcse_cost"": 10107.72617739785, ""mean_shortage_days"": 16.04219605695509, ""mean_cost_per_unit"": 40.890471739583546, ""capacity_utilization"": 4689839.45, ""feasible"": false, ""n_runs"": 20, ""eligibility"": ""NO_CONCLUSION""}, {""value"": 547.5, ""strategy_id"": ""S4"", ""mean_fill"": 0.9965097084900598, ""p_meet"": 0.9, ""mean_cost"": 38930388.27182025, ""mcse_cost"": 10167.658790499596, ""mean_shortage_days"": 11.101519715224534, ""mean_cost_per_unit"": 41.42893402297021, ""capacity_utilization"": 4698543.65, ""feasible"": true, ""n_runs"": 20, ""eligibility"": ""NO_CONCLUSION""}, {""value"": 638.75, ""strategy_id"": ""S4"", ""mean_fill"": 0.9959579995241457, ""p_meet"": 0.9, ""mean_cost"": 38635379.19345142, ""mcse_cost"": 9844.191600906826, ""mean_shortage_days"": 13.021782584884994, ""mean_cost_per_unit"": 41.137996104452895, ""capacity_utilization"": 4695959.6, ""feasible"": true, ""n_runs"": 20, ""eligibility"": ""NO_CONCLUSION""}, {""value"": 684.375, ""strategy_id"": ""S4"", ""mean_fill"": 0.9958695087123365, ""p_meet"": 0.9, ""mean_cost"": 38492512.46702174, ""mcse_cost"": 9603.593079981509, ""mean_shortage_days"": 14.191942771084337, ""mean_cost_per_unit"": 40.98945800780144, ""capacity_utilization"": 4695535.25, ""feasible"": true, ""n_runs"": 20, ""eligibility"": ""NO_CONCLUSION""}, {""value"": 707.1875, ""strategy_id"": ""S4"", ""mean_fill"": 0.9955220302425598, ""p_meet"": 0.9, ""mean_cost"": 38427934.69245647, ""mcse_cost"": 10119.262887626192, ""mean_shortage_days"": 15.632139923329683, ""mean_cost_per_unit"": 40.935000178763104, ""capacity_utilization"": 4693898.45, ""feasible"": true, ""n_runs"": 20, ""eligibility"": ""NO_CONCLUSION""}]",bisection over 5 steps on 20 paired runs,707.1875,730.0
S4,norepinephrine_1mgml_4ml,activation_latency_days,global.reserved_capacity_activation_days,7.0,21.0,60.0,False,False,,infeasible_everywhere,"[{""value"": 7.0, ""strategy_id"": ""S4"", ""mean_fill"": 0.9946669990935456, ""p_meet"": 0.85, ""mean_cost"": 38352853.549033985, ""mcse_cost"": 10107.72617739785, ""mean_shortage_days"": 16.04219605695509, ""mean_cost_per_unit"": 40.890471739583546, ""capacity_utilization"": 4689839.45, ""feasible"": false, ""n_runs"": 20, ""eligibility"": ""NO_CONCLUSION""}, {""value"": 60.0, ""strategy_id"": ""S4"", ""mean_fill"": 0.9946669990935456, ""p_meet"": 0.85, ""mean_cost"": 38352853.549033985, ""mcse_cost"": 10107.72617739785, ""mean_shortage_days"": 16.04219605695509, ""mean_cost_per_unit"": 40.890471739583546, ""capacity_utilization"": 4689839.45, ""feasible"": false, ""n_runs"": 20, ""eligibility"": ""NO_CONCLUSION""}]",feasibility does not change between 7.0 and 60.0; no threshold inside the recorded range,,
S4,norepinephrine_1mgml_4ml,node_capital,product.capital_usd_per_site,15000000.0,40000000.0,100000000.0,False,False,,infeasible_everywhere,"[{""value"": 15000000.0, ""strategy_id"": ""S4"", ""mean_fill"": 0.9946669990935456, ""p_meet"": 0.85, ""mean_cost"": 24252087.147775203, ""mcse_cost"": 10107.726177397872, ""mean_shortage_days"": 16.04219605695509, ""mean_cost_per_unit"": 25.85652592514308, ""capacity_utilization"": 4689839.45, ""feasible"": false, ""n_runs"": 20, ""eligibility"": ""NO_CONCLUSION""}, {""value"": 100000000.0, ""strategy_id"": ""S4"", ""mean_fill"": 0.9946669990935456, ""p_meet"": 0.85, ""mean_cost"": 72194692.91205077, ""mcse_cost"": 10107.726177398143, ""mean_shortage_days"": 16.04219605695509, ""mean_cost_per_unit"": 76.97194169423611, ""capacity_utilization"": 4689839.45, ""feasible"": false, ""n_runs"": 20, ""eligibility"": ""NO_CONCLUSION""}]",feasibility does not change between 15000000.0 and 100000000.0; no threshold inside the recorded range,,
S4,norepinephrine_1mgml_4ml,batches_per_site_year,product.batches_per_site_year_nominal,30.0,45.0,70.0,False,False,,infeasible_everywhere,"[{""value"": 30.0, ""strategy_id"": ""S4"", ""mean_fill"": 0.9871744413503531, ""p_meet"": 0.7, ""mean_cost"": 38315132.984280825, ""mcse_cost"": 10341.111523959225, ""mean_shortage_days"": 22.043017524644032, ""mean_cost_per_unit"": 41.15254110360959, ""capacity_utilization"": 4655420.95, ""feasible"": false, ""n_runs"": 20, ""eligibility"": ""NO_CONCLUSION""}, {""value"": 70.0, ""strategy_id"": ""S4"", ""mean_fill"": 0.9944258269238352, ""p_meet"": 0.85, ""mean_cost"": 38354867.87075815, ""mcse_cost"": 9141.580646550545, ""mean_shortage_days"": 14.541990690032858, ""mean_cost_per_unit"": 40.90821746128788, ""capacity_utilization"": 4688075.05, ""feasible"": false, ""n_runs"": 20, ""eligibility"": ""NO_CONCLUSION""}]",feasibility does not change between 30.0 and 70.0; no threshold inside the recorded range,,
S4,norepinephrine_1mgml_4ml,changeover_burden,product.changeover_days,1.0,3.0,10.0,False,False,,infeasible_everywhere,"[{""value"": 1.0, ""strategy_id"": ""S4"", ""mean_fill"": 0.995050969933, ""p_meet"": 0.85, ""mean_cost"": 38359143.88462268, ""mcse_cost"": 10443.856889182614, ""mean_shortage_days"": 11.111521084337351, ""mean_cost_per_unit"": 40.88531433211987, ""capacity_utilization"": 4691392.3, ""feasible"": false, ""n_runs"": 20, ""eligibility"": ""NO_CONCLUSION""}, {""value"": 10.0, ""strategy_id"": ""S4"", ""mean_fill"": 0.9635489281370528, ""p_meet"": 0.0, ""mean_cost"": 38253129.20013712, ""mcse_cost"": 10863.342687977738, ""mean_shortage_days"": 58.858057228915655, ""mean_cost_per_unit"": 42.10357453614975, ""capacity_utilization"": 4543540.05, ""feasible"": false, ""n_runs"": 20, ""eligibility"": ""NO_CONCLUSION""}]",feasibility does not change between 1.0 and 10.0; no threshold inside the recorded range,,
S5,norepinephrine_1mgml_4ml,capacity_utilization,product.annual_demand_units,500000.0,900000.0,1800000.0,False,False,,infeasible_everywhere,"[{""value"": 500000.0, ""strategy_id"": ""S5"", ""mean_fill"": 0.9948325033717502, ""p_meet"": 0.8, ""mean_cost"": 46720180.979143515, ""mcse_cost"": 8923.82553734102, ""mean_shortage_days"": 7.771063800657174, ""mean_cost_per_unit"": 89.66908277529889, ""capacity_utilization"": 2605107.05, ""feasible"": false, ""n_runs"": 20, ""eligibility"": ""NO_CONCLUSION""}, {""value"": 1800000.0, ""strategy_id"": ""S5"", ""mean_fill"": 0.9082001147311072, ""p_meet"": 0.0, ""mean_cost"": 50302020.26414697, ""mcse_cost"": 22679.8200512855, ""mean_shortage_days"": 71.14973986856518, ""mean_cost_per_unit"": 29.33756733996899, ""capacity_utilization"": 8573529.0, ""feasible"": false, ""n_runs"": 20, ""eligibility"": ""NO_CONCLUSION""}]",feasibility does not change between 500000.0 and 1800000.0; no threshold inside the recorded range,,
S5,norepinephrine_1mgml_4ml,fixed_qa_labor_per_node,product.fixed_qa_labor_usd_per_site_year,1500000.0,3000000.0,6000000.0,False,False,,infeasible_everywhere,"[{""value"": 1500000.0, ""strategy_id"": ""S5"", ""mean_fill"": 0.9919263024026685, ""p_meet"": 0.7, ""mean_cost"": 42207026.03933762, ""mcse_cost"": 12792.98462127867, ""mean_shortage_days"": 11.93163335158817, ""mean_cost_per_unit"": 45.12122328634775, ""capacity_utilization"": 4677007.15, ""feasible"": false, ""n_runs"": 20, ""eligibility"": ""NO_CONCLUSION""}, {""value"": 6000000.0, ""strategy_id"": ""S5"", ""mean_fill"": 0.9919263024026685, ""p_meet"": 0.7, ""mean_cost"": 59449942.20354433, ""mcse_cost"": 12792.984621278662, ""mean_shortage_days"": 11.93163335158817, ""mean_cost_per_unit"": 63.55487269673222, ""capacity_utilization"": 4677007.15, ""feasible"": false, ""n_runs"": 20, ""eligibility"": ""NO_CONCLUSION""}]",feasibility does not change between 1500000.0 and 6000000.0; no threshold inside the recorded range,,
S5,norepinephrine_1mgml_4ml,release_time,global.sterility_incubation_days,14.0,14.0,18.0,False,False,,infeasible_everywhere,"[{""value"": 14.0, ""strategy_id"": ""S5"", ""mean_fill"": 0.9919263024026685, ""p_meet"": 0.7, ""mean_cost"": 47954664.76073985, ""mcse_cost"": 12792.984621278487, ""mean_shortage_days"": 11.93163335158817, ""mean_cost_per_unit"": 51.26577308980924, ""capacity_utilization"": 4677007.15, ""feasible"": false, ""n_runs"": 20, ""eligibility"": ""NO_CONCLUSION""}, {""value"": 18.0, ""strategy_id"": ""S5"", ""mean_fill"": 0.9911191206790496, ""p_meet"": 0.7, ""mean_cost"": 47897346.49102588, ""mcse_cost"": 10820.607980864475, ""mean_shortage_days"": 14.101930449069002, ""mean_cost_per_unit"": 51.2614795094478, ""capacity_utilization"": 4671865.45, ""feasible"": false, ""n_runs"": 20, ""eligibility"": ""NO_CONCLUSION""}]",feasibility does not change between 14.0 and 18.0; no threshold inside the recorded range,,
S5,norepinephrine_1mgml_4ml,shelf_life,product.shelf_life_months,12.0,24.0,30.0,False,False,,infeasible_everywhere,"[{""value"": 12.0, ""strategy_id"": ""S5"", ""mean_fill"": 0.9919263024026685, ""p_meet"": 0.7, ""mean_cost"": 48032183.46330558, ""mcse_cost"": 12308.820961189216, ""mean_shortage_days"": 12.051649780941949, ""mean_cost_per_unit"": 51.348680825147014, ""capacity_utilization"": 4677007.15, ""feasible"": false, ""n_runs"": 20, ""eligibility"": ""NO_CONCLUSION""}, {""value"": 30.0, ""strategy_id"": ""S5"", ""mean_fill"": 0.9919263024026685, ""p_meet"": 0.7, ""mean_cost"": 47944726.92282691, ""mcse_cost"": 12627.711987743796, ""mean_shortage_days"": 11.921631982475352, ""mean_cost_per_unit"": 51.255157681904016, ""capacity_utilization"": 4677007.15, ""feasible"": false, ""n_runs"": 20, ""eligibility"": ""NO_CONCLUSION""}]",feasibility does not change between 12.0 and 30.0; no threshold inside the recorded range,,
S5,norepinephrine_1mgml_4ml,raw_material_lead_time,product.material_lead_time_days,30.0,90.0,240.0,False,False,,infeasible_everywhere,"[{""value"": 30.0, ""strategy_id"": ""S5"", ""mean_fill"": 0.9902281426122579, ""p_meet"": 0.75, ""mean_cost"": 47934230.65749253, ""mcse_cost"": 14209.757433880855, ""mean_shortage_days"": 12.54171686746988, ""mean_cost_per_unit"": 51.3353489930344, ""capacity_utilization"": 4669141.85, ""feasible"": false, ""n_runs"": 20, ""eligibility"": ""NO_CONCLUSION""}, {""value"": 240.0, ""strategy_id"": ""S5"", ""mean_fill"": 0.994367393582648, ""p_meet"": 0.75, ""mean_cost"": 47985079.62366066, ""mcse_cost"": 14499.652849755252, ""mean_shortage_days"": 11.85162239868565, ""mean_cost_per_unit"": 51.1709821367127, ""capacity_utilization"": 4689000.65, ""feasible"": false, ""n_runs"": 20, ""eligibility"": ""NO_CONCLUSION""}]",feasibility does not change between 30.0 and 240.0; no threshold inside the recorded range,,
S5,norepinephrine_1mgml_4ml,common_cause_dependence,global.common_cause_events_per_year,0.02,0.1,0.3,False,False,,infeasible_everywhere,"[{""value"": 0.02, ""strategy_id"": ""S5"", ""mean_fill"": 0.9921608222518344, ""p_meet"": 0.7, ""mean_cost"": 47956832.45575509, ""mcse_cost"": 11568.951987797744, ""mean_shortage_days"": 11.221536144578312, ""mean_cost_per_unit"": 51.26833706402831, ""capacity_utilization"": 4676988.0, ""feasible"": false, ""n_runs"": 20, ""eligibility"": ""NO_CONCLUSION""}, {""value"": 0.3, ""strategy_id"": ""S5"", ""mean_fill"": 0.9884777643091596, ""p_meet"": 0.7, ""mean_cost"": 47942988.00047701, ""mcse_cost"": 12323.3210367179, ""mean_shortage_days"": 14.83203039430449, ""mean_cost_per_unit"": 51.457254663886644, ""capacity_utilization"": 4658921.55, ""feasible"": false, ""n_runs"": 20, ""eligibility"": ""NO_CONCLUSION""}]",feasibility does not change between 0.02 and 0.3; no threshold inside the recorded range,,
S5,norepinephrine_1mgml_4ml,supplier_concentration,global.supplier_disruptions_per_supplier_year,0.05,0.2,0.6,False,False,,infeasible_everywhere,"[{""value"": 0.05, ""strategy_id"": ""S5"", ""mean_fill"": 0.9952183446414212, ""p_meet"": 0.8, ""mean_cost"": 47961717.203182116, ""mcse_cost"": 15506.35389093472, ""mean_shortage_days"": 10.441429353778748, ""mean_cost_per_unit"": 51.100890535950576, ""capacity_utilization"": 4693164.55, ""feasible"": false, ""n_runs"": 20, ""eligibility"": ""NO_CONCLUSION""}, {""value"": 0.6, ""strategy_id"": ""S5"", ""mean_fill"": 0.9932880715706383, ""p_meet"": 0.75, ""mean_cost"": 47938277.70637004, ""mcse_cost"": 15787.019683042727, ""mean_shortage_days"": 11.981640197152243, ""mean_cost_per_unit"": 51.18457524323902, ""capacity_utilization"": 4683788.3, ""feasible"": false, ""n_runs"": 20, ""eligibility"": ""NO_CONCLUSION""}]",feasibility does not change between 0.05 and 0.6; no threshold inside the recorded range,,
S5,norepinephrine_1mgml_4ml,commissioning_days,global.node_commissioning_days,365.0,730.0,1095.0,True,False,513.28125,feasible_below,"[{""value"": 365.0, ""strategy_id"": ""S5"", ""mean_fill"": 0.9996730834804242, ""p_meet"": 1.0, ""mean_cost"": 49912056.10987876, ""mcse_cost"": 13890.547237329542, ""mean_shortage_days"": 1.7902450711938662, ""mean_cost_per_unit"": 52.94228789259114, ""capacity_utilization"": 4713994.65, ""feasible"": true, ""n_runs"": 20, ""eligibility"": ""NO_CONCLUSION""}, {""value"": 1095.0, ""strategy_id"": ""S5"", ""mean_fill"": 0.9802525687570389, ""p_meet"": 0.55, ""mean_cost"": 45988996.9777181, ""mcse_cost"": 11434.05554590757, ""mean_shortage_days"": 24.86340361445783, ""mean_cost_per_unit"": 49.77060215299956, ""capacity_utilization"": 4621362.95, ""feasible"": false, ""n_runs"": 20, ""eligibility"": ""NO_CONCLUSION""}, {""value"": 730.0, ""strategy_id"": ""S5"", ""mean_fill"": 0.9919263024026685, ""p_meet"": 0.7, ""mean_cost"": 47954664.76073985, ""mcse_cost"": 12792.984621278487, ""mean_shortage_days"": 11.93163335158817, ""mean_cost_per_unit"": 51.26577308980924, ""capacity_utilization"": 4677007.15, ""feasible"": false, ""n_runs"": 20, ""eligibility"": ""NO_CONCLUSION""}, {""value"": 547.5, ""strategy_id"": ""S5"", ""mean_fill"": 0.9969208896344215, ""p_meet"": 0.85, ""mean_cost"": 48932165.17586675, ""mcse_cost"": 13364.227506286314, ""mean_shortage_days"": 6.890943318729464, ""mean_cost_per_unit"": 52.04815940735826, ""capacity_utilization"": 4701054.95, ""feasible"": false, ""n_runs"": 20, ""eligibility"": ""NO_CONCLUSION""}, {""value"": 456.25, ""strategy_id"": ""S5"", ""mean_fill"": 0.9975900418994994, ""p_meet"": 0.9, ""mean_cost"": 49414542.8462535, ""mcse_cost"": 14214.037696291716, ""mean_shortage_days"": 5.200711938663746, ""mean_cost_per_unit"": 52.5258500222341, ""capacity_utilization"": 4704239.65, ""feasible"": true, ""n_runs"": 20, ""eligibility"": ""NO_CONCLUSION""}, {""value"": 501.875, ""strategy_id"": ""S5"", ""mean_fill"": 0.99774494322678, ""p_meet"": 0.9, ""mean_cost"": 49179754.95961208, ""mcse_cost"": 14812.393686635962, ""mean_shortage_days"": 5.750787239868565, ""mean_cost_per_unit"": 52.26794349005411, ""capacity_utilization"": 4704951.35, ""feasible"": true, ""n_runs"": 20, ""eligibility"": ""NO_CONCLUSION""}, {""value"": 524.6875, ""strategy_id"": ""S5"", ""mean_fill"": 0.9972140724634292, ""p_meet"": 0.85, ""mean_cost"": 49061355.6082299, ""mcse_cost"": 15042.087879920633, ""mean_shortage_days"": 6.3508693866374575, ""mean_cost_per_unit"": 52.170096530484805, ""capacity_utilization"": 4702453.05, ""feasible"": false, ""n_runs"": 20, ""eligibility"": ""NO_CONCLUSION""}]",bisection over 5 steps on 20 paired runs,501.875,524.6875
S5,norepinephrine_1mgml_4ml,activation_latency_days,global.reserved_capacity_activation_days,7.0,21.0,60.0,False,False,,infeasible_everywhere,"[{""value"": 7.0, ""strategy_id"": ""S5"", ""mean_fill"": 0.9919263024026685, ""p_meet"": 0.7, ""mean_cost"": 47954664.76073985, ""mcse_cost"": 12792.984621278487, ""mean_shortage_days"": 11.93163335158817, ""mean_cost_per_unit"": 51.26577308980924, ""capacity_utilization"": 4677007.15, ""feasible"": false, ""n_runs"": 20, ""eligibility"": ""NO_CONCLUSION""}, {""value"": 60.0, ""strategy_id"": ""S5"", ""mean_fill"": 0.9919263024026685, ""p_meet"": 0.7, ""mean_cost"": 47954664.76073985, ""mcse_cost"": 12792.984621278487, ""mean_shortage_days"": 11.93163335158817, ""mean_cost_per_unit"": 51.26577308980924, ""capacity_utilization"": 4677007.15, ""feasible"": false, ""n_runs"": 20, ""eligibility"": ""NO_CONCLUSION""}]",feasibility does not change between 7.0 and 60.0; no threshold inside the recorded range,,
S5,norepinephrine_1mgml_4ml,node_capital,product.capital_usd_per_site,15000000.0,40000000.0,100000000.0,False,False,,infeasible_everywhere,"[{""value"": 15000000.0, ""strategy_id"": ""S5"", ""mean_fill"": 0.9919263024026685, ""p_meet"": 0.7, ""mean_cost"": 32088197.331663705, ""mcse_cost"": 12792.984621278658, ""mean_shortage_days"": 11.93163335158817, ""mean_cost_per_unit"": 34.30362497149934, ""capacity_utilization"": 4677007.15, ""feasible"": false, ""n_runs"": 20, ""eligibility"": ""NO_CONCLUSION""}, {""value"": 100000000.0, ""strategy_id"": ""S5"", ""mean_fill"": 0.9919263024026685, ""p_meet"": 0.7, ""mean_cost"": 86034186.5905431, ""mcse_cost"": 12792.984621278349, ""mean_shortage_days"": 11.93163335158817, ""mean_cost_per_unit"": 91.97492857377489, ""capacity_utilization"": 4677007.15, ""feasible"": false, ""n_runs"": 20, ""eligibility"": ""NO_CONCLUSION""}]",feasibility does not change between 15000000.0 and 100000000.0; no threshold inside the recorded range,,
S5,norepinephrine_1mgml_4ml,batches_per_site_year,product.batches_per_site_year_nominal,30.0,45.0,70.0,False,False,,infeasible_everywhere,"[{""value"": 30.0, ""strategy_id"": ""S5"", ""mean_fill"": 0.9529894649155745, ""p_meet"": 0.0, ""mean_cost"": 47874428.63768293, ""mcse_cost"": 13824.219870112413, ""mean_shortage_days"": 53.667346659364725, ""mean_cost_per_unit"": 53.26172905967214, ""capacity_utilization"": 4494624.8, ""feasible"": false, ""n_runs"": 20, ""eligibility"": ""NO_CONCLUSION""}, {""value"": 70.0, ""strategy_id"": ""S5"", ""mean_fill"": 0.9927791279157404, ""p_meet"": 0.7, ""mean_cost"": 47962326.24437687, ""mcse_cost"": 12519.935290872192, ""mean_shortage_days"": 9.89135405257393, ""mean_cost_per_unit"": 51.24975080217249, ""capacity_utilization"": 4679186.6, ""feasible"": false, ""n_runs"": 20, ""eligibility"": ""NO_CONCLUSION""}]",feasibility does not change between 30.0 and 70.0; no threshold inside the recorded range,,
S5,norepinephrine_1mgml_4ml,changeover_burden,product.changeover_days,1.0,3.0,10.0,False,False,,infeasible_everywhere,"[{""value"": 1.0, ""strategy_id"": ""S5"", ""mean_fill"": 0.9921218540131841, ""p_meet"": 0.7, ""mean_cost"": 47961009.4924941, ""mcse_cost"": 12545.135364767963, ""mean_shortage_days"": 11.391559419496167, ""mean_cost_per_unit"": 51.26189839487755, ""capacity_utilization"": 4677978.5, ""feasible"": false, ""n_runs"": 20, ""eligibility"": ""NO_CONCLUSION""}, {""value"": 10.0, ""strategy_id"": ""S5"", ""mean_fill"": 0.9653275381664528, ""p_meet"": 0.0, ""mean_cost"": 47853216.35783331, ""mcse_cost"": 14494.166093761613, ""mean_shortage_days"": 49.06671686746988, ""mean_cost_per_unit"": 52.564956715974596, ""capacity_utilization"": 4552210.3, ""feasible"": false, ""n_runs"": 20, ""eligibility"": ""NO_CONCLUSION""}]",feasibility does not change between 1.0 and 10.0; no threshold inside the recorded range,,
S6,norepinephrine_1mgml_4ml,capacity_utilization,product.annual_demand_units,500000.0,900000.0,1800000.0,False,False,,infeasible_everywhere,"[{""value"": 500000.0, ""strategy_id"": ""S6"", ""mean_fill"": 0.9948325033717502, ""p_meet"": 0.8, ""mean_cost"": 49168726.17388214, ""mcse_cost"": 8923.82553734102, ""mean_shortage_days"": 7.771063800657174, ""mean_cost_per_unit"": 94.36855695386738, ""capacity_utilization"": 2605107.05, ""feasible"": false, ""n_runs"": 20, ""eligibility"": ""NO_CONCLUSION""}, {""value"": 1800000.0, ""strategy_id"": ""S6"", ""mean_fill"": 0.9082001147311072, ""p_meet"": 0.0, ""mean_cost"": 52750565.45888561, ""mcse_cost"": 22679.8200512855, ""mean_shortage_days"": 71.14973986856518, ""mean_cost_per_unit"": 30.76565713456164, ""capacity_utilization"": 8573529.0, ""feasible"": false, ""n_runs"": 20, ""eligibility"": ""NO_CONCLUSION""}]",feasibility does not change between 500000.0 and 1800000.0; no threshold inside the recorded range,,
S6,norepinephrine_1mgml_4ml,fixed_qa_labor_per_node,product.fixed_qa_labor_usd_per_site_year,1500000.0,3000000.0,6000000.0,False,False,,infeasible_everywhere,"[{""value"": 1500000.0, ""strategy_id"": ""S6"", ""mean_fill"": 0.9919263024026685, ""p_meet"": 0.7, ""mean_cost"": 44245025.61111915, ""mcse_cost"": 12792.984621278662, ""mean_shortage_days"": 11.93163335158817, ""mean_cost_per_unit"": 47.299959716251564, ""capacity_utilization"": 4677007.15, ""feasible"": false, ""n_runs"": 20, ""eligibility"": ""NO_CONCLUSION""}, {""value"": 6000000.0, ""strategy_id"": ""S6"", ""mean_fill"": 0.9919263024026685, ""p_meet"": 0.7, ""mean_cost"": 62719578.64419718, ""mcse_cost"": 12792.984621278829, ""mean_shortage_days"": 11.93163335158817, ""mean_cost_per_unit"": 67.05029837023429, ""capacity_utilization"": 4677007.15, ""feasible"": false, ""n_runs"": 20, ""eligibility"": ""NO_CONCLUSION""}]",feasibility does not change between 1500000.0 and 6000000.0; no threshold inside the recorded range,,
S6,norepinephrine_1mgml_4ml,release_time,global.sterility_incubation_days,14.0,14.0,18.0,False,False,,infeasible_everywhere,"[{""value"": 14.0, ""strategy_id"": ""S6"", ""mean_fill"": 0.9919263024026685, ""p_meet"": 0.7, ""mean_cost"": 50403209.95547849, ""mcse_cost"": 12792.984621278485, ""mean_shortage_days"": 11.93163335158817, ""mean_cost_per_unit"": 53.88340593424581, ""capacity_utilization"": 4677007.15, ""feasible"": false, ""n_runs"": 20, ""eligibility"": ""NO_CONCLUSION""}, {""value"": 18.0, ""strategy_id"": ""S6"", ""mean_fill"": 0.9911191206790496, ""p_meet"": 0.7, ""mean_cost"": 50345891.68576451, ""mcse_cost"": 10820.607980864475, ""mean_shortage_days"": 14.101930449069002, ""mean_cost_per_unit"": 53.8820242887041, ""capacity_utilization"": 4671865.45, ""feasible"": false, ""n_runs"": 20, ""eligibility"": ""NO_CONCLUSION""}]",feasibility does not change between 14.0 and 18.0; no threshold inside the recorded range,,
S6,norepinephrine_1mgml_4ml,shelf_life,product.shelf_life_months,12.0,24.0,30.0,False,False,,infeasible_everywhere,"[{""value"": 12.0, ""strategy_id"": ""S6"", ""mean_fill"": 0.9919263024026685, ""p_meet"": 0.7, ""mean_cost"": 50480728.658044204, ""mcse_cost"": 12308.820961189216, ""mean_shortage_days"": 12.051649780941949, ""mean_cost_per_unit"": 53.96631366958356, ""capacity_utilization"": 4677007.15, ""feasible"": false, ""n_runs"": 20, ""eligibility"": ""NO_CONCLUSION""}, {""value"": 30.0, ""strategy_id"": ""S6"", ""mean_fill"": 0.9919263024026685, ""p_meet"": 0.7, ""mean_cost"": 50393272.11756555, ""mcse_cost"": 12627.711987743798, ""mean_shortage_days"": 11.921631982475352, ""mean_cost_per_unit"": 53.87279052634059, ""capacity_utilization"": 4677007.15, ""feasible"": false, ""n_runs"": 20, ""eligibility"": ""NO_CONCLUSION""}]",feasibility does not change between 12.0 and 30.0; no threshold inside the recorded range,,
S6,norepinephrine_1mgml_4ml,raw_material_lead_time,product.material_lead_time_days,30.0,90.0,240.0,False,False,,infeasible_everywhere,"[{""value"": 30.0, ""strategy_id"": ""S6"", ""mean_fill"": 0.9902281426122579, ""p_meet"": 0.75, ""mean_cost"": 50382775.85223117, ""mcse_cost"": 14209.757433880855, ""mean_shortage_days"": 12.54171686746988, ""mean_cost_per_unit"": 53.957662427949515, ""capacity_utilization"": 4669141.85, ""feasible"": false, ""n_runs"": 20, ""eligibility"": ""NO_CONCLUSION""}, {""value"": 240.0, ""strategy_id"": ""S6"", ""mean_fill"": 0.994367393582648, ""p_meet"": 0.75, ""mean_cost"": 50433624.81839931, ""mcse_cost"": 14499.652849755254, ""mean_shortage_days"": 11.85162239868565, ""mean_cost_per_unit"": 53.78212909265643, ""capacity_utilization"": 4689000.65, ""feasible"": false, ""n_runs"": 20, ""eligibility"": ""NO_CONCLUSION""}]",feasibility does not change between 30.0 and 240.0; no threshold inside the recorded range,,
S6,norepinephrine_1mgml_4ml,common_cause_dependence,global.common_cause_events_per_year,0.02,0.1,0.3,False,False,,infeasible_everywhere,"[{""value"": 0.02, ""strategy_id"": ""S6"", ""mean_fill"": 0.9921608222518344, ""p_meet"": 0.7, ""mean_cost"": 50405377.650493726, ""mcse_cost"": 11568.951987797744, ""mean_shortage_days"": 11.221536144578312, ""mean_cost_per_unit"": 53.885979887223584, ""capacity_utilization"": 4676988.0, ""feasible"": false, ""n_runs"": 20, ""eligibility"": ""NO_CONCLUSION""}, {""value"": 0.3, ""strategy_id"": ""S6"", ""mean_fill"": 0.9884777643091596, ""p_meet"": 0.7, ""mean_cost"": 50391533.195215635, ""mcse_cost"": 12323.3210367179, ""mean_shortage_days"": 14.83203039430449, ""mean_cost_per_unit"": 54.08530588955248, ""capacity_utilization"": 4658921.55, ""feasible"": false, ""n_runs"": 20, ""eligibility"": ""NO_CONCLUSION""}]",feasibility does not change between 0.02 and 0.3; no threshold inside the recorded range,,
S6,norepinephrine_1mgml_4ml,supplier_concentration,global.supplier_disruptions_per_supplier_year,0.05,0.2,0.6,False,False,,infeasible_everywhere,"[{""value"": 0.05, ""strategy_id"": ""S6"", ""mean_fill"": 0.9952183446414212, ""p_meet"": 0.8, ""mean_cost"": 50410262.39792075, ""mcse_cost"": 15506.35389093472, ""mean_shortage_days"": 10.441429353778748, ""mean_cost_per_unit"": 53.70973966932926, ""capacity_utilization"": 4693164.55, ""feasible"": false, ""n_runs"": 20, ""eligibility"": ""NO_CONCLUSION""}, {""value"": 0.6, ""strategy_id"": ""S6"", ""mean_fill"": 0.9932880715706383, ""p_meet"": 0.75, ""mean_cost"": 50386822.90110868, ""mcse_cost"": 15787.019683042723, ""mean_shortage_days"": 11.981640197152243, ""mean_cost_per_unit"": 53.79898466241099, ""capacity_utilization"": 4683788.3, ""feasible"": false, ""n_runs"": 20, ""eligibility"": ""NO_CONCLUSION""}]",feasibility does not change between 0.05 and 0.6; no threshold inside the recorded range,,
S6,norepinephrine_1mgml_4ml,commissioning_days,global.node_commissioning_days,365.0,730.0,1095.0,True,False,513.28125,feasible_below,"[{""value"": 365.0, ""strategy_id"": ""S6"", ""mean_fill"": 0.9996730834804242, ""p_meet"": 1.0, ""mean_cost"": 52490784.94921732, ""mcse_cost"": 13890.547237329598, ""mean_shortage_days"": 1.7902450711938662, ""mean_cost_per_unit"": 55.677609307192164, ""capacity_utilization"": 4713994.65, ""feasible"": true, ""n_runs"": 20, ""eligibility"": ""NO_CONCLUSION""}, {""value"": 1095.0, ""strategy_id"": ""S6"", ""mean_fill"": 0.9802525687570389, ""p_meet"": 0.55, ""mean_cost"": 48307358.52785794, ""mcse_cost"": 11434.055545907595, ""mean_shortage_days"": 24.86340361445783, ""mean_cost_per_unit"": 52.27963395756893, ""capacity_utilization"": 4621362.95, ""feasible"": false, ""n_runs"": 20, ""eligibility"": ""NO_CONCLUSION""}, {""value"": 730.0, ""strategy_id"": ""S6"", ""mean_fill"": 0.9919263024026685, ""p_meet"": 0.7, ""mean_cost"": 50403209.95547849, ""mcse_cost"": 12792.984621278485, ""mean_shortage_days"": 11.93163335158817, ""mean_cost_per_unit"": 53.88340593424581, ""capacity_utilization"": 4677007.15, ""feasible"": false, ""n_runs"": 20, ""eligibility"": ""NO_CONCLUSION""}, {""value"": 547.5, ""strategy_id"": ""S6"", ""mean_fill"": 0.9969208896344215, ""p_meet"": 0.85, ""mean_cost"": 51445623.859145604, ""mcse_cost"": 13364.227506286257, ""mean_shortage_days"": 6.890943318729464, ""mean_cost_per_unit"": 54.721709635509754, ""capacity_utilization"": 4701054.95, ""feasible"": false, ""n_runs"": 20, ""eligibility"": ""NO_CONCLUSION""}, {""value"": 456.25, ""strategy_id"": ""S6"", ""mean_fill"": 0.9975900418994994, ""p_meet"": 0.9, ""mean_cost"": 51960814.94132195, ""mcse_cost"": 14214.037696291714, ""mean_shortage_days"": 5.200711938663746, ""mean_cost_per_unit"": 55.23248347030331, ""capacity_utilization"": 4704239.65, ""feasible"": true, ""n_runs"": 20, ""eligibility"": ""NO_CONCLUSION""}, {""value"": 501.875, ""strategy_id"": ""S6"", ""mean_fill"": 0.99774494322678, ""p_meet"": 0.9, ""mean_cost"": 51709620.34878574, ""mcse_cost"": 14812.393686635764, ""mean_shortage_days"": 5.750787239868565, ""mean_cost_per_unit"": 54.95670785280697, ""capacity_utilization"": 4704951.35, ""feasible"": true, ""n_runs"": 20, ""eligibility"": ""NO_CONCLUSION""}, {""value"": 524.6875, ""strategy_id"": ""S6"", ""mean_fill"": 0.9972140724634292, ""p_meet"": 0.85, ""mean_cost"": 51583017.64445616, ""mcse_cost"": 15042.087879920748, ""mean_shortage_days"": 6.3508693866374575, ""mean_cost_per_unit"": 54.85158185789925, ""capacity_utilization"": 4702453.05, ""feasible"": false, ""n_runs"": 20, ""eligibility"": ""NO_CONCLUSION""}]",bisection over 5 steps on 20 paired runs,501.875,524.6875
S6,norepinephrine_1mgml_4ml,activation_latency_days,global.reserved_capacity_activation_days,7.0,21.0,60.0,False,False,,infeasible_everywhere,"[{""value"": 7.0, ""strategy_id"": ""S6"", ""mean_fill"": 0.9919263024026685, ""p_meet"": 0.7, ""mean_cost"": 50403209.95547849, ""mcse_cost"": 12792.984621278485, ""mean_shortage_days"": 11.93163335158817, ""mean_cost_per_unit"": 53.88340593424581, ""capacity_utilization"": 4677007.15, ""feasible"": false, ""n_runs"": 20, ""eligibility"": ""NO_CONCLUSION""}, {""value"": 60.0, ""strategy_id"": ""S6"", ""mean_fill"": 0.9919263024026685, ""p_meet"": 0.7, ""mean_cost"": 50403209.95547849, ""mcse_cost"": 12792.984621278485, ""mean_shortage_days"": 11.93163335158817, ""mean_cost_per_unit"": 53.88340593424581, ""capacity_utilization"": 4677007.15, ""feasible"": false, ""n_runs"": 20, ""eligibility"": ""NO_CONCLUSION""}]",feasibility does not change between 7.0 and 60.0; no threshold inside the recorded range,,
S6,norepinephrine_1mgml_4ml,node_capital,product.capital_usd_per_site,15000000.0,40000000.0,100000000.0,False,False,,infeasible_everywhere,"[{""value"": 15000000.0, ""strategy_id"": ""S6"", ""mean_fill"": 0.9919263024026685, ""p_meet"": 0.7, ""mean_cost"": 34536742.52640234, ""mcse_cost"": 12792.984621278867, ""mean_shortage_days"": 11.93163335158817, ""mean_cost_per_unit"": 36.92125781593591, ""capacity_utilization"": 4677007.15, ""feasible"": false, ""n_runs"": 20, ""eligibility"": ""NO_CONCLUSION""}, {""value"": 100000000.0, ""strategy_id"": ""S6"", ""mean_fill"": 0.9919263024026685, ""p_meet"": 0.7, ""mean_cost"": 88482731.78528175, ""mcse_cost"": 12792.984621278623, ""mean_shortage_days"": 11.93163335158817, ""mean_cost_per_unit"": 94.59256141821146, ""capacity_utilization"": 4677007.15, ""feasible"": false, ""n_runs"": 20, ""eligibility"": ""NO_CONCLUSION""}]",feasibility does not change between 15000000.0 and 100000000.0; no threshold inside the recorded range,,
S6,norepinephrine_1mgml_4ml,batches_per_site_year,product.batches_per_site_year_nominal,30.0,45.0,70.0,False,False,,infeasible_everywhere,"[{""value"": 30.0, ""strategy_id"": ""S6"", ""mean_fill"": 0.9529894649155745, ""p_meet"": 0.0, ""mean_cost"": 50322973.832421556, ""mcse_cost"": 13824.219870112413, ""mean_shortage_days"": 53.667346659364725, ""mean_cost_per_unit"": 55.98584706875541, ""capacity_utilization"": 4494624.8, ""feasible"": false, ""n_runs"": 20, ""eligibility"": ""NO_CONCLUSION""}, {""value"": 70.0, ""strategy_id"": ""S6"", ""mean_fill"": 0.9927791279157404, ""p_meet"": 0.7, ""mean_cost"": 50410871.43911551, ""mcse_cost"": 12519.935290872192, ""mean_shortage_days"": 9.89135405257393, ""mean_cost_per_unit"": 53.86614713251966, ""capacity_utilization"": 4679186.6, ""feasible"": false, ""n_runs"": 20, ""eligibility"": ""NO_CONCLUSION""}]",feasibility does not change between 30.0 and 70.0; no threshold inside the recorded range,,
S6,norepinephrine_1mgml_4ml,changeover_burden,product.changeover_days,1.0,3.0,10.0,False,False,,infeasible_everywhere,"[{""value"": 1.0, ""strategy_id"": ""S6"", ""mean_fill"": 0.9921218540131841, ""p_meet"": 0.7, ""mean_cost"": 50409554.68723273, ""mcse_cost"": 12545.135364767963, ""mean_shortage_days"": 11.391559419496167, ""mean_cost_per_unit"": 53.87898872358111, ""capacity_utilization"": 4677978.5, ""feasible"": false, ""n_runs"": 20, ""eligibility"": ""NO_CONCLUSION""}, {""value"": 10.0, ""strategy_id"": ""S6"", ""mean_fill"": 0.9653275381664528, ""p_meet"": 0.0, ""mean_cost"": 50301761.55257194, ""mcse_cost"": 14494.166093761613, ""mean_shortage_days"": 49.06671686746988, ""mean_cost_per_unit"": 55.25462971483538, ""capacity_utilization"": 4552210.3, ""feasible"": false, ""n_runs"": 20, ""eligibility"": ""NO_CONCLUSION""}]",feasibility does not change between 1.0 and 10.0; no threshold inside the recorded range,,
S7,norepinephrine_1mgml_4ml,capacity_utilization,product.annual_demand_units,500000.0,900000.0,1800000.0,False,False,,infeasible_everywhere,"[{""value"": 500000.0, ""strategy_id"": ""S7"", ""mean_fill"": 0.9837312723724707, ""p_meet"": 0.55, ""mean_cost"": 21237140.51569114, ""mcse_cost"": 34428.7836926058, ""mean_shortage_days"": 18.59254518072289, ""mean_cost_per_unit"": 41.233069998076175, ""capacity_utilization"": 2575643.45, ""feasible"": false, ""n_runs"": 20, ""eligibility"": ""NO_CONCLUSION""}, {""value"": 1800000.0, ""strategy_id"": ""S7"", ""mean_fill"": 0.6572643971922734, ""p_meet"": 0.0, ""mean_cost"": 22926721.31394028, ""mcse_cost"": 113843.82359105638, ""mean_shortage_days"": 240.16287650602402, ""mean_cost_per_unit"": 19.00069130513501, ""capacity_utilization"": 6177674.75, ""feasible"": false, ""n_runs"": 20, ""eligibility"": ""NO_CONCLUSION""}]",feasibility does not change between 500000.0 and 1800000.0; no threshold inside the recorded range,,
S7,norepinephrine_1mgml_4ml,fixed_qa_labor_per_node,product.fixed_qa_labor_usd_per_site_year,1500000.0,3000000.0,6000000.0,False,False,,infeasible_everywhere,"[{""value"": 1500000.0, ""strategy_id"": ""S7"", ""mean_fill"": 0.9627298491676324, ""p_meet"": 0.25, ""mean_cost"": 18881073.880009856, ""mcse_cost"": 46317.39583775389, ""mean_shortage_days"": 62.00848849945235, ""mean_cost_per_unit"": 20.823851056207737, ""capacity_utilization"": 4537303.25, ""feasible"": false, ""n_runs"": 20, ""eligibility"": ""NO_CONCLUSION""}, {""value"": 6000000.0, ""strategy_id"": ""S7"", ""mean_fill"": 0.9627298491676324, ""p_meet"": 0.25, ""mean_cost"": 28877873.972630948, ""mcse_cost"": 46317.39583775389, ""mean_shortage_days"": 62.00848849945235, ""mean_cost_per_unit"": 31.851920562746727, ""capacity_utilization"": 4537303.25, ""feasible"": false, ""n_runs"": 20, ""eligibility"": ""NO_CONCLUSION""}]",feasibility does not change between 1500000.0 and 6000000.0; no threshold inside the recorded range,,
S7,norepinephrine_1mgml_4ml,release_time,global.sterility_incubation_days,14.0,14.0,18.0,False,False,,infeasible_everywhere,"[{""value"": 14.0, ""strategy_id"": ""S7"", ""mean_fill"": 0.9627298491676324, ""p_meet"": 0.25, ""mean_cost"": 22213340.57755022, ""mcse_cost"": 46317.39583775389, ""mean_shortage_days"": 62.00848849945235, ""mean_cost_per_unit"": 24.499874225054064, ""capacity_utilization"": 4537303.25, ""feasible"": false, ""n_runs"": 20, ""eligibility"": ""NO_CONCLUSION""}, {""value"": 18.0, ""strategy_id"": ""S7"", ""mean_fill"": 0.9532030329320857, ""p_meet"": 0.2, ""mean_cost"": 22167680.564922266, ""mcse_cost"": 39948.294676331454, ""mean_shortage_days"": 84.1315169769989, ""mean_cost_per_unit"": 24.709324922128264, ""capacity_utilization"": 4491267.5, ""feasible"": false, ""n_runs"": 20, ""eligibility"": ""NO_CONCLUSION""}]",feasibility does not change between 14.0 and 18.0; no threshold inside the recorded range,,
S7,norepinephrine_1mgml_4ml,shelf_life,product.shelf_life_months,12.0,24.0,30.0,False,False,,infeasible_everywhere,"[{""value"": 12.0, ""strategy_id"": ""S7"", ""mean_fill"": 0.9627298491676324, ""p_meet"": 0.25, ""mean_cost"": 22213340.57755022, ""mcse_cost"": 46317.39583775389, ""mean_shortage_days"": 62.00848849945235, ""mean_cost_per_unit"": 24.499874225054064, ""capacity_utilization"": 4537303.25, ""feasible"": false, ""n_runs"": 20, ""eligibility"": ""NO_CONCLUSION""}, {""value"": 30.0, ""strategy_id"": ""S7"", ""mean_fill"": 0.9627298491676324, ""p_meet"": 0.25, ""mean_cost"": 22213340.57755022, ""mcse_cost"": 46317.39583775389, ""mean_shortage_days"": 62.00848849945235, ""mean_cost_per_unit"": 24.499874225054064, ""capacity_utilization"": 4537303.25, ""feasible"": false, ""n_runs"": 20, ""eligibility"": ""NO_CONCLUSION""}]",feasibility does not change between 12.0 and 30.0; no threshold inside the recorded range,,
S7,norepinephrine_1mgml_4ml,raw_material_lead_time,product.material_lead_time_days,30.0,90.0,240.0,False,False,,infeasible_everywhere,"[{""value"": 30.0, ""strategy_id"": ""S7"", ""mean_fill"": 0.9617376021095145, ""p_meet"": 0.2, ""mean_cost"": 22198757.93786781, ""mcse_cost"": 44597.12787909901, ""mean_shortage_days"": 61.98848576122673, ""mean_cost_per_unit"": 24.522155628543846, ""capacity_utilization"": 4530983.05, ""feasible"": false, ""n_runs"": 20, ""eligibility"": ""NO_CONCLUSION""}, {""value"": 240.0, ""strategy_id"": ""S7"", ""mean_fill"": 0.959461018318636, ""p_meet"": 0.2, ""mean_cost"": 22229218.35291763, ""mcse_cost"": 46783.91292393511, ""mean_shortage_days"": 71.19974671412925, ""mean_cost_per_unit"": 24.61734495495335, ""capacity_utilization"": 4520764.45, ""feasible"": false, ""n_runs"": 20, ""eligibility"": ""NO_CONCLUSION""}]",feasibility does not change between 30.0 and 240.0; no threshold inside the recorded range,,
S7,norepinephrine_1mgml_4ml,common_cause_dependence,global.common_cause_events_per_year,0.02,0.1,0.3,False,False,,infeasible_everywhere,"[{""value"": 0.02, ""strategy_id"": ""S7"", ""mean_fill"": 0.9717364418162193, ""p_meet"": 0.3, ""mean_cost"": 22234229.248365164, ""mcse_cost"": 41943.08349137255, ""mean_shortage_days"": 53.06726451259583, ""mean_cost_per_unit"": 24.282474007754555, ""capacity_utilization"": 4579610.15, ""feasible"": false, ""n_runs"": 20, ""eligibility"": ""NO_CONCLUSION""}, {""value"": 0.3, ""strategy_id"": ""S7"", ""mean_fill"": 0.9384182642755091, ""p_meet"": 0.1, ""mean_cost"": 22157871.367351033, ""mcse_cost"": 51525.64017011788, ""mean_shortage_days"": 79.4908817086528, ""mean_cost_per_unit"": 25.152463977504752, ""capacity_utilization"": 4419147.5, ""feasible"": false, ""n_runs"": 20, ""eligibility"": ""NO_CONCLUSION""}]",feasibility does not change between 0.02 and 0.3; no threshold inside the recorded range,,
S7,norepinephrine_1mgml_4ml,supplier_concentration,global.supplier_disruptions_per_supplier_year,0.05,0.2,0.6,False,False,,infeasible_everywhere,"[{""value"": 0.05, ""strategy_id"": ""S7"", ""mean_fill"": 0.9732795840671609, ""p_meet"": 0.35, ""mean_cost"": 22239336.522305828, ""mcse_cost"": 45374.997691209115, ""mean_shortage_days"": 53.697350766703174, ""mean_cost_per_unit"": 24.256441504020522, ""capacity_utilization"": 4586930.9, ""feasible"": false, ""n_runs"": 20, ""eligibility"": ""NO_CONCLUSION""}, {""value"": 0.6, ""strategy_id"": ""S7"", ""mean_fill"": 0.9277965014033412, ""p_meet"": 0.15, ""mean_cost"": 22122066.58297442, ""mcse_cost"": 47867.52201268025, ""mean_shortage_days"": 90.03232475355969, ""mean_cost_per_unit"": 25.357551791425017, ""capacity_utilization"": 4372616.1, ""feasible"": false, ""n_runs"": 20, ""eligibility"": ""NO_CONCLUSION""}]",feasibility does not change between 0.05 and 0.6; no threshold inside the recorded range,,
S7,norepinephrine_1mgml_4ml,commissioning_days,global.node_commissioning_days,365.0,730.0,1095.0,False,False,,infeasible_everywhere,"[{""value"": 365.0, ""strategy_id"": ""S7"", ""mean_fill"": 0.9627298491676324, ""p_meet"": 0.25, ""mean_cost"": 22213340.57755022, ""mcse_cost"": 46317.39583775389, ""mean_shortage_days"": 62.00848849945235, ""mean_cost_per_unit"": 24.499874225054064, ""capacity_utilization"": 4537303.25, ""feasible"": false, ""n_runs"": 20, ""eligibility"": ""NO_CONCLUSION""}, {""value"": 1095.0, ""strategy_id"": ""S7"", ""mean_fill"": 0.9627298491676324, ""p_meet"": 0.25, ""mean_cost"": 22213340.57755022, ""mcse_cost"": 46317.39583775389, ""mean_shortage_days"": 62.00848849945235, ""mean_cost_per_unit"": 24.499874225054064, ""capacity_utilization"": 4537303.25, ""feasible"": false, ""n_runs"": 20, ""eligibility"": ""NO_CONCLUSION""}]",feasibility does not change between 365.0 and 1095.0; no threshold inside the recorded range,,
S7,norepinephrine_1mgml_4ml,activation_latency_days,global.reserved_capacity_activation_days,7.0,21.0,60.0,False,False,,infeasible_everywhere,"[{""value"": 7.0, ""strategy_id"": ""S7"", ""mean_fill"": 0.9627298491676324, ""p_meet"": 0.25, ""mean_cost"": 22213340.57755022, ""mcse_cost"": 46317.39583775389, ""mean_shortage_days"": 62.00848849945235, ""mean_cost_per_unit"": 24.499874225054064, ""capacity_utilization"": 4537303.25, ""feasible"": false, ""n_runs"": 20, ""eligibility"": ""NO_CONCLUSION""}, {""value"": 60.0, ""strategy_id"": ""S7"", ""mean_fill"": 0.9627298491676324, ""p_meet"": 0.25, ""mean_cost"": 22213340.57755022, ""mcse_cost"": 46317.39583775389, ""mean_shortage_days"": 62.00848849945235, ""mean_cost_per_unit"": 24.499874225054064, ""capacity_utilization"": 4537303.25, ""feasible"": false, ""n_runs"": 20, ""eligibility"": ""NO_CONCLUSION""}]",feasibility does not change between 7.0 and 60.0; no threshold inside the recorded range,,
S7,norepinephrine_1mgml_4ml,node_capital,product.capital_usd_per_site,15000000.0,40000000.0,100000000.0,False,False,,infeasible_everywhere,"[{""value"": 15000000.0, ""strategy_id"": ""S7"", ""mean_fill"": 0.9627298491676324, ""p_meet"": 0.25, ""mean_cost"": 14786201.653973114, ""mcse_cost"": 46317.39583775394, ""mean_shortage_days"": 62.00848849945235, ""mean_cost_per_unit"": 16.306552009439557, ""capacity_utilization"": 4537303.25, ""feasible"": false, ""n_runs"": 20, ""eligibility"": ""NO_CONCLUSION""}, {""value"": 100000000.0, ""strategy_id"": ""S7"", ""mean_fill"": 0.9627298491676324, ""p_meet"": 0.25, ""mean_cost"": 40038473.99413262, ""mcse_cost"": 46317.39583775394, ""mean_shortage_days"": 62.00848849945235, ""mean_cost_per_unit"": 44.163847542525964, ""capacity_utilization"": 4537303.25, ""feasible"": false, ""n_runs"": 20, ""eligibility"": ""NO_CONCLUSION""}]",feasibility does not change between 15000000.0 and 100000000.0; no threshold inside the recorded range,,
S7,norepinephrine_1mgml_4ml,batches_per_site_year,product.batches_per_site_year_nominal,30.0,45.0,70.0,False,False,,infeasible_everywhere,"[{""value"": 30.0, ""strategy_id"": ""S7"", ""mean_fill"": 0.795681384052169, ""p_meet"": 0.0, ""mean_cost"": 21774561.45351844, ""mcse_cost"": 58554.35037514203, ""mean_shortage_days"": 211.93901286966042, ""mean_cost_per_unit"": 29.297317576868885, ""capacity_utilization"": 3747223.4, ""feasible"": false, ""n_runs"": 20, ""eligibility"": ""NO_CONCLUSION""}, {""value"": 70.0, ""strategy_id"": ""S7"", ""mean_fill"": 0.9727326814128157, ""p_meet"": 0.3, ""mean_cost"": 22251721.468267016, ""mcse_cost"": 43875.837187794015, ""mean_shortage_days"": 49.13672645125958, ""mean_cost_per_unit"": 24.271684325447037, ""capacity_utilization"": 4584946.2, ""feasible"": false, ""n_runs"": 20, ""eligibility"": ""NO_CONCLUSION""}]",feasibility does not change between 30.0 and 70.0; no threshold inside the recorded range,,
S7,norepinephrine_1mgml_4ml,changeover_burden,product.changeover_days,1.0,3.0,10.0,False,False,,infeasible_everywhere,"[{""value"": 1.0, ""strategy_id"": ""S7"", ""mean_fill"": 0.9629365110217256, ""p_meet"": 0.2, ""mean_cost"": 22221436.849143483, ""mcse_cost"": 46855.60452601983, ""mean_shortage_days"": 58.61802437020809, ""mean_cost_per_unit"": 24.498208867506605, ""capacity_utilization"": 4538039.15, ""feasible"": false, ""n_runs"": 20, ""eligibility"": ""NO_CONCLUSION""}, {""value"": 10.0, ""strategy_id"": ""S7"", ""mean_fill"": 0.8495007172384085, ""p_meet"": 0.05, ""mean_cost"": 21902087.625492312, ""mcse_cost"": 52432.69444644182, ""mean_shortage_days"": 193.376471796276, ""mean_cost_per_unit"": 27.512334470046532, ""capacity_utilization"": 4000096.0, ""feasible"": false, ""n_runs"": 20, ""eligibility"": ""NO_CONCLUSION""}]",feasibility does not change between 1.0 and 10.0; no threshold inside the recorded range,,
S0,sodium_bicarbonate_8_4_50ml,capacity_utilization,product.annual_demand_units,600000.0,1200000.0,2400000.0,False,False,,infeasible_everywhere,"[{""value"": 600000.0, ""strategy_id"": ""S0"", ""mean_fill"": 0.9731886741390564, ""p_meet"": 0.15, ""mean_cost"": 12136775.191156598, ""mcse_cost"": 8833.799280452597, ""mean_shortage_days"": 47.446495071193866, ""mean_cost_per_unit"": 19.854974666725536, ""capacity_utilization"": 3056983.8, ""feasible"": false, ""n_runs"": 20, ""eligibility"": ""NO_CONCLUSION""}, {""value"": 2400000.0, ""strategy_id"": ""S0"", ""mean_fill"": 0.3669141500223786, ""p_meet"": 0.0, ""mean_cost"": 12994651.134619629, ""mcse_cost"": 23191.73112565202, ""mean_shortage_days"": 321.58402245345013, ""mean_cost_per_unit"": 14.230553296562553, ""capacity_utilization"": 4573652.5, ""feasible"": false, ""n_runs"": 20, ""eligibility"": ""NO_CONCLUSION""}]",feasibility does not change between 600000.0 and 2400000.0; no threshold inside the recorded range,,
S0,sodium_bicarbonate_8_4_50ml,fixed_qa_labor_per_node,product.fixed_qa_labor_usd_per_site_year,1500000.0,3000000.0,6000000.0,False,False,,infeasible_everywhere,"[{""value"": 1500000.0, ""strategy_id"": ""S0"", ""mean_fill"": 0.7273189626859247, ""p_meet"": 0.0, ""mean_cost"": 11368611.930673614, ""mcse_cost"": 23679.81345797384, ""mean_shortage_days"": 268.56676478641845, ""mean_cost_per_unit"": 12.489978513741761, ""capacity_utilization"": 4559746.75, ""feasible"": false, ""n_runs"": 20, ""eligibility"": ""NO_CONCLUSION""}, {""value"": 6000000.0, ""strategy_id"": ""S0"", ""mean_fill"": 0.7273189626859247, ""p_meet"": 0.0, ""mean_cost"": 16047729.450979251, ""mcse_cost"": 23679.81345797385, ""mean_shortage_days"": 268.56676478641845, ""mean_cost_per_unit"": 17.632763768007717, ""capacity_utilization"": 4559746.75, ""feasible"": false, ""n_runs"": 20, ""eligibility"": ""NO_CONCLUSION""}]",feasibility does not change between 1500000.0 and 6000000.0; no threshold inside the recorded range,,
S0,sodium_bicarbonate_8_4_50ml,release_time,global.sterility_incubation_days,14.0,14.0,18.0,False,False,,infeasible_everywhere,"[{""value"": 14.0, ""strategy_id"": ""S0"", ""mean_fill"": 0.7273189626859247, ""p_meet"": 0.0, ""mean_cost"": 12928317.770775493, ""mcse_cost"": 23679.81345797385, ""mean_shortage_days"": 268.56676478641845, ""mean_cost_per_unit"": 14.204240265163744, ""capacity_utilization"": 4559746.75, ""feasible"": false, ""n_runs"": 20, ""eligibility"": ""NO_CONCLUSION""}, {""value"": 18.0, ""strategy_id"": ""S0"", ""mean_fill"": 0.7271545469082366, ""p_meet"": 0.0, ""mean_cost"": 12925279.802913787, ""mcse_cost"": 23708.90579608111, ""mean_shortage_days"": 271.0271015881709, ""mean_cost_per_unit"": 14.197699458771279, ""capacity_utilization"": 4560744.55, ""feasible"": false, ""n_runs"": 20, ""eligibility"": ""NO_CONCLUSION""}]",feasibility does not change between 14.0 and 18.0; no threshold inside the recorded range,,
S0,sodium_bicarbonate_8_4_50ml,shelf_life,product.shelf_life_months,12.0,24.0,36.0,False,False,,infeasible_everywhere,"[{""value"": 12.0, ""strategy_id"": ""S0"", ""mean_fill"": 0.7273189626859247, ""p_meet"": 0.0, ""mean_cost"": 12928317.770775493, ""mcse_cost"": 23679.81345797385, ""mean_shortage_days"": 268.56676478641845, ""mean_cost_per_unit"": 14.204240265163744, ""capacity_utilization"": 4559746.75, ""feasible"": false, ""n_runs"": 20, ""eligibility"": ""NO_CONCLUSION""}, {""value"": 36.0, ""strategy_id"": ""S0"", ""mean_fill"": 0.7273189626859247, ""p_meet"": 0.0, ""mean_cost"": 12928317.770775493, ""mcse_cost"": 23679.81345797385, ""mean_shortage_days"": 268.56676478641845, ""mean_cost_per_unit"": 14.204240265163744, ""capacity_utilization"": 4559746.75, ""feasible"": false, ""n_runs"": 20, ""eligibility"": ""NO_CONCLUSION""}]",feasibility does not change between 12.0 and 36.0; no threshold inside the recorded range,,
S0,sodium_bicarbonate_8_4_50ml,raw_material_lead_time,product.material_lead_time_days,30.0,90.0,240.0,False,False,,infeasible_everywhere,"[{""value"": 30.0, ""strategy_id"": ""S0"", ""mean_fill"": 0.7219611433823985, ""p_meet"": 0.0, ""mean_cost"": 12909936.804680789, ""mcse_cost"": 23788.8105640116, ""mean_shortage_days"": 267.60663335158813, ""mean_cost_per_unit"": 14.285105234826622, ""capacity_utilization"": 4527772.5, ""feasible"": false, ""n_runs"": 20, ""eligibility"": ""NO_CONCLUSION""}, {""value"": 240.0, ""strategy_id"": ""S0"", ""mean_fill"": 0.7282569294637382, ""p_meet"": 0.0, ""mean_cost"": 12947854.796804704, ""mcse_cost"": 22455.945528114382, ""mean_shortage_days"": 267.5266223986856, ""mean_cost_per_unit"": 14.203277783721825, ""capacity_utilization"": 4566026.75, ""feasible"": false, ""n_runs"": 20, ""eligibility"": ""NO_CONCLUSION""}]",feasibility does not change between 30.0 and 240.0; no threshold inside the recorded range,,
S0,sodium_bicarbonate_8_4_50ml,common_cause_dependence,global.common_cause_events_per_year,0.02,0.1,0.3,False,False,,infeasible_everywhere,"[{""value"": 0.02, ""strategy_id"": ""S0"", ""mean_fill"": 0.746846803670893, ""p_meet"": 0.0, ""mean_cost"": 12995100.59070589, ""mcse_cost"": 15705.285212611816, ""mean_shortage_days"": 265.92640334063526, ""mean_cost_per_unit"": 13.890244347228938, ""capacity_utilization"": 4681219.35, ""feasible"": false, ""n_runs"": 20, ""eligibility"": ""NO_CONCLUSION""}, {""value"": 0.3, ""strategy_id"": ""S0"", ""mean_fill"": 0.6843020837536944, ""p_meet"": 0.0, ""mean_cost"": 12803658.433313604, ""mcse_cost"": 31809.251676826167, ""mean_shortage_days"": 271.507167305586, ""mean_cost_per_unit"": 15.017464180558733, ""capacity_utilization"": 4286975.95, ""feasible"": false, ""n_runs"": 20, ""eligibility"": ""NO_CONCLUSION""}]",feasibility does not change between 0.02 and 0.3; no threshold inside the recorded range,,
S0,sodium_bicarbonate_8_4_50ml,supplier_concentration,global.supplier_disruptions_per_supplier_year,0.05,0.2,0.6,False,False,,infeasible_everywhere,"[{""value"": 0.05, ""strategy_id"": ""S0"", ""mean_fill"": 0.7283374879820153, ""p_meet"": 0.0, ""mean_cost"": 12935173.25958882, ""mcse_cost"": 24600.711881646967, ""mean_shortage_days"": 267.80666073384447, ""mean_cost_per_unit"": 14.190136626727682, ""capacity_utilization"": 4567050.7, ""feasible"": false, ""n_runs"": 20, ""eligibility"": ""NO_CONCLUSION""}, {""value"": 0.6, ""strategy_id"": ""S0"", ""mean_fill"": 0.7158889532862416, ""p_meet"": 0.0, ""mean_cost"": 12896022.368867463, ""mcse_cost"": 24976.646348422062, ""mean_shortage_days"": 268.8268003833516, ""mean_cost_per_unit"": 14.393910868837526, ""capacity_utilization"": 4488988.0, ""feasible"": false, ""n_runs"": 20, ""eligibility"": ""NO_CONCLUSION""}]",feasibility does not change between 0.05 and 0.6; no threshold inside the recorded range,,
S0,sodium_bicarbonate_8_4_50ml,commissioning_days,global.node_commissioning_days,365.0,730.0,1095.0,False,False,,infeasible_everywhere,"[{""value"": 365.0, ""strategy_id"": ""S0"", ""mean_fill"": 0.7273189626859247, ""p_meet"": 0.0, ""mean_cost"": 12928317.770775493, ""mcse_cost"": 23679.81345797385, ""mean_shortage_days"": 268.56676478641845, ""mean_cost_per_unit"": 14.204240265163744, ""capacity_utilization"": 4559746.75, ""feasible"": false, ""n_runs"": 20, ""eligibility"": ""NO_CONCLUSION""}, {""value"": 1095.0, ""strategy_id"": ""S0"", ""mean_fill"": 0.7273189626859247, ""p_meet"": 0.0, ""mean_cost"": 12928317.770775493, ""mcse_cost"": 23679.81345797385, ""mean_shortage_days"": 268.56676478641845, ""mean_cost_per_unit"": 14.204240265163744, ""capacity_utilization"": 4559746.75, ""feasible"": false, ""n_runs"": 20, ""eligibility"": ""NO_CONCLUSION""}]",feasibility does not change between 365.0 and 1095.0; no threshold inside the recorded range,,
S0,sodium_bicarbonate_8_4_50ml,activation_latency_days,global.reserved_capacity_activation_days,7.0,21.0,60.0,False,False,,infeasible_everywhere,"[{""value"": 7.0, ""strategy_id"": ""S0"", ""mean_fill"": 0.7273189626859247, ""p_meet"": 0.0, ""mean_cost"": 12928317.770775493, ""mcse_cost"": 23679.81345797385, ""mean_shortage_days"": 268.56676478641845, ""mean_cost_per_unit"": 14.204240265163744, ""capacity_utilization"": 4559746.75, ""feasible"": false, ""n_runs"": 20, ""eligibility"": ""NO_CONCLUSION""}, {""value"": 60.0, ""strategy_id"": ""S0"", ""mean_fill"": 0.7273189626859247, ""p_meet"": 0.0, ""mean_cost"": 12928317.770775493, ""mcse_cost"": 23679.81345797385, ""mean_shortage_days"": 268.56676478641845, ""mean_cost_per_unit"": 14.204240265163744, ""capacity_utilization"": 4559746.75, ""feasible"": false, ""n_runs"": 20, ""eligibility"": ""NO_CONCLUSION""}]",feasibility does not change between 7.0 and 60.0; no threshold inside the recorded range,,
S0,sodium_bicarbonate_8_4_50ml,node_capital,product.capital_usd_per_site,15000000.0,40000000.0,100000000.0,False,False,,infeasible_everywhere,"[{""value"": 15000000.0, ""strategy_id"": ""S0"", ""mean_fill"": 0.7273189626859247, ""p_meet"": 0.0, ""mean_cost"": 8738816.788957179, ""mcse_cost"": 23679.81345797385, ""mean_shortage_days"": 268.56676478641845, ""mean_cost_per_unit"": 9.599589114914233, ""capacity_utilization"": 4559746.75, ""feasible"": false, ""n_runs"": 20, ""eligibility"": ""NO_CONCLUSION""}, {""value"": 100000000.0, ""strategy_id"": ""S0"", ""mean_fill"": 0.7273189626859247, ""p_meet"": 0.0, ""mean_cost"": 22983120.127138775, ""mcse_cost"": 23679.813457973883, ""mean_shortage_days"": 268.56676478641845, ""mean_cost_per_unit"": 25.25540302576183, ""capacity_utilization"": 4559746.75, ""feasible"": false, ""n_runs"": 20, ""eligibility"": ""NO_CONCLUSION""}]",feasibility does not change between 15000000.0 and 100000000.0; no threshold inside the recorded range,,
S0,sodium_bicarbonate_8_4_50ml,batches_per_site_year,product.batches_per_site_year_nominal,30.0,45.0,70.0,False,False,,infeasible_everywhere,"[{""value"": 30.0, ""strategy_id"": ""S0"", ""mean_fill"": 0.47117842237619695, ""p_meet"": 0.0, ""mean_cost"": 12086954.919863353, ""mcse_cost"": 14093.375365752947, ""mean_shortage_days"": 285.8391292442497, ""mean_cost_per_unit"": 20.558017264364825, ""capacity_utilization"": 2944556.45, ""feasible"": false, ""n_runs"": 20, ""eligibility"": ""NO_CONCLUSION""}, {""value"": 70.0, ""strategy_id"": ""S0"", ""mean_fill"": 0.9535190975224094, ""p_meet"": 0.05, ""mean_cost"": 13692834.169697905, ""mcse_cost"": 22138.97877264646, ""mean_shortage_days"": 88.34209337349397, ""mean_cost_per_unit"": 11.441743784588752, ""capacity_utilization"": 5988734.65, ""feasible"": false, ""n_runs"": 20, ""eligibility"": ""NO_CONCLUSION""}]",feasibility does not change between 30.0 and 70.0; no threshold inside the recorded range,,
S0,sodium_bicarbonate_8_4_50ml,changeover_burden,product.changeover_days,1.0,3.0,10.0,False,False,,infeasible_everywhere,"[{""value"": 1.0, ""strategy_id"": ""S0"", ""mean_fill"": 0.7271780997770296, ""p_meet"": 0.0, ""mean_cost"": 12929802.873067826, ""mcse_cost"": 23655.129436714997, ""mean_shortage_days"": 267.26658680175245, ""mean_cost_per_unit"": 14.217279172538891, ""capacity_utilization"": 4556368.35, ""feasible"": false, ""n_runs"": 20, ""eligibility"": ""NO_CONCLUSION""}, {""value"": 10.0, ""strategy_id"": ""S0"", ""mean_fill"": 0.5125825239862151, ""p_meet"": 0.0, ""mean_cost"": 12224388.835402377, ""mcse_cost"": 12341.46466530471, ""mean_shortage_days"": 281.19849397590366, ""mean_cost_per_unit"": 19.071046705796803, ""capacity_utilization"": 3207867.2, ""feasible"": false, ""n_runs"": 20, ""eligibility"": ""NO_CONCLUSION""}]",feasibility does not change between 1.0 and 10.0; no threshold inside the recorded range,,
S1,sodium_bicarbonate_8_4_50ml,capacity_utilization,product.annual_demand_units,600000.0,1200000.0,2400000.0,False,False,,infeasible_everywhere,"[{""value"": 600000.0, ""strategy_id"": ""S1"", ""mean_fill"": 0.9857527996321412, ""p_meet"": 0.55, ""mean_cost"": 12040841.6956906, ""mcse_cost"": 7423.552074528722, ""mean_shortage_days"": 31.04424972617744, ""mean_cost_per_unit"": 19.43919692299024, ""capacity_utilization"": 3097233.9, ""feasible"": false, ""n_runs"": 20, ""eligibility"": ""NO_CONCLUSION""}, {""value"": 2400000.0, ""strategy_id"": ""S1"", ""mean_fill"": 0.39792870901299937, ""p_meet"": 0.0, ""mean_cost"": 12784539.093511686, ""mcse_cost"": 21088.293024040948, ""mean_shortage_days"": 317.1134104600219, ""mean_cost_per_unit"": 12.931297209356845, ""capacity_utilization"": 4950771.5, ""feasible"": false, ""n_runs"": 20, ""eligibility"": ""NO_CONCLUSION""}]",feasibility does not change between 600000.0 and 2400000.0; no threshold inside the recorded range,,
S1,sodium_bicarbonate_8_4_50ml,fixed_qa_labor_per_node,product.fixed_qa_labor_usd_per_site_year,1500000.0,3000000.0,6000000.0,False,False,,infeasible_everywhere,"[{""value"": 1500000.0, ""strategy_id"": ""S1"", ""mean_fill"": 0.7572658181786683, ""p_meet"": 0.0, ""mean_cost"": 11109535.850533497, ""mcse_cost"": 20708.89924814891, ""mean_shortage_days"": 249.39414019715224, ""mean_cost_per_unit"": 11.726203867599438, ""capacity_utilization"": 4744221.2, ""feasible"": false, ""n_runs"": 20, ""eligibility"": ""NO_CONCLUSION""}, {""value"": 6000000.0, ""strategy_id"": ""S1"", ""mean_fill"": 0.7572658181786683, ""p_meet"": 0.0, ""mean_cost"": 15788653.370839134, ""mcse_cost"": 20708.899248148817, ""mean_shortage_days"": 249.39414019715224, ""mean_cost_per_unit"": 16.66690796291364, ""capacity_utilization"": 4744221.2, ""feasible"": false, ""n_runs"": 20, ""eligibility"": ""NO_CONCLUSION""}]",feasibility does not change between 1500000.0 and 6000000.0; no threshold inside the recorded range,,
S1,sodium_bicarbonate_8_4_50ml,release_time,global.sterility_incubation_days,14.0,14.0,18.0,False,False,,infeasible_everywhere,"[{""value"": 14.0, ""strategy_id"": ""S1"", ""mean_fill"": 0.7572658181786683, ""p_meet"": 0.0, ""mean_cost"": 12669241.690635376, ""mcse_cost"": 20708.899248148824, ""mean_shortage_days"": 249.39414019715224, ""mean_cost_per_unit"": 13.373105232704171, ""capacity_utilization"": 4744221.2, ""feasible"": false, ""n_runs"": 20, ""eligibility"": ""NO_CONCLUSION""}, {""value"": 18.0, ""strategy_id"": ""S1"", ""mean_fill"": 0.7555702569570512, ""p_meet"": 0.0, ""mean_cost"": 12666818.61625724, ""mcse_cost"": 20555.168646821086, ""mean_shortage_days"": 251.77446604600217, ""mean_cost_per_unit"": 13.398903958937655, ""capacity_utilization"": 4734037.75, ""feasible"": false, ""n_runs"": 20, ""eligibility"": ""NO_CONCLUSION""}]",feasibility does not change between 14.0 and 18.0; no threshold inside the recorded range,,
S1,sodium_bicarbonate_8_4_50ml,shelf_life,product.shelf_life_months,12.0,24.0,36.0,False,False,,infeasible_everywhere,"[{""value"": 12.0, ""strategy_id"": ""S1"", ""mean_fill"": 0.7259411744503799, ""p_meet"": 0.0, ""mean_cost"": 12705126.00270886, ""mcse_cost"": 20751.56220110912, ""mean_shortage_days"": 269.1968510405257, ""mean_cost_per_unit"": 13.993468610314782, ""capacity_utilization"": 4547388.65, ""feasible"": false, ""n_runs"": 20, ""eligibility"": ""NO_CONCLUSION""}, {""value"": 36.0, ""strategy_id"": ""S1"", ""mean_fill"": 0.7572658181786683, ""p_meet"": 0.0, ""mean_cost"": 12669241.690635376, ""mcse_cost"": 20708.899248148824, ""mean_shortage_days"": 249.39414019715224, ""mean_cost_per_unit"": 13.373105232704171, ""capacity_utilization"": 4744221.2, ""feasible"": false, ""n_runs"": 20, ""eligibility"": ""NO_CONCLUSION""}]",feasibility does not change between 12.0 and 36.0; no threshold inside the recorded range,,
S1,sodium_bicarbonate_8_4_50ml,raw_material_lead_time,product.material_lead_time_days,30.0,90.0,240.0,False,False,,infeasible_everywhere,"[{""value"": 30.0, ""strategy_id"": ""S1"", ""mean_fill"": 0.7548327150914234, ""p_meet"": 0.0, ""mean_cost"": 12653753.437250163, ""mcse_cost"": 22141.143266081715, ""mean_shortage_days"": 250.02422645125952, ""mean_cost_per_unit"": 13.400563081550851, ""capacity_utilization"": 4729753.35, ""feasible"": false, ""n_runs"": 20, ""eligibility"": ""NO_CONCLUSION""}, {""value"": 240.0, ""strategy_id"": ""S1"", ""mean_fill"": 0.7585886442860756, ""p_meet"": 0.0, ""mean_cost"": 12691252.201112784, ""mcse_cost"": 20828.39181116446, ""mean_shortage_days"": 248.97408269441402, ""mean_cost_per_unit"": 13.371864950125143, ""capacity_utilization"": 4753139.25, ""feasible"": false, ""n_runs"": 20, ""eligibility"": ""NO_CONCLUSION""}]",feasibility does not change between 30.0 and 240.0; no threshold inside the recorded range,,
S1,sodium_bicarbonate_8_4_50ml,common_cause_dependence,global.common_cause_events_per_year,0.02,0.1,0.3,False,False,,infeasible_everywhere,"[{""value"": 0.02, ""strategy_id"": ""S1"", ""mean_fill"": 0.7785885059583884, ""p_meet"": 0.0, ""mean_cost"": 12729128.0957812, ""mcse_cost"": 12894.933886249475, ""mean_shortage_days"": 247.15383351588167, ""mean_cost_per_unit"": 13.055655348552682, ""capacity_utilization"": 4877465.5, ""feasible"": false, ""n_runs"": 20, ""eligibility"": ""NO_CONCLUSION""}, {""value"": 0.3, ""strategy_id"": ""S1"", ""mean_fill"": 0.7201321774116823, ""p_meet"": 0.0, ""mean_cost"": 12559717.347325472, ""mcse_cost"": 33206.803943417464, ""mean_shortage_days"": 257.49524917853233, ""mean_cost_per_unit"": 14.003620008397837, ""capacity_utilization"": 4508202.8, ""feasible"": false, ""n_runs"": 20, ""eligibility"": ""NO_CONCLUSION""}]",feasibility does not change between 0.02 and 0.3; no threshold inside the recorded range,,
S1,sodium_bicarbonate_8_4_50ml,supplier_concentration,global.supplier_disruptions_per_supplier_year,0.05,0.2,0.6,False,False,,infeasible_everywhere,"[{""value"": 0.05, ""strategy_id"": ""S1"", ""mean_fill"": 0.7585886442860756, ""p_meet"": 0.0, ""mean_cost"": 12672823.45508631, ""mcse_cost"": 21099.166966468587, ""mean_shortage_days"": 248.97408269441402, ""mean_cost_per_unit"": 13.352383254666998, ""capacity_utilization"": 4753139.25, ""feasible"": false, ""n_runs"": 20, ""eligibility"": ""NO_CONCLUSION""}, {""value"": 0.6, ""strategy_id"": ""S1"", ""mean_fill"": 0.7523501128097909, ""p_meet"": 0.0, ""mean_cost"": 12655825.674947103, ""mcse_cost"": 20011.63957962555, ""mean_shortage_days"": 249.93421412924425, ""mean_cost_per_unit"": 13.441235216039866, ""capacity_utilization"": 4714682.9, ""feasible"": false, ""n_runs"": 20, ""eligibility"": ""NO_CONCLUSION""}]",feasibility does not change between 0.05 and 0.6; no threshold inside the recorded range,,
S1,sodium_bicarbonate_8_4_50ml,commissioning_days,global.node_commissioning_days,365.0,730.0,1095.0,False,False,,infeasible_everywhere,"[{""value"": 365.0, ""strategy_id"": ""S1"", ""mean_fill"": 0.7572658181786683, ""p_meet"": 0.0, ""mean_cost"": 12669241.690635376, ""mcse_cost"": 20708.899248148824, ""mean_shortage_days"": 249.39414019715224, ""mean_cost_per_unit"": 13.373105232704171, ""capacity_utilization"": 4744221.2, ""feasible"": false, ""n_runs"": 20, ""eligibility"": ""NO_CONCLUSION""}, {""value"": 1095.0, ""strategy_id"": ""S1"", ""mean_fill"": 0.7572658181786683, ""p_meet"": 0.0, ""mean_cost"": 12669241.690635376, ""mcse_cost"": 20708.899248148824, ""mean_shortage_days"": 249.39414019715224, ""mean_cost_per_unit"": 13.373105232704171, ""capacity_utilization"": 4744221.2, ""feasible"": false, ""n_runs"": 20, ""eligibility"": ""NO_CONCLUSION""}]",feasibility does not change between 365.0 and 1095.0; no threshold inside the recorded range,,
S1,sodium_bicarbonate_8_4_50ml,activation_latency_days,global.reserved_capacity_activation_days,7.0,21.0,60.0,False,False,,infeasible_everywhere,"[{""value"": 7.0, ""strategy_id"": ""S1"", ""mean_fill"": 0.7572658181786683, ""p_meet"": 0.0, ""mean_cost"": 12669241.690635376, ""mcse_cost"": 20708.899248148824, ""mean_shortage_days"": 249.39414019715224, ""mean_cost_per_unit"": 13.373105232704171, ""capacity_utilization"": 4744221.2, ""feasible"": false, ""n_runs"": 20, ""eligibility"": ""NO_CONCLUSION""}, {""value"": 60.0, ""strategy_id"": ""S1"", ""mean_fill"": 0.7572658181786683, ""p_meet"": 0.0, ""mean_cost"": 12669241.690635376, ""mcse_cost"": 20708.899248148824, ""mean_shortage_days"": 249.39414019715224, ""mean_cost_per_unit"": 13.373105232704171, ""capacity_utilization"": 4744221.2, ""feasible"": false, ""n_runs"": 20, ""eligibility"": ""NO_CONCLUSION""}]",feasibility does not change between 7.0 and 60.0; no threshold inside the recorded range,,
S1,sodium_bicarbonate_8_4_50ml,node_capital,product.capital_usd_per_site,15000000.0,40000000.0,100000000.0,False,False,,infeasible_everywhere,"[{""value"": 15000000.0, ""strategy_id"": ""S1"", ""mean_fill"": 0.7572658181786683, ""p_meet"": 0.0, ""mean_cost"": 8479740.708817057, ""mcse_cost"": 20708.89924814883, ""mean_shortage_days"": 249.39414019715224, ""mean_cost_per_unit"": 8.949389741830888, ""capacity_utilization"": 4744221.2, ""feasible"": false, ""n_runs"": 20, ""eligibility"": ""NO_CONCLUSION""}, {""value"": 100000000.0, ""strategy_id"": ""S1"", ""mean_fill"": 0.7572658181786683, ""p_meet"": 0.0, ""mean_cost"": 22724044.046998657, ""mcse_cost"": 20708.89924814885, ""mean_shortage_days"": 249.39414019715224, ""mean_cost_per_unit"": 23.990022410799334, ""capacity_utilization"": 4744221.2, ""feasible"": false, ""n_runs"": 20, ""eligibility"": ""NO_CONCLUSION""}]",feasibility does not change between 15000000.0 and 100000000.0; no threshold inside the recorded range,,
S1,sodium_bicarbonate_8_4_50ml,batches_per_site_year,product.batches_per_site_year_nominal,30.0,45.0,70.0,False,False,,infeasible_everywhere,"[{""value"": 30.0, ""strategy_id"": ""S1"", ""mean_fill"": 0.503885165699745, ""p_meet"": 0.0, ""mean_cost"": 11935349.184224604, ""mcse_cost"": 13597.89208670766, ""mean_shortage_days"": 285.9491443044907, ""mean_cost_per_unit"": 19.006743516471808, ""capacity_utilization"": 3145008.65, ""feasible"": false, ""n_runs"": 20, ""eligibility"": ""NO_CONCLUSION""}, {""value"": 70.0, ""strategy_id"": ""S1"", ""mean_fill"": 0.9813735308576529, ""p_meet"": 0.45, ""mean_cost"": 13465591.066654772, ""mcse_cost"": 14501.197596229153, ""mean_shortage_days"": 40.30551752464403, ""mean_cost_per_unit"": 10.918881600067909, ""capacity_utilization"": 6166423.3, ""feasible"": false, ""n_runs"": 20, ""eligibility"": ""NO_CONCLUSION""}]",feasibility does not change between 30.0 and 70.0; no threshold inside the recorded range,,
S1,sodium_bicarbonate_8_4_50ml,changeover_burden,product.changeover_days,1.0,3.0,10.0,False,False,,infeasible_everywhere,"[{""value"": 1.0, ""strategy_id"": ""S1"", ""mean_fill"": 0.7582573914455903, ""p_meet"": 0.0, ""mean_cost"": 12669800.26113241, ""mcse_cost"": 20743.763350665613, ""mean_shortage_days"": 248.13396768893753, ""mean_cost_per_unit"": 13.353634432583897, ""capacity_utilization"": 4751356.7, ""feasible"": false, ""n_runs"": 20, ""eligibility"": ""NO_CONCLUSION""}, {""value"": 10.0, ""strategy_id"": ""S1"", ""mean_fill"": 0.5455668579012303, ""p_meet"": 0.0, ""mean_cost"": 12056792.317365635, ""mcse_cost"": 11102.497595646111, ""mean_shortage_days"": 280.7584337349398, ""mean_cost_per_unit"": 17.708387097612075, ""capacity_utilization"": 3407193.9, ""feasible"": false, ""n_runs"": 20, ""eligibility"": ""NO_CONCLUSION""}]",feasibility does not change between 1.0 and 10.0; no threshold inside the recorded range,,
S2,sodium_bicarbonate_8_4_50ml,capacity_utilization,product.annual_demand_units,600000.0,1200000.0,2400000.0,True,False,1190625.0,feasible_below,"[{""value"": 600000.0, ""strategy_id"": ""S2"", ""mean_fill"": 0.9990923720177003, ""p_meet"": 1.0, ""mean_cost"": 22402267.34479723, ""mcse_cost"": 7561.246599987194, ""mean_shortage_days"": 3.7505134173055863, ""mean_cost_per_unit"": 35.67795240375934, ""capacity_utilization"": 3139630.3, ""feasible"": true, ""n_runs"": 20, ""eligibility"": ""NO_CONCLUSION""}, {""value"": 2400000.0, ""strategy_id"": ""S2"", ""mean_fill"": 0.655503464546003, ""p_meet"": 0.0, ""mean_cost"": 25115957.82616829, ""mcse_cost"": 37568.50836906304, ""mean_shortage_days"": 293.65019852135816, ""mean_cost_per_unit"": 15.316679839064696, ""capacity_utilization"": 8210524.0, ""feasible"": false, ""n_runs"": 20, ""eligibility"": ""NO_CONCLUSION""}, {""value"": 1500000.0, ""strategy_id"": ""S2"", ""mean_fill"": 0.9778588427864958, ""p_meet"": 0.45, ""mean_cost"": 24683459.473689973, ""mcse_cost"": 22191.104340322083, ""mean_shortage_days"": 46.04630339539977, ""mean_cost_per_unit"": 16.056823959773045, ""capacity_utilization"": 7688843.1, ""feasible"": false, ""n_runs"": 20, ""eligibility"": ""NO_CONCLUSION""}, {""value"": 1050000.0, ""strategy_id"": ""S2"", ""mean_fill"": 0.9957559132011514, ""p_meet"": 0.95, ""mean_cost"": 23633052.03853639, ""mcse_cost"": 13691.000781034325, ""mean_shortage_days"": 11.421563526834609, ""mean_cost_per_unit"": 21.561679589822454, ""capacity_utilization"": 5480397.3, ""feasible"": true, ""n_runs"": 20, ""eligibility"": ""NO_CONCLUSION""}, {""value"": 1275000.0, ""strategy_id"": ""S2"", ""mean_fill"": 0.9921753612292932, ""p_meet"": 0.8, ""mean_cost"": 24191141.24086455, ""mcse_cost"": 16296.85175049815, ""mean_shortage_days"": 18.702560240963855, ""mean_cost_per_unit"": 18.236356749601928, ""capacity_utilization"": 6632528.7, ""feasible"": false, ""n_runs"": 20, ""eligibility"": ""NO_CONCLUSION""}, {""value"": 1162500.0, ""strategy_id"": ""S2"", ""mean_fill"": 0.9945609202244892, ""p_meet"": 0.95, ""mean_cost"": 23915424.96057586, ""mcse_cost"": 15269.445456257754, ""mean_shortage_days"": 14.261952354874044, ""mean_cost_per_unit"": 19.727320503144792, ""capacity_utilization"": 6061489.65, ""feasible"": true, ""n_runs"": 20, ""eligibility"": ""NO_CONCLUSION""}, {""value"": 1218750.0, ""strategy_id"": ""S2"", ""mean_fill"": 0.9937599206801805, ""p_meet"": 0.85, ""mean_cost"": 24055190.51275501, ""mcse_cost"": 15045.720145879464, ""mean_shortage_days"": 16.212219331872944, ""mean_cost_per_unit"": 18.941223700367683, ""capacity_utilization"": 6349908.45, ""feasible"": false, ""n_runs"": 20, ""eligibility"": ""NO_CONCLUSION""}]",bisection over 5 steps on 20 paired runs,1162500.0,1218750.0
S2,sodium_bicarbonate_8_4_50ml,fixed_qa_labor_per_node,product.fixed_qa_labor_usd_per_site_year,1500000.0,3000000.0,6000000.0,True,True,,feasible_everywhere,"[{""value"": 1500000.0, ""strategy_id"": ""S2"", ""mean_fill"": 0.993687221594314, ""p_meet"": 0.9, ""mean_cost"": 20970744.79448019, ""mcse_cost"": 15660.362177279774, ""mean_shortage_days"": 15.432112541073385, ""mean_cost_per_unit"": 16.772041519699393, ""capacity_utilization"": 6251622.2, ""feasible"": true, ""n_runs"": 20, ""eligibility"": ""NO_CONCLUSION""}, {""value"": 6000000.0, ""strategy_id"": ""S2"", ""mean_fill"": 0.993687221594314, ""p_meet"": 0.9, ""mean_cost"": 30077186.095525324, ""mcse_cost"": 15660.362177279898, ""mean_shortage_days"": 15.432112541073385, ""mean_cost_per_unit"": 24.055460633239868, ""capacity_utilization"": 6251622.2, ""feasible"": true, ""n_runs"": 20, ""eligibility"": ""NO_CONCLUSION""}]",feasibility does not change between 1500000.0 and 6000000.0; no threshold inside the recorded range,,
S2,sodium_bicarbonate_8_4_50ml,release_time,global.sterility_incubation_days,14.0,14.0,18.0,True,False,14.9375,feasible_below,"[{""value"": 14.0, ""strategy_id"": ""S2"", ""mean_fill"": 0.993687221594314, ""p_meet"": 0.9, ""mean_cost"": 24006225.2281619, ""mcse_cost"": 15660.362177279774, ""mean_shortage_days"": 15.432112541073385, ""mean_cost_per_unit"": 19.199847890879546, ""capacity_utilization"": 6251622.2, ""feasible"": true, ""n_runs"": 20, ""eligibility"": ""NO_CONCLUSION""}, {""value"": 18.0, ""strategy_id"": ""S2"", ""mean_fill"": 0.9923244822675377, ""p_meet"": 0.8, ""mean_cost"": 23995002.35672306, ""mcse_cost"": 15069.591330412053, ""mean_shortage_days"": 18.22249452354874, ""mean_cost_per_unit"": 19.222804651757194, ""capacity_utilization"": 6241277.65, ""feasible"": false, ""n_runs"": 20, ""eligibility"": ""NO_CONCLUSION""}, {""value"": 16.0, ""strategy_id"": ""S2"", ""mean_fill"": 0.9931295633741106, ""p_meet"": 0.85, ""mean_cost"": 24003984.140820958, ""mcse_cost"": 15603.85520059094, ""mean_shortage_days"": 16.89231243154436, ""mean_cost_per_unit"": 19.210665189873247, ""capacity_utilization"": 6247500.8, ""feasible"": false, ""n_runs"": 20, ""eligibility"": ""NO_CONCLUSION""}, {""value"": 15.0, ""strategy_id"": ""S2"", ""mean_fill"": 0.9935568023247485, ""p_meet"": 0.85, ""mean_cost"": 24002827.736685183, ""mcse_cost"": 14842.393684266568, ""mean_shortage_days"": 15.452115279299017, ""mean_cost_per_unit"": 19.20120181406741, ""capacity_utilization"": 6250324.05, ""feasible"": false, ""n_runs"": 20, ""eligibility"": ""NO_CONCLUSION""}, {""value"": 14.5, ""strategy_id"": ""S2"", ""mean_fill"": 0.9941182236528906, ""p_meet"": 0.95, ""mean_cost"": 24005159.914046198, ""mcse_cost"": 15393.192284008583, ""mean_shortage_days"": 16.3122330230011, ""mean_cost_per_unit"": 19.191678291917277, ""capacity_utilization"": 6254116.3, ""feasible"": true, ""n_runs"": 20, ""eligibility"": ""NO_CONCLUSION""}, {""value"": 14.75, ""strategy_id"": ""S2"", ""mean_fill"": 0.9938534688333851, ""p_meet"": 0.9, ""mean_cost"": 24006584.62825912, ""mcse_cost"": 14682.964901106556, ""mean_shortage_days"": 15.302094742606792, ""mean_cost_per_unit"": 19.199709545363866, ""capacity_utilization"": 6251742.3, ""feasible"": true, ""n_runs"": 20, ""eligibility"": ""NO_CONCLUSION""}, {""value"": 14.875, ""strategy_id"": ""S2"", ""mean_fill"": 0.9936874228188441, ""p_meet"": 0.9, ""mean_cost"": 24005094.986003753, ""mcse_cost"": 15092.733768561264, ""mean_shortage_days"": 14.652005750273819, ""mean_cost_per_unit"": 19.20046406108879, ""capacity_utilization"": 6251100.75, ""feasible"": true, ""n_runs"": 20, ""eligibility"": ""NO_CONCLUSION""}]",bisection over 5 steps on 20 paired runs,14.875,15.0
S2,sodium_bicarbonate_8_4_50ml,shelf_life,product.shelf_life_months,12.0,24.0,36.0,True,True,,feasible_everywhere,"[{""value"": 12.0, ""strategy_id"": ""S2"", ""mean_fill"": 0.993687221594314, ""p_meet"": 0.9, ""mean_cost"": 24006225.2281619, ""mcse_cost"": 15660.362177279774, ""mean_shortage_days"": 15.432112541073385, ""mean_cost_per_unit"": 19.199847890879546, ""capacity_utilization"": 6251622.2, ""feasible"": true, ""n_runs"": 20, ""eligibility"": ""NO_CONCLUSION""}, {""value"": 36.0, ""strategy_id"": ""S2"", ""mean_fill"": 0.993687221594314, ""p_meet"": 0.9, ""mean_cost"": 24006225.2281619, ""mcse_cost"": 15660.362177279774, ""mean_shortage_days"": 15.432112541073385, ""mean_cost_per_unit"": 19.199847890879546, ""capacity_utilization"": 6251622.2, ""feasible"": true, ""n_runs"": 20, ""eligibility"": ""NO_CONCLUSION""}]",feasibility does not change between 12.0 and 36.0; no threshold inside the recorded range,,
S2,sodium_bicarbonate_8_4_50ml,raw_material_lead_time,product.material_lead_time_days,30.0,90.0,240.0,False,True,151.40625,feasible_above,"[{""value"": 30.0, ""strategy_id"": ""S2"", ""mean_fill"": 0.9932158494214406, ""p_meet"": 0.8, ""mean_cost"": 23988597.80360371, ""mcse_cost"": 14176.59378550114, ""mean_shortage_days"": 16.392243975903618, ""mean_cost_per_unit"": 19.19454346438591, ""capacity_utilization"": 6248818.9, ""feasible"": false, ""n_runs"": 20, ""eligibility"": ""NO_CONCLUSION""}, {""value"": 240.0, ""strategy_id"": ""S2"", ""mean_fill"": 0.9944207826231366, ""p_meet"": 0.9, ""mean_cost"": 24055877.43033945, ""mcse_cost"": 14393.424698994015, ""mean_shortage_days"": 13.901903066812704, ""mean_cost_per_unit"": 19.225266920373183, ""capacity_utilization"": 6256332.0, ""feasible"": true, ""n_runs"": 20, ""eligibility"": ""NO_CONCLUSION""}, {""value"": 135.0, ""strategy_id"": ""S2"", ""mean_fill"": 0.9939009867206169, ""p_meet"": 0.85, ""mean_cost"": 24020300.791528396, ""mcse_cost"": 14009.34527947206, ""mean_shortage_days"": 14.89203860898138, ""mean_cost_per_unit"": 19.20656022057488, ""capacity_utilization"": 6252892.15, ""feasible"": false, ""n_runs"": 20, ""eligibility"": ""NO_CONCLUSION""}, {""value"": 187.5, ""strategy_id"": ""S2"", ""mean_fill"": 0.9942551410372473, ""p_meet"": 0.9, ""mean_cost"": 24042270.70886021, ""mcse_cost"": 14464.87099656024, ""mean_shortage_days"": 14.191942771084337, ""mean_cost_per_unit"": 19.217487065773305, ""capacity_utilization"": 6255245.8, ""feasible"": true, ""n_runs"": 20, ""eligibility"": ""NO_CONCLUSION""}, {""value"": 161.25, ""strategy_id"": ""S2"", ""mean_fill"": 0.9943372948616943, ""p_meet"": 0.9, ""mean_cost"": 24033491.542014025, ""mcse_cost"": 15330.198807506697, ""mean_shortage_days"": 14.071926341730556, ""mean_cost_per_unit"": 19.20900472717216, ""capacity_utilization"": 6255783.65, ""feasible"": true, ""n_runs"": 20, ""eligibility"": ""NO_CONCLUSION""}, {""value"": 148.125, ""strategy_id"": ""S2"", ""mean_fill"": 0.9942916183830732, ""p_meet"": 0.85, ""mean_cost"": 24025674.080908824, ""mcse_cost"": 14113.995587226498, ""mean_shortage_days"": 14.622001642935379, ""mean_cost_per_unit"": 19.202993885252624, ""capacity_utilization"": 6255597.6, ""feasible"": false, ""n_runs"": 20, ""eligibility"": ""NO_CONCLUSION""}, {""value"": 154.6875, ""strategy_id"": ""S2"", ""mean_fill"": 0.9946000834247342, ""p_meet"": 0.9, ""mean_cost"": 24029310.921303846, ""mcse_cost"": 14407.554249319199, ""mean_shortage_days"": 14.64200438116101, ""mean_cost_per_unit"": 19.19984611551238, ""capacity_utilization"": 6257574.0, ""feasible"": true, ""n_runs"": 20, ""eligibility"": ""NO_CONCLUSION""}]",bisection over 5 steps on 20 paired runs,148.125,154.6875
S2,sodium_bicarbonate_8_4_50ml,common_cause_dependence,global.common_cause_events_per_year,0.02,0.1,0.3,True,False,0.155625,feasible_below,"[{""value"": 0.02, ""strategy_id"": ""S2"", ""mean_fill"": 0.9955630980497897, ""p_meet"": 0.95, ""mean_cost"": 24024848.901640676, ""mcse_cost"": 15400.652505518945, ""mean_shortage_days"": 12.411699069003285, ""mean_cost_per_unit"": 19.175946443850016, ""capacity_utilization"": 6264323.15, ""feasible"": true, ""n_runs"": 20, ""eligibility"": ""NO_CONCLUSION""}, {""value"": 0.3, ""strategy_id"": ""S2"", ""mean_fill"": 0.9863233996889866, ""p_meet"": 0.6, ""mean_cost"": 23977650.135575183, ""mcse_cost"": 18760.033619600454, ""mean_shortage_days"": 24.873404983570644, ""mean_cost_per_unit"": 19.32421334187482, ""capacity_utilization"": 6205944.4, ""feasible"": false, ""n_runs"": 20, ""eligibility"": ""NO_CONCLUSION""}, {""value"": 0.16, ""strategy_id"": ""S2"", ""mean_fill"": 0.9935436068043776, ""p_meet"": 0.85, ""mean_cost"": 23991129.072091155, ""mcse_cost"": 15928.00375092966, ""mean_shortage_days"": 16.172213855421685, ""mean_cost_per_unit"": 19.19109567062815, ""capacity_utilization"": 6250622.0, ""feasible"": false, ""n_runs"": 20, ""eligibility"": ""NO_CONCLUSION""}, {""value"": 0.09, ""strategy_id"": ""S2"", ""mean_fill"": 0.9941464232755155, ""p_meet"": 0.95, ""mean_cost"": 24006166.68884743, ""mcse_cost"": 15825.164846286565, ""mean_shortage_days"": 14.26195235487404, ""mean_cost_per_unit"": 19.189811388486007, ""capacity_utilization"": 6254926.85, ""feasible"": true, ""n_runs"": 20, ""eligibility"": ""NO_CONCLUSION""}, {""value"": 0.125, ""strategy_id"": ""S2"", ""mean_fill"": 0.9940649650122214, ""p_meet"": 0.9, ""mean_cost"": 23994916.828207314, ""mcse_cost"": 16635.853025367178, ""mean_shortage_days"": 14.351964676889372, ""mean_cost_per_unit"": 19.18552752329585, ""capacity_utilization"": 6253423.75, ""feasible"": true, ""n_runs"": 20, ""eligibility"": ""NO_CONCLUSION""}, {""value"": 0.14250000000000002, ""strategy_id"": ""S2"", ""mean_fill"": 0.9940626328686539, ""p_meet"": 0.9, ""mean_cost"": 23994115.562988464, ""mcse_cost"": 16639.722027713102, ""mean_shortage_days"": 14.591997535596931, ""mean_cost_per_unit"": 19.184930686899428, ""capacity_utilization"": 6253409.15, ""feasible"": true, ""n_runs"": 20, ""eligibility"": ""NO_CONCLUSION""}, {""value"": 0.15125, ""strategy_id"": ""S2"", ""mean_fill"": 0.994273668759862, ""p_meet"": 0.9, ""mean_cost"": 23993187.577981163, ""mcse_cost"": 16610.69411993928, ""mean_shortage_days"": 14.131934556407447, ""mean_cost_per_unit"": 19.17861507257691, ""capacity_utilization"": 6255270.95, ""feasible"": true, ""n_runs"": 20, ""eligibility"": ""NO_CONCLUSION""}]",bisection over 5 steps on 20 paired runs,0.15125,0.16
S2,sodium_bicarbonate_8_4_50ml,supplier_concentration,global.supplier_disruptions_per_supplier_year,0.05,0.2,0.6,True,False,0.52265625,feasible_below,"[{""value"": 0.05, ""strategy_id"": ""S2"", ""mean_fill"": 0.9944092920196596, ""p_meet"": 0.9, ""mean_cost"": 24011011.8815551, ""mcse_cost"": 15076.005303867069, ""mean_shortage_days"": 13.841894852135818, ""mean_cost_per_unit"": 19.189599392943578, ""capacity_utilization"": 6256256.65, ""feasible"": true, ""n_runs"": 20, ""eligibility"": ""NO_CONCLUSION""}, {""value"": 0.6, ""strategy_id"": ""S2"", ""mean_fill"": 0.9922708919430843, ""p_meet"": 0.8, ""mean_cost"": 24004184.56363064, ""mcse_cost"": 14068.710298128948, ""mean_shortage_days"": 17.322371303395396, ""mean_cost_per_unit"": 19.22368988265942, ""capacity_utilization"": 6243460.6, ""feasible"": false, ""n_runs"": 20, ""eligibility"": ""NO_CONCLUSION""}, {""value"": 0.325, ""strategy_id"": ""S2"", ""mean_fill"": 0.9929142837566467, ""p_meet"": 0.9, ""mean_cost"": 24005722.70714296, ""mcse_cost"": 14288.111250972193, ""mean_shortage_days"": 17.38237951807229, ""mean_cost_per_unit"": 19.21702606895463, ""capacity_utilization"": 6245910.3, ""feasible"": true, ""n_runs"": 20, ""eligibility"": ""NO_CONCLUSION""}, {""value"": 0.4625, ""strategy_id"": ""S2"", ""mean_fill"": 0.9932267951792422, ""p_meet"": 0.9, ""mean_cost"": 24009110.87110462, ""mcse_cost"": 14269.248119413289, ""mean_shortage_days"": 15.952183734939757, ""mean_cost_per_unit"": 19.211194549736977, ""capacity_utilization"": 6248762.15, ""feasible"": true, ""n_runs"": 20, ""eligibility"": ""NO_CONCLUSION""}, {""value"": 0.53125, ""strategy_id"": ""S2"", ""mean_fill"": 0.9927204650072365, ""p_meet"": 0.85, ""mean_cost"": 24008456.75871325, ""mcse_cost"": 14495.518385722045, ""mean_shortage_days"": 16.75229326396495, ""mean_cost_per_unit"": 19.22051303040258, ""capacity_utilization"": 6245626.05, ""feasible"": false, ""n_runs"": 20, ""eligibility"": ""NO_CONCLUSION""}, {""value"": 0.496875, ""strategy_id"": ""S2"", ""mean_fill"": 0.9931675454245763, ""p_meet"": 0.9, ""mean_cost"": 24009713.02299371, ""mcse_cost"": 14520.63709693839, ""mean_shortage_days"": 15.872172782037243, ""mean_cost_per_unit"": 19.21281488641874, ""capacity_utilization"": 6248398.75, ""feasible"": true, ""n_runs"": 20, ""eligibility"": ""NO_CONCLUSION""}, {""value"": 0.5140625, ""strategy_id"": ""S2"", ""mean_fill"": 0.9931675454245763, ""p_meet"": 0.9, ""mean_cost"": 24010035.561783083, ""mcse_cost"": 14516.45878939322, ""mean_shortage_days"": 15.862171412924425, ""mean_cost_per_unit"": 19.21307522694444, ""capacity_utilization"": 6248398.75, ""feasible"": true, ""n_runs"": 20, ""eligibility"": ""NO_CONCLUSION""}]",bisection over 5 steps on 20 paired runs,0.5140625,0.53125
S2,sodium_bicarbonate_8_4_50ml,commissioning_days,global.node_commissioning_days,365.0,730.0,1095.0,True,True,,feasible_everywhere,"[{""value"": 365.0, ""strategy_id"": ""S2"", ""mean_fill"": 0.993687221594314, ""p_meet"": 0.9, ""mean_cost"": 24006225.2281619, ""mcse_cost"": 15660.362177279774, ""mean_shortage_days"": 15.432112541073385, ""mean_cost_per_unit"": 19.199847890879546, ""capacity_utilization"": 6251622.2, ""feasible"": true, ""n_runs"": 20, ""eligibility"": ""NO_CONCLUSION""}, {""value"": 1095.0, ""strategy_id"": ""S2"", ""mean_fill"": 0.993687221594314, ""p_meet"": 0.9, ""mean_cost"": 24006225.2281619, ""mcse_cost"": 15660.362177279774, ""mean_shortage_days"": 15.432112541073385, ""mean_cost_per_unit"": 19.199847890879546, ""capacity_utilization"": 6251622.2, ""feasible"": true, ""n_runs"": 20, ""eligibility"": ""NO_CONCLUSION""}]",feasibility does not change between 365.0 and 1095.0; no threshold inside the recorded range,,
S2,sodium_bicarbonate_8_4_50ml,activation_latency_days,global.reserved_capacity_activation_days,7.0,21.0,60.0,True,True,,feasible_everywhere,"[{""value"": 7.0, ""strategy_id"": ""S2"", ""mean_fill"": 0.993687221594314, ""p_meet"": 0.9, ""mean_cost"": 24006225.2281619, ""mcse_cost"": 15660.362177279774, ""mean_shortage_days"": 15.432112541073385, ""mean_cost_per_unit"": 19.199847890879546, ""capacity_utilization"": 6251622.2, ""feasible"": true, ""n_runs"": 20, ""eligibility"": ""NO_CONCLUSION""}, {""value"": 60.0, ""strategy_id"": ""S2"", ""mean_fill"": 0.993687221594314, ""p_meet"": 0.9, ""mean_cost"": 24006225.2281619, ""mcse_cost"": 15660.362177279774, ""mean_shortage_days"": 15.432112541073385, ""mean_cost_per_unit"": 19.199847890879546, ""capacity_utilization"": 6251622.2, ""feasible"": true, ""n_runs"": 20, ""eligibility"": ""NO_CONCLUSION""}]",feasibility does not change between 7.0 and 60.0; no threshold inside the recorded range,,
S2,sodium_bicarbonate_8_4_50ml,node_capital,product.capital_usd_per_site,15000000.0,40000000.0,100000000.0,True,True,,feasible_everywhere,"[{""value"": 15000000.0, ""strategy_id"": ""S2"", ""mean_fill"": 0.993687221594314, ""p_meet"": 0.9, ""mean_cost"": 16115573.487314275, ""mcse_cost"": 15660.362177279774, ""mean_shortage_days"": 15.432112541073385, ""mean_cost_per_unit"": 12.888828931037887, ""capacity_utilization"": 6251622.2, ""feasible"": true, ""n_runs"": 20, ""eligibility"": ""NO_CONCLUSION""}, {""value"": 100000000.0, ""strategy_id"": ""S2"", ""mean_fill"": 0.993687221594314, ""p_meet"": 0.9, ""mean_cost"": 42943789.40619402, ""mcse_cost"": 15660.362177279816, ""mean_shortage_days"": 15.432112541073385, ""mean_cost_per_unit"": 34.34629339449779, ""capacity_utilization"": 6251622.2, ""feasible"": true, ""n_runs"": 20, ""eligibility"": ""NO_CONCLUSION""}]",feasibility does not change between 15000000.0 and 100000000.0; no threshold inside the recorded range,,
S2,sodium_bicarbonate_8_4_50ml,batches_per_site_year,product.batches_per_site_year_nominal,30.0,45.0,70.0,False,True,43.125,feasible_above,"[{""value"": 30.0, ""strategy_id"": ""S2"", ""mean_fill"": 0.8697103523641914, ""p_meet"": 0.0, ""mean_cost"": 23539953.304535706, ""mcse_cost"": 25072.540143932954, ""mean_shortage_days"": 239.17274096385546, ""mean_cost_per_unit"": 21.57985799776106, ""capacity_utilization"": 5463668.9, ""feasible"": false, ""n_runs"": 20, ""eligibility"": ""NO_CONCLUSION""}, {""value"": 70.0, ""strategy_id"": ""S2"", ""mean_fill"": 0.9986543441910222, ""p_meet"": 1.0, ""mean_cost"": 24120623.607901745, ""mcse_cost"": 15898.69394197367, ""mean_shortage_days"": 4.260583242059146, ""mean_cost_per_unit"": 19.212043625600405, ""capacity_utilization"": 6277543.15, ""feasible"": true, ""n_runs"": 20, ""eligibility"": ""NO_CONCLUSION""}, {""value"": 50.0, ""strategy_id"": ""S2"", ""mean_fill"": 0.9956278081483573, ""p_meet"": 0.95, ""mean_cost"": 24047464.04519362, ""mcse_cost"": 15880.024868550134, ""mean_shortage_days"": 10.821481380065714, ""mean_cost_per_unit"": 19.20207934301684, ""capacity_utilization"": 6261776.3, ""feasible"": true, ""n_runs"": 20, ""eligibility"": ""NO_CONCLUSION""}, {""value"": 40.0, ""strategy_id"": ""S2"", ""mean_fill"": 0.9898770583929697, ""p_meet"": 0.65, ""mean_cost"": 23966683.958959255, ""mcse_cost"": 15529.540435275203, ""mean_shortage_days"": 21.993010679079955, ""mean_cost_per_unit"": 19.248788912928873, ""capacity_utilization"": 6225769.3, ""feasible"": false, ""n_runs"": 20, ""eligibility"": ""NO_CONCLUSION""}, {""value"": 45.0, ""strategy_id"": ""S2"", ""mean_fill"": 0.993687221594314, ""p_meet"": 0.9, ""mean_cost"": 24006225.2281619, ""mcse_cost"": 15660.362177279774, ""mean_shortage_days"": 15.432112541073385, ""mean_cost_per_unit"": 19.199847890879546, ""capacity_utilization"": 6251622.2, ""feasible"": true, ""n_runs"": 20, ""eligibility"": ""NO_CONCLUSION""}, {""value"": 42.5, ""strategy_id"": ""S2"", ""mean_fill"": 0.9903481715157169, ""p_meet"": 0.75, ""mean_cost"": 23969603.36124474, ""mcse_cost"": 15477.702630631411, ""mean_shortage_days"": 21.622960021905804, ""mean_cost_per_unit"": 19.24585787042121, ""capacity_utilization"": 6227360.1, ""feasible"": false, ""n_runs"": 20, ""eligibility"": ""NO_CONCLUSION""}, {""value"": 43.75, ""strategy_id"": ""S2"", ""mean_fill"": 0.9937591572966691, ""p_meet"": 0.9, ""mean_cost"": 24005799.886979565, ""mcse_cost"": 15952.359646118899, ""mean_shortage_days"": 16.09220290251917, ""mean_cost_per_unit"": 19.198841940449164, ""capacity_utilization"": 6251834.5, ""feasible"": true, ""n_runs"": 20, ""eligibility"": ""NO_CONCLUSION""}]",bisection over 5 steps on 20 paired runs,42.5,43.75
S2,sodium_bicarbonate_8_4_50ml,changeover_burden,product.changeover_days,1.0,3.0,10.0,True,False,3.390625,feasible_below,"[{""value"": 1.0, ""strategy_id"": ""S2"", ""mean_fill"": 0.994541300481497, ""p_meet"": 0.95, ""mean_cost"": 24012207.67866099, ""mcse_cost"": 15376.05571458799, ""mean_shortage_days"": 15.432112541073385, ""mean_cost_per_unit"": 19.18916650796599, ""capacity_utilization"": 6256685.65, ""feasible"": true, ""n_runs"": 20, ""eligibility"": ""NO_CONCLUSION""}, {""value"": 10.0, ""strategy_id"": ""S2"", ""mean_fill"": 0.9739170396457816, ""p_meet"": 0.25, ""mean_cost"": 23853987.5589483, ""mcse_cost"": 14914.414895376407, ""mean_shortage_days"": 61.78845837897042, ""mean_cost_per_unit"": 19.470461253360305, ""capacity_utilization"": 6127217.25, ""feasible"": false, ""n_runs"": 20, ""eligibility"": ""NO_CONCLUSION""}, {""value"": 5.5, ""strategy_id"": ""S2"", ""mean_fill"": 0.993497602141327, ""p_meet"": 0.75, ""mean_cost"": 24004226.3937185, ""mcse_cost"": 15470.024993025794, ""mean_shortage_days"": 16.112205640744797, ""mean_cost_per_unit"": 19.20177375931134, ""capacity_utilization"": 6250418.25, ""feasible"": false, ""n_runs"": 20, ""eligibility"": ""NO_CONCLUSION""}, {""value"": 3.25, ""strategy_id"": ""S2"", ""mean_fill"": 0.993687221594314, ""p_meet"": 0.9, ""mean_cost"": 24006225.2281619, ""mcse_cost"": 15660.362177279774, ""mean_shortage_days"": 15.432112541073385, ""mean_cost_per_unit"": 19.199847890879546, ""capacity_utilization"": 6251622.2, ""feasible"": true, ""n_runs"": 20, ""eligibility"": ""NO_CONCLUSION""}, {""value"": 4.375, ""strategy_id"": ""S2"", ""mean_fill"": 0.9930018706404875, ""p_meet"": 0.75, ""mean_cost"": 24004460.229982764, ""mcse_cost"": 16148.296871369046, ""mean_shortage_days"": 16.61227409638554, ""mean_cost_per_unit"": 19.213805430773164, ""capacity_utilization"": 6246741.5, ""feasible"": false, ""n_runs"": 20, ""eligibility"": ""NO_CONCLUSION""}, {""value"": 3.8125, ""strategy_id"": ""S2"", ""mean_fill"": 0.9930018706404875, ""p_meet"": 0.75, ""mean_cost"": 24004460.229982764, ""mcse_cost"": 16148.296871369046, ""mean_shortage_days"": 16.61227409638554, ""mean_cost_per_unit"": 19.213805430773164, ""capacity_utilization"": 6246741.5, ""feasible"": false, ""n_runs"": 20, ""eligibility"": ""NO_CONCLUSION""}, {""value"": 3.53125, ""strategy_id"": ""S2"", ""mean_fill"": 0.9930018706404875, ""p_meet"": 0.75, ""mean_cost"": 24004460.229982764, ""mcse_cost"": 16148.296871369046, ""mean_shortage_days"": 16.61227409638554, ""mean_cost_per_unit"": 19.213805430773164, ""capacity_utilization"": 6246741.5, ""feasible"": false, ""n_runs"": 20, ""eligibility"": ""NO_CONCLUSION""}]",bisection over 5 steps on 20 paired runs,3.25,3.53125
S3,sodium_bicarbonate_8_4_50ml,capacity_utilization,product.annual_demand_units,600000.0,1200000.0,2400000.0,True,False,796875.0,feasible_below,"[{""value"": 600000.0, ""strategy_id"": ""S3"", ""mean_fill"": 0.9948245983031692, ""p_meet"": 0.95, ""mean_cost"": 19734632.65152803, ""mcse_cost"": 7231.237086240044, ""mean_shortage_days"": 14.872035870755749, ""mean_cost_per_unit"": 31.562700577610883, ""capacity_utilization"": 3126272.4, ""feasible"": true, ""n_runs"": 20, ""eligibility"": ""NO_CONCLUSION""}, {""value"": 2400000.0, ""strategy_id"": ""S3"", ""mean_fill"": 0.8551095607954771, ""p_meet"": 0.0, ""mean_cost"": 23923257.80032333, ""mcse_cost"": 43679.15422779549, ""mean_shortage_days"": 253.8547508214677, ""mean_cost_per_unit"": 11.147896351442586, ""capacity_utilization"": 10740714.4, ""feasible"": false, ""n_runs"": 20, ""eligibility"": ""NO_CONCLUSION""}, {""value"": 1500000.0, ""strategy_id"": ""S3"", ""mean_fill"": 0.9949938870025207, ""p_meet"": 0.85, ""mean_cost"": 22223839.12697303, ""mcse_cost"": 13583.572705848806, ""mean_shortage_days"": 23.813259857612262, ""mean_cost_per_unit"": 14.216400961494449, ""capacity_utilization"": 7816283.7, ""feasible"": false, ""n_runs"": 20, ""eligibility"": ""NO_CONCLUSION""}, {""value"": 1050000.0, ""strategy_id"": ""S3"", ""mean_fill"": 0.9933415140948856, ""p_meet"": 0.8, ""mean_cost"": 20989955.630204204, ""mcse_cost"": 9980.976863904772, ""mean_shortage_days"": 24.073295454545455, ""mean_cost_per_unit"": 19.217188696058322, ""capacity_utilization"": 5461196.3, ""feasible"": false, ""n_runs"": 20, ""eligibility"": ""NO_CONCLUSION""}, {""value"": 825000.0, ""strategy_id"": ""S3"", ""mean_fill"": 0.990330351662806, ""p_meet"": 0.55, ""mean_cost"": 20349040.02495067, ""mcse_cost"": 8990.831519515124, ""mean_shortage_days"": 26.783666484118292, ""mean_cost_per_unit"": 23.778870755852434, ""capacity_utilization"": 4278924.5, ""feasible"": false, ""n_runs"": 20, ""eligibility"": ""NO_CONCLUSION""}, {""value"": 712500.0, ""strategy_id"": ""S3"", ""mean_fill"": 0.9953103301528203, ""p_meet"": 0.9, ""mean_cost"": 20043618.524268102, ""mcse_cost"": 7039.810070923603, ""mean_shortage_days"": 16.182215224534502, ""mean_cost_per_unit"": 26.983095712315997, ""capacity_utilization"": 3714036.95, ""feasible"": true, ""n_runs"": 20, ""eligibility"": ""NO_CONCLUSION""}, {""value"": 768750.0, ""strategy_id"": ""S3"", ""mean_fill"": 0.9938145284372355, ""p_meet"": 0.9, ""mean_cost"": 20199471.355674766, ""mcse_cost"": 9800.626042898411, ""mean_shortage_days"": 20.59281900328587, ""mean_cost_per_unit"": 25.242042290433712, ""capacity_utilization"": 4001167.6, ""feasible"": true, ""n_runs"": 20, ""eligibility"": ""NO_CONCLUSION""}]",bisection over 5 steps on 20 paired runs,768750.0,825000.0
S3,sodium_bicarbonate_8_4_50ml,fixed_qa_labor_per_node,product.fixed_qa_labor_usd_per_site_year,1500000.0,3000000.0,6000000.0,True,True,,feasible_everywhere,"[{""value"": 1500000.0, ""strategy_id"": ""S3"", ""mean_fill"": 0.9954393240762947, ""p_meet"": 0.95, ""mean_cost"": 18213789.843817975, ""mcse_cost"": 13046.232288487661, ""mean_shortage_days"": 20.172761500547644, ""mean_cost_per_unit"": 14.555585954604302, ""capacity_utilization"": 6256589.0, ""feasible"": true, ""n_runs"": 20, ""eligibility"": ""NO_CONCLUSION""}, {""value"": 6000000.0, ""strategy_id"": ""S3"", ""mean_fill"": 0.9954393240762947, ""p_meet"": 0.95, ""mean_cost"": 27785415.131191082, ""mcse_cost"": 13046.232288487608, ""mean_shortage_days"": 20.172761500547644, ""mean_cost_per_unit"": 22.205001685026097, ""capacity_utilization"": 6256589.0, ""feasible"": true, ""n_runs"": 20, ""eligibility"": ""NO_CONCLUSION""}]",feasibility does not change between 1500000.0 and 6000000.0; no threshold inside the recorded range,,
S3,sodium_bicarbonate_8_4_50ml,release_time,global.sterility_incubation_days,14.0,14.0,18.0,True,True,,feasible_everywhere,"[{""value"": 14.0, ""strategy_id"": ""S3"", ""mean_fill"": 0.9954393240762947, ""p_meet"": 0.95, ""mean_cost"": 21404331.606276087, ""mcse_cost"": 13046.232288487481, ""mean_shortage_days"": 20.172761500547644, ""mean_cost_per_unit"": 17.105391198078568, ""capacity_utilization"": 6256589.0, ""feasible"": true, ""n_runs"": 20, ""eligibility"": ""NO_CONCLUSION""}, {""value"": 18.0, ""strategy_id"": ""S3"", ""mean_fill"": 0.9970126318655994, ""p_meet"": 1.0, ""mean_cost"": 21412625.351577554, ""mcse_cost"": 13656.952808076936, ""mean_shortage_days"": 18.292504107338445, ""mean_cost_per_unit"": 17.090205606349734, ""capacity_utilization"": 6264688.65, ""feasible"": true, ""n_runs"": 20, ""eligibility"": ""NO_CONCLUSION""}]",feasibility does not change between 14.0 and 18.0; no threshold inside the recorded range,,
S3,sodium_bicarbonate_8_4_50ml,shelf_life,product.shelf_life_months,12.0,24.0,36.0,True,True,,feasible_everywhere,"[{""value"": 12.0, ""strategy_id"": ""S3"", ""mean_fill"": 0.9954393240762947, ""p_meet"": 0.95, ""mean_cost"": 21404331.606276087, ""mcse_cost"": 13046.232288487481, ""mean_shortage_days"": 20.172761500547644, ""mean_cost_per_unit"": 17.105391198078568, ""capacity_utilization"": 6256589.0, ""feasible"": true, ""n_runs"": 20, ""eligibility"": ""NO_CONCLUSION""}, {""value"": 36.0, ""strategy_id"": ""S3"", ""mean_fill"": 0.9954393240762947, ""p_meet"": 0.95, ""mean_cost"": 21404331.606276087, ""mcse_cost"": 13046.232288487481, ""mean_shortage_days"": 20.172761500547644, ""mean_cost_per_unit"": 17.105391198078568, ""capacity_utilization"": 6256589.0, ""feasible"": true, ""n_runs"": 20, ""eligibility"": ""NO_CONCLUSION""}]",feasibility does not change between 12.0 and 36.0; no threshold inside the recorded range,,
S3,sodium_bicarbonate_8_4_50ml,raw_material_lead_time,product.material_lead_time_days,30.0,90.0,240.0,False,True,138.28125,feasible_above,"[{""value"": 30.0, ""strategy_id"": ""S3"", ""mean_fill"": 0.9934274791486619, ""p_meet"": 0.8, ""mean_cost"": 21379428.024706945, ""mcse_cost"": 13237.723058659742, ""mean_shortage_days"": 24.00328587075575, ""mean_cost_per_unit"": 17.118016634160526, ""capacity_utilization"": 6244611.75, ""feasible"": false, ""n_runs"": 20, ""eligibility"": ""NO_CONCLUSION""}, {""value"": 240.0, ""strategy_id"": ""S3"", ""mean_fill"": 0.9952290286615796, ""p_meet"": 0.9, ""mean_cost"": 21448128.633133233, ""mcse_cost"": 9220.552561252825, ""mean_shortage_days"": 19.852717688937567, ""mean_cost_per_unit"": 17.143197898765976, ""capacity_utilization"": 6255567.2, ""feasible"": true, ""n_runs"": 20, ""eligibility"": ""NO_CONCLUSION""}, {""value"": 135.0, ""strategy_id"": ""S3"", ""mean_fill"": 0.9949708163953002, ""p_meet"": 0.85, ""mean_cost"": 21416714.720824692, ""mcse_cost"": 10149.94991406294, ""mean_shortage_days"": 19.452662924424974, ""mean_cost_per_unit"": 17.12341198090945, ""capacity_utilization"": 6253523.95, ""feasible"": false, ""n_runs"": 20, ""eligibility"": ""NO_CONCLUSION""}, {""value"": 187.5, ""strategy_id"": ""S3"", ""mean_fill"": 0.9954763553284464, ""p_meet"": 0.95, ""mean_cost"": 21439978.79661087, ""mcse_cost"": 11017.939560757315, ""mean_shortage_days"": 20.05274507119386, ""mean_cost_per_unit"": 17.13244086267209, ""capacity_utilization"": 6257187.35, ""feasible"": true, ""n_runs"": 20, ""eligibility"": ""NO_CONCLUSION""}, {""value"": 161.25, ""strategy_id"": ""S3"", ""mean_fill"": 0.9951783532167136, ""p_meet"": 0.9, ""mean_cost"": 21427497.50520421, ""mcse_cost"": 10205.78017475508, ""mean_shortage_days"": 20.39279162102957, ""mean_cost_per_unit"": 17.128098589767323, ""capacity_utilization"": 6255079.4, ""feasible"": true, ""n_runs"": 20, ""eligibility"": ""NO_CONCLUSION""}, {""value"": 148.125, ""strategy_id"": ""S3"", ""mean_fill"": 0.9956286369563797, ""p_meet"": 0.95, ""mean_cost"": 21430516.774292063, ""mcse_cost"": 11709.977566735626, ""mean_shortage_days"": 20.02274096385542, ""mean_cost_per_unit"": 17.122250125903037, ""capacity_utilization"": 6258161.1, ""feasible"": true, ""n_runs"": 20, ""eligibility"": ""NO_CONCLUSION""}, {""value"": 141.5625, ""strategy_id"": ""S3"", ""mean_fill"": 0.9947145363496521, ""p_meet"": 0.9, ""mean_cost"": 21420756.093266964, ""mcse_cost"": 8404.037522150964, ""mean_shortage_days"": 20.362787513691128, ""mean_cost_per_unit"": 17.130052343748233, ""capacity_utilization"": 6252219.1, ""feasible"": true, ""n_runs"": 20, ""eligibility"": ""NO_CONCLUSION""}]",bisection over 5 steps on 20 paired runs,135.0,141.5625
S3,sodium_bicarbonate_8_4_50ml,common_cause_dependence,global.common_cause_events_per_year,0.02,0.1,0.3,True,True,,feasible_everywhere,"[{""value"": 0.02, ""strategy_id"": ""S3"", ""mean_fill"": 0.9951523348497942, ""p_meet"": 0.95, ""mean_cost"": 21411274.929769244, ""mcse_cost"": 11993.753022399005, ""mean_shortage_days"": 21.412931270536696, ""mean_cost_per_unit"": 17.114957983973973, ""capacity_utilization"": 6255109.5, ""feasible"": true, ""n_runs"": 20, ""eligibility"": ""NO_CONCLUSION""}, {""value"": 0.3, ""strategy_id"": ""S3"", ""mean_fill"": 0.9949120849452301, ""p_meet"": 0.9, ""mean_cost"": 21393595.083278604, ""mcse_cost"": 10490.46997309463, ""mean_shortage_days"": 22.40306681270537, ""mean_cost_per_unit"": 17.105335781879376, ""capacity_utilization"": 6253160.45, ""feasible"": true, ""n_runs"": 20, ""eligibility"": ""NO_CONCLUSION""}]",feasibility does not change between 0.02 and 0.3; no threshold inside the recorded range,,
S3,sodium_bicarbonate_8_4_50ml,supplier_concentration,global.supplier_disruptions_per_supplier_year,0.05,0.2,0.6,True,False,0.38515625000000003,feasible_below,"[{""value"": 0.05, ""strategy_id"": ""S3"", ""mean_fill"": 0.9952601432640336, ""p_meet"": 0.9, ""mean_cost"": 21407129.5408854, ""mcse_cost"": 11076.651136248916, ""mean_shortage_days"": 19.802710843373493, ""mean_cost_per_unit"": 17.109743540597233, ""capacity_utilization"": 6255701.05, ""feasible"": true, ""n_runs"": 20, ""eligibility"": ""NO_CONCLUSION""}, {""value"": 0.6, ""strategy_id"": ""S3"", ""mean_fill"": 0.9929371538584908, ""p_meet"": 0.75, ""mean_cost"": 21399529.824159704, ""mcse_cost"": 9607.239992383653, ""mean_shortage_days"": 24.153306407447975, ""mean_cost_per_unit"": 17.144473772633752, ""capacity_utilization"": 6241199.25, ""feasible"": false, ""n_runs"": 20, ""eligibility"": ""NO_CONCLUSION""}, {""value"": 0.325, ""strategy_id"": ""S3"", ""mean_fill"": 0.9947372316398868, ""p_meet"": 0.9, ""mean_cost"": 21399580.8401022, ""mcse_cost"": 12508.696025387106, ""mean_shortage_days"": 21.072884720700984, ""mean_cost_per_unit"": 17.114014815795564, ""capacity_utilization"": 6252105.5, ""feasible"": true, ""n_runs"": 20, ""eligibility"": ""NO_CONCLUSION""}, {""value"": 0.4625, ""strategy_id"": ""S3"", ""mean_fill"": 0.9938184007707467, ""p_meet"": 0.8, ""mean_cost"": 21398790.403882433, ""mcse_cost"": 12953.50517328407, ""mean_shortage_days"": 22.153032584884993, ""mean_cost_per_unit"": 17.130665386299764, ""capacity_utilization"": 6246013.2, ""feasible"": false, ""n_runs"": 20, ""eligibility"": ""NO_CONCLUSION""}, {""value"": 0.39375000000000004, ""strategy_id"": ""S3"", ""mean_fill"": 0.9936979634646207, ""p_meet"": 0.85, ""mean_cost"": 21393925.42771219, ""mcse_cost"": 12337.692374090102, ""mean_shortage_days"": 22.903135268346112, ""mean_cost_per_unit"": 17.12752960093972, ""capacity_utilization"": 6245643.05, ""feasible"": false, ""n_runs"": 20, ""eligibility"": ""NO_CONCLUSION""}, {""value"": 0.359375, ""strategy_id"": ""S3"", ""mean_fill"": 0.9945942236928549, ""p_meet"": 0.9, ""mean_cost"": 21395485.21756842, ""mcse_cost"": 12849.494821440197, ""mean_shortage_days"": 21.272912102957285, ""mean_cost_per_unit"": 17.113164255503197, ""capacity_utilization"": 6251204.55, ""feasible"": true, ""n_runs"": 20, ""eligibility"": ""NO_CONCLUSION""}, {""value"": 0.3765625, ""strategy_id"": ""S3"", ""mean_fill"": 0.9947921185459204, ""p_meet"": 0.9, ""mean_cost"": 21397418.221623875, ""mcse_cost"": 12481.828500668888, ""mean_shortage_days"": 20.93286555312158, ""mean_cost_per_unit"": 17.111305738042237, ""capacity_utilization"": 6252448.05, ""feasible"": true, ""n_runs"": 20, ""eligibility"": ""NO_CONCLUSION""}]",bisection over 5 steps on 20 paired runs,0.3765625,0.39375000000000004
S3,sodium_bicarbonate_8_4_50ml,commissioning_days,global.node_commissioning_days,365.0,730.0,1095.0,True,True,,feasible_everywhere,"[{""value"": 365.0, ""strategy_id"": ""S3"", ""mean_fill"": 0.9954393240762947, ""p_meet"": 0.95, ""mean_cost"": 21404331.606276087, ""mcse_cost"": 13046.232288487481, ""mean_shortage_days"": 20.172761500547644, ""mean_cost_per_unit"": 17.105391198078568, ""capacity_utilization"": 6256589.0, ""feasible"": true, ""n_runs"": 20, ""eligibility"": ""NO_CONCLUSION""}, {""value"": 1095.0, ""strategy_id"": ""S3"", ""mean_fill"": 0.9954393240762947, ""p_meet"": 0.95, ""mean_cost"": 21404331.606276087, ""mcse_cost"": 13046.232288487481, ""mean_shortage_days"": 20.172761500547644, ""mean_cost_per_unit"": 17.105391198078568, ""capacity_utilization"": 6256589.0, ""feasible"": true, ""n_runs"": 20, ""eligibility"": ""NO_CONCLUSION""}]",feasibility does not change between 365.0 and 1095.0; no threshold inside the recorded range,,
S3,sodium_bicarbonate_8_4_50ml,activation_latency_days,global.reserved_capacity_activation_days,7.0,21.0,60.0,True,False,31.015625,feasible_below,"[{""value"": 7.0, ""strategy_id"": ""S3"", ""mean_fill"": 0.9962321811781596, ""p_meet"": 1.0, ""mean_cost"": 21414701.8584194, ""mcse_cost"": 13034.668976450545, ""mean_shortage_days"": 17.742428806133624, ""mean_cost_per_unit"": 17.101299941054908, ""capacity_utilization"": 6261158.9, ""feasible"": true, ""n_runs"": 20, ""eligibility"": ""NO_CONCLUSION""}, {""value"": 60.0, ""strategy_id"": ""S3"", ""mean_fill"": 0.990022955648603, ""p_meet"": 0.65, ""mean_cost"": 21365134.227270156, ""mcse_cost"": 10833.042911266602, ""mean_shortage_days"": 28.453895125958375, ""mean_cost_per_unit"": 17.169464513915177, ""capacity_utilization"": 6221511.2, ""feasible"": false, ""n_runs"": 20, ""eligibility"": ""NO_CONCLUSION""}, {""value"": 33.5, ""strategy_id"": ""S3"", ""mean_fill"": 0.9943935811344164, ""p_meet"": 0.85, ""mean_cost"": 21389788.453792524, ""mcse_cost"": 12190.835680695733, ""mean_shortage_days"": 23.0331530668127, ""mean_cost_per_unit"": 17.112472260199276, ""capacity_utilization"": 6249852.2, ""feasible"": false, ""n_runs"": 20, ""eligibility"": ""NO_CONCLUSION""}, {""value"": 20.25, ""strategy_id"": ""S3"", ""mean_fill"": 0.9958288023427991, ""p_meet"": 0.95, ""mean_cost"": 21409777.92760311, ""mcse_cost"": 12275.64217634629, ""mean_shortage_days"": 19.352649233296823, ""mean_cost_per_unit"": 17.103150404784067, ""capacity_utilization"": 6259185.6, ""feasible"": true, ""n_runs"": 20, ""eligibility"": ""NO_CONCLUSION""}, {""value"": 26.875, ""strategy_id"": ""S3"", ""mean_fill"": 0.9951237408118061, ""p_meet"": 0.9, ""mean_cost"": 21403194.182867143, ""mcse_cost"": 10977.611781775171, ""mean_shortage_days"": 20.282776560788612, ""mean_cost_per_unit"": 17.11252664172718, ""capacity_utilization"": 6253829.0, ""feasible"": true, ""n_runs"": 20, ""eligibility"": ""NO_CONCLUSION""}, {""value"": 30.1875, ""strategy_id"": ""S3"", ""mean_fill"": 0.9957611807341834, ""p_meet"": 0.9, ""mean_cost"": 21399137.39996162, ""mcse_cost"": 9811.361381910636, ""mean_shortage_days"": 22.133029846659362, ""mean_cost_per_unit"": 17.097974613449637, ""capacity_utilization"": 6257748.2, ""feasible"": true, ""n_runs"": 20, ""eligibility"": ""NO_CONCLUSION""}, {""value"": 31.84375, ""strategy_id"": ""S3"", ""mean_fill"": 0.9937175138489938, ""p_meet"": 0.85, ""mean_cost"": 21395837.898623876, ""mcse_cost"": 10809.419055695722, ""mean_shortage_days"": 23.643236582694414, ""mean_cost_per_unit"": 17.129426986758094, ""capacity_utilization"": 6245230.05, ""feasible"": false, ""n_runs"": 20, ""eligibility"": ""NO_CONCLUSION""}]",bisection over 5 steps on 20 paired runs,30.1875,31.84375
S3,sodium_bicarbonate_8_4_50ml,node_capital,product.capital_usd_per_site,15000000.0,40000000.0,100000000.0,True,True,,feasible_everywhere,"[{""value"": 15000000.0, ""strategy_id"": ""S3"", ""mean_fill"": 0.9954393240762947, ""p_meet"": 0.95, ""mean_cost"": 14747931.669328963, ""mcse_cost"": 13046.232288487547, ""mean_shortage_days"": 20.172761500547644, ""mean_cost_per_unit"": 11.785754369750933, ""capacity_utilization"": 6256589.0, ""feasible"": true, ""n_runs"": 20, ""eligibility"": ""NO_CONCLUSION""}, {""value"": 100000000.0, ""strategy_id"": ""S3"", ""mean_fill"": 0.9954393240762947, ""p_meet"": 0.95, ""mean_cost"": 37379691.45494833, ""mcse_cost"": 13046.232288487485, ""mean_shortage_days"": 20.172761500547644, ""mean_cost_per_unit"": 29.872519586064193, ""capacity_utilization"": 6256589.0, ""feasible"": true, ""n_runs"": 20, ""eligibility"": ""NO_CONCLUSION""}]",feasibility does not change between 15000000.0 and 100000000.0; no threshold inside the recorded range,,
S3,sodium_bicarbonate_8_4_50ml,batches_per_site_year,product.batches_per_site_year_nominal,30.0,45.0,70.0,False,False,,infeasible_everywhere,"[{""value"": 30.0, ""strategy_id"": ""S3"", ""mean_fill"": 0.9939721991953039, ""p_meet"": 0.8, ""mean_cost"": 21377387.66249494, ""mcse_cost"": 11812.657751947942, ""mean_shortage_days"": 27.39375, ""mean_cost_per_unit"": 17.11051976624812, ""capacity_utilization"": 6246730.65, ""feasible"": false, ""n_runs"": 20, ""eligibility"": ""NO_CONCLUSION""}, {""value"": 70.0, ""strategy_id"": ""S3"", ""mean_fill"": 0.9945354309811172, ""p_meet"": 0.85, ""mean_cost"": 21401605.950608816, ""mcse_cost"": 11944.09738808518, ""mean_shortage_days"": 20.24277108433735, ""mean_cost_per_unit"": 17.12001111129893, ""capacity_utilization"": 6250415.15, ""feasible"": false, ""n_runs"": 20, ""eligibility"": ""NO_CONCLUSION""}]",feasibility does not change between 30.0 and 70.0; no threshold inside the recorded range,,
S3,sodium_bicarbonate_8_4_50ml,changeover_burden,product.changeover_days,1.0,3.0,10.0,True,False,4.515625,feasible_below,"[{""value"": 1.0, ""strategy_id"": ""S3"", ""mean_fill"": 0.996445389348241, ""p_meet"": 1.0, ""mean_cost"": 21415321.113531224, ""mcse_cost"": 11846.07536621115, ""mean_shortage_days"": 16.832304216867474, ""mean_cost_per_unit"": 17.09811865778313, ""capacity_utilization"": 6262472.05, ""feasible"": true, ""n_runs"": 20, ""eligibility"": ""NO_CONCLUSION""}, {""value"": 10.0, ""strategy_id"": ""S3"", ""mean_fill"": 0.9764535563483598, ""p_meet"": 0.3, ""mean_cost"": 21285949.46968115, ""mcse_cost"": 12263.53074301485, ""mean_shortage_days"": 86.00177300109529, ""mean_cost_per_unit"": 17.353640427310573, ""capacity_utilization"": 6133504.75, ""feasible"": false, ""n_runs"": 20, ""eligibility"": ""NO_CONCLUSION""}, {""value"": 5.5, ""strategy_id"": ""S3"", ""mean_fill"": 0.9942732320440186, ""p_meet"": 0.85, ""mean_cost"": 21386616.14770946, ""mcse_cost"": 11443.887590291733, ""mean_shortage_days"": 23.483214676889375, ""mean_cost_per_unit"": 17.113390048279506, ""capacity_utilization"": 6248608.55, ""feasible"": false, ""n_runs"": 20, ""eligibility"": ""NO_CONCLUSION""}, {""value"": 3.25, ""strategy_id"": ""S3"", ""mean_fill"": 0.9954393240762947, ""p_meet"": 0.95, ""mean_cost"": 21404331.606276087, ""mcse_cost"": 13046.232288487481, ""mean_shortage_days"": 20.172761500547644, ""mean_cost_per_unit"": 17.105391198078568, ""capacity_utilization"": 6256589.0, ""feasible"": true, ""n_runs"": 20, ""eligibility"": ""NO_CONCLUSION""}, {""value"": 4.375, ""strategy_id"": ""S3"", ""mean_fill"": 0.9954837497764446, ""p_meet"": 0.9, ""mean_cost"": 21399474.296372395, ""mcse_cost"": 9777.013415833986, ""mean_shortage_days"": 20.912862814895945, ""mean_cost_per_unit"": 17.102569326209, ""capacity_utilization"": 6256164.5, ""feasible"": true, ""n_runs"": 20, ""eligibility"": ""NO_CONCLUSION""}, {""value"": 4.9375, ""strategy_id"": ""S3"", ""mean_fill"": 0.9942732320440186, ""p_meet"": 0.85, ""mean_cost"": 21386616.14770946, ""mcse_cost"": 11443.887590291733, ""mean_shortage_days"": 23.483214676889375, ""mean_cost_per_unit"": 17.113390048279506, ""capacity_utilization"": 6248608.55, ""feasible"": false, ""n_runs"": 20, ""eligibility"": ""NO_CONCLUSION""}, {""value"": 4.65625, ""strategy_id"": ""S3"", ""mean_fill"": 0.9942732320440186, ""p_meet"": 0.85, ""mean_cost"": 21386616.14770946, ""mcse_cost"": 11443.887590291733, ""mean_shortage_days"": 23.483214676889375, ""mean_cost_per_unit"": 17.113390048279506, ""capacity_utilization"": 6248608.55, ""feasible"": false, ""n_runs"": 20, ""eligibility"": ""NO_CONCLUSION""}]",bisection over 5 steps on 20 paired runs,4.375,4.65625
S4,sodium_bicarbonate_8_4_50ml,capacity_utilization,product.annual_demand_units,600000.0,1200000.0,2400000.0,False,False,,infeasible_everywhere,"[{""value"": 600000.0, ""strategy_id"": ""S4"", ""mean_fill"": 0.9962557659474598, ""p_meet"": 0.85, ""mean_cost"": 37758845.52110632, ""mcse_cost"": 7255.067646403347, ""mean_shortage_days"": 8.721193866374588, ""mean_cost_per_unit"": 60.30191659274036, ""capacity_utilization"": 3130948.95, ""feasible"": false, ""n_runs"": 20, ""eligibility"": ""NO_CONCLUSION""}, {""value"": 2400000.0, ""strategy_id"": ""S4"", ""mean_fill"": 0.901620541898461, ""p_meet"": 0.0, ""mean_cost"": 41991801.706725895, ""mcse_cost"": 22491.809353829416, ""mean_shortage_days"": 87.79201807228917, ""mean_cost_per_unit"": 18.506409192475793, ""capacity_utilization"": 11345972.0, ""feasible"": false, ""n_runs"": 20, ""eligibility"": ""NO_CONCLUSION""}]",feasibility does not change between 600000.0 and 2400000.0; no threshold inside the recorded range,,
S4,sodium_bicarbonate_8_4_50ml,fixed_qa_labor_per_node,product.fixed_qa_labor_usd_per_site_year,1500000.0,3000000.0,6000000.0,False,False,,infeasible_everywhere,"[{""value"": 1500000.0, ""strategy_id"": ""S4"", ""mean_fill"": 0.9903713688270086, ""p_meet"": 0.7, ""mean_cost"": 33687278.77926201, ""mcse_cost"": 16774.257480758275, ""mean_shortage_days"": 25.813533680175244, ""mean_cost_per_unit"": 27.039338512746617, ""capacity_utilization"": 6229767.35, ""feasible"": false, ""n_runs"": 20, ""eligibility"": ""NO_CONCLUSION""}, {""value"": 6000000.0, ""strategy_id"": ""S4"", ""mean_fill"": 0.9903713688270086, ""p_meet"": 0.7, ""mean_cost"": 50860256.13148297, ""mcse_cost"": 16774.257480758268, ""mean_shortage_days"": 25.813533680175244, ""mean_cost_per_unit"": 40.8237406853217, ""capacity_utilization"": 6229767.35, ""feasible"": false, ""n_runs"": 20, ""eligibility"": ""NO_CONCLUSION""}]",feasibility does not change between 1500000.0 and 6000000.0; no threshold inside the recorded range,,
S4,sodium_bicarbonate_8_4_50ml,release_time,global.sterility_incubation_days,14.0,14.0,18.0,False,False,,infeasible_everywhere,"[{""value"": 14.0, ""strategy_id"": ""S4"", ""mean_fill"": 0.9903713688270086, ""p_meet"": 0.7, ""mean_cost"": 39411604.563335665, ""mcse_cost"": 16774.257480758268, ""mean_shortage_days"": 25.813533680175244, ""mean_cost_per_unit"": 31.634139236938307, ""capacity_utilization"": 6229767.35, ""feasible"": false, ""n_runs"": 20, ""eligibility"": ""NO_CONCLUSION""}, {""value"": 18.0, ""strategy_id"": ""S4"", ""mean_fill"": 0.988052336205431, ""p_meet"": 0.6, ""mean_cost"": 39397954.92531535, ""mcse_cost"": 17347.684530255374, ""mean_shortage_days"": 30.89422918948522, ""mean_cost_per_unit"": 31.6996885912266, ""capacity_utilization"": 6214771.15, ""feasible"": false, ""n_runs"": 20, ""eligibility"": ""NO_CONCLUSION""}]",feasibility does not change between 14.0 and 18.0; no threshold inside the recorded range,,
S4,sodium_bicarbonate_8_4_50ml,shelf_life,product.shelf_life_months,12.0,24.0,36.0,False,False,,infeasible_everywhere,"[{""value"": 12.0, ""strategy_id"": ""S4"", ""mean_fill"": 0.9903713688270086, ""p_meet"": 0.7, ""mean_cost"": 39411604.563335665, ""mcse_cost"": 16774.257480758268, ""mean_shortage_days"": 25.813533680175244, ""mean_cost_per_unit"": 31.634139236938307, ""capacity_utilization"": 6229767.35, ""feasible"": false, ""n_runs"": 20, ""eligibility"": ""NO_CONCLUSION""}, {""value"": 36.0, ""strategy_id"": ""S4"", ""mean_fill"": 0.9903713688270086, ""p_meet"": 0.7, ""mean_cost"": 39411604.563335665, ""mcse_cost"": 16774.257480758268, ""mean_shortage_days"": 25.813533680175244, ""mean_cost_per_unit"": 31.634139236938307, ""capacity_utilization"": 6229767.35, ""feasible"": false, ""n_runs"": 20, ""eligibility"": ""NO_CONCLUSION""}]",feasibility does not change between 12.0 and 36.0; no threshold inside the recorded range,,
S4,sodium_bicarbonate_8_4_50ml,raw_material_lead_time,product.material_lead_time_days,30.0,90.0,240.0,False,False,,infeasible_everywhere,"[{""value"": 30.0, ""strategy_id"": ""S4"", ""mean_fill"": 0.9884509005206319, ""p_meet"": 0.65, ""mean_cost"": 39385320.40983224, ""mcse_cost"": 17726.05824552817, ""mean_shortage_days"": 24.973418674698795, ""mean_cost_per_unit"": 31.677998038651936, ""capacity_utilization"": 6217030.85, ""feasible"": false, ""n_runs"": 20, ""eligibility"": ""NO_CONCLUSION""}, {""value"": 240.0, ""strategy_id"": ""S4"", ""mean_fill"": 0.9886288498335608, ""p_meet"": 0.7, ""mean_cost"": 39454253.451585315, ""mcse_cost"": 14508.719350054374, ""mean_shortage_days"": 26.673651423877324, ""mean_cost_per_unit"": 31.72279164633547, ""capacity_utilization"": 6218427.8, ""feasible"": false, ""n_runs"": 20, ""eligibility"": ""NO_CONCLUSION""}]",feasibility does not change between 30.0 and 240.0; no threshold inside the recorded range,,
S4,sodium_bicarbonate_8_4_50ml,common_cause_dependence,global.common_cause_events_per_year,0.02,0.1,0.3,False,False,,infeasible_everywhere,"[{""value"": 0.02, ""strategy_id"": ""S4"", ""mean_fill"": 0.9913580230515914, ""p_meet"": 0.75, ""mean_cost"": 39423064.163681164, ""mcse_cost"": 14703.866253641525, ""mean_shortage_days"": 25.483488499452356, ""mean_cost_per_unit"": 31.608123681852625, ""capacity_utilization"": 6236413.3, ""feasible"": false, ""n_runs"": 20, ""eligibility"": ""NO_CONCLUSION""}, {""value"": 0.3, ""strategy_id"": ""S4"", ""mean_fill"": 0.9830558291341186, ""p_meet"": 0.6, ""mean_cost"": 39386500.41847898, ""mcse_cost"": 18150.89719814036, ""mean_shortage_days"": 29.60405257393209, ""mean_cost_per_unit"": 31.864089027831266, ""capacity_utilization"": 6181681.15, ""feasible"": false, ""n_runs"": 20, ""eligibility"": ""NO_CONCLUSION""}]",feasibility does not change between 0.02 and 0.3; no threshold inside the recorded range,,
S4,sodium_bicarbonate_8_4_50ml,supplier_concentration,global.supplier_disruptions_per_supplier_year,0.05,0.2,0.6,False,False,,infeasible_everywhere,"[{""value"": 0.05, ""strategy_id"": ""S4"", ""mean_fill"": 0.9926239561606446, ""p_meet"": 0.8, ""mean_cost"": 39418181.93322407, ""mcse_cost"": 16219.410698100995, ""mean_shortage_days"": 23.443209200438112, ""mean_cost_per_unit"": 31.56596351744856, ""capacity_utilization"": 6244035.95, ""feasible"": false, ""n_runs"": 20, ""eligibility"": ""NO_CONCLUSION""}, {""value"": 0.6, ""strategy_id"": ""S4"", ""mean_fill"": 0.9849152318951507, ""p_meet"": 0.65, ""mean_cost"": 39397254.31520011, ""mcse_cost"": 20726.051481301576, ""mean_shortage_days"": 29.42402792990142, ""mean_cost_per_unit"": 31.803441734688683, ""capacity_utilization"": 6195862.35, ""feasible"": false, ""n_runs"": 20, ""eligibility"": ""NO_CONCLUSION""}]",feasibility does not change between 0.05 and 0.6; no threshold inside the recorded range,,
S4,sodium_bicarbonate_8_4_50ml,commissioning_days,global.node_commissioning_days,365.0,730.0,1095.0,True,False,422.03125,feasible_below,"[{""value"": 365.0, ""strategy_id"": ""S4"", ""mean_fill"": 0.9977554633652105, ""p_meet"": 1.0, ""mean_cost"": 40580176.34385476, ""mcse_cost"": 15043.754412921318, ""mean_shortage_days"": 8.251129518072288, ""mean_cost_per_unit"": 32.32862307967637, ""capacity_utilization"": 6276410.45, ""feasible"": true, ""n_runs"": 20, ""eligibility"": ""NO_CONCLUSION""}, {""value"": 1095.0, ""strategy_id"": ""S4"", ""mean_fill"": 0.982333992001948, ""p_meet"": 0.55, ""mean_cost"": 38245752.824569404, ""mcse_cost"": 18608.869861796014, ""mean_shortage_days"": 40.40553121577217, ""mean_cost_per_unit"": 30.954290098825396, ""capacity_utilization"": 6178983.6, ""feasible"": false, ""n_runs"": 20, ""eligibility"": ""NO_CONCLUSION""}, {""value"": 730.0, ""strategy_id"": ""S4"", ""mean_fill"": 0.9903713688270086, ""p_meet"": 0.7, ""mean_cost"": 39411604.563335665, ""mcse_cost"": 16774.257480758268, ""mean_shortage_days"": 25.813533680175244, ""mean_cost_per_unit"": 31.634139236938307, ""capacity_utilization"": 6229767.35, ""feasible"": false, ""n_runs"": 20, ""eligibility"": ""NO_CONCLUSION""}, {""value"": 547.5, ""strategy_id"": ""S4"", ""mean_fill"": 0.9923350008350594, ""p_meet"": 0.75, ""mean_cost"": 39992018.47454329, ""mcse_cost"": 16474.248465096418, ""mean_shortage_days"": 20.10275191675794, ""mean_cost_per_unit"": 32.03439994774924, ""capacity_utilization"": 6242201.15, ""feasible"": false, ""n_runs"": 20, ""eligibility"": ""NO_CONCLUSION""}, {""value"": 456.25, ""strategy_id"": ""S4"", ""mean_fill"": 0.9932573914753036, ""p_meet"": 0.85, ""mean_cost"": 40281834.43678473, ""mcse_cost"": 15988.793941315987, ""mean_shortage_days"": 16.43224945235487, ""mean_cost_per_unit"": 32.23649065647801, ""capacity_utilization"": 6248008.75, ""feasible"": false, ""n_runs"": 20, ""eligibility"": ""NO_CONCLUSION""}, {""value"": 410.625, ""strategy_id"": ""S4"", ""mean_fill"": 0.9946901720968837, ""p_meet"": 0.9, ""mean_cost"": 40428944.76947343, ""mcse_cost"": 16760.432838123834, ""mean_shortage_days"": 13.281818181818181, ""mean_cost_per_unit"": 32.30736428336211, ""capacity_utilization"": 6257086.65, ""feasible"": true, ""n_runs"": 20, ""eligibility"": ""NO_CONCLUSION""}, {""value"": 433.4375, ""strategy_id"": ""S4"", ""mean_fill"": 0.9936907021376363, ""p_meet"": 0.85, ""mean_cost"": 40355060.753616095, ""mcse_cost"": 15951.689916433932, ""mean_shortage_days"": 14.612000273822563, ""mean_cost_per_unit"": 32.28103689876805, ""capacity_utilization"": 6250759.75, ""feasible"": false, ""n_runs"": 20, ""eligibility"": ""NO_CONCLUSION""}]",bisection over 5 steps on 20 paired runs,410.625,433.4375
S4,sodium_bicarbonate_8_4_50ml,activation_latency_days,global.reserved_capacity_activation_days,7.0,21.0,60.0,False,False,,infeasible_everywhere,"[{""value"": 7.0, ""strategy_id"": ""S4"", ""mean_fill"": 0.9903713688270086, ""p_meet"": 0.7, ""mean_cost"": 39411604.563335665, ""mcse_cost"": 16774.257480758268, ""mean_shortage_days"": 25.813533680175244, ""mean_cost_per_unit"": 31.634139236938307, ""capacity_utilization"": 6229767.35, ""feasible"": false, ""n_runs"": 20, ""eligibility"": ""NO_CONCLUSION""}, {""value"": 60.0, ""strategy_id"": ""S4"", ""mean_fill"": 0.9903713688270086, ""p_meet"": 0.7, ""mean_cost"": 39411604.563335665, ""mcse_cost"": 16774.257480758268, ""mean_shortage_days"": 25.813533680175244, ""mean_cost_per_unit"": 31.634139236938307, ""capacity_utilization"": 6229767.35, ""feasible"": false, ""n_runs"": 20, ""eligibility"": ""NO_CONCLUSION""}]",feasibility does not change between 7.0 and 60.0; no threshold inside the recorded range,,
S4,sodium_bicarbonate_8_4_50ml,node_capital,product.capital_usd_per_site,15000000.0,40000000.0,100000000.0,False,False,,infeasible_everywhere,"[{""value"": 15000000.0, ""strategy_id"": ""S4"", ""mean_fill"": 0.9903713688270086, ""p_meet"": 0.7, ""mean_cost"": 25310838.162076887, ""mcse_cost"": 16774.257480758355, ""mean_shortage_days"": 25.813533680175244, ""mean_cost_per_unit"": 20.315738762174526, ""capacity_utilization"": 6229767.35, ""feasible"": false, ""n_runs"": 20, ""eligibility"": ""NO_CONCLUSION""}, {""value"": 100000000.0, ""strategy_id"": ""S4"", ""mean_fill"": 0.9903713688270086, ""p_meet"": 0.7, ""mean_cost"": 73253443.92635247, ""mcse_cost"": 16774.257480758595, ""mean_shortage_days"": 25.813533680175244, ""mean_cost_per_unit"": 58.79830037636797, ""capacity_utilization"": 6229767.35, ""feasible"": false, ""n_runs"": 20, ""eligibility"": ""NO_CONCLUSION""}]",feasibility does not change between 15000000.0 and 100000000.0; no threshold inside the recorded range,,
S4,sodium_bicarbonate_8_4_50ml,batches_per_site_year,product.batches_per_site_year_nominal,30.0,45.0,70.0,False,False,,infeasible_everywhere,"[{""value"": 30.0, ""strategy_id"": ""S4"", ""mean_fill"": 0.9798617332062479, ""p_meet"": 0.25, ""mean_cost"": 39279831.91669212, ""mcse_cost"": 13619.552174625855, ""mean_shortage_days"": 28.77393893756846, ""mean_cost_per_unit"": 31.86651198720471, ""capacity_utilization"": 6163965.4, ""feasible"": false, ""n_runs"": 20, ""eligibility"": ""NO_CONCLUSION""}, {""value"": 70.0, ""strategy_id"": ""S4"", ""mean_fill"": 0.9912679258975061, ""p_meet"": 0.8, ""mean_cost"": 39484390.37037035, ""mcse_cost"": 15955.406571049432, ""mean_shortage_days"": 18.072473986856515, ""mean_cost_per_unit"": 31.6928554872541, ""capacity_utilization"": 6229744.45, ""feasible"": false, ""n_runs"": 20, ""eligibility"": ""NO_CONCLUSION""}]",feasibility does not change between 30.0 and 70.0; no threshold inside the recorded range,,
S4,sodium_bicarbonate_8_4_50ml,changeover_burden,product.changeover_days,1.0,3.0,10.0,False,False,,infeasible_everywhere,"[{""value"": 1.0, ""strategy_id"": ""S4"", ""mean_fill"": 0.9929771319734575, ""p_meet"": 0.8, ""mean_cost"": 39433059.259918734, ""mcse_cost"": 16715.917651814132, ""mean_shortage_days"": 15.712150876232197, ""mean_cost_per_unit"": 31.56011731728099, ""capacity_utilization"": 6247649.55, ""feasible"": false, ""n_runs"": 20, ""eligibility"": ""NO_CONCLUSION""}, {""value"": 10.0, ""strategy_id"": ""S4"", ""mean_fill"": 0.8897113323671515, ""p_meet"": 0.0, ""mean_cost"": 39001670.59579459, ""mcse_cost"": 11308.422286369765, ""mean_shortage_days"": 100.32373357064623, ""mean_cost_per_unit"": 34.839773966797665, ""capacity_utilization"": 5597753.4, ""feasible"": false, ""n_runs"": 20, ""eligibility"": ""NO_CONCLUSION""}]",feasibility does not change between 1.0 and 10.0; no threshold inside the recorded range,,
S5,sodium_bicarbonate_8_4_50ml,capacity_utilization,product.annual_demand_units,600000.0,1200000.0,2400000.0,False,False,,infeasible_everywhere,"[{""value"": 600000.0, ""strategy_id"": ""S5"", ""mean_fill"": 0.9939934721595115, ""p_meet"": 0.75, ""mean_cost"": 57116957.91601101, ""mcse_cost"": 8305.225511226177, ""mean_shortage_days"": 7.080969331872946, ""mean_cost_per_unit"": 91.42570662338937, ""capacity_utilization"": 3123894.9, ""feasible"": false, ""n_runs"": 20, ""eligibility"": ""NO_CONCLUSION""}, {""value"": 2400000.0, ""strategy_id"": ""S5"", ""mean_fill"": 0.8663812194130214, ""p_meet"": 0.0, ""mean_cost"": 61272295.59646261, ""mcse_cost"": 22521.050854068166, ""mean_shortage_days"": 71.77982612267252, ""mean_cost_per_unit"": 28.104876529835117, ""capacity_utilization"": 10900958.45, ""feasible"": false, ""n_runs"": 20, ""eligibility"": ""NO_CONCLUSION""}]",feasibility does not change between 600000.0 and 2400000.0; no threshold inside the recorded range,,
S5,sodium_bicarbonate_8_4_50ml,fixed_qa_labor_per_node,product.fixed_qa_labor_usd_per_site_year,1500000.0,3000000.0,6000000.0,False,False,,infeasible_everywhere,"[{""value"": 1500000.0, ""strategy_id"": ""S5"", ""mean_fill"": 0.9357625385751984, ""p_meet"": 0.0, ""mean_cost"": 51141027.15905816, ""mcse_cost"": 16987.59797164995, ""mean_shortage_days"": 67.73927300109528, ""mean_cost_per_unit"": 43.442665330414904, ""capacity_utilization"": 5886088.25, ""feasible"": false, ""n_runs"": 20, ""eligibility"": ""NO_CONCLUSION""}, {""value"": 6000000.0, ""strategy_id"": ""S5"", ""mean_fill"": 0.9357625385751984, ""p_meet"": 0.0, ""mean_cost"": 73806522.62441167, ""mcse_cost"": 16987.597971649706, ""mean_shortage_days"": 67.73927300109528, ""mean_cost_per_unit"": 62.696519619256584, ""capacity_utilization"": 5886088.25, ""feasible"": false, ""n_runs"": 20, ""eligibility"": ""NO_CONCLUSION""}]",feasibility does not change between 1500000.0 and 6000000.0; no threshold inside the recorded range,,
S5,sodium_bicarbonate_8_4_50ml,release_time,global.sterility_incubation_days,14.0,14.0,18.0,False,False,,infeasible_everywhere,"[{""value"": 14.0, ""strategy_id"": ""S5"", ""mean_fill"": 0.9357625385751984, ""p_meet"": 0.0, ""mean_cost"": 58696192.314175986, ""mcse_cost"": 16987.59797165003, ""mean_shortage_days"": 67.73927300109528, ""mean_cost_per_unit"": 49.860616760028805, ""capacity_utilization"": 5886088.25, ""feasible"": false, ""n_runs"": 20, ""eligibility"": ""NO_CONCLUSION""}, {""value"": 18.0, ""strategy_id"": ""S5"", ""mean_fill"": 0.9349671190416148, ""p_meet"": 0.0, ""mean_cost"": 58683700.92897791, ""mcse_cost"": 16952.334545360292, ""mean_shortage_days"": 67.04917853231106, ""mean_cost_per_unit"": 49.86569700639079, ""capacity_utilization"": 5884264.6, ""feasible"": false, ""n_runs"": 20, ""eligibility"": ""NO_CONCLUSION""}]",feasibility does not change between 14.0 and 18.0; no threshold inside the recorded range,,
S5,sodium_bicarbonate_8_4_50ml,shelf_life,product.shelf_life_months,12.0,24.0,36.0,False,False,,infeasible_everywhere,"[{""value"": 12.0, ""strategy_id"": ""S5"", ""mean_fill"": 0.9357625385751984, ""p_meet"": 0.0, ""mean_cost"": 58696192.314175986, ""mcse_cost"": 16987.59797165003, ""mean_shortage_days"": 67.73927300109528, ""mean_cost_per_unit"": 49.860616760028805, ""capacity_utilization"": 5886088.25, ""feasible"": false, ""n_runs"": 20, ""eligibility"": ""NO_CONCLUSION""}, {""value"": 36.0, ""strategy_id"": ""S5"", ""mean_fill"": 0.9357625385751984, ""p_meet"": 0.0, ""mean_cost"": 58696192.314175986, ""mcse_cost"": 16987.59797165003, ""mean_shortage_days"": 67.73927300109528, ""mean_cost_per_unit"": 49.860616760028805, ""capacity_utilization"": 5886088.25, ""feasible"": false, ""n_runs"": 20, ""eligibility"": ""NO_CONCLUSION""}]",feasibility does not change between 12.0 and 36.0; no threshold inside the recorded range,,
S5,sodium_bicarbonate_8_4_50ml,raw_material_lead_time,product.material_lead_time_days,30.0,90.0,240.0,False,False,,infeasible_everywhere,"[{""value"": 30.0, ""strategy_id"": ""S5"", ""mean_fill"": 0.9334417800982729, ""p_meet"": 0.0, ""mean_cost"": 58663316.36111872, ""mcse_cost"": 17118.90404596299, ""mean_shortage_days"": 67.88929353778751, ""mean_cost_per_unit"": 49.96328046640957, ""capacity_utilization"": 5870820.6, ""feasible"": false, ""n_runs"": 20, ""eligibility"": ""NO_CONCLUSION""}, {""value"": 240.0, ""strategy_id"": ""S5"", ""mean_fill"": 0.9373117821148703, ""p_meet"": 0.0, ""mean_cost"": 58750078.919066, ""mcse_cost"": 17782.299349678906, ""mean_shortage_days"": 67.53924561883899, ""mean_cost_per_unit"": 49.82348948897124, ""capacity_utilization"": 5896081.15, ""feasible"": false, ""n_runs"": 20, ""eligibility"": ""NO_CONCLUSION""}]",feasibility does not change between 30.0 and 240.0; no threshold inside the recorded range,,
S5,sodium_bicarbonate_8_4_50ml,common_cause_dependence,global.common_cause_events_per_year,0.02,0.1,0.3,False,False,,infeasible_everywhere,"[{""value"": 0.02, ""strategy_id"": ""S5"", ""mean_fill"": 0.9372091480617671, ""p_meet"": 0.0, ""mean_cost"": 58711915.904750384, ""mcse_cost"": 13776.000171262933, ""mean_shortage_days"": 67.46923603504929, ""mean_cost_per_unit"": 49.788470601270255, ""capacity_utilization"": 5896002.3, ""feasible"": false, ""n_runs"": 20, ""eligibility"": ""NO_CONCLUSION""}, {""value"": 0.3, ""strategy_id"": ""S5"", ""mean_fill"": 0.9294371938732781, ""p_meet"": 0.0, ""mean_cost"": 58671718.34191151, ""mcse_cost"": 15538.825061756655, ""mean_shortage_days"": 68.29934967141294, ""mean_cost_per_unit"": 50.18543671724336, ""capacity_utilization"": 5845957.2, ""feasible"": false, ""n_runs"": 20, ""eligibility"": ""NO_CONCLUSION""}]",feasibility does not change between 0.02 and 0.3; no threshold inside the recorded range,,
S5,sodium_bicarbonate_8_4_50ml,supplier_concentration,global.supplier_disruptions_per_supplier_year,0.05,0.2,0.6,False,False,,infeasible_everywhere,"[{""value"": 0.05, ""strategy_id"": ""S5"", ""mean_fill"": 0.9368846600230205, ""p_meet"": 0.0, ""mean_cost"": 58700466.01249592, ""mcse_cost"": 17380.904304446798, ""mean_shortage_days"": 67.61925657174153, ""mean_cost_per_unit"": 49.80391022054182, ""capacity_utilization"": 5893361.6, ""feasible"": false, ""n_runs"": 20, ""eligibility"": ""NO_CONCLUSION""}, {""value"": 0.6, ""strategy_id"": ""S5"", ""mean_fill"": 0.9362450315246512, ""p_meet"": 0.0, ""mean_cost"": 58695500.89709727, ""mcse_cost"": 18538.718330173575, ""mean_shortage_days"": 67.70926889375684, ""mean_cost_per_unit"": 49.83587249538923, ""capacity_utilization"": 5889443.25, ""feasible"": false, ""n_runs"": 20, ""eligibility"": ""NO_CONCLUSION""}]",feasibility does not change between 0.05 and 0.6; no threshold inside the recorded range,,
S5,sodium_bicarbonate_8_4_50ml,commissioning_days,global.node_commissioning_days,365.0,730.0,1095.0,True,False,399.21875,feasible_below,"[{""value"": 365.0, ""strategy_id"": ""S5"", ""mean_fill"": 0.9970227840313068, ""p_meet"": 1.0, ""mean_cost"": 61553695.791054204, ""mcse_cost"": 16439.754021152155, ""mean_shortage_days"": 4.2705846111719605, ""mean_cost_per_unit"": 49.075632538527785, ""capacity_utilization"": 6271563.5, ""feasible"": true, ""n_runs"": 20, ""eligibility"": ""NO_CONCLUSION""}, {""value"": 1095.0, ""strategy_id"": ""S5"", ""mean_fill"": 0.8642390313232353, ""p_meet"": 0.0, ""mean_cost"": 55807839.06296922, ""mcse_cost"": 19779.735249141766, ""mean_shortage_days"": 131.36798329682364, ""mean_cost_per_unit"": 51.3508174988328, ""capacity_utilization"": 5435958.5, ""feasible"": false, ""n_runs"": 20, ""eligibility"": ""NO_CONCLUSION""}, {""value"": 730.0, ""strategy_id"": ""S5"", ""mean_fill"": 0.9357625385751984, ""p_meet"": 0.0, ""mean_cost"": 58696192.314175986, ""mcse_cost"": 16987.59797165003, ""mean_shortage_days"": 67.73927300109528, ""mean_cost_per_unit"": 49.860616760028805, ""capacity_utilization"": 5886088.25, ""feasible"": false, ""n_runs"": 20, ""eligibility"": ""NO_CONCLUSION""}, {""value"": 547.5, ""strategy_id"": ""S5"", ""mean_fill"": 0.9657253320606329, ""p_meet"": 0.0, ""mean_cost"": 60120718.985598266, ""mcse_cost"": 15827.941881610523, ""mean_shortage_days"": 36.014930175246434, ""mean_cost_per_unit"": 49.485691035396805, ""capacity_utilization"": 6074673.5, ""feasible"": false, ""n_runs"": 20, ""eligibility"": ""NO_CONCLUSION""}, {""value"": 456.25, ""strategy_id"": ""S5"", ""mean_fill"": 0.9824229622860765, ""p_meet"": 0.0, ""mean_cost"": 60846567.66296208, ""mcse_cost"": 17431.639843983743, ""mean_shortage_days"": 19.802710843373497, ""mean_cost_per_unit"": 49.23317731389038, ""capacity_utilization"": 6179861.35, ""feasible"": false, ""n_runs"": 20, ""eligibility"": ""NO_CONCLUSION""}, {""value"": 410.625, ""strategy_id"": ""S5"", ""mean_fill"": 0.9899736284541065, ""p_meet"": 0.55, ""mean_cost"": 61197583.46666463, ""mcse_cost"": 17079.304348757778, ""mean_shortage_days"": 12.061651150054765, ""mean_cost_per_unit"": 49.139180077824875, ""capacity_utilization"": 6227249.25, ""feasible"": false, ""n_runs"": 20, ""eligibility"": ""NO_CONCLUSION""}, {""value"": 387.8125, ""strategy_id"": ""S5"", ""mean_fill"": 0.9935944154995756, ""p_meet"": 0.9, ""mean_cost"": 61379102.23268882, ""mcse_cost"": 17483.717484772507, ""mean_shortage_days"": 8.111110350492883, ""mean_cost_per_unit"": 49.1057335726617, ""capacity_utilization"": 6250056.65, ""feasible"": true, ""n_runs"": 20, ""eligibility"": ""NO_CONCLUSION""}]",bisection over 5 steps on 20 paired runs,387.8125,410.625
S5,sodium_bicarbonate_8_4_50ml,activation_latency_days,global.reserved_capacity_activation_days,7.0,21.0,60.0,False,False,,infeasible_everywhere,"[{""value"": 7.0, ""strategy_id"": ""S5"", ""mean_fill"": 0.9357625385751984, ""p_meet"": 0.0, ""mean_cost"": 58696192.314175986, ""mcse_cost"": 16987.59797165003, ""mean_shortage_days"": 67.73927300109528, ""mean_cost_per_unit"": 49.860616760028805, ""capacity_utilization"": 5886088.25, ""feasible"": false, ""n_runs"": 20, ""eligibility"": ""NO_CONCLUSION""}, {""value"": 60.0, ""strategy_id"": ""S5"", ""mean_fill"": 0.9357625385751984, ""p_meet"": 0.0, ""mean_cost"": 58696192.314175986, ""mcse_cost"": 16987.59797165003, ""mean_shortage_days"": 67.73927300109528, ""mean_cost_per_unit"": 49.860616760028805, ""capacity_utilization"": 5886088.25, ""feasible"": false, ""n_runs"": 20, ""eligibility"": ""NO_CONCLUSION""}]",feasibility does not change between 7.0 and 60.0; no threshold inside the recorded range,,
S5,sodium_bicarbonate_8_4_50ml,node_capital,product.capital_usd_per_site,15000000.0,40000000.0,100000000.0,False,False,,infeasible_everywhere,"[{""value"": 15000000.0, ""strategy_id"": ""S5"", ""mean_fill"": 0.9357625385751984, ""p_meet"": 0.0, ""mean_cost"": 38672466.18140707, ""mcse_cost"": 16987.59797165003, ""mean_shortage_days"": 67.73927300109528, ""mean_cost_per_unit"": 32.850889094055994, ""capacity_utilization"": 5886088.25, ""feasible"": false, ""n_runs"": 20, ""eligibility"": ""NO_CONCLUSION""}, {""value"": 100000000.0, ""strategy_id"": ""S5"", ""mean_fill"": 0.9357625385751984, ""p_meet"": 0.0, ""mean_cost"": 106753135.03280638, ""mcse_cost"": 16987.59797165009, ""mean_shortage_days"": 67.73927300109528, ""mean_cost_per_unit"": 90.68396315835076, ""capacity_utilization"": 5886088.25, ""feasible"": false, ""n_runs"": 20, ""eligibility"": ""NO_CONCLUSION""}]",feasibility does not change between 15000000.0 and 100000000.0; no threshold inside the recorded range,,
S5,sodium_bicarbonate_8_4_50ml,batches_per_site_year,product.batches_per_site_year_nominal,30.0,45.0,70.0,False,False,,infeasible_everywhere,"[{""value"": 30.0, ""strategy_id"": ""S5"", ""mean_fill"": 0.8950634164210578, ""p_meet"": 0.0, ""mean_cost"": 58469217.2518944, ""mcse_cost"": 14722.452520851517, ""mean_shortage_days"": 72.30989868565169, ""mean_cost_per_unit"": 51.90962074050723, ""capacity_utilization"": 5632141.4, ""feasible"": false, ""n_runs"": 20, ""eligibility"": ""NO_CONCLUSION""}, {""value"": 70.0, ""strategy_id"": ""S5"", ""mean_fill"": 0.9909192905740752, ""p_meet"": 0.8, ""mean_cost"": 58887951.97829648, ""mcse_cost"": 14606.282397124945, ""mean_shortage_days"": 14.71201396495071, ""mean_cost_per_unit"": 47.2860861491897, ""capacity_utilization"": 6227274.0, ""feasible"": false, ""n_runs"": 20, ""eligibility"": ""NO_CONCLUSION""}]",feasibility does not change between 30.0 and 70.0; no threshold inside the recorded range,,
S5,sodium_bicarbonate_8_4_50ml,changeover_burden,product.changeover_days,1.0,3.0,10.0,False,False,,infeasible_everywhere,"[{""value"": 1.0, ""strategy_id"": ""S5"", ""mean_fill"": 0.9360425968157775, ""p_meet"": 0.0, ""mean_cost"": 58702231.28859542, ""mcse_cost"": 16451.309167946936, ""mean_shortage_days"": 67.15919359255203, ""mean_cost_per_unit"": 49.83039906490807, ""capacity_utilization"": 5890322.1, ""feasible"": false, ""n_runs"": 20, ""eligibility"": ""NO_CONCLUSION""}, {""value"": 10.0, ""strategy_id"": ""S5"", ""mean_fill"": 0.9019592555429128, ""p_meet"": 0.0, ""mean_cost"": 58498702.08166756, ""mcse_cost"": 14408.320606375242, ""mean_shortage_days"": 72.779963033954, ""mean_cost_per_unit"": 51.54530977396316, ""capacity_utilization"": 5674701.2, ""feasible"": false, ""n_runs"": 20, ""eligibility"": ""NO_CONCLUSION""}]",feasibility does not change between 1.0 and 10.0; no threshold inside the recorded range,,
S6,sodium_bicarbonate_8_4_50ml,capacity_utilization,product.annual_demand_units,600000.0,1200000.0,2400000.0,False,False,,infeasible_everywhere,"[{""value"": 600000.0, ""strategy_id"": ""S6"", ""mean_fill"": 0.9939934721595115, ""p_meet"": 0.75, ""mean_cost"": 59823721.17270784, ""mcse_cost"": 8305.225511225988, ""mean_shortage_days"": 7.080969331872946, ""mean_cost_per_unit"": 95.75838590121029, ""capacity_utilization"": 3123894.9, ""feasible"": false, ""n_runs"": 20, ""eligibility"": ""NO_CONCLUSION""}, {""value"": 2400000.0, ""strategy_id"": ""S6"", ""mean_fill"": 0.8663812194130214, ""p_meet"": 0.0, ""mean_cost"": 63979058.853159465, ""mcse_cost"": 22521.05085406801, ""mean_shortage_days"": 71.77982612267252, ""mean_cost_per_unit"": 29.346459255885446, ""capacity_utilization"": 10900958.45, ""feasible"": false, ""n_runs"": 20, ""eligibility"": ""NO_CONCLUSION""}]",feasibility does not change between 600000.0 and 2400000.0; no threshold inside the recorded range,,
S6,sodium_bicarbonate_8_4_50ml,fixed_qa_labor_per_node,product.fixed_qa_labor_usd_per_site_year,1500000.0,3000000.0,6000000.0,False,False,,infeasible_everywhere,"[{""value"": 1500000.0, ""strategy_id"": ""S6"", ""mean_fill"": 0.9357625385751984, ""p_meet"": 0.0, ""mean_cost"": 53308135.76181879, ""mcse_cost"": 16987.597971649997, ""mean_shortage_days"": 67.73927300109528, ""mean_cost_per_unit"": 45.28357780150691, ""capacity_utilization"": 5886088.25, ""feasible"": false, ""n_runs"": 20, ""eligibility"": ""NO_CONCLUSION""}, {""value"": 6000000.0, ""strategy_id"": ""S6"", ""mean_fill"": 0.9357625385751984, ""p_meet"": 0.0, ""mean_cost"": 77592595.18898092, ""mcse_cost"": 16987.597971649982, ""mean_shortage_days"": 67.73927300109528, ""mean_cost_per_unit"": 65.91270739669244, ""capacity_utilization"": 5886088.25, ""feasible"": false, ""n_runs"": 20, ""eligibility"": ""NO_CONCLUSION""}]",feasibility does not change between 1500000.0 and 6000000.0; no threshold inside the recorded range,,
S6,sodium_bicarbonate_8_4_50ml,release_time,global.sterility_incubation_days,14.0,14.0,18.0,False,False,,infeasible_everywhere,"[{""value"": 14.0, ""strategy_id"": ""S6"", ""mean_fill"": 0.9357625385751984, ""p_meet"": 0.0, ""mean_cost"": 61402955.57087283, ""mcse_cost"": 16987.597971649862, ""mean_shortage_days"": 67.73927300109528, ""mean_cost_per_unit"": 52.15995433323542, ""capacity_utilization"": 5886088.25, ""feasible"": false, ""n_runs"": 20, ""eligibility"": ""NO_CONCLUSION""}, {""value"": 18.0, ""strategy_id"": ""S6"", ""mean_fill"": 0.9349671190416148, ""p_meet"": 0.0, ""mean_cost"": 61390464.18567475, ""mcse_cost"": 16952.334545360533, ""mean_shortage_days"": 67.04917853231106, ""mean_cost_per_unit"": 52.165758721166256, ""capacity_utilization"": 5884264.6, ""feasible"": false, ""n_runs"": 20, ""eligibility"": ""NO_CONCLUSION""}]",feasibility does not change between 14.0 and 18.0; no threshold inside the recorded range,,
S6,sodium_bicarbonate_8_4_50ml,shelf_life,product.shelf_life_months,12.0,24.0,36.0,False,False,,infeasible_everywhere,"[{""value"": 12.0, ""strategy_id"": ""S6"", ""mean_fill"": 0.9357625385751984, ""p_meet"": 0.0, ""mean_cost"": 61402955.57087283, ""mcse_cost"": 16987.597971649862, ""mean_shortage_days"": 67.73927300109528, ""mean_cost_per_unit"": 52.15995433323542, ""capacity_utilization"": 5886088.25, ""feasible"": false, ""n_runs"": 20, ""eligibility"": ""NO_CONCLUSION""}, {""value"": 36.0, ""strategy_id"": ""S6"", ""mean_fill"": 0.9357625385751984, ""p_meet"": 0.0, ""mean_cost"": 61402955.57087283, ""mcse_cost"": 16987.597971649862, ""mean_shortage_days"": 67.73927300109528, ""mean_cost_per_unit"": 52.15995433323542, ""capacity_utilization"": 5886088.25, ""feasible"": false, ""n_runs"": 20, ""eligibility"": ""NO_CONCLUSION""}]",feasibility does not change between 12.0 and 36.0; no threshold inside the recorded range,,
S6,sodium_bicarbonate_8_4_50ml,raw_material_lead_time,product.material_lead_time_days,30.0,90.0,240.0,False,False,,infeasible_everywhere,"[{""value"": 30.0, ""strategy_id"": ""S6"", ""mean_fill"": 0.9334417800982729, ""p_meet"": 0.0, ""mean_cost"": 61370079.617815554, ""mcse_cost"": 17118.904045963078, ""mean_shortage_days"": 67.88929353778751, ""mean_cost_per_unit"": 52.2686464231641, ""capacity_utilization"": 5870820.6, ""feasible"": false, ""n_runs"": 20, ""eligibility"": ""NO_CONCLUSION""}, {""value"": 240.0, ""strategy_id"": ""S6"", ""mean_fill"": 0.9373117821148703, ""p_meet"": 0.0, ""mean_cost"": 61456842.17576283, ""mcse_cost"": 17782.29934967903, ""mean_shortage_days"": 67.53924561883899, ""mean_cost_per_unit"": 52.11901190144224, ""capacity_utilization"": 5896081.15, ""feasible"": false, ""n_runs"": 20, ""eligibility"": ""NO_CONCLUSION""}]",feasibility does not change between 30.0 and 240.0; no threshold inside the recorded range,,
S6,sodium_bicarbonate_8_4_50ml,common_cause_dependence,global.common_cause_events_per_year,0.02,0.1,0.3,False,False,,infeasible_everywhere,"[{""value"": 0.02, ""strategy_id"": ""S6"", ""mean_fill"": 0.9372091480617671, ""p_meet"": 0.0, ""mean_cost"": 61418679.16144724, ""mcse_cost"": 13776.000171262836, ""mean_shortage_days"": 67.46923603504929, ""mean_cost_per_unit"": 52.08385712440376, ""capacity_utilization"": 5896002.3, ""feasible"": false, ""n_runs"": 20, ""eligibility"": ""NO_CONCLUSION""}, {""value"": 0.3, ""strategy_id"": ""S6"", ""mean_fill"": 0.9294371938732781, ""p_meet"": 0.0, ""mean_cost"": 61378481.59860834, ""mcse_cost"": 15538.825061756646, ""mean_shortage_days"": 68.29934967141294, ""mean_cost_per_unit"": 52.50071928986323, ""capacity_utilization"": 5845957.2, ""feasible"": false, ""n_runs"": 20, ""eligibility"": ""NO_CONCLUSION""}]",feasibility does not change between 0.02 and 0.3; no threshold inside the recorded range,,
S6,sodium_bicarbonate_8_4_50ml,supplier_concentration,global.supplier_disruptions_per_supplier_year,0.05,0.2,0.6,False,False,,infeasible_everywhere,"[{""value"": 0.05, ""strategy_id"": ""S6"", ""mean_fill"": 0.9368846600230205, ""p_meet"": 0.0, ""mean_cost"": 61407229.26919278, ""mcse_cost"": 17380.904304446973, ""mean_shortage_days"": 67.61925657174153, ""mean_cost_per_unit"": 52.100467857117074, ""capacity_utilization"": 5893361.6, ""feasible"": false, ""n_runs"": 20, ""eligibility"": ""NO_CONCLUSION""}, {""value"": 0.6, ""strategy_id"": ""S6"", ""mean_fill"": 0.9362450315246512, ""p_meet"": 0.0, ""mean_cost"": 61402264.15379411, ""mcse_cost"": 18538.718330173804, ""mean_shortage_days"": 67.70926889375684, ""mean_cost_per_unit"": 52.134109898857524, ""capacity_utilization"": 5889443.25, ""feasible"": false, ""n_runs"": 20, ""eligibility"": ""NO_CONCLUSION""}]",feasibility does not change between 0.05 and 0.6; no threshold inside the recorded range,,
S6,sodium_bicarbonate_8_4_50ml,commissioning_days,global.node_commissioning_days,365.0,730.0,1095.0,True,False,399.21875,feasible_below,"[{""value"": 365.0, ""strategy_id"": ""S6"", ""mean_fill"": 0.9970227840313068, ""p_meet"": 1.0, ""mean_cost"": 64455153.02267984, ""mcse_cost"": 16439.754021152356, ""mean_shortage_days"": 4.2705846111719605, ""mean_cost_per_unit"": 51.38893349572453, ""capacity_utilization"": 6271563.5, ""feasible"": true, ""n_runs"": 20, ""eligibility"": ""NO_CONCLUSION""}, {""value"": 1095.0, ""strategy_id"": ""S6"", ""mean_fill"": 0.8642390313232353, ""p_meet"": 0.0, ""mean_cost"": 58319908.34473721, ""mcse_cost"": 19779.735249141526, ""mean_shortage_days"": 131.36798329682364, ""mean_cost_per_unit"": 53.662330215885504, ""capacity_utilization"": 5435958.5, ""feasible"": false, ""n_runs"": 20, ""eligibility"": ""NO_CONCLUSION""}, {""value"": 730.0, ""strategy_id"": ""S6"", ""mean_fill"": 0.9357625385751984, ""p_meet"": 0.0, ""mean_cost"": 61402955.57087283, ""mcse_cost"": 16987.597971649862, ""mean_shortage_days"": 67.73927300109528, ""mean_cost_per_unit"": 52.15995433323542, ""capacity_utilization"": 5886088.25, ""feasible"": false, ""n_runs"": 20, ""eligibility"": ""NO_CONCLUSION""}, {""value"": 547.5, ""strategy_id"": ""S6"", ""mean_fill"": 0.9657253320606329, ""p_meet"": 0.0, ""mean_cost"": 62924562.52568425, ""mcse_cost"": 15827.941881610255, ""mean_shortage_days"": 36.014930175246434, ""mean_cost_per_unit"": 51.79357188981288, ""capacity_utilization"": 6074673.5, ""feasible"": false, ""n_runs"": 20, ""eligibility"": ""NO_CONCLUSION""}, {""value"": 456.25, ""strategy_id"": ""S6"", ""mean_fill"": 0.9824229622860765, ""p_meet"": 0.0, ""mean_cost"": 63699484.752893135, ""mcse_cost"": 17431.639843983743, ""mean_shortage_days"": 19.802710843373497, ""mean_cost_per_unit"": 51.541605349996566, ""capacity_utilization"": 6179861.35, ""feasible"": false, ""n_runs"": 20, ""eligibility"": ""NO_CONCLUSION""}, {""value"": 410.625, ""strategy_id"": ""S6"", ""mean_fill"": 0.9899736284541065, ""p_meet"": 0.55, ""mean_cost"": 64074503.923367724, ""mcse_cost"": 17079.30434875757, ""mean_shortage_days"": 12.061651150054765, ""mean_cost_per_unit"": 51.44925550637381, ""capacity_utilization"": 6227249.25, ""feasible"": false, ""n_runs"": 20, ""eligibility"": ""NO_CONCLUSION""}, {""value"": 387.8125, ""strategy_id"": ""S6"", ""mean_fill"": 0.9935944154995756, ""p_meet"": 0.9, ""mean_cost"": 64268291.07685318, ""mcse_cost"": 17483.717484772726, ""mean_shortage_days"": 8.111110350492883, ""mean_cost_per_unit"": 51.41722721534459, ""capacity_utilization"": 6250056.65, ""feasible"": true, ""n_runs"": 20, ""eligibility"": ""NO_CONCLUSION""}]",bisection over 5 steps on 20 paired runs,387.8125,410.625
S6,sodium_bicarbonate_8_4_50ml,activation_latency_days,global.reserved_capacity_activation_days,7.0,21.0,60.0,False,False,,infeasible_everywhere,"[{""value"": 7.0, ""strategy_id"": ""S6"", ""mean_fill"": 0.9357625385751984, ""p_meet"": 0.0, ""mean_cost"": 61402955.57087283, ""mcse_cost"": 16987.597971649862, ""mean_shortage_days"": 67.73927300109528, ""mean_cost_per_unit"": 52.15995433323542, ""capacity_utilization"": 5886088.25, ""feasible"": false, ""n_runs"": 20, ""eligibility"": ""NO_CONCLUSION""}, {""value"": 60.0, ""strategy_id"": ""S6"", ""mean_fill"": 0.9357625385751984, ""p_meet"": 0.0, ""mean_cost"": 61402955.57087283, ""mcse_cost"": 16987.597971649862, ""mean_shortage_days"": 67.73927300109528, ""mean_cost_per_unit"": 52.15995433323542, ""capacity_utilization"": 5886088.25, ""feasible"": false, ""n_runs"": 20, ""eligibility"": ""NO_CONCLUSION""}]",feasibility does not change between 7.0 and 60.0; no threshold inside the recorded range,,
S6,sodium_bicarbonate_8_4_50ml,node_capital,product.capital_usd_per_site,15000000.0,40000000.0,100000000.0,False,False,,infeasible_everywhere,"[{""value"": 15000000.0, ""strategy_id"": ""S6"", ""mean_fill"": 0.9357625385751984, ""p_meet"": 0.0, ""mean_cost"": 41379229.4381039, ""mcse_cost"": 16987.597971649862, ""mean_shortage_days"": 67.73927300109528, ""mean_cost_per_unit"": 35.150226667262615, ""capacity_utilization"": 5886088.25, ""feasible"": false, ""n_runs"": 20, ""eligibility"": ""NO_CONCLUSION""}, {""value"": 100000000.0, ""strategy_id"": ""S6"", ""mean_fill"": 0.9357625385751984, ""p_meet"": 0.0, ""mean_cost"": 109459898.28950325, ""mcse_cost"": 16987.597971650208, ""mean_shortage_days"": 67.73927300109528, ""mean_cost_per_unit"": 92.98330073155736, ""capacity_utilization"": 5886088.25, ""feasible"": false, ""n_runs"": 20, ""eligibility"": ""NO_CONCLUSION""}]",feasibility does not change between 15000000.0 and 100000000.0; no threshold inside the recorded range,,
S6,sodium_bicarbonate_8_4_50ml,batches_per_site_year,product.batches_per_site_year_nominal,30.0,45.0,70.0,False,False,,infeasible_everywhere,"[{""value"": 30.0, ""strategy_id"": ""S6"", ""mean_fill"": 0.8950634164210578, ""p_meet"": 0.0, ""mean_cost"": 61175980.50859122, ""mcse_cost"": 14722.452520851557, ""mean_shortage_days"": 72.30989868565169, ""mean_cost_per_unit"": 54.31274603124704, ""capacity_utilization"": 5632141.4, ""feasible"": false, ""n_runs"": 20, ""eligibility"": ""NO_CONCLUSION""}, {""value"": 70.0, ""strategy_id"": ""S6"", ""mean_fill"": 0.9909192905740752, ""p_meet"": 0.8, ""mean_cost"": 61594715.23499334, ""mcse_cost"": 14606.282397124967, ""mean_shortage_days"": 14.71201396495071, ""mean_cost_per_unit"": 49.45960135731869, ""capacity_utilization"": 6227274.0, ""feasible"": false, ""n_runs"": 20, ""eligibility"": ""NO_CONCLUSION""}]",feasibility does not change between 30.0 and 70.0; no threshold inside the recorded range,,
S6,sodium_bicarbonate_8_4_50ml,changeover_burden,product.changeover_days,1.0,3.0,10.0,False,False,,infeasible_everywhere,"[{""value"": 1.0, ""strategy_id"": ""S6"", ""mean_fill"": 0.9360425968157775, ""p_meet"": 0.0, ""mean_cost"": 61408994.54529228, ""mcse_cost"": 16451.309167946692, ""mean_shortage_days"": 67.15919359255203, ""mean_cost_per_unit"": 52.128107441513876, ""capacity_utilization"": 5890322.1, ""feasible"": false, ""n_runs"": 20, ""eligibility"": ""NO_CONCLUSION""}, {""value"": 10.0, ""strategy_id"": ""S6"", ""mean_fill"": 0.9019592555429128, ""p_meet"": 0.0, ""mean_cost"": 61205465.338364385, ""mcse_cost"": 14408.320606375239, ""mean_shortage_days"": 72.779963033954, ""mean_cost_per_unit"": 53.93036435715423, ""capacity_utilization"": 5674701.2, ""feasible"": false, ""n_runs"": 20, ""eligibility"": ""NO_CONCLUSION""}]",feasibility does not change between 1.0 and 10.0; no threshold inside the recorded range,,
S7,sodium_bicarbonate_8_4_50ml,capacity_utilization,product.annual_demand_units,600000.0,1200000.0,2400000.0,False,False,,infeasible_everywhere,"[{""value"": 600000.0, ""strategy_id"": ""S7"", ""mean_fill"": 0.9874086769428603, ""p_meet"": 0.5, ""mean_cost"": 24219114.016429935, ""mcse_cost"": 46768.07314467654, ""mean_shortage_days"": 29.053977272727273, ""mean_cost_per_unit"": 39.03633884162696, ""capacity_utilization"": 3102472.35, ""feasible"": false, ""n_runs"": 20, ""eligibility"": ""NO_CONCLUSION""}, {""value"": 2400000.0, ""strategy_id"": ""S7"", ""mean_fill"": 0.5512588596272864, ""p_meet"": 0.0, ""mean_cost"": 26269859.424044725, ""mcse_cost"": 201774.7437369642, ""mean_shortage_days"": 301.07121440306685, ""mean_cost_per_unit"": 20.020611470631483, ""capacity_utilization"": 6896362.1, ""feasible"": false, ""n_runs"": 20, ""eligibility"": ""NO_CONCLUSION""}]",feasibility does not change between 600000.0 and 2400000.0; no threshold inside the recorded range,,
S7,sodium_bicarbonate_8_4_50ml,fixed_qa_labor_per_node,product.fixed_qa_labor_usd_per_site_year,1500000.0,3000000.0,6000000.0,False,False,,infeasible_everywhere,"[{""value"": 1500000.0, ""strategy_id"": ""S7"", ""mean_fill"": 0.8960980969651955, ""p_meet"": 0.3, ""mean_cost"": 21638518.96109549, ""mcse_cost"": 108502.3580396815, ""mean_shortage_days"": 108.38483707557502, ""mean_cost_per_unit"": 19.50173120467715, ""capacity_utilization"": 5626594.55, ""feasible"": false, ""n_runs"": 20, ""eligibility"": ""NO_CONCLUSION""}, {""value"": 6000000.0, ""strategy_id"": ""S7"", ""mean_fill"": 0.8960980969651955, ""p_meet"": 0.3, ""mean_cost"": 33112415.861477207, ""mcse_cost"": 108502.35803968165, ""mean_shortage_days"": 108.38483707557502, ""mean_cost_per_unit"": 29.873182016768077, ""capacity_utilization"": 5626594.55, ""feasible"": false, ""n_runs"": 20, ""eligibility"": ""NO_CONCLUSION""}]",feasibility does not change between 1500000.0 and 6000000.0; no threshold inside the recorded range,,
S7,sodium_bicarbonate_8_4_50ml,release_time,global.sterility_incubation_days,14.0,14.0,18.0,False,False,,infeasible_everywhere,"[{""value"": 14.0, ""strategy_id"": ""S7"", ""mean_fill"": 0.8960980969651955, ""p_meet"": 0.3, ""mean_cost"": 25463151.261222728, ""mcse_cost"": 108502.3580396815, ""mean_shortage_days"": 108.38483707557502, ""mean_cost_per_unit"": 22.95888147537412, ""capacity_utilization"": 5626594.55, ""feasible"": false, ""n_runs"": 20, ""eligibility"": ""NO_CONCLUSION""}, {""value"": 18.0, ""strategy_id"": ""S7"", ""mean_fill"": 0.8949258566850938, ""p_meet"": 0.3, ""mean_cost"": 25410224.301787537, ""mcse_cost"": 101004.55353484293, ""mean_shortage_days"": 113.0054696056955, ""mean_cost_per_unit"": 22.940975648719657, ""capacity_utilization"": 5620178.8, ""feasible"": false, ""n_runs"": 20, ""eligibility"": ""NO_CONCLUSION""}]",feasibility does not change between 14.0 and 18.0; no threshold inside the recorded range,,
S7,sodium_bicarbonate_8_4_50ml,shelf_life,product.shelf_life_months,12.0,24.0,36.0,False,False,,infeasible_everywhere,"[{""value"": 12.0, ""strategy_id"": ""S7"", ""mean_fill"": 0.8960980969651955, ""p_meet"": 0.3, ""mean_cost"": 25463151.261222728, ""mcse_cost"": 108502.3580396815, ""mean_shortage_days"": 108.38483707557502, ""mean_cost_per_unit"": 22.95888147537412, ""capacity_utilization"": 5626594.55, ""feasible"": false, ""n_runs"": 20, ""eligibility"": ""NO_CONCLUSION""}, {""value"": 36.0, ""strategy_id"": ""S7"", ""mean_fill"": 0.8960980969651955, ""p_meet"": 0.3, ""mean_cost"": 25463151.261222728, ""mcse_cost"": 108502.3580396815, ""mean_shortage_days"": 108.38483707557502, ""mean_cost_per_unit"": 22.95888147537412, ""capacity_utilization"": 5626594.55, ""feasible"": false, ""n_runs"": 20, ""eligibility"": ""NO_CONCLUSION""}]",feasibility does not change between 12.0 and 36.0; no threshold inside the recorded range,,
S7,sodium_bicarbonate_8_4_50ml,raw_material_lead_time,product.material_lead_time_days,30.0,90.0,240.0,False,False,,infeasible_everywhere,"[{""value"": 30.0, ""strategy_id"": ""S7"", ""mean_fill"": 0.8952807795741238, ""p_meet"": 0.35, ""mean_cost"": 25426555.827712458, ""mcse_cost"": 108026.41547892742, ""mean_shortage_days"": 109.81503285870755, ""mean_cost_per_unit"": 22.96907616274863, ""capacity_utilization"": 5619861.95, ""feasible"": false, ""n_runs"": 20, ""eligibility"": ""NO_CONCLUSION""}, {""value"": 240.0, ""strategy_id"": ""S7"", ""mean_fill"": 0.897649414879559, ""p_meet"": 0.3, ""mean_cost"": 25514365.97745641, ""mcse_cost"": 105184.01523291458, ""mean_shortage_days"": 107.69474260679078, ""mean_cost_per_unit"": 22.936106199118164, ""capacity_utilization"": 5636248.0, ""feasible"": false, ""n_runs"": 20, ""eligibility"": ""NO_CONCLUSION""}]",feasibility does not change between 30.0 and 240.0; no threshold inside the recorded range,,
S7,sodium_bicarbonate_8_4_50ml,common_cause_dependence,global.common_cause_events_per_year,0.02,0.1,0.3,False,False,,infeasible_everywhere,"[{""value"": 0.02, ""strategy_id"": ""S7"", ""mean_fill"": 0.9064720502005394, ""p_meet"": 0.35, ""mean_cost"": 25495151.195182566, ""mcse_cost"": 101140.87605308351, ""mean_shortage_days"": 105.24440717415114, ""mean_cost_per_unit"": 22.642411817412107, ""capacity_utilization"": 5690752.65, ""feasible"": false, ""n_runs"": 20, ""eligibility"": ""NO_CONCLUSION""}, {""value"": 0.3, ""strategy_id"": ""S7"", ""mean_fill"": 0.8799512609058855, ""p_meet"": 0.25, ""mean_cost"": 25403746.672043588, ""mcse_cost"": 109998.78648999547, ""mean_shortage_days"": 112.40538745892658, ""mean_cost_per_unit"": 23.39276007390289, ""capacity_utilization"": 5523331.0, ""feasible"": false, ""n_runs"": 20, ""eligibility"": ""NO_CONCLUSION""}]",feasibility does not change between 0.02 and 0.3; no threshold inside the recorded range,,
S7,sodium_bicarbonate_8_4_50ml,supplier_concentration,global.supplier_disruptions_per_supplier_year,0.05,0.2,0.6,False,False,,infeasible_everywhere,"[{""value"": 0.05, ""strategy_id"": ""S7"", ""mean_fill"": 0.8972319605712016, ""p_meet"": 0.3, ""mean_cost"": 25466410.5845591, ""mcse_cost"": 106299.82783335808, ""mean_shortage_days"": 108.3748357064622, ""mean_cost_per_unit"": 22.91439647217495, ""capacity_utilization"": 5632366.65, ""feasible"": false, ""n_runs"": 20, ""eligibility"": ""NO_CONCLUSION""}, {""value"": 0.6, ""strategy_id"": ""S7"", ""mean_fill"": 0.8885763413348984, ""p_meet"": 0.3, ""mean_cost"": 25437189.369560927, ""mcse_cost"": 108587.7435138374, ""mean_shortage_days"": 110.8351725082147, ""mean_cost_per_unit"": 23.146375568333596, ""capacity_utilization"": 5579259.15, ""feasible"": false, ""n_runs"": 20, ""eligibility"": ""NO_CONCLUSION""}]",feasibility does not change between 0.05 and 0.6; no threshold inside the recorded range,,
S7,sodium_bicarbonate_8_4_50ml,commissioning_days,global.node_commissioning_days,365.0,730.0,1095.0,False,False,,infeasible_everywhere,"[{""value"": 365.0, ""strategy_id"": ""S7"", ""mean_fill"": 0.8960980969651955, ""p_meet"": 0.3, ""mean_cost"": 25463151.261222728, ""mcse_cost"": 108502.3580396815, ""mean_shortage_days"": 108.38483707557502, ""mean_cost_per_unit"": 22.95888147537412, ""capacity_utilization"": 5626594.55, ""feasible"": false, ""n_runs"": 20, ""eligibility"": ""NO_CONCLUSION""}, {""value"": 1095.0, ""strategy_id"": ""S7"", ""mean_fill"": 0.8960980969651955, ""p_meet"": 0.3, ""mean_cost"": 25463151.261222728, ""mcse_cost"": 108502.3580396815, ""mean_shortage_days"": 108.38483707557502, ""mean_cost_per_unit"": 22.95888147537412, ""capacity_utilization"": 5626594.55, ""feasible"": false, ""n_runs"": 20, ""eligibility"": ""NO_CONCLUSION""}]",feasibility does not change between 365.0 and 1095.0; no threshold inside the recorded range,,
S7,sodium_bicarbonate_8_4_50ml,activation_latency_days,global.reserved_capacity_activation_days,7.0,21.0,60.0,False,False,,infeasible_everywhere,"[{""value"": 7.0, ""strategy_id"": ""S7"", ""mean_fill"": 0.8960980969651955, ""p_meet"": 0.3, ""mean_cost"": 25463151.261222728, ""mcse_cost"": 108502.3580396815, ""mean_shortage_days"": 108.38483707557502, ""mean_cost_per_unit"": 22.95888147537412, ""capacity_utilization"": 5626594.55, ""feasible"": false, ""n_runs"": 20, ""eligibility"": ""NO_CONCLUSION""}, {""value"": 60.0, ""strategy_id"": ""S7"", ""mean_fill"": 0.8960980969651955, ""p_meet"": 0.3, ""mean_cost"": 25463151.261222728, ""mcse_cost"": 108502.3580396815, ""mean_shortage_days"": 108.38483707557502, ""mean_cost_per_unit"": 22.95888147537412, ""capacity_utilization"": 5626594.55, ""feasible"": false, ""n_runs"": 20, ""eligibility"": ""NO_CONCLUSION""}]",feasibility does not change between 7.0 and 60.0; no threshold inside the recorded range,,
S7,sodium_bicarbonate_8_4_50ml,node_capital,product.capital_usd_per_site,15000000.0,40000000.0,100000000.0,False,False,,infeasible_everywhere,"[{""value"": 15000000.0, ""strategy_id"": ""S7"", ""mean_fill"": 0.8960980969651955, ""p_meet"": 0.3, ""mean_cost"": 17205015.407341097, ""mcse_cost"": 108502.35803968155, ""mean_shortage_days"": 108.38483707557502, ""mean_cost_per_unit"": 15.494211838570212, ""capacity_utilization"": 5626594.55, ""feasible"": false, ""n_runs"": 20, ""eligibility"": ""NO_CONCLUSION""}, {""value"": 100000000.0, ""strategy_id"": ""S7"", ""mean_fill"": 0.8960980969651955, ""p_meet"": 0.3, ""mean_cost"": 45282677.31053485, ""mcse_cost"": 108502.35803968144, ""mean_shortage_days"": 108.38483707557502, ""mean_cost_per_unit"": 40.87408860370006, ""capacity_utilization"": 5626594.55, ""feasible"": false, ""n_runs"": 20, ""eligibility"": ""NO_CONCLUSION""}]",feasibility does not change between 15000000.0 and 100000000.0; no threshold inside the recorded range,,
S7,sodium_bicarbonate_8_4_50ml,batches_per_site_year,product.batches_per_site_year_nominal,30.0,45.0,70.0,False,False,,infeasible_everywhere,"[{""value"": 30.0, ""strategy_id"": ""S7"", ""mean_fill"": 0.7463055628966372, ""p_meet"": 0.0, ""mean_cost"": 24816454.957445916, ""mcse_cost"": 133266.94787293873, ""mean_shortage_days"": 200.6974739868565, ""mean_cost_per_unit"": 28.229729066276356, ""capacity_utilization"": 4679668.5, ""feasible"": false, ""n_runs"": 20, ""eligibility"": ""NO_CONCLUSION""}, {""value"": 70.0, ""strategy_id"": ""S7"", ""mean_fill"": 0.9883713709823606, ""p_meet"": 0.7, ""mean_cost"": 25923334.380984712, ""mcse_cost"": 61115.86851559252, ""mean_shortage_days"": 33.764622124863095, ""mean_cost_per_unit"": 20.87323634897701, ""capacity_utilization"": 6211405.95, ""feasible"": false, ""n_runs"": 20, ""eligibility"": ""NO_CONCLUSION""}]",feasibility does not change between 30.0 and 70.0; no threshold inside the recorded range,,
S7,sodium_bicarbonate_8_4_50ml,changeover_burden,product.changeover_days,1.0,3.0,10.0,False,False,,infeasible_everywhere,"[{""value"": 1.0, ""strategy_id"": ""S7"", ""mean_fill"": 0.8976182038371278, ""p_meet"": 0.35, ""mean_cost"": 25489023.30488521, ""mcse_cost"": 111364.95179030056, ""mean_shortage_days"": 106.16453313253012, ""mean_cost_per_unit"": 22.954769480829068, ""capacity_utilization"": 5634522.2, ""feasible"": false, ""n_runs"": 20, ""eligibility"": ""NO_CONCLUSION""}, {""value"": 10.0, ""strategy_id"": ""S7"", ""mean_fill"": 0.794162390757754, ""p_meet"": 0.1, ""mean_cost"": 24981942.268800315, ""mcse_cost"": 137137.50092712685, ""mean_shortage_days"": 146.58006571741512, ""mean_cost_per_unit"": 26.52432305768823, ""capacity_utilization"": 4983478.95, ""feasible"": false, ""n_runs"": 20, ""eligibility"": ""NO_CONCLUSION""}]",feasibility does not change between 1.0 and 10.0; no threshold inside the recorded range,,
