strategy_id,product_id,input_name,parameter_id,low,base,high,feasible_at_low,feasible_at_high,threshold,direction,evaluations,note,bracket_low,bracket_high
S0,norepinephrine_1mgml_4ml,capacity_utilization,product.annual_demand_units,500000.0,900000.0,1800000.0,False,False,,infeasible_everywhere,"[{""value"": 500000.0, ""strategy_id"": ""S0"", ""mean_fill"": 0.9954957194662896, ""p_meet"": 0.85, ""mean_cost"": 11772538.006632183, ""mcse_cost"": 4459.430021774095, ""mean_shortage_days"": 8.81120618838992, ""mean_cost_per_unit"": 22.58126160114, ""capacity_utilization"": 2606817.7, ""feasible"": false, ""n_runs"": 20, ""eligibility"": ""NO_CONCLUSION""}, {""value"": 1800000.0, ""strategy_id"": ""S0"", ""mean_fill"": 0.5811198605551455, ""p_meet"": 0.0, ""mean_cost"": 13158294.746270169, ""mcse_cost"": 24768.438481653404, ""mean_shortage_days"": 249.21411555312156, ""mean_cost_per_unit"": 12.012529191320189, ""capacity_utilization"": 5486413.6, ""feasible"": false, ""n_runs"": 20, ""eligibility"": ""NO_CONCLUSION""}]",feasibility does not change between 500000.0 and 1800000.0; no threshold inside the recorded range,,
S0,norepinephrine_1mgml_4ml,fixed_qa_labor_per_node,product.fixed_qa_labor_usd_per_site_year,1500000.0,3000000.0,6000000.0,False,False,,infeasible_everywhere,"[{""value"": 1500000.0, ""strategy_id"": ""S0"", ""mean_fill"": 0.9877698388553909, ""p_meet"": 0.75, ""mean_cost"": 11206767.144264972, ""mcse_cost"": 12158.641406338778, ""mean_shortage_days"": 22.10302573932092, ""mean_cost_per_unit"": 12.03979810620912, ""capacity_utilization"": 4655638.0, ""feasible"": false, ""n_runs"": 20, ""eligibility"": ""NO_CONCLUSION""}, {""value"": 6000000.0, ""strategy_id"": ""S0"", ""mean_fill"": 0.9877698388553909, ""p_meet"": 0.75, ""mean_cost"": 15885884.664570611, ""mcse_cost"": 12158.641406338727, ""mean_shortage_days"": 22.10302573932092, ""mean_cost_per_unit"": 17.067263237683072, ""capacity_utilization"": 4655638.0, ""feasible"": false, ""n_runs"": 20, ""eligibility"": ""NO_CONCLUSION""}]",feasibility does not change between 1500000.0 and 6000000.0; no threshold inside the recorded range,,
S0,norepinephrine_1mgml_4ml,release_time,global.sterility_incubation_days,14.0,14.0,18.0,False,False,,infeasible_everywhere,"[{""value"": 14.0, ""strategy_id"": ""S0"", ""mean_fill"": 0.9877698388553909, ""p_meet"": 0.75, ""mean_cost"": 12766472.984366853, ""mcse_cost"": 12158.641406338727, ""mean_shortage_days"": 22.10302573932092, ""mean_cost_per_unit"": 13.715619816700439, ""capacity_utilization"": 4655638.0, ""feasible"": false, ""n_runs"": 20, ""eligibility"": ""NO_CONCLUSION""}, {""value"": 18.0, ""strategy_id"": ""S0"", ""mean_fill"": 0.985741959378478, ""p_meet"": 0.75, ""mean_cost"": 12756080.784431282, ""mcse_cost"": 12592.019311615488, ""mean_shortage_days"": 26.833673329682362, ""mean_cost_per_unit"": 13.733321009660926, ""capacity_utilization"": 4645912.5, ""feasible"": false, ""n_runs"": 20, ""eligibility"": ""NO_CONCLUSION""}]",feasibility does not change between 14.0 and 18.0; no threshold inside the recorded range,,
S0,norepinephrine_1mgml_4ml,shelf_life,product.shelf_life_months,12.0,24.0,30.0,False,False,,infeasible_everywhere,"[{""value"": 12.0, ""strategy_id"": ""S0"", ""mean_fill"": 0.9877698388553909, ""p_meet"": 0.75, ""mean_cost"": 12766472.984366853, ""mcse_cost"": 12158.641406338727, ""mean_shortage_days"": 22.10302573932092, ""mean_cost_per_unit"": 13.715619816700439, ""capacity_utilization"": 4655638.0, ""feasible"": false, ""n_runs"": 20, ""eligibility"": ""NO_CONCLUSION""}, {""value"": 30.0, ""strategy_id"": ""S0"", ""mean_fill"": 0.9877698388553909, ""p_meet"": 0.75, ""mean_cost"": 12766472.984366853, ""mcse_cost"": 12158.641406338727, ""mean_shortage_days"": 22.10302573932092, ""mean_cost_per_unit"": 13.715619816700439, ""capacity_utilization"": 4655638.0, ""feasible"": false, ""n_runs"": 20, ""eligibility"": ""NO_CONCLUSION""}]",feasibility does not change between 12.0 and 30.0; no threshold inside the recorded range,,
S0,norepinephrine_1mgml_4ml,raw_material_lead_time,product.material_lead_time_days,30.0,90.0,240.0,False,False,,infeasible_everywhere,"[{""value"": 30.0, ""strategy_id"": ""S0"", ""mean_fill"": 0.9880142515125634, ""p_meet"": 0.55, ""mean_cost"": 12762982.413582508, ""mcse_cost"": 10043.904381611774, ""mean_shortage_days"": 23.073158543263965, ""mean_cost_per_unit"": 13.70506810029145, ""capacity_utilization"": 4656988.55, ""feasible"": false, ""n_runs"": 20, ""eligibility"": ""NO_CONCLUSION""}, {""value"": 240.0, ""strategy_id"": ""S0"", ""mean_fill"": 0.9832471809679285, ""p_meet"": 0.65, ""mean_cost"": 12751484.835982174, ""mcse_cost"": 9795.031298790353, ""mean_shortage_days"": 30.494174424972613, ""mean_cost_per_unit"": 13.760805824557636, ""capacity_utilization"": 4633733.55, ""feasible"": false, ""n_runs"": 20, ""eligibility"": ""NO_CONCLUSION""}]",feasibility does not change between 30.0 and 240.0; no threshold inside the recorded range,,
S0,norepinephrine_1mgml_4ml,common_cause_dependence,global.common_cause_events_per_year,0.02,0.1,0.3,False,False,,infeasible_everywhere,"[{""value"": 0.02, ""strategy_id"": ""S0"", ""mean_fill"": 0.9939181649805375, ""p_meet"": 0.8, ""mean_cost"": 12782636.738955243, ""mcse_cost"": 8800.45389350413, ""mean_shortage_days"": 13.951909912376777, ""mean_cost_per_unit"": 13.642575413153073, ""capacity_utilization"": 4684895.2, ""feasible"": false, ""n_runs"": 20, ""eligibility"": ""NO_CONCLUSION""}, {""value"": 0.3, ""strategy_id"": ""S0"", ""mean_fill"": 0.9691552170855429, ""p_meet"": 0.65, ""mean_cost"": 12715157.93253177, ""mcse_cost"": 22918.613004490708, ""mean_shortage_days"": 38.655291621029576, ""mean_cost_per_unit"": 13.947158603560599, ""capacity_utilization"": 4566319.15, ""feasible"": false, ""n_runs"": 20, ""eligibility"": ""NO_CONCLUSION""}]",feasibility does not change between 0.02 and 0.3; no threshold inside the recorded range,,
S0,norepinephrine_1mgml_4ml,supplier_concentration,global.supplier_disruptions_per_supplier_year,0.05,0.2,0.6,False,False,,infeasible_everywhere,"[{""value"": 0.05, ""strategy_id"": ""S0"", ""mean_fill"": 0.9901044334779284, ""p_meet"": 0.75, ""mean_cost"": 12770808.225089127, ""mcse_cost"": 10693.326988839717, ""mean_shortage_days"": 20.00273822562979, ""mean_cost_per_unit"": 13.68572217730339, ""capacity_utilization"": 4666754.0, ""feasible"": false, ""n_runs"": 20, ""eligibility"": ""NO_CONCLUSION""}, {""value"": 0.6, ""strategy_id"": ""S0"", ""mean_fill"": 0.981334455431114, ""p_meet"": 0.45, ""mean_cost"": 12744462.94840055, ""mcse_cost"": 10283.467770222753, ""mean_shortage_days"": 30.59418811610076, ""mean_cost_per_unit"": 13.779948200981966, ""capacity_utilization"": 4625163.75, ""feasible"": false, ""n_runs"": 20, ""eligibility"": ""NO_CONCLUSION""}]",feasibility does not change between 0.05 and 0.6; no threshold inside the recorded range,,
S0,norepinephrine_1mgml_4ml,commissioning_days,global.node_commissioning_days,365.0,730.0,1095.0,False,False,,infeasible_everywhere,"[{""value"": 365.0, ""strategy_id"": ""S0"", ""mean_fill"": 0.9877698388553909, ""p_meet"": 0.75, ""mean_cost"": 12766472.984366853, ""mcse_cost"": 12158.641406338727, ""mean_shortage_days"": 22.10302573932092, ""mean_cost_per_unit"": 13.715619816700439, ""capacity_utilization"": 4655638.0, ""feasible"": false, ""n_runs"": 20, ""eligibility"": ""NO_CONCLUSION""}, {""value"": 1095.0, ""strategy_id"": ""S0"", ""mean_fill"": 0.9877698388553909, ""p_meet"": 0.75, ""mean_cost"": 12766472.984366853, ""mcse_cost"": 12158.641406338727, ""mean_shortage_days"": 22.10302573932092, ""mean_cost_per_unit"": 13.715619816700439, ""capacity_utilization"": 4655638.0, ""feasible"": false, ""n_runs"": 20, ""eligibility"": ""NO_CONCLUSION""}]",feasibility does not change between 365.0 and 1095.0; no threshold inside the recorded range,,
S0,norepinephrine_1mgml_4ml,activation_latency_days,global.reserved_capacity_activation_days,7.0,21.0,60.0,False,False,,infeasible_everywhere,"[{""value"": 7.0, ""strategy_id"": ""S0"", ""mean_fill"": 0.9877698388553909, ""p_meet"": 0.75, ""mean_cost"": 12766472.984366853, ""mcse_cost"": 12158.641406338727, ""mean_shortage_days"": 22.10302573932092, ""mean_cost_per_unit"": 13.715619816700439, ""capacity_utilization"": 4655638.0, ""feasible"": false, ""n_runs"": 20, ""eligibility"": ""NO_CONCLUSION""}, {""value"": 60.0, ""strategy_id"": ""S0"", ""mean_fill"": 0.9877698388553909, ""p_meet"": 0.75, ""mean_cost"": 12766472.984366853, ""mcse_cost"": 12158.641406338727, ""mean_shortage_days"": 22.10302573932092, ""mean_cost_per_unit"": 13.715619816700439, ""capacity_utilization"": 4655638.0, ""feasible"": false, ""n_runs"": 20, ""eligibility"": ""NO_CONCLUSION""}]",feasibility does not change between 7.0 and 60.0; no threshold inside the recorded range,,
S0,norepinephrine_1mgml_4ml,node_capital,product.capital_usd_per_site,15000000.0,40000000.0,100000000.0,False,False,,infeasible_everywhere,"[{""value"": 15000000.0, ""strategy_id"": ""S0"", ""mean_fill"": 0.9877698388553909, ""p_meet"": 0.75, ""mean_cost"": 8576972.002548536, ""mcse_cost"": 12158.641406338727, ""mean_shortage_days"": 22.10302573932092, ""mean_cost_per_unit"": 9.214221847326142, ""capacity_utilization"": 4655638.0, ""feasible"": false, ""n_runs"": 20, ""eligibility"": ""NO_CONCLUSION""}, {""value"": 100000000.0, ""strategy_id"": ""S0"", ""mean_fill"": 0.9877698388553909, ""p_meet"": 0.75, ""mean_cost"": 22821275.34073013, ""mcse_cost"": 12158.641406338751, ""mean_shortage_days"": 22.10302573932092, ""mean_cost_per_unit"": 24.518974943198025, ""capacity_utilization"": 4655638.0, ""feasible"": false, ""n_runs"": 20, ""eligibility"": ""NO_CONCLUSION""}]",feasibility does not change between 15000000.0 and 100000000.0; no threshold inside the recorded range,,
S0,norepinephrine_1mgml_4ml,batches_per_site_year,product.batches_per_site_year_nominal,30.0,45.0,70.0,False,False,,infeasible_everywhere,"[{""value"": 30.0, ""strategy_id"": ""S0"", ""mean_fill"": 0.7433262912693438, ""p_meet"": 0.0, ""mean_cost"": 12179857.830412114, ""mcse_cost"": 14537.322968006642, ""mean_shortage_days"": 270.0269646768894, ""mean_cost_per_unit"": 17.403949016448145, ""capacity_utilization"": 3504977.6, ""feasible"": false, ""n_runs"": 20, ""eligibility"": ""NO_CONCLUSION""}, {""value"": 70.0, ""strategy_id"": ""S0"", ""mean_fill"": 0.996596419671526, ""p_meet"": 0.85, ""mean_cost"": 12801364.831103351, ""mcse_cost"": 7916.776024640926, ""mean_shortage_days"": 8.571173329682365, ""mean_cost_per_unit"": 13.62574328391442, ""capacity_utilization"": 4697602.8, ""feasible"": false, ""n_runs"": 20, ""eligibility"": ""NO_CONCLUSION""}]",feasibility does not change between 30.0 and 70.0; no threshold inside the recorded range,,
S0,norepinephrine_1mgml_4ml,changeover_burden,product.changeover_days,1.0,3.0,10.0,False,False,,infeasible_everywhere,"[{""value"": 1.0, ""strategy_id"": ""S0"", ""mean_fill"": 0.9886464503774952, ""p_meet"": 0.8, ""mean_cost"": 12769037.110630581, ""mcse_cost"": 12175.195606109706, ""mean_shortage_days"": 20.362787513691128, ""mean_cost_per_unit"": 13.70394381523829, ""capacity_utilization"": 4660548.9, ""feasible"": false, ""n_runs"": 20, ""eligibility"": ""NO_CONCLUSION""}, {""value"": 10.0, ""strategy_id"": ""S0"", ""mean_fill"": 0.8211080071052024, ""p_meet"": 0.0, ""mean_cost"": 12338857.336841978, ""mcse_cost"": 13271.722400610606, ""mean_shortage_days"": 247.0638211938664, ""mean_cost_per_unit"": 15.954055649439846, ""capacity_utilization"": 3870790.7, ""feasible"": false, ""n_runs"": 20, ""eligibility"": ""NO_CONCLUSION""}]",feasibility does not change between 1.0 and 10.0; no threshold inside the recorded range,,
S1,norepinephrine_1mgml_4ml,capacity_utilization,product.annual_demand_units,500000.0,900000.0,1800000.0,False,False,,infeasible_everywhere,"[{""value"": 500000.0, ""strategy_id"": ""S1"", ""mean_fill"": 0.9939324112927924, ""p_meet"": 0.65, ""mean_cost"": 11763933.58380805, ""mcse_cost"": 5189.682010976774, ""mean_shortage_days"": 13.051786692223441, ""mean_cost_per_unit"": 22.599106430757274, ""capacity_utilization"": 2602688.35, ""feasible"": false, ""n_runs"": 20, ""eligibility"": ""NO_CONCLUSION""}, {""value"": 1800000.0, ""strategy_id"": ""S1"", ""mean_fill"": 0.5783913093083348, ""p_meet"": 0.0, ""mean_cost"": 13123905.888731223, ""mcse_cost"": 24168.045084814326, ""mean_shortage_days"": 249.71418400876232, ""mean_cost_per_unit"": 12.033397985885541, ""capacity_utilization"": 5462507.4, ""feasible"": false, ""n_runs"": 20, ""eligibility"": ""NO_CONCLUSION""}]",feasibility does not change between 500000.0 and 1800000.0; no threshold inside the recorded range,,
S1,norepinephrine_1mgml_4ml,fixed_qa_labor_per_node,product.fixed_qa_labor_usd_per_site_year,1500000.0,3000000.0,6000000.0,False,False,,infeasible_everywhere,"[{""value"": 1500000.0, ""strategy_id"": ""S1"", ""mean_fill"": 0.9889958610496603, ""p_meet"": 0.8, ""mean_cost"": 11194229.59845484, ""mcse_cost"": 12402.004079792481, ""mean_shortage_days"": 21.49294222343921, ""mean_cost_per_unit"": 12.009391214098546, ""capacity_utilization"": 4661858.25, ""feasible"": false, ""n_runs"": 20, ""eligibility"": ""NO_CONCLUSION""}, {""value"": 6000000.0, ""strategy_id"": ""S1"", ""mean_fill"": 0.9889958610496603, ""p_meet"": 0.8, ""mean_cost"": 15873347.118760476, ""mcse_cost"": 12402.004079792547, ""mean_shortage_days"": 21.49294222343921, ""mean_cost_per_unit"": 17.02974201751432, ""capacity_utilization"": 4661858.25, ""feasible"": false, ""n_runs"": 20, ""eligibility"": ""NO_CONCLUSION""}]",feasibility does not change between 1500000.0 and 6000000.0; no threshold inside the recorded range,,
S1,norepinephrine_1mgml_4ml,release_time,global.sterility_incubation_days,14.0,14.0,18.0,False,False,,infeasible_everywhere,"[{""value"": 14.0, ""strategy_id"": ""S1"", ""mean_fill"": 0.9889958610496603, ""p_meet"": 0.8, ""mean_cost"": 12753935.438556721, ""mcse_cost"": 12402.004079792545, ""mean_shortage_days"": 21.49294222343921, ""mean_cost_per_unit"": 13.682841481903804, ""capacity_utilization"": 4661858.25, ""feasible"": false, ""n_runs"": 20, ""eligibility"": ""NO_CONCLUSION""}, {""value"": 18.0, ""strategy_id"": ""S1"", ""mean_fill"": 0.9878469461639641, ""p_meet"": 0.8, ""mean_cost"": 12746950.504127767, ""mcse_cost"": 12375.539761421725, ""mean_shortage_days"": 23.21317771084337, ""mean_cost_per_unit"": 13.691786276839437, ""capacity_utilization"": 4656376.25, ""feasible"": false, ""n_runs"": 20, ""eligibility"": ""NO_CONCLUSION""}]",feasibility does not change between 14.0 and 18.0; no threshold inside the recorded range,,
S1,norepinephrine_1mgml_4ml,shelf_life,product.shelf_life_months,12.0,24.0,30.0,False,False,,infeasible_everywhere,"[{""value"": 12.0, ""strategy_id"": ""S1"", ""mean_fill"": 0.9888324596263235, ""p_meet"": 0.8, ""mean_cost"": 12777181.426861983, ""mcse_cost"": 12765.52499026112, ""mean_shortage_days"": 20.112753285870753, ""mean_cost_per_unit"": 13.710363127843536, ""capacity_utilization"": 4661069.65, ""feasible"": false, ""n_runs"": 20, ""eligibility"": ""NO_CONCLUSION""}, {""value"": 30.0, ""strategy_id"": ""S1"", ""mean_fill"": 0.9889958610496603, ""p_meet"": 0.8, ""mean_cost"": 12753935.438556721, ""mcse_cost"": 12402.004079792545, ""mean_shortage_days"": 21.49294222343921, ""mean_cost_per_unit"": 13.682841481903804, ""capacity_utilization"": 4661858.25, ""feasible"": false, ""n_runs"": 20, ""eligibility"": ""NO_CONCLUSION""}]",feasibility does not change between 12.0 and 30.0; no threshold inside the recorded range,,
S1,norepinephrine_1mgml_4ml,raw_material_lead_time,product.material_lead_time_days,30.0,90.0,240.0,False,False,,infeasible_everywhere,"[{""value"": 30.0, ""strategy_id"": ""S1"", ""mean_fill"": 0.9908044332305609, ""p_meet"": 0.75, ""mean_cost"": 12753357.355904888, ""mcse_cost"": 10588.097186200168, ""mean_shortage_days"": 18.83257803943045, ""mean_cost_per_unit"": 13.654454480836929, ""capacity_utilization"": 4670643.8, ""feasible"": false, ""n_runs"": 20, ""eligibility"": ""NO_CONCLUSION""}, {""value"": 240.0, ""strategy_id"": ""S1"", ""mean_fill"": 0.982338241652174, ""p_meet"": 0.65, ""mean_cost"": 12736604.191468861, ""mcse_cost"": 15284.244355574267, ""mean_shortage_days"": 28.573911555312158, ""mean_cost_per_unit"": 13.764267022103317, ""capacity_utilization"": 4629701.85, ""feasible"": false, ""n_runs"": 20, ""eligibility"": ""NO_CONCLUSION""}]",feasibility does not change between 30.0 and 240.0; no threshold inside the recorded range,,
S1,norepinephrine_1mgml_4ml,common_cause_dependence,global.common_cause_events_per_year,0.02,0.1,0.3,False,False,,infeasible_everywhere,"[{""value"": 0.02, ""strategy_id"": ""S1"", ""mean_fill"": 0.995977328623785, ""p_meet"": 0.85, ""mean_cost"": 12774155.420617577, ""mcse_cost"": 7770.8300250362445, ""mean_shortage_days"": 10.841484118291346, ""mean_cost_per_unit"": 13.603889799207852, ""capacity_utilization"": 4695059.7, ""feasible"": false, ""n_runs"": 20, ""eligibility"": ""NO_CONCLUSION""}, {""value"": 0.3, ""strategy_id"": ""S1"", ""mean_fill"": 0.9741186000800685, ""p_meet"": 0.7, ""mean_cost"": 12705166.906419644, ""mcse_cost"": 23708.90578027955, ""mean_shortage_days"": 33.5745961117196, ""mean_cost_per_unit"": 13.864665760016894, ""capacity_utilization"": 4590128.05, ""feasible"": false, ""n_runs"": 20, ""eligibility"": ""NO_CONCLUSION""}]",feasibility does not change between 0.02 and 0.3; no threshold inside the recorded range,,
S1,norepinephrine_1mgml_4ml,supplier_concentration,global.supplier_disruptions_per_supplier_year,0.05,0.2,0.6,False,False,,infeasible_everywhere,"[{""value"": 0.05, ""strategy_id"": ""S1"", ""mean_fill"": 0.9909275450065523, ""p_meet"": 0.8, ""mean_cost"": 12757143.592897585, ""mcse_cost"": 10716.725814610832, ""mean_shortage_days"": 19.202628696604602, ""mean_cost_per_unit"": 13.657756949393194, ""capacity_utilization"": 4671093.25, ""feasible"": false, ""n_runs"": 20, ""eligibility"": ""NO_CONCLUSION""}, {""value"": 0.6, ""strategy_id"": ""S1"", ""mean_fill"": 0.9846798237305912, ""p_meet"": 0.5, ""mean_cost"": 12736568.452518687, ""mcse_cost"": 10561.74523482169, ""mean_shortage_days"": 28.813944414019716, ""mean_cost_per_unit"": 13.722109839444794, ""capacity_utilization"": 4641422.45, ""feasible"": false, ""n_runs"": 20, ""eligibility"": ""NO_CONCLUSION""}]",feasibility does not change between 0.05 and 0.6; no threshold inside the recorded range,,
S1,norepinephrine_1mgml_4ml,commissioning_days,global.node_commissioning_days,365.0,730.0,1095.0,False,False,,infeasible_everywhere,"[{""value"": 365.0, ""strategy_id"": ""S1"", ""mean_fill"": 0.9889958610496603, ""p_meet"": 0.8, ""mean_cost"": 12753935.438556721, ""mcse_cost"": 12402.004079792545, ""mean_shortage_days"": 21.49294222343921, ""mean_cost_per_unit"": 13.682841481903804, ""capacity_utilization"": 4661858.25, ""feasible"": false, ""n_runs"": 20, ""eligibility"": ""NO_CONCLUSION""}, {""value"": 1095.0, ""strategy_id"": ""S1"", ""mean_fill"": 0.9889958610496603, ""p_meet"": 0.8, ""mean_cost"": 12753935.438556721, ""mcse_cost"": 12402.004079792545, ""mean_shortage_days"": 21.49294222343921, ""mean_cost_per_unit"": 13.682841481903804, ""capacity_utilization"": 4661858.25, ""feasible"": false, ""n_runs"": 20, ""eligibility"": ""NO_CONCLUSION""}]",feasibility does not change between 365.0 and 1095.0; no threshold inside the recorded range,,
S1,norepinephrine_1mgml_4ml,activation_latency_days,global.reserved_capacity_activation_days,7.0,21.0,60.0,False,False,,infeasible_everywhere,"[{""value"": 7.0, ""strategy_id"": ""S1"", ""mean_fill"": 0.9889958610496603, ""p_meet"": 0.8, ""mean_cost"": 12753935.438556721, ""mcse_cost"": 12402.004079792545, ""mean_shortage_days"": 21.49294222343921, ""mean_cost_per_unit"": 13.682841481903804, ""capacity_utilization"": 4661858.25, ""feasible"": false, ""n_runs"": 20, ""eligibility"": ""NO_CONCLUSION""}, {""value"": 60.0, ""strategy_id"": ""S1"", ""mean_fill"": 0.9889958610496603, ""p_meet"": 0.8, ""mean_cost"": 12753935.438556721, ""mcse_cost"": 12402.004079792545, ""mean_shortage_days"": 21.49294222343921, ""mean_cost_per_unit"": 13.682841481903804, ""capacity_utilization"": 4661858.25, ""feasible"": false, ""n_runs"": 20, ""eligibility"": ""NO_CONCLUSION""}]",feasibility does not change between 7.0 and 60.0; no threshold inside the recorded range,,
S1,norepinephrine_1mgml_4ml,node_capital,product.capital_usd_per_site,15000000.0,40000000.0,100000000.0,False,False,,infeasible_everywhere,"[{""value"": 15000000.0, ""strategy_id"": ""S1"", ""mean_fill"": 0.9889958610496603, ""p_meet"": 0.8, ""mean_cost"": 8564434.456738405, ""mcse_cost"": 12402.004079792549, ""mean_shortage_days"": 21.49294222343921, ""mean_cost_per_unit"": 9.187813406907107, ""capacity_utilization"": 4661858.25, ""feasible"": false, ""n_runs"": 20, ""eligibility"": ""NO_CONCLUSION""}, {""value"": 100000000.0, ""strategy_id"": ""S1"", ""mean_fill"": 0.9889958610496603, ""p_meet"": 0.8, ""mean_cost"": 22808737.794920005, ""mcse_cost"": 12402.004079792594, ""mean_shortage_days"": 21.49294222343921, ""mean_cost_per_unit"": 24.470908861895147, ""capacity_utilization"": 4661858.25, ""feasible"": false, ""n_runs"": 20, ""eligibility"": ""NO_CONCLUSION""}]",feasibility does not change between 15000000.0 and 100000000.0; no threshold inside the recorded range,,
S1,norepinephrine_1mgml_4ml,batches_per_site_year,product.batches_per_site_year_nominal,30.0,45.0,70.0,False,True,48.125,feasible_above,"[{""value"": 30.0, ""strategy_id"": ""S1"", ""mean_fill"": 0.7479836905163797, ""p_meet"": 0.0, ""mean_cost"": 12163734.218870351, ""mcse_cost"": 14901.76491709977, ""mean_shortage_days"": 268.3667374041621, ""mean_cost_per_unit"": 17.272208252955785, ""capacity_utilization"": 3527088.35, ""feasible"": false, ""n_runs"": 20, ""eligibility"": ""NO_CONCLUSION""}, {""value"": 70.0, ""strategy_id"": ""S1"", ""mean_fill"": 0.9972662769440994, ""p_meet"": 0.9, ""mean_cost"": 12795961.576451823, ""mcse_cost"": 6587.913031130057, ""mean_shortage_days"": 7.180983023001095, ""mean_cost_per_unit"": 13.610828770644403, ""capacity_utilization"": 4700646.95, ""feasible"": true, ""n_runs"": 20, ""eligibility"": ""NO_CONCLUSION""}, {""value"": 50.0, ""strategy_id"": ""S1"", ""mean_fill"": 0.9938226853264448, ""p_meet"": 0.9, ""mean_cost"": 12772265.836472664, ""mcse_cost"": 9127.61784673011, ""mean_shortage_days"": 14.46197973713034, ""mean_cost_per_unit"": 13.633823704557438, ""capacity_utilization"": 4684254.2, ""feasible"": true, ""n_runs"": 20, ""eligibility"": ""NO_CONCLUSION""}, {""value"": 40.0, ""strategy_id"": ""S1"", ""mean_fill"": 0.9817568300646553, ""p_meet"": 0.55, ""mean_cost"": 12715694.645922154, ""mcse_cost"": 15563.022618235156, ""mean_shortage_days"": 33.3645673603505, ""mean_cost_per_unit"": 13.749010087213952, ""capacity_utilization"": 4626995.0, ""feasible"": false, ""n_runs"": 20, ""eligibility"": ""NO_CONCLUSION""}, {""value"": 45.0, ""strategy_id"": ""S1"", ""mean_fill"": 0.9889958610496603, ""p_meet"": 0.8, ""mean_cost"": 12753935.438556721, ""mcse_cost"": 12402.004079792545, ""mean_shortage_days"": 21.49294222343921, ""mean_cost_per_unit"": 13.682841481903804, ""capacity_utilization"": 4661858.25, ""feasible"": false, ""n_runs"": 20, ""eligibility"": ""NO_CONCLUSION""}, {""value"": 47.5, ""strategy_id"": ""S1"", ""mean_fill"": 0.9897438967145007, ""p_meet"": 0.75, ""mean_cost"": 12758157.908720423, ""mcse_cost"": 11427.521292527937, ""mean_shortage_days"": 19.962732749178535, ""mean_cost_per_unit"": 13.676436999500458, ""capacity_utilization"": 4665260.85, ""feasible"": false, ""n_runs"": 20, ""eligibility"": ""NO_CONCLUSION""}, {""value"": 48.75, ""strategy_id"": ""S1"", ""mean_fill"": 0.9938644552475593, ""p_meet"": 0.9, ""mean_cost"": 12772480.009864267, ""mcse_cost"": 9458.284221292597, ""mean_shortage_days"": 13.97191265060241, ""mean_cost_per_unit"": 13.632924344195995, ""capacity_utilization"": 4684664.3, ""feasible"": true, ""n_runs"": 20, ""eligibility"": ""NO_CONCLUSION""}]",bisection over 5 steps on 20 paired runs,47.5,48.75
S1,norepinephrine_1mgml_4ml,changeover_burden,product.changeover_days,1.0,3.0,10.0,False,False,,infeasible_everywhere,"[{""value"": 1.0, ""strategy_id"": ""S1"", ""mean_fill"": 0.9897610503474693, ""p_meet"": 0.75, ""mean_cost"": 12752866.967070641, ""mcse_cost"": 12252.145637814516, ""mean_shortage_days"": 18.902587623220157, ""mean_cost_per_unit"": 13.671668381455863, ""capacity_utilization"": 4665207.6, ""feasible"": false, ""n_runs"": 20, ""eligibility"": ""NO_CONCLUSION""}, {""value"": 10.0, ""strategy_id"": ""S1"", ""mean_fill"": 0.8171775492392748, ""p_meet"": 0.0, ""mean_cost"": 12307238.86348613, ""mcse_cost"": 13968.906632500195, ""mean_shortage_days"": 245.8836596385542, ""mean_cost_per_unit"": 15.995585978997195, ""capacity_utilization"": 3851553.6, ""feasible"": false, ""n_runs"": 20, ""eligibility"": ""NO_CONCLUSION""}]",feasibility does not change between 1.0 and 10.0; no threshold inside the recorded range,,
S2,norepinephrine_1mgml_4ml,capacity_utilization,product.annual_demand_units,500000.0,900000.0,1800000.0,True,False,926562.5,feasible_below,"[{""value"": 500000.0, ""strategy_id"": ""S2"", ""mean_fill"": 0.9991163411050271, ""p_meet"": 1.0, ""mean_cost"": 17451321.41171931, ""mcse_cost"": 5757.619744551295, ""mean_shortage_days"": 2.8403888280394307, ""mean_cost_per_unit"": 33.34796396397242, ""capacity_utilization"": 2616684.25, ""feasible"": true, ""n_runs"": 20, ""eligibility"": ""NO_CONCLUSION""}, {""value"": 1800000.0, ""strategy_id"": ""S2"", ""mean_fill"": 0.6528485279514066, ""p_meet"": 0.0, ""mean_cost"": 19175092.374185003, ""mcse_cost"": 19709.668945777274, ""mean_shortage_days"": 283.0987541073384, ""mean_cost_per_unit"": 15.566971123894557, ""capacity_utilization"": 6163644.2, ""feasible"": false, ""n_runs"": 20, ""eligibility"": ""NO_CONCLUSION""}, {""value"": 1150000.0, ""strategy_id"": ""S2"", ""mean_fill"": 0.980286477011721, ""p_meet"": 0.4, ""mean_cost"": 18937054.74716606, ""mcse_cost"": 14762.469640156154, ""mean_shortage_days"": 51.667072836801744, ""mean_cost_per_unit"": 16.023250949569018, ""capacity_utilization"": 5910442.8, ""feasible"": false, ""n_runs"": 20, ""eligibility"": ""NO_CONCLUSION""}, {""value"": 825000.0, ""strategy_id"": ""S2"", ""mean_fill"": 0.9958574832208266, ""p_meet"": 0.95, ""mean_cost"": 18255115.11406999, ""mcse_cost"": 10649.30439238947, ""mean_shortage_days"": 10.64145673603505, ""mean_cost_per_unit"": 21.195352938383415, ""capacity_utilization"": 4306499.55, ""feasible"": true, ""n_runs"": 20, ""eligibility"": ""NO_CONCLUSION""}, {""value"": 987500.0, ""strategy_id"": ""S2"", ""mean_fill"": 0.9926562329321206, ""p_meet"": 0.85, ""mean_cost"": 18614772.97343626, ""mcse_cost"": 11227.05922282029, ""mean_shortage_days"": 21.26291073384447, ""mean_cost_per_unit"": 18.109206901975245, ""capacity_utilization"": 5139773.85, ""feasible"": false, ""n_runs"": 20, ""eligibility"": ""NO_CONCLUSION""}, {""value"": 906250.0, ""strategy_id"": ""S2"", ""mean_fill"": 0.9948364258036451, ""p_meet"": 0.9, ""mean_cost"": 18439785.94052998, ""mcse_cost"": 11115.682772673563, ""mean_shortage_days"": 14.471981106243154, ""mean_cost_per_unit"": 19.504285588535023, ""capacity_utilization"": 4727125.3, ""feasible"": true, ""n_runs"": 20, ""eligibility"": ""NO_CONCLUSION""}, {""value"": 946875.0, ""strategy_id"": ""S2"", ""mean_fill"": 0.9934359487064626, ""p_meet"": 0.8, ""mean_cost"": 18527781.582770813, ""mcse_cost"": 12025.31749025498, ""mean_shortage_days"": 18.65255339539978, ""mean_cost_per_unit"": 18.783187920153114, ""capacity_utilization"": 4932178.75, ""feasible"": false, ""n_runs"": 20, ""eligibility"": ""NO_CONCLUSION""}]",bisection over 5 steps on 20 paired runs,906250.0,946875.0
S2,norepinephrine_1mgml_4ml,fixed_qa_labor_per_node,product.fixed_qa_labor_usd_per_site_year,1500000.0,3000000.0,6000000.0,True,True,,feasible_everywhere,"[{""value"": 1500000.0, ""strategy_id"": ""S2"", ""mean_fill"": 0.9948974879855376, ""p_meet"": 0.9, ""mean_cost"": 16131230.543128025, ""mcse_cost"": 9856.528159638601, ""mean_shortage_days"": 14.11193181818182, ""mean_cost_per_unit"": 17.179889893065173, ""capacity_utilization"": 4694797.3, ""feasible"": true, ""n_runs"": 20, ""eligibility"": ""NO_CONCLUSION""}, {""value"": 6000000.0, ""strategy_id"": ""S2"", ""mean_fill"": 0.9948974879855376, ""p_meet"": 0.9, ""mean_cost"": 23009217.534699693, ""mcse_cost"": 9856.528159638669, ""mean_shortage_days"": 14.11193181818182, ""mean_cost_per_unit"": 24.505193995631988, ""capacity_utilization"": 4694797.3, ""feasible"": true, ""n_runs"": 20, ""eligibility"": ""NO_CONCLUSION""}]",feasibility does not change between 1500000.0 and 6000000.0; no threshold inside the recorded range,,
S2,norepinephrine_1mgml_4ml,release_time,global.sterility_incubation_days,14.0,14.0,18.0,True,False,17.0625,feasible_below,"[{""value"": 14.0, ""strategy_id"": ""S2"", ""mean_fill"": 0.9948974879855376, ""p_meet"": 0.9, ""mean_cost"": 18423892.873651914, ""mcse_cost"": 9856.528159638536, ""mean_shortage_days"": 14.11193181818182, ""mean_cost_per_unit"": 19.62165792725411, ""capacity_utilization"": 4694797.3, ""feasible"": true, ""n_runs"": 20, ""eligibility"": ""NO_CONCLUSION""}, {""value"": 18.0, ""strategy_id"": ""S2"", ""mean_fill"": 0.9933453294951635, ""p_meet"": 0.75, ""mean_cost"": 18413351.92809456, ""mcse_cost"": 10705.290007218238, ""mean_shortage_days"": 17.5924082694414, ""mean_cost_per_unit"": 19.644841821496644, ""capacity_utilization"": 4686582.45, ""feasible"": false, ""n_runs"": 20, ""eligibility"": ""NO_CONCLUSION""}, {""value"": 16.0, ""strategy_id"": ""S2"", ""mean_fill"": 0.9941191037515404, ""p_meet"": 0.9, ""mean_cost"": 18418337.969587408, ""mcse_cost"": 10775.14066422448, ""mean_shortage_days"": 15.81216456736035, ""mean_cost_per_unit"": 19.628065176291777, ""capacity_utilization"": 4691814.35, ""feasible"": true, ""n_runs"": 20, ""eligibility"": ""NO_CONCLUSION""}, {""value"": 17.0, ""strategy_id"": ""S2"", ""mean_fill"": 0.9935935870269903, ""p_meet"": 0.9, ""mean_cost"": 18413058.118902482, ""mcse_cost"": 10903.944751141536, ""mean_shortage_days"": 16.61227409638554, ""mean_cost_per_unit"": 19.63655743479716, ""capacity_utilization"": 4688482.1, ""feasible"": true, ""n_runs"": 20, ""eligibility"": ""NO_CONCLUSION""}, {""value"": 17.5, ""strategy_id"": ""S2"", ""mean_fill"": 0.9936636937790094, ""p_meet"": 0.85, ""mean_cost"": 18415001.706855398, ""mcse_cost"": 9899.16542671727, ""mean_shortage_days"": 15.292093373493975, ""mean_cost_per_unit"": 19.639321472095514, ""capacity_utilization"": 4688236.7, ""feasible"": false, ""n_runs"": 20, ""eligibility"": ""NO_CONCLUSION""}, {""value"": 17.25, ""strategy_id"": ""S2"", ""mean_fill"": 0.9931813773728105, ""p_meet"": 0.85, ""mean_cost"": 18413761.73054869, ""mcse_cost"": 9673.08832693448, ""mean_shortage_days"": 17.072337075575025, ""mean_cost_per_unit"": 19.646046064635307, ""capacity_utilization"": 4686322.15, ""feasible"": false, ""n_runs"": 20, ""eligibility"": ""NO_CONCLUSION""}, {""value"": 17.125, ""strategy_id"": ""S2"", ""mean_fill"": 0.9932854813338954, ""p_meet"": 0.85, ""mean_cost"": 18413900.03679363, ""mcse_cost"": 10366.999516567921, ""mean_shortage_days"": 17.22235761226725, ""mean_cost_per_unit"": 19.64417860116443, ""capacity_utilization"": 4686861.85, ""feasible"": false, ""n_runs"": 20, ""eligibility"": ""NO_CONCLUSION""}]",bisection over 5 steps on 20 paired runs,17.0,17.125
S2,norepinephrine_1mgml_4ml,shelf_life,product.shelf_life_months,12.0,24.0,30.0,True,True,,feasible_everywhere,"[{""value"": 12.0, ""strategy_id"": ""S2"", ""mean_fill"": 0.9948974879855376, ""p_meet"": 0.9, ""mean_cost"": 18428813.03524228, ""mcse_cost"": 9883.329644599627, ""mean_shortage_days"": 14.11193181818182, ""mean_cost_per_unit"": 19.62689400898726, ""capacity_utilization"": 4694797.3, ""feasible"": true, ""n_runs"": 20, ""eligibility"": ""NO_CONCLUSION""}, {""value"": 30.0, ""strategy_id"": ""S2"", ""mean_fill"": 0.9948974879855376, ""p_meet"": 0.9, ""mean_cost"": 18423892.873651914, ""mcse_cost"": 9856.528159638536, ""mean_shortage_days"": 14.11193181818182, ""mean_cost_per_unit"": 19.62165792725411, ""capacity_utilization"": 4694797.3, ""feasible"": true, ""n_runs"": 20, ""eligibility"": ""NO_CONCLUSION""}]",feasibility does not change between 12.0 and 30.0; no threshold inside the recorded range,,
S2,norepinephrine_1mgml_4ml,raw_material_lead_time,product.material_lead_time_days,30.0,90.0,240.0,True,True,,feasible_everywhere,"[{""value"": 30.0, ""strategy_id"": ""S2"", ""mean_fill"": 0.9951197971483537, ""p_meet"": 0.95, ""mean_cost"": 18412817.588565726, ""mcse_cost"": 10914.064026462022, ""mean_shortage_days"": 14.231948247535595, ""mean_cost_per_unit"": 19.606641283925523, ""capacity_utilization"": 4695799.0, ""feasible"": true, ""n_runs"": 20, ""eligibility"": ""NO_CONCLUSION""}, {""value"": 240.0, ""strategy_id"": ""S2"", ""mean_fill"": 0.9957589302639469, ""p_meet"": 0.95, ""mean_cost"": 18459179.146554243, ""mcse_cost"": 10756.928228570378, ""mean_shortage_days"": 12.921768893756845, ""mean_cost_per_unit"": 19.642599707854423, ""capacity_utilization"": 4698987.2, ""feasible"": true, ""n_runs"": 20, ""eligibility"": ""NO_CONCLUSION""}]",feasibility does not change between 30.0 and 240.0; no threshold inside the recorded range,,
S2,norepinephrine_1mgml_4ml,common_cause_dependence,global.common_cause_events_per_year,0.02,0.1,0.3,True,False,0.155625,feasible_below,"[{""value"": 0.02, ""strategy_id"": ""S2"", ""mean_fill"": 0.9954114491795678, ""p_meet"": 0.9, ""mean_cost"": 18429251.36183258, ""mcse_cost"": 9422.498697107356, ""mean_shortage_days"": 11.931633351588172, ""mean_cost_per_unit"": 19.618456492981714, ""capacity_utilization"": 4696948.2, ""feasible"": true, ""n_runs"": 20, ""eligibility"": ""NO_CONCLUSION""}, {""value"": 0.3, ""strategy_id"": ""S2"", ""mean_fill"": 0.9867351326281927, ""p_meet"": 0.75, ""mean_cost"": 18403039.327384837, ""mcse_cost"": 12583.80849987837, ""mean_shortage_days"": 25.103436473165385, ""mean_cost_per_unit"": 19.77218967098973, ""capacity_utilization"": 4654664.1, ""feasible"": false, ""n_runs"": 20, ""eligibility"": ""NO_CONCLUSION""}, {""value"": 0.16, ""strategy_id"": ""S2"", ""mean_fill"": 0.994108824948227, ""p_meet"": 0.85, ""mean_cost"": 18415131.64230595, ""mcse_cost"": 10356.291891909472, ""mean_shortage_days"": 15.42211117196057, ""mean_cost_per_unit"": 19.63152025820657, ""capacity_utilization"": 4690189.65, ""feasible"": false, ""n_runs"": 20, ""eligibility"": ""NO_CONCLUSION""}, {""value"": 0.09, ""strategy_id"": ""S2"", ""mean_fill"": 0.9949651480335799, ""p_meet"": 0.9, ""mean_cost"": 18425866.88562795, ""mcse_cost"": 9503.699861749412, ""mean_shortage_days"": 13.761883899233297, ""mean_cost_per_unit"": 19.624721315284603, ""capacity_utilization"": 4694599.55, ""feasible"": true, ""n_runs"": 20, ""eligibility"": ""NO_CONCLUSION""}, {""value"": 0.125, ""strategy_id"": ""S2"", ""mean_fill"": 0.9947068550513265, ""p_meet"": 0.9, ""mean_cost"": 18418973.478302147, ""mcse_cost"": 10603.770665318021, ""mean_shortage_days"": 15.132071467688935, ""mean_cost_per_unit"": 19.621647449979946, ""capacity_utilization"": 4693537.95, ""feasible"": true, ""n_runs"": 20, ""eligibility"": ""NO_CONCLUSION""}, {""value"": 0.14250000000000002, ""strategy_id"": ""S2"", ""mean_fill"": 0.9945820466563287, ""p_meet"": 0.9, ""mean_cost"": 18418286.427078657, ""mcse_cost"": 10639.870615211707, ""mean_shortage_days"": 15.092065991237678, ""mean_cost_per_unit"": 19.623388660425032, ""capacity_utilization"": 4692955.2, ""feasible"": true, ""n_runs"": 20, ""eligibility"": ""NO_CONCLUSION""}, {""value"": 0.15125, ""strategy_id"": ""S2"", ""mean_fill"": 0.9945717592397967, ""p_meet"": 0.9, ""mean_cost"": 18415530.102810822, ""mcse_cost"": 10546.649203550043, ""mean_shortage_days"": 14.56199342825849, ""mean_cost_per_unit"": 19.622791221438856, ""capacity_utilization"": 4692392.65, ""feasible"": true, ""n_runs"": 20, ""eligibility"": ""NO_CONCLUSION""}]",bisection over 5 steps on 20 paired runs,0.15125,0.16
S2,norepinephrine_1mgml_4ml,supplier_concentration,global.supplier_disruptions_per_supplier_year,0.05,0.2,0.6,True,True,,feasible_everywhere,"[{""value"": 0.05, ""strategy_id"": ""S2"", ""mean_fill"": 0.9957565709021055, ""p_meet"": 0.95, ""mean_cost"": 18427907.894897997, ""mcse_cost"": 10886.357307888953, ""mean_shortage_days"": 12.851759309967141, ""mean_cost_per_unit"": 19.609367810466996, ""capacity_utilization"": 4698976.1, ""feasible"": true, ""n_runs"": 20, ""eligibility"": ""NO_CONCLUSION""}, {""value"": 0.6, ""strategy_id"": ""S2"", ""mean_fill"": 0.9955095765590369, ""p_meet"": 0.95, ""mean_cost"": 18424925.01378541, ""mcse_cost"": 10661.840335738287, ""mean_shortage_days"": 13.711877053669221, ""mean_cost_per_unit"": 19.611105535910458, ""capacity_utilization"": 4697823.6, ""feasible"": true, ""n_runs"": 20, ""eligibility"": ""NO_CONCLUSION""}]",feasibility does not change between 0.05 and 0.6; no threshold inside the recorded range,,
S2,norepinephrine_1mgml_4ml,commissioning_days,global.node_commissioning_days,365.0,730.0,1095.0,True,True,,feasible_everywhere,"[{""value"": 365.0, ""strategy_id"": ""S2"", ""mean_fill"": 0.9948974879855376, ""p_meet"": 0.9, ""mean_cost"": 18423892.873651914, ""mcse_cost"": 9856.528159638536, ""mean_shortage_days"": 14.11193181818182, ""mean_cost_per_unit"": 19.62165792725411, ""capacity_utilization"": 4694797.3, ""feasible"": true, ""n_runs"": 20, ""eligibility"": ""NO_CONCLUSION""}, {""value"": 1095.0, ""strategy_id"": ""S2"", ""mean_fill"": 0.9948974879855376, ""p_meet"": 0.9, ""mean_cost"": 18423892.873651914, ""mcse_cost"": 9856.528159638536, ""mean_shortage_days"": 14.11193181818182, ""mean_cost_per_unit"": 19.62165792725411, ""capacity_utilization"": 4694797.3, ""feasible"": true, ""n_runs"": 20, ""eligibility"": ""NO_CONCLUSION""}]",feasibility does not change between 365.0 and 1095.0; no threshold inside the recorded range,,
S2,norepinephrine_1mgml_4ml,activation_latency_days,global.reserved_capacity_activation_days,7.0,21.0,60.0,True,True,,feasible_everywhere,"[{""value"": 7.0, ""strategy_id"": ""S2"", ""mean_fill"": 0.9948974879855376, ""p_meet"": 0.9, ""mean_cost"": 18423892.873651914, ""mcse_cost"": 9856.528159638536, ""mean_shortage_days"": 14.11193181818182, ""mean_cost_per_unit"": 19.62165792725411, ""capacity_utilization"": 4694797.3, ""feasible"": true, ""n_runs"": 20, ""eligibility"": ""NO_CONCLUSION""}, {""value"": 60.0, ""strategy_id"": ""S2"", ""mean_fill"": 0.9948974879855376, ""p_meet"": 0.9, ""mean_cost"": 18423892.873651914, ""mcse_cost"": 9856.528159638536, ""mean_shortage_days"": 14.11193181818182, ""mean_cost_per_unit"": 19.62165792725411, ""capacity_utilization"": 4694797.3, ""feasible"": true, ""n_runs"": 20, ""eligibility"": ""NO_CONCLUSION""}]",feasibility does not change between 7.0 and 60.0; no threshold inside the recorded range,,
S2,norepinephrine_1mgml_4ml,node_capital,product.capital_usd_per_site,15000000.0,40000000.0,100000000.0,True,True,,feasible_everywhere,"[{""value"": 15000000.0, ""strategy_id"": ""S2"", ""mean_fill"": 0.9948974879855376, ""p_meet"": 0.9, ""mean_cost"": 12434683.950092383, ""mcse_cost"": 9856.528159638612, ""mean_shortage_days"": 14.11193181818182, ""mean_cost_per_unit"": 13.242934508230146, ""capacity_utilization"": 4694797.3, ""feasible"": true, ""n_runs"": 20, ""eligibility"": ""NO_CONCLUSION""}, {""value"": 100000000.0, ""strategy_id"": ""S2"", ""mean_fill"": 0.9948974879855376, ""p_meet"": 0.9, ""mean_cost"": 32797994.29019004, ""mcse_cost"": 9856.528159638669, ""mean_shortage_days"": 14.11193181818182, ""mean_cost_per_unit"": 34.93059413290656, ""capacity_utilization"": 4694797.3, ""feasible"": true, ""n_runs"": 20, ""eligibility"": ""NO_CONCLUSION""}]",feasibility does not change between 15000000.0 and 100000000.0; no threshold inside the recorded range,,
S2,norepinephrine_1mgml_4ml,batches_per_site_year,product.batches_per_site_year_nominal,30.0,45.0,70.0,False,True,39.375,feasible_above,"[{""value"": 30.0, ""strategy_id"": ""S2"", ""mean_fill"": 0.8700214932252548, ""p_meet"": 0.0, ""mean_cost"": 18096786.778348777, ""mcse_cost"": 13413.329014307443, ""mean_shortage_days"": 208.24850766703176, ""mean_cost_per_unit"": 22.083152577295614, ""capacity_utilization"": 4101084.1, ""feasible"": false, ""n_runs"": 20, ""eligibility"": ""NO_CONCLUSION""}, {""value"": 70.0, ""strategy_id"": ""S2"", ""mean_fill"": 0.9985353270387536, ""p_meet"": 1.0, ""mean_cost"": 18477812.049460985, ""mcse_cost"": 10227.539571549252, ""mean_shortage_days"": 4.35059556407448, ""mean_cost_per_unit"": 19.624383973001095, ""capacity_utilization"": 4707973.0, ""feasible"": true, ""n_runs"": 20, ""eligibility"": ""NO_CONCLUSION""}, {""value"": 50.0, ""strategy_id"": ""S2"", ""mean_fill"": 0.9966997267489359, ""p_meet"": 0.9, ""mean_cost"": 18449463.253816906, ""mcse_cost"": 12204.347095634637, ""mean_shortage_days"": 9.391285596933187, ""mean_cost_per_unit"": 19.61943836348251, ""capacity_utilization"": 4701978.25, ""feasible"": true, ""n_runs"": 20, ""eligibility"": ""NO_CONCLUSION""}, {""value"": 40.0, ""strategy_id"": ""S2"", ""mean_fill"": 0.9922492146761288, ""p_meet"": 0.9, ""mean_cost"": 18394720.28622182, ""mcse_cost"": 10096.355772351471, ""mean_shortage_days"": 20.60282037239869, ""mean_cost_per_unit"": 19.65843733303675, ""capacity_utilization"": 4678654.15, ""feasible"": true, ""n_runs"": 20, ""eligibility"": ""NO_CONCLUSION""}, {""value"": 35.0, ""strategy_id"": ""S2"", ""mean_fill"": 0.9837318535657837, ""p_meet"": 0.55, ""mean_cost"": 18349814.88958923, ""mcse_cost"": 11616.926990962931, ""mean_shortage_days"": 43.66597754654983, ""mean_cost_per_unit"": 19.781864911718507, ""capacity_utilization"": 4638837.3, ""feasible"": false, ""n_runs"": 20, ""eligibility"": ""NO_CONCLUSION""}, {""value"": 37.5, ""strategy_id"": ""S2"", ""mean_fill"": 0.9886618493935307, ""p_meet"": 0.7, ""mean_cost"": 18374494.153194893, ""mcse_cost"": 9764.345396697987, ""mean_shortage_days"": 26.603641840087626, ""mean_cost_per_unit"": 19.698036991001352, ""capacity_utilization"": 4664445.15, ""feasible"": false, ""n_runs"": 20, ""eligibility"": ""NO_CONCLUSION""}, {""value"": 38.75, ""strategy_id"": ""S2"", ""mean_fill"": 0.991677542599, ""p_meet"": 0.8, ""mean_cost"": 18393525.86222418, ""mcse_cost"": 10164.870212316237, ""mean_shortage_days"": 21.022877875136913, ""mean_cost_per_unit"": 19.66718791272401, ""capacity_utilization"": 4676304.9, ""feasible"": false, ""n_runs"": 20, ""eligibility"": ""NO_CONCLUSION""}]",bisection over 5 steps on 20 paired runs,38.75,40.0
S2,norepinephrine_1mgml_4ml,changeover_burden,product.changeover_days,1.0,3.0,10.0,True,False,8.453125,feasible_below,"[{""value"": 1.0, ""strategy_id"": ""S2"", ""mean_fill"": 0.9942979572546674, ""p_meet"": 0.9, ""mean_cost"": 18425387.78132223, ""mcse_cost"": 10123.490756449566, ""mean_shortage_days"": 15.442113910186198, ""mean_cost_per_unit"": 19.642894917083048, ""capacity_utilization"": 4690095.15, ""feasible"": true, ""n_runs"": 20, ""eligibility"": ""NO_CONCLUSION""}, {""value"": 10.0, ""strategy_id"": ""S2"", ""mean_fill"": 0.9925428859780098, ""p_meet"": 0.75, ""mean_cost"": 18405235.117756736, ""mcse_cost"": 10428.881416143915, ""mean_shortage_days"": 18.332509583789708, ""mean_cost_per_unit"": 19.66263189855934, ""capacity_utilization"": 4680266.1, ""feasible"": false, ""n_runs"": 20, ""eligibility"": ""NO_CONCLUSION""}, {""value"": 5.5, ""strategy_id"": ""S2"", ""mean_fill"": 0.9937718445133885, ""p_meet"": 0.9, ""mean_cost"": 18415417.95434627, ""mcse_cost"": 10189.766450639374, ""mean_shortage_days"": 15.512123493975903, ""mean_cost_per_unit"": 19.631251873556128, ""capacity_utilization"": 4690362.45, ""feasible"": true, ""n_runs"": 20, ""eligibility"": ""NO_CONCLUSION""}, {""value"": 7.75, ""strategy_id"": ""S2"", ""mean_fill"": 0.993112607225628, ""p_meet"": 0.9, ""mean_cost"": 18413915.297671463, ""mcse_cost"": 10891.319845396853, ""mean_shortage_days"": 18.022467141292438, ""mean_cost_per_unit"": 19.65226394235473, ""capacity_utilization"": 4684896.85, ""feasible"": true, ""n_runs"": 20, ""eligibility"": ""NO_CONCLUSION""}, {""value"": 8.875, ""strategy_id"": ""S2"", ""mean_fill"": 0.9925286750850214, ""p_meet"": 0.8, ""mean_cost"": 18408743.361578126, ""mcse_cost"": 9973.753998104234, ""mean_shortage_days"": 20.462801204819275, ""mean_cost_per_unit"": 19.663124280170926, ""capacity_utilization"": 4681006.8, ""feasible"": false, ""n_runs"": 20, ""eligibility"": ""NO_CONCLUSION""}, {""value"": 8.3125, ""strategy_id"": ""S2"", ""mean_fill"": 0.993112607225628, ""p_meet"": 0.9, ""mean_cost"": 18413915.297671463, ""mcse_cost"": 10891.319845396853, ""mean_shortage_days"": 18.022467141292438, ""mean_cost_per_unit"": 19.65226394235473, ""capacity_utilization"": 4684896.85, ""feasible"": true, ""n_runs"": 20, ""eligibility"": ""NO_CONCLUSION""}, {""value"": 8.59375, ""strategy_id"": ""S2"", ""mean_fill"": 0.9925286750850214, ""p_meet"": 0.8, ""mean_cost"": 18408743.361578126, ""mcse_cost"": 9973.753998104234, ""mean_shortage_days"": 20.462801204819275, ""mean_cost_per_unit"": 19.663124280170926, ""capacity_utilization"": 4681006.8, ""feasible"": false, ""n_runs"": 20, ""eligibility"": ""NO_CONCLUSION""}]",bisection over 5 steps on 20 paired runs,8.3125,8.59375
S3,norepinephrine_1mgml_4ml,capacity_utilization,product.annual_demand_units,500000.0,900000.0,1800000.0,True,False,764062.5,feasible_below,"[{""value"": 500000.0, ""strategy_id"": ""S3"", ""mean_fill"": 0.9974677299928694, ""p_meet"": 0.9, ""mean_cost"": 23837581.408214964, ""mcse_cost"": 4732.277141044909, ""mean_shortage_days"": 7.080969331872946, ""mean_cost_per_unit"": 45.630454929250064, ""capacity_utilization"": 2612031.3, ""feasible"": true, ""n_runs"": 20, ""eligibility"": ""NO_CONCLUSION""}, {""value"": 1800000.0, ""strategy_id"": ""S3"", ""mean_fill"": 0.9734007765367151, ""p_meet"": 0.35, ""mean_cost"": 27011550.552588087, ""mcse_cost"": 28572.053303710127, ""mean_shortage_days"": 57.25783817086526, ""mean_cost_per_unit"": 14.726444008510498, ""capacity_utilization"": 9176998.9, ""feasible"": false, ""n_runs"": 20, ""eligibility"": ""NO_CONCLUSION""}, {""value"": 1150000.0, ""strategy_id"": ""S3"", ""mean_fill"": 0.9933758590149792, ""p_meet"": 0.8, ""mean_cost"": 25479413.530598428, ""mcse_cost"": 8761.078090529538, ""mean_shortage_days"": 20.362787513691124, ""mean_cost_per_unit"": 21.29199865038352, ""capacity_utilization"": 5983054.5, ""feasible"": false, ""n_runs"": 20, ""eligibility"": ""NO_CONCLUSION""}, {""value"": 825000.0, ""strategy_id"": ""S3"", ""mean_fill"": 0.9942158428150311, ""p_meet"": 0.85, ""mean_cost"": 24649380.365382165, ""mcse_cost"": 6369.677701792452, ""mean_shortage_days"": 18.742565717415115, ""mean_cost_per_unit"": 28.690491081010254, ""capacity_utilization"": 4295795.4, ""feasible"": false, ""n_runs"": 20, ""eligibility"": ""NO_CONCLUSION""}, {""value"": 662500.0, ""strategy_id"": ""S3"", ""mean_fill"": 0.9963725110899905, ""p_meet"": 1.0, ""mean_cost"": 24235395.856926892, ""mcse_cost"": 5715.878341971733, ""mean_shortage_days"": 11.521577217962761, ""mean_cost_per_unit"": 35.05165595969605, ""capacity_utilization"": 3457155.95, ""feasible"": true, ""n_runs"": 20, ""eligibility"": ""NO_CONCLUSION""}, {""value"": 743750.0, ""strategy_id"": ""S3"", ""mean_fill"": 0.9944264176524227, ""p_meet"": 0.9, ""mean_cost"": 24449061.121376846, ""mcse_cost"": 4983.742282935483, ""mean_shortage_days"": 17.09233981380066, ""mean_cost_per_unit"": 31.5593979060378, ""capacity_utilization"": 3873567.9, ""feasible"": true, ""n_runs"": 20, ""eligibility"": ""NO_CONCLUSION""}, {""value"": 784375.0, ""strategy_id"": ""S3"", ""mean_fill"": 0.9943424280748779, ""p_meet"": 0.85, ""mean_cost"": 24552237.36016164, ""mcse_cost"": 6535.894400489933, ""mean_shortage_days"": 18.072473986856515, ""mean_cost_per_unit"": 30.053440024729195, ""capacity_utilization"": 4084771.35, ""feasible"": false, ""n_runs"": 20, ""eligibility"": ""NO_CONCLUSION""}]",bisection over 5 steps on 20 paired runs,743750.0,784375.0
S3,norepinephrine_1mgml_4ml,fixed_qa_labor_per_node,product.fixed_qa_labor_usd_per_site_year,1500000.0,3000000.0,6000000.0,True,True,,feasible_everywhere,"[{""value"": 1500000.0, ""strategy_id"": ""S3"", ""mean_fill"": 0.9962041619835261, ""p_meet"": 0.95, ""mean_cost"": 21238431.014466204, ""mcse_cost"": 7176.238648996823, ""mean_shortage_days"": 17.552402792990144, ""mean_cost_per_unit"": 22.615029971965868, ""capacity_utilization"": 4695772.2, ""feasible"": true, ""n_runs"": 20, ""eligibility"": ""NO_CONCLUSION""}, {""value"": 6000000.0, ""strategy_id"": ""S3"", ""mean_fill"": 0.9962041619835261, ""p_meet"": 0.95, ""mean_cost"": 32060014.19478345, ""mcse_cost"": 7176.238648996823, ""mean_shortage_days"": 17.552402792990144, ""mean_cost_per_unit"": 34.13822909795387, ""capacity_utilization"": 4695772.2, ""feasible"": true, ""n_runs"": 20, ""eligibility"": ""NO_CONCLUSION""}]",feasibility does not change between 1500000.0 and 6000000.0; no threshold inside the recorded range,,
S3,norepinephrine_1mgml_4ml,release_time,global.sterility_incubation_days,14.0,14.0,18.0,True,False,14.1875,feasible_below,"[{""value"": 14.0, ""strategy_id"": ""S3"", ""mean_fill"": 0.9962041619835261, ""p_meet"": 0.95, ""mean_cost"": 24845625.407905288, ""mcse_cost"": 7176.238648996964, ""mean_shortage_days"": 17.552402792990144, ""mean_cost_per_unit"": 26.456096347295205, ""capacity_utilization"": 4695772.2, ""feasible"": true, ""n_runs"": 20, ""eligibility"": ""NO_CONCLUSION""}, {""value"": 18.0, ""strategy_id"": ""S3"", ""mean_fill"": 0.9933742631907643, ""p_meet"": 0.75, ""mean_cost"": 24841636.493940894, ""mcse_cost"": 8364.744539129615, ""mean_shortage_days"": 21.09288745892661, ""mean_cost_per_unit"": 26.5261978705932, ""capacity_utilization"": 4682555.0, ""feasible"": false, ""n_runs"": 20, ""eligibility"": ""NO_CONCLUSION""}, {""value"": 16.0, ""strategy_id"": ""S3"", ""mean_fill"": 0.9942561080210879, ""p_meet"": 0.85, ""mean_cost"": 24842476.987706445, ""mcse_cost"": 7422.363060803429, ""mean_shortage_days"": 19.10261500547645, ""mean_cost_per_unit"": 26.504550813559757, ""capacity_utilization"": 4686499.0, ""feasible"": false, ""n_runs"": 20, ""eligibility"": ""NO_CONCLUSION""}, {""value"": 15.0, ""strategy_id"": ""S3"", ""mean_fill"": 0.9943284248324966, ""p_meet"": 0.85, ""mean_cost"": 24838036.325652663, ""mcse_cost"": 7908.154701651444, ""mean_shortage_days"": 18.112479463307775, ""mean_cost_per_unit"": 26.496603663312424, ""capacity_utilization"": 4686993.75, ""feasible"": false, ""n_runs"": 20, ""eligibility"": ""NO_CONCLUSION""}, {""value"": 14.5, ""strategy_id"": ""S3"", ""mean_fill"": 0.9942302879031562, ""p_meet"": 0.85, ""mean_cost"": 24845217.82965327, ""mcse_cost"": 9292.631999660554, ""mean_shortage_days"": 18.182489047097484, ""mean_cost_per_unit"": 26.508436595425756, ""capacity_utilization"": 4686421.15, ""feasible"": false, ""n_runs"": 20, ""eligibility"": ""NO_CONCLUSION""}, {""value"": 14.25, ""strategy_id"": ""S3"", ""mean_fill"": 0.9942036020075176, ""p_meet"": 0.85, ""mean_cost"": 24843266.031742807, ""mcse_cost"": 8285.661514939378, ""mean_shortage_days"": 20.452799835706465, ""mean_cost_per_unit"": 26.506893488620165, ""capacity_utilization"": 4686312.15, ""feasible"": false, ""n_runs"": 20, ""eligibility"": ""NO_CONCLUSION""}, {""value"": 14.125, ""strategy_id"": ""S3"", ""mean_fill"": 0.9955330493287844, ""p_meet"": 0.9, ""mean_cost"": 24844499.321700968, ""mcse_cost"": 7391.859037919805, ""mean_shortage_days"": 16.49225766703176, ""mean_cost_per_unit"": 26.472658845831074, ""capacity_utilization"": 4692550.55, ""feasible"": true, ""n_runs"": 20, ""eligibility"": ""NO_CONCLUSION""}]",bisection over 5 steps on 20 paired runs,14.125,14.25
S3,norepinephrine_1mgml_4ml,shelf_life,product.shelf_life_months,12.0,24.0,30.0,True,True,,feasible_everywhere,"[{""value"": 12.0, ""strategy_id"": ""S3"", ""mean_fill"": 0.9962041619835261, ""p_meet"": 0.95, ""mean_cost"": 24845625.407905288, ""mcse_cost"": 7176.238648996964, ""mean_shortage_days"": 17.552402792990144, ""mean_cost_per_unit"": 26.456096347295205, ""capacity_utilization"": 4695772.2, ""feasible"": true, ""n_runs"": 20, ""eligibility"": ""NO_CONCLUSION""}, {""value"": 30.0, ""strategy_id"": ""S3"", ""mean_fill"": 0.9962041619835261, ""p_meet"": 0.95, ""mean_cost"": 24845625.407905288, ""mcse_cost"": 7176.238648996964, ""mean_shortage_days"": 17.552402792990144, ""mean_cost_per_unit"": 26.456096347295205, ""capacity_utilization"": 4695772.2, ""feasible"": true, ""n_runs"": 20, ""eligibility"": ""NO_CONCLUSION""}]",feasibility does not change between 12.0 and 30.0; no threshold inside the recorded range,,
S3,norepinephrine_1mgml_4ml,raw_material_lead_time,product.material_lead_time_days,30.0,90.0,240.0,False,False,,infeasible_everywhere,"[{""value"": 30.0, ""strategy_id"": ""S3"", ""mean_fill"": 0.9938734728363586, ""p_meet"": 0.75, ""mean_cost"": 24826050.28348296, ""mcse_cost"": 7003.305261652786, ""mean_shortage_days"": 19.922727272727272, ""mean_cost_per_unit"": 26.497017182203116, ""capacity_utilization"": 4684632.8, ""feasible"": false, ""n_runs"": 20, ""eligibility"": ""NO_CONCLUSION""}, {""value"": 240.0, ""strategy_id"": ""S3"", ""mean_fill"": 0.9952141293036652, ""p_meet"": 0.85, ""mean_cost"": 24877263.309603147, ""mcse_cost"": 7045.040378468958, ""mean_shortage_days"": 17.502395947426066, ""mean_cost_per_unit"": 26.515726334170097, ""capacity_utilization"": 4690973.6, ""feasible"": false, ""n_runs"": 20, ""eligibility"": ""NO_CONCLUSION""}]",feasibility does not change between 30.0 and 240.0; no threshold inside the recorded range,,
S3,norepinephrine_1mgml_4ml,common_cause_dependence,global.common_cause_events_per_year,0.02,0.1,0.3,True,False,0.164375,feasible_below,"[{""value"": 0.02, ""strategy_id"": ""S3"", ""mean_fill"": 0.9950541637878112, ""p_meet"": 0.9, ""mean_cost"": 24844251.31220553, ""mcse_cost"": 6821.026893256108, ""mean_shortage_days"": 18.332509583789705, ""mean_cost_per_unit"": 26.485393726949088, ""capacity_utilization"": 4690283.05, ""feasible"": true, ""n_runs"": 20, ""eligibility"": ""NO_CONCLUSION""}, {""value"": 0.3, ""strategy_id"": ""S3"", ""mean_fill"": 0.9936158059521706, ""p_meet"": 0.8, ""mean_cost"": 24838933.889529586, ""mcse_cost"": 6006.345886313443, ""mean_shortage_days"": 19.002601314348304, ""mean_cost_per_unit"": 26.518052815001674, ""capacity_utilization"": 4683267.0, ""feasible"": false, ""n_runs"": 20, ""eligibility"": ""NO_CONCLUSION""}, {""value"": 0.16, ""strategy_id"": ""S3"", ""mean_fill"": 0.9936925534609374, ""p_meet"": 0.9, ""mean_cost"": 24842032.96295032, ""mcse_cost"": 6045.267641327798, ""mean_shortage_days"": 20.502806681270535, ""mean_cost_per_unit"": 26.51999959466595, ""capacity_utilization"": 4683800.15, ""feasible"": true, ""n_runs"": 20, ""eligibility"": ""NO_CONCLUSION""}, {""value"": 0.22999999999999998, ""strategy_id"": ""S3"", ""mean_fill"": 0.9912934072313776, ""p_meet"": 0.8, ""mean_cost"": 24832554.953138214, ""mcse_cost"": 10313.258300057989, ""mean_shortage_days"": 21.852991511500544, ""mean_cost_per_unit"": 26.575720679707455, ""capacity_utilization"": 4672513.7, ""feasible"": false, ""n_runs"": 20, ""eligibility"": ""NO_CONCLUSION""}, {""value"": 0.195, ""strategy_id"": ""S3"", ""mean_fill"": 0.9931859459576018, ""p_meet"": 0.75, ""mean_cost"": 24840270.436647803, ""mcse_cost"": 6349.468247065253, ""mean_shortage_days"": 21.642962760131432, ""mean_cost_per_unit"": 26.531269785425973, ""capacity_utilization"": 4681324.95, ""feasible"": false, ""n_runs"": 20, ""eligibility"": ""NO_CONCLUSION""}, {""value"": 0.1775, ""strategy_id"": ""S3"", ""mean_fill"": 0.9932598358265636, ""p_meet"": 0.8, ""mean_cost"": 24840107.876113262, ""mcse_cost"": 6337.070499715462, ""mean_shortage_days"": 21.742976451259583, ""mean_cost_per_unit"": 26.529459417653676, ""capacity_utilization"": 4681732.1, ""feasible"": false, ""n_runs"": 20, ""eligibility"": ""NO_CONCLUSION""}, {""value"": 0.16875, ""strategy_id"": ""S3"", ""mean_fill"": 0.993227495606184, ""p_meet"": 0.85, ""mean_cost"": 24841157.650209334, ""mcse_cost"": 6032.856883056516, ""mean_shortage_days"": 20.922864184008763, ""mean_cost_per_unit"": 26.531489385370993, ""capacity_utilization"": 4681589.7, ""feasible"": false, ""n_runs"": 20, ""eligibility"": ""NO_CONCLUSION""}]",bisection over 5 steps on 20 paired runs,0.16,0.16875
S3,norepinephrine_1mgml_4ml,supplier_concentration,global.supplier_disruptions_per_supplier_year,0.05,0.2,0.6,True,False,0.31640625,feasible_below,"[{""value"": 0.05, ""strategy_id"": ""S3"", ""mean_fill"": 0.9952941931453605, ""p_meet"": 0.9, ""mean_cost"": 24846911.446280155, ""mcse_cost"": 6703.716025946832, ""mean_shortage_days"": 18.71256161007667, ""mean_cost_per_unit"": 26.48164392823363, ""capacity_utilization"": 4691444.4, ""feasible"": true, ""n_runs"": 20, ""eligibility"": ""NO_CONCLUSION""}, {""value"": 0.6, ""strategy_id"": ""S3"", ""mean_fill"": 0.9932657723456965, ""p_meet"": 0.75, ""mean_cost"": 24837324.047435716, ""mcse_cost"": 7433.426463606568, ""mean_shortage_days"": 21.14289430449069, ""mean_cost_per_unit"": 26.525310628618257, ""capacity_utilization"": 4681807.1, ""feasible"": false, ""n_runs"": 20, ""eligibility"": ""NO_CONCLUSION""}, {""value"": 0.325, ""strategy_id"": ""S3"", ""mean_fill"": 0.994519702285986, ""p_meet"": 0.85, ""mean_cost"": 24844843.988723867, ""mcse_cost"": 7929.291556877027, ""mean_shortage_days"": 18.722562979189483, ""mean_cost_per_unit"": 26.5001375970353, ""capacity_utilization"": 4687757.65, ""feasible"": false, ""n_runs"": 20, ""eligibility"": ""NO_CONCLUSION""}, {""value"": 0.1875, ""strategy_id"": ""S3"", ""mean_fill"": 0.9956732410197169, ""p_meet"": 0.9, ""mean_cost"": 24844290.406873263, ""mcse_cost"": 6250.056971251977, ""mean_shortage_days"": 17.10234118291347, ""mean_cost_per_unit"": 26.46847069732332, ""capacity_utilization"": 4693161.05, ""feasible"": true, ""n_runs"": 20, ""eligibility"": ""NO_CONCLUSION""}, {""value"": 0.25625, ""strategy_id"": ""S3"", ""mean_fill"": 0.995769665716662, ""p_meet"": 0.9, ""mean_cost"": 24847781.346161183, ""mcse_cost"": 7302.961552317801, ""mean_shortage_days"": 18.422521905805034, ""mean_cost_per_unit"": 26.470060485959714, ""capacity_utilization"": 4693692.75, ""feasible"": true, ""n_runs"": 20, ""eligibility"": ""NO_CONCLUSION""}, {""value"": 0.290625, ""strategy_id"": ""S3"", ""mean_fill"": 0.995423157945407, ""p_meet"": 0.9, ""mean_cost"": 24844834.364792254, ""mcse_cost"": 8351.9173911025, ""mean_shortage_days"": 18.682557502738224, ""mean_cost_per_unit"": 26.475900045680326, ""capacity_utilization"": 4692034.7, ""feasible"": true, ""n_runs"": 20, ""eligibility"": ""NO_CONCLUSION""}, {""value"": 0.30781250000000004, ""strategy_id"": ""S3"", ""mean_fill"": 0.9953707282778558, ""p_meet"": 0.9, ""mean_cost"": 24845322.017438304, ""mcse_cost"": 8085.154026463289, ""mean_shortage_days"": 18.392517798466592, ""mean_cost_per_unit"": 26.477844983342386, ""capacity_utilization"": 4691786.05, ""feasible"": true, ""n_runs"": 20, ""eligibility"": ""NO_CONCLUSION""}]",bisection over 5 steps on 20 paired runs,0.30781250000000004,0.325
S3,norepinephrine_1mgml_4ml,commissioning_days,global.node_commissioning_days,365.0,730.0,1095.0,True,True,,feasible_everywhere,"[{""value"": 365.0, ""strategy_id"": ""S3"", ""mean_fill"": 0.9962041619835261, ""p_meet"": 0.95, ""mean_cost"": 24845625.407905288, ""mcse_cost"": 7176.238648996964, ""mean_shortage_days"": 17.552402792990144, ""mean_cost_per_unit"": 26.456096347295205, ""capacity_utilization"": 4695772.2, ""feasible"": true, ""n_runs"": 20, ""eligibility"": ""NO_CONCLUSION""}, {""value"": 1095.0, ""strategy_id"": ""S3"", ""mean_fill"": 0.9962041619835261, ""p_meet"": 0.95, ""mean_cost"": 24845625.407905288, ""mcse_cost"": 7176.238648996964, ""mean_shortage_days"": 17.552402792990144, ""mean_cost_per_unit"": 26.456096347295205, ""capacity_utilization"": 4695772.2, ""feasible"": true, ""n_runs"": 20, ""eligibility"": ""NO_CONCLUSION""}]",feasibility does not change between 365.0 and 1095.0; no threshold inside the recorded range,,
S3,norepinephrine_1mgml_4ml,activation_latency_days,global.reserved_capacity_activation_days,7.0,21.0,60.0,True,False,22.734375,feasible_below,"[{""value"": 7.0, ""strategy_id"": ""S3"", ""mean_fill"": 0.9967290501299095, ""p_meet"": 0.95, ""mean_cost"": 24852208.27230724, ""mcse_cost"": 7850.353625158775, ""mean_shortage_days"": 14.591997535596931, ""mean_cost_per_unit"": 26.44913941697851, ""capacity_utilization"": 4698252.6, ""feasible"": true, ""n_runs"": 20, ""eligibility"": ""NO_CONCLUSION""}, {""value"": 60.0, ""strategy_id"": ""S3"", ""mean_fill"": 0.9895547857857518, ""p_meet"": 0.5, ""mean_cost"": 24817353.453863453, ""mcse_cost"": 5896.90687988348, ""mean_shortage_days"": 30.71420454545454, ""mean_cost_per_unit"": 26.603202514932757, ""capacity_utilization"": 4664259.85, ""feasible"": false, ""n_runs"": 20, ""eligibility"": ""NO_CONCLUSION""}, {""value"": 33.5, ""strategy_id"": ""S3"", ""mean_fill"": 0.9946216373488642, ""p_meet"": 0.85, ""mean_cost"": 24839413.19378487, ""mcse_cost"": 5976.880811219178, ""mean_shortage_days"": 17.822439759036147, ""mean_cost_per_unit"": 26.489051228076033, ""capacity_utilization"": 4688454.35, ""feasible"": false, ""n_runs"": 20, ""eligibility"": ""NO_CONCLUSION""}, {""value"": 20.25, ""strategy_id"": ""S3"", ""mean_fill"": 0.9953513478702242, ""p_meet"": 0.95, ""mean_cost"": 24846522.31066712, ""mcse_cost"": 6808.695954779343, ""mean_shortage_days"": 18.042469879518073, ""mean_cost_per_unit"": 26.47932875825927, ""capacity_utilization"": 4691747.95, ""feasible"": true, ""n_runs"": 20, ""eligibility"": ""NO_CONCLUSION""}, {""value"": 26.875, ""strategy_id"": ""S3"", ""mean_fill"": 0.9951564037623862, ""p_meet"": 0.85, ""mean_cost"": 24843950.95845542, ""mcse_cost"": 7133.39700630594, ""mean_shortage_days"": 18.27250136911281, ""mean_cost_per_unit"": 26.482255076265325, ""capacity_utilization"": 4690811.95, ""feasible"": false, ""n_runs"": 20, ""eligibility"": ""NO_CONCLUSION""}, {""value"": 23.5625, ""strategy_id"": ""S3"", ""mean_fill"": 0.9941947685477721, ""p_meet"": 0.85, ""mean_cost"": 24840049.36894188, ""mcse_cost"": 7731.2991501958695, ""mean_shortage_days"": 18.412520536692224, ""mean_cost_per_unit"": 26.50332312391048, ""capacity_utilization"": 4686055.95, ""feasible"": false, ""n_runs"": 20, ""eligibility"": ""NO_CONCLUSION""}, {""value"": 21.90625, ""strategy_id"": ""S3"", ""mean_fill"": 0.9948329351845386, ""p_meet"": 0.9, ""mean_cost"": 24844935.11570257, ""mcse_cost"": 8045.608807701283, ""mean_shortage_days"": 19.192627327491785, ""mean_cost_per_unit"": 26.491662554295722, ""capacity_utilization"": 4689256.1, ""feasible"": true, ""n_runs"": 20, ""eligibility"": ""NO_CONCLUSION""}]",bisection over 5 steps on 20 paired runs,21.90625,23.5625
S3,norepinephrine_1mgml_4ml,node_capital,product.capital_usd_per_site,15000000.0,40000000.0,100000000.0,True,True,,feasible_everywhere,"[{""value"": 15000000.0, ""strategy_id"": ""S3"", ""mean_fill"": 0.9962041619835261, ""p_meet"": 0.95, ""mean_cost"": 16510667.932852153, ""mcse_cost"": 7176.238648996888, ""mean_shortage_days"": 17.552402792990144, ""mean_cost_per_unit"": 17.580742982514824, ""capacity_utilization"": 4695772.2, ""feasible"": true, ""n_runs"": 20, ""eligibility"": ""NO_CONCLUSION""}, {""value"": 100000000.0, ""strategy_id"": ""S3"", ""mean_fill"": 0.9962041619835261, ""p_meet"": 0.95, ""mean_cost"": 44849523.34803108, ""mcse_cost"": 7176.238648996914, ""mean_shortage_days"": 17.552402792990144, ""mean_cost_per_unit"": 47.756944422766274, ""capacity_utilization"": 4695772.2, ""feasible"": true, ""n_runs"": 20, ""eligibility"": ""NO_CONCLUSION""}]",feasibility does not change between 15000000.0 and 100000000.0; no threshold inside the recorded range,,
S3,norepinephrine_1mgml_4ml,batches_per_site_year,product.batches_per_site_year_nominal,30.0,45.0,70.0,False,True,40.625,feasible_above,"[{""value"": 30.0, ""strategy_id"": ""S3"", ""mean_fill"": 0.9902257057812509, ""p_meet"": 0.75, ""mean_cost"": 24821676.449704695, ""mcse_cost"": 6385.579973957938, ""mean_shortage_days"": 27.15371714129244, ""mean_cost_per_unit"": 26.59046726114376, ""capacity_utilization"": 4667185.8, ""feasible"": false, ""n_runs"": 20, ""eligibility"": ""NO_CONCLUSION""}, {""value"": 70.0, ""strategy_id"": ""S3"", ""mean_fill"": 0.996983213660922, ""p_meet"": 0.95, ""mean_cost"": 24848875.86228959, ""mcse_cost"": 8965.608059717966, ""mean_shortage_days"": 11.821618291347205, ""mean_cost_per_unit"": 26.43954803764446, ""capacity_utilization"": 4699591.9, ""feasible"": true, ""n_runs"": 20, ""eligibility"": ""NO_CONCLUSION""}, {""value"": 50.0, ""strategy_id"": ""S3"", ""mean_fill"": 0.9952186778082439, ""p_meet"": 0.9, ""mean_cost"": 24843319.92312125, ""mcse_cost"": 7399.179778255023, ""mean_shortage_days"": 18.842579408543262, ""mean_cost_per_unit"": 26.479488818896833, ""capacity_utilization"": 4691056.75, ""feasible"": true, ""n_runs"": 20, ""eligibility"": ""NO_CONCLUSION""}, {""value"": 40.0, ""strategy_id"": ""S3"", ""mean_fill"": 0.9920108737728563, ""p_meet"": 0.75, ""mean_cost"": 24832640.247728433, ""mcse_cost"": 7923.952948753859, ""mean_shortage_days"": 22.773117469879516, ""mean_cost_per_unit"": 26.55483692206092, ""capacity_utilization"": 4675950.8, ""feasible"": false, ""n_runs"": 20, ""eligibility"": ""NO_CONCLUSION""}, {""value"": 45.0, ""strategy_id"": ""S3"", ""mean_fill"": 0.9962041619835261, ""p_meet"": 0.95, ""mean_cost"": 24845625.407905288, ""mcse_cost"": 7176.238648996964, ""mean_shortage_days"": 17.552402792990144, ""mean_cost_per_unit"": 26.456096347295205, ""capacity_utilization"": 4695772.2, ""feasible"": true, ""n_runs"": 20, ""eligibility"": ""NO_CONCLUSION""}, {""value"": 42.5, ""strategy_id"": ""S3"", ""mean_fill"": 0.9956847587802933, ""p_meet"": 0.9, ""mean_cost"": 24839876.885267075, ""mcse_cost"": 7635.583400727266, ""mean_shortage_days"": 18.36251369112815, ""mean_cost_per_unit"": 26.46380697457342, ""capacity_utilization"": 4693337.85, ""feasible"": true, ""n_runs"": 20, ""eligibility"": ""NO_CONCLUSION""}, {""value"": 41.25, ""strategy_id"": ""S3"", ""mean_fill"": 0.9949904035411665, ""p_meet"": 0.95, ""mean_cost"": 24846001.547924154, ""mcse_cost"": 8332.215268906924, ""mean_shortage_days"": 20.772843647316538, ""mean_cost_per_unit"": 26.488438563089733, ""capacity_utilization"": 4689990.7, ""feasible"": true, ""n_runs"": 20, ""eligibility"": ""NO_CONCLUSION""}]",bisection over 5 steps on 20 paired runs,40.0,41.25
S3,norepinephrine_1mgml_4ml,changeover_burden,product.changeover_days,1.0,3.0,10.0,False,False,,infeasible_everywhere,"[{""value"": 1.0, ""strategy_id"": ""S3"", ""mean_fill"": 0.9956223571358199, ""p_meet"": 0.85, ""mean_cost"": 24845729.768112116, ""mcse_cost"": 6619.742981260083, ""mean_shortage_days"": 17.38237951807229, ""mean_cost_per_unit"": 26.471179453601195, ""capacity_utilization"": 4692843.9, ""feasible"": false, ""n_runs"": 20, ""eligibility"": ""NO_CONCLUSION""}, {""value"": 10.0, ""strategy_id"": ""S3"", ""mean_fill"": 0.9918884321022174, ""p_meet"": 0.75, ""mean_cost"": 24828006.723777417, ""mcse_cost"": 6217.084911378548, ""mean_shortage_days"": 30.74420865279298, ""mean_cost_per_unit"": 26.551755710905837, ""capacity_utilization"": 4675264.75, ""feasible"": false, ""n_runs"": 20, ""eligibility"": ""NO_CONCLUSION""}]",feasibility does not change between 1.0 and 10.0; no threshold inside the recorded range,,
S4,norepinephrine_1mgml_4ml,capacity_utilization,product.annual_demand_units,500000.0,900000.0,1800000.0,True,False,520312.5,feasible_below,"[{""value"": 500000.0, ""strategy_id"": ""S4"", ""mean_fill"": 0.9961436912334227, ""p_meet"": 0.9, ""mean_cost"": 30735345.4319608, ""mcse_cost"": 4592.947451426226, ""mean_shortage_days"": 9.741333515881708, ""mean_cost_per_unit"": 58.9149799057047, ""capacity_utilization"": 2608550.9, ""feasible"": true, ""n_runs"": 20, ""eligibility"": ""NO_CONCLUSION""}, {""value"": 1800000.0, ""strategy_id"": ""S4"", ""mean_fill"": 0.9806065349987284, ""p_meet"": 0.5, ""mean_cost"": 34050626.654203154, ""mcse_cost"": 25897.335495535634, ""mean_shortage_days"": 50.76694961664841, ""mean_cost_per_unit"": 18.413364632148486, ""capacity_utilization"": 9248222.75, ""feasible"": false, ""n_runs"": 20, ""eligibility"": ""NO_CONCLUSION""}, {""value"": 1150000.0, ""strategy_id"": ""S4"", ""mean_fill"": 0.9947104131123907, ""p_meet"": 0.85, ""mean_cost"": 32435126.537307978, ""mcse_cost"": 12263.014035999882, ""mean_shortage_days"": 15.762157721796275, ""mean_cost_per_unit"": 27.06663417801775, ""capacity_utilization"": 5991878.25, ""feasible"": false, ""n_runs"": 20, ""eligibility"": ""NO_CONCLUSION""}, {""value"": 825000.0, ""strategy_id"": ""S4"", ""mean_fill"": 0.9961446456619598, ""p_meet"": 0.85, ""mean_cost"": 31591238.669030786, ""mcse_cost"": 7984.655747251025, ""mean_shortage_days"": 9.691326670317633, ""mean_cost_per_unit"": 36.70016737269016, ""capacity_utilization"": 4304116.6, ""feasible"": false, ""n_runs"": 20, ""eligibility"": ""NO_CONCLUSION""}, {""value"": 662500.0, ""strategy_id"": ""S4"", ""mean_fill"": 0.9940197068852615, ""p_meet"": 0.85, ""mean_cost"": 31158817.076094456, ""mcse_cost"": 7404.053075722362, ""mean_shortage_days"": 15.53212623220153, ""mean_cost_per_unit"": 45.165198852104446, ""capacity_utilization"": 3449513.25, ""feasible"": false, ""n_runs"": 20, ""eligibility"": ""NO_CONCLUSION""}, {""value"": 581250.0, ""strategy_id"": ""S4"", ""mean_fill"": 0.9947359700486027, ""p_meet"": 0.85, ""mean_cost"": 30947633.969127692, ""mcse_cost"": 6076.744215913677, ""mean_shortage_days"": 10.58144852135816, ""mean_cost_per_unit"": 51.10272920241768, ""capacity_utilization"": 3028164.2, ""feasible"": false, ""n_runs"": 20, ""eligibility"": ""NO_CONCLUSION""}, {""value"": 540625.0, ""strategy_id"": ""S4"", ""mean_fill"": 0.9956163563749619, ""p_meet"": 0.85, ""mean_cost"": 30840257.04013241, ""mcse_cost"": 5513.406823855014, ""mean_shortage_days"": 10.271406078860899, ""mean_cost_per_unit"": 54.70206337975192, ""capacity_utilization"": 2818986.05, ""feasible"": false, ""n_runs"": 20, ""eligibility"": ""NO_CONCLUSION""}]",bisection over 5 steps on 20 paired runs,500000.0,540625.0
S4,norepinephrine_1mgml_4ml,fixed_qa_labor_per_node,product.fixed_qa_labor_usd_per_site_year,1500000.0,3000000.0,6000000.0,True,True,,feasible_everywhere,"[{""value"": 1500000.0, ""strategy_id"": ""S4"", ""mean_fill"": 0.9944831914048782, ""p_meet"": 0.9, ""mean_cost"": 26854911.79866343, ""mcse_cost"": 9175.096701318911, ""mean_shortage_days"": 14.371967415115009, ""mean_cost_per_unit"": 28.64080658026928, ""capacity_utilization"": 4688336.05, ""feasible"": true, ""n_runs"": 20, ""eligibility"": ""NO_CONCLUSION""}, {""value"": 6000000.0, ""strategy_id"": ""S4"", ""mean_fill"": 0.9944831914048782, ""p_meet"": 0.9, ""mean_cost"": 41633139.36837684, ""mcse_cost"": 9175.096701319013, ""mean_shortage_days"": 14.371967415115009, ""mean_cost_per_unit"": 44.402086125751985, ""capacity_utilization"": 4688336.05, ""feasible"": true, ""n_runs"": 20, ""eligibility"": ""NO_CONCLUSION""}]",feasibility does not change between 1500000.0 and 6000000.0; no threshold inside the recorded range,,
S4,norepinephrine_1mgml_4ml,release_time,global.sterility_incubation_days,14.0,14.0,18.0,True,False,14.4375,feasible_below,"[{""value"": 14.0, ""strategy_id"": ""S4"", ""mean_fill"": 0.9944831914048782, ""p_meet"": 0.9, ""mean_cost"": 31780987.655234568, ""mcse_cost"": 9175.096701318918, ""mean_shortage_days"": 14.371967415115009, ""mean_cost_per_unit"": 33.894566428763504, ""capacity_utilization"": 4688336.05, ""feasible"": true, ""n_runs"": 20, ""eligibility"": ""NO_CONCLUSION""}, {""value"": 18.0, ""strategy_id"": ""S4"", ""mean_fill"": 0.9924618519826621, ""p_meet"": 0.8, ""mean_cost"": 31770817.892590724, ""mcse_cost"": 9635.076421574642, ""mean_shortage_days"": 19.442661555312153, ""mean_cost_per_unit"": 33.95508469178676, ""capacity_utilization"": 4678606.0, ""feasible"": false, ""n_runs"": 20, ""eligibility"": ""NO_CONCLUSION""}, {""value"": 16.0, ""strategy_id"": ""S4"", ""mean_fill"": 0.9932018018080111, ""p_meet"": 0.85, ""mean_cost"": 31773340.990909837, ""mcse_cost"": 9045.823035680332, ""mean_shortage_days"": 18.292504107338445, ""mean_cost_per_unit"": 33.934769550717256, ""capacity_utilization"": 4681660.15, ""feasible"": false, ""n_runs"": 20, ""eligibility"": ""NO_CONCLUSION""}, {""value"": 15.0, ""strategy_id"": ""S4"", ""mean_fill"": 0.9941865951743558, ""p_meet"": 0.85, ""mean_cost"": 31776425.81102843, ""mcse_cost"": 9111.644537155124, ""mean_shortage_days"": 16.212219331872944, ""mean_cost_per_unit"": 33.90215336850826, ""capacity_utilization"": 4686627.3, ""feasible"": false, ""n_runs"": 20, ""eligibility"": ""NO_CONCLUSION""}, {""value"": 14.5, ""strategy_id"": ""S4"", ""mean_fill"": 0.9937249962716697, ""p_meet"": 0.8, ""mean_cost"": 31775799.719401546, ""mcse_cost"": 9381.607935233194, ""mean_shortage_days"": 16.33223576122672, ""mean_cost_per_unit"": 33.91901770694681, ""capacity_utilization"": 4684223.6, ""feasible"": false, ""n_runs"": 20, ""eligibility"": ""NO_CONCLUSION""}, {""value"": 14.25, ""strategy_id"": ""S4"", ""mean_fill"": 0.9936068785446871, ""p_meet"": 0.9, ""mean_cost"": 31777332.370105933, ""mcse_cost"": 8794.274446938662, ""mean_shortage_days"": 16.212219331872944, ""mean_cost_per_unit"": 33.921511305228265, ""capacity_utilization"": 4684092.8, ""feasible"": true, ""n_runs"": 20, ""eligibility"": ""NO_CONCLUSION""}, {""value"": 14.375, ""strategy_id"": ""S4"", ""mean_fill"": 0.993942324068192, ""p_meet"": 0.9, ""mean_cost"": 31777014.056221794, ""mcse_cost"": 9128.008624591495, ""mean_shortage_days"": 16.222220700985762, ""mean_cost_per_unit"": 33.912052024135036, ""capacity_utilization"": 4685359.25, ""feasible"": true, ""n_runs"": 20, ""eligibility"": ""NO_CONCLUSION""}]",bisection over 5 steps on 20 paired runs,14.375,14.5
S4,norepinephrine_1mgml_4ml,shelf_life,product.shelf_life_months,12.0,24.0,30.0,False,True,13.96875,feasible_above,"[{""value"": 12.0, ""strategy_id"": ""S4"", ""mean_fill"": 0.9936200323742055, ""p_meet"": 0.8, ""mean_cost"": 31792782.07062342, ""mcse_cost"": 10062.709510679435, ""mean_shortage_days"": 15.96218510405257, ""mean_cost_per_unit"": 33.94065624401325, ""capacity_utilization"": 4683671.1, ""feasible"": false, ""n_runs"": 20, ""eligibility"": ""NO_CONCLUSION""}, {""value"": 30.0, ""strategy_id"": ""S4"", ""mean_fill"": 0.9944831914048782, ""p_meet"": 0.9, ""mean_cost"": 31780987.655234568, ""mcse_cost"": 9175.096701318918, ""mean_shortage_days"": 14.371967415115009, ""mean_cost_per_unit"": 33.894566428763504, ""capacity_utilization"": 4688336.05, ""feasible"": true, ""n_runs"": 20, ""eligibility"": ""NO_CONCLUSION""}, {""value"": 21.0, ""strategy_id"": ""S4"", ""mean_fill"": 0.9944831914048782, ""p_meet"": 0.9, ""mean_cost"": 31780987.655234568, ""mcse_cost"": 9175.096701318918, ""mean_shortage_days"": 14.371967415115009, ""mean_cost_per_unit"": 33.894566428763504, ""capacity_utilization"": 4688336.05, ""feasible"": true, ""n_runs"": 20, ""eligibility"": ""NO_CONCLUSION""}, {""value"": 16.5, ""strategy_id"": ""S4"", ""mean_fill"": 0.9944831914048782, ""p_meet"": 0.9, ""mean_cost"": 31780987.655234568, ""mcse_cost"": 9175.096701318918, ""mean_shortage_days"": 14.371967415115009, ""mean_cost_per_unit"": 33.894566428763504, ""capacity_utilization"": 4688336.05, ""feasible"": true, ""n_runs"": 20, ""eligibility"": ""NO_CONCLUSION""}, {""value"": 14.25, ""strategy_id"": ""S4"", ""mean_fill"": 0.9947058901073869, ""p_meet"": 0.9, ""mean_cost"": 31786037.281590533, ""mcse_cost"": 9861.667873375194, ""mean_shortage_days"": 14.702012595837894, ""mean_cost_per_unit"": 33.895343889441016, ""capacity_utilization"": 4689005.8, ""feasible"": true, ""n_runs"": 20, ""eligibility"": ""NO_CONCLUSION""}, {""value"": 13.125, ""strategy_id"": ""S4"", ""mean_fill"": 0.993302926877156, ""p_meet"": 0.85, ""mean_cost"": 31785791.823804475, ""mcse_cost"": 9920.281549617424, ""mean_shortage_days"": 16.26222617743702, ""mean_cost_per_unit"": 33.94492825609093, ""capacity_utilization"": 4682142.6, ""feasible"": false, ""n_runs"": 20, ""eligibility"": ""NO_CONCLUSION""}, {""value"": 13.6875, ""strategy_id"": ""S4"", ""mean_fill"": 0.9935345930493538, ""p_meet"": 0.8, ""mean_cost"": 31785136.553328175, ""mcse_cost"": 9572.178031177915, ""mean_shortage_days"": 15.63213992332968, ""mean_cost_per_unit"": 33.93433063440045, ""capacity_utilization"": 4683609.9, ""feasible"": false, ""n_runs"": 20, ""eligibility"": ""NO_CONCLUSION""}]",bisection over 5 steps on 20 paired runs,13.6875,14.25
S4,norepinephrine_1mgml_4ml,raw_material_lead_time,product.material_lead_time_days,30.0,90.0,240.0,True,False,131.71875,feasible_below,"[{""value"": 30.0, ""strategy_id"": ""S4"", ""mean_fill"": 0.99471240023735, ""p_meet"": 0.9, ""mean_cost"": 31769918.27603831, ""mcse_cost"": 9258.946908668613, ""mean_shortage_days"": 14.411972891566268, ""mean_cost_per_unit"": 33.87467086990027, ""capacity_utilization"": 4689491.05, ""feasible"": true, ""n_runs"": 20, ""eligibility"": ""NO_CONCLUSION""}, {""value"": 240.0, ""strategy_id"": ""S4"", ""mean_fill"": 0.9918945690541128, ""p_meet"": 0.75, ""mean_cost"": 31807436.217282653, ""mcse_cost"": 7720.062735244202, ""mean_shortage_days"": 16.83230421686747, ""mean_cost_per_unit"": 34.01261369297046, ""capacity_utilization"": 4675714.25, ""feasible"": false, ""n_runs"": 20, ""eligibility"": ""NO_CONCLUSION""}, {""value"": 135.0, ""strategy_id"": ""S4"", ""mean_fill"": 0.9923863442393065, ""p_meet"": 0.85, ""mean_cost"": 31782869.837503772, ""mcse_cost"": 7243.356627949171, ""mean_shortage_days"": 15.182078313253012, ""mean_cost_per_unit"": 33.971339046346756, ""capacity_utilization"": 4677733.4, ""feasible"": false, ""n_runs"": 20, ""eligibility"": ""NO_CONCLUSION""}, {""value"": 82.5, ""strategy_id"": ""S4"", ""mean_fill"": 0.9940764526936985, ""p_meet"": 0.9, ""mean_cost"": 31778979.614761043, ""mcse_cost"": 8561.313301788101, ""mean_shortage_days"": 15.102067360350492, ""mean_cost_per_unit"": 33.90638436021889, ""capacity_utilization"": 4686368.4, ""feasible"": true, ""n_runs"": 20, ""eligibility"": ""NO_CONCLUSION""}, {""value"": 108.75, ""strategy_id"": ""S4"", ""mean_fill"": 0.9947248303514791, ""p_meet"": 0.9, ""mean_cost"": 31784093.246515643, ""mcse_cost"": 9368.52766264863, ""mean_shortage_days"": 15.392107064622124, ""mean_cost_per_unit"": 33.88961155470957, ""capacity_utilization"": 4689504.55, ""feasible"": true, ""n_runs"": 20, ""eligibility"": ""NO_CONCLUSION""}, {""value"": 121.875, ""strategy_id"": ""S4"", ""mean_fill"": 0.9943640154342767, ""p_meet"": 0.95, ""mean_cost"": 31792421.939397056, ""mcse_cost"": 9560.991248879449, ""mean_shortage_days"": 14.011918127053667, ""mean_cost_per_unit"": 33.913624283509826, ""capacity_utilization"": 4687791.5, ""feasible"": true, ""n_runs"": 20, ""eligibility"": ""NO_CONCLUSION""}, {""value"": 128.4375, ""strategy_id"": ""S4"", ""mean_fill"": 0.9941353761744898, ""p_meet"": 0.9, ""mean_cost"": 31787826.392841976, ""mcse_cost"": 9570.596656110813, ""mean_shortage_days"": 14.912041347207008, ""mean_cost_per_unit"": 33.9164659184284, ""capacity_utilization"": 4686697.6, ""feasible"": true, ""n_runs"": 20, ""eligibility"": ""NO_CONCLUSION""}]",bisection over 5 steps on 20 paired runs,128.4375,135.0
S4,norepinephrine_1mgml_4ml,common_cause_dependence,global.common_cause_events_per_year,0.02,0.1,0.3,True,False,0.111875,feasible_below,"[{""value"": 0.02, ""strategy_id"": ""S4"", ""mean_fill"": 0.99566656493372, ""p_meet"": 0.9, ""mean_cost"": 31783478.17339645, ""mcse_cost"": 9094.163168541556, ""mean_shortage_days"": 14.051923603504928, ""mean_cost_per_unit"": 33.857305526329526, ""capacity_utilization"": 4693820.55, ""feasible"": true, ""n_runs"": 20, ""eligibility"": ""NO_CONCLUSION""}, {""value"": 0.3, ""strategy_id"": ""S4"", ""mean_fill"": 0.9913151934762897, ""p_meet"": 0.7, ""mean_cost"": 31770806.19603725, ""mcse_cost"": 8995.532721259973, ""mean_shortage_days"": 17.942456188389922, ""mean_cost_per_unit"": 33.993583892999546, ""capacity_utilization"": 4673192.25, ""feasible"": false, ""n_runs"": 20, ""eligibility"": ""NO_CONCLUSION""}, {""value"": 0.16, ""strategy_id"": ""S4"", ""mean_fill"": 0.9911585819114475, ""p_meet"": 0.8, ""mean_cost"": 31770353.358842213, ""mcse_cost"": 9999.784476370725, ""mean_shortage_days"": 16.632276834611172, ""mean_cost_per_unit"": 34.000643054986035, ""capacity_utilization"": 4672388.85, ""feasible"": false, ""n_runs"": 20, ""eligibility"": ""NO_CONCLUSION""}, {""value"": 0.09, ""strategy_id"": ""S4"", ""mean_fill"": 0.9945061303133601, ""p_meet"": 0.9, ""mean_cost"": 31780484.101465814, ""mcse_cost"": 9327.367495220768, ""mean_shortage_days"": 14.571994797371307, ""mean_cost_per_unit"": 33.89314387995429, ""capacity_utilization"": 4688454.7, ""feasible"": true, ""n_runs"": 20, ""eligibility"": ""NO_CONCLUSION""}, {""value"": 0.125, ""strategy_id"": ""S4"", ""mean_fill"": 0.9926967714695678, ""p_meet"": 0.85, ""mean_cost"": 31775340.753236167, ""mcse_cost"": 10469.068759258647, ""mean_shortage_days"": 15.922179627601318, ""mean_cost_per_unit"": 33.95226420095831, ""capacity_utilization"": 4679742.9, ""feasible"": false, ""n_runs"": 20, ""eligibility"": ""NO_CONCLUSION""}, {""value"": 0.1075, ""strategy_id"": ""S4"", ""mean_fill"": 0.9944033543248736, ""p_meet"": 0.9, ""mean_cost"": 31781479.259354226, ""mcse_cost"": 9326.410765683602, ""mean_shortage_days"": 14.772022179627603, ""mean_cost_per_unit"": 33.89776695370264, ""capacity_utilization"": 4687954.8, ""feasible"": true, ""n_runs"": 20, ""eligibility"": ""NO_CONCLUSION""}, {""value"": 0.11624999999999999, ""strategy_id"": ""S4"", ""mean_fill"": 0.9926967714695678, ""p_meet"": 0.85, ""mean_cost"": 31776488.979946345, ""mcse_cost"": 10148.859036971746, ""mean_shortage_days"": 15.922179627601318, ""mean_cost_per_unit"": 33.953502057679366, ""capacity_utilization"": 4679742.9, ""feasible"": false, ""n_runs"": 20, ""eligibility"": ""NO_CONCLUSION""}]",bisection over 5 steps on 20 paired runs,0.1075,0.11624999999999999
S4,norepinephrine_1mgml_4ml,supplier_concentration,global.supplier_disruptions_per_supplier_year,0.05,0.2,0.6,True,False,0.45390625,feasible_below,"[{""value"": 0.05, ""strategy_id"": ""S4"", ""mean_fill"": 0.9959743075450443, ""p_meet"": 0.95, ""mean_cost"": 31785325.29646034, ""mcse_cost"": 9261.631869533081, ""mean_shortage_days"": 13.231811336254108, ""mean_cost_per_unit"": 33.8494117218099, ""capacity_utilization"": 4695289.7, ""feasible"": true, ""n_runs"": 20, ""eligibility"": ""NO_CONCLUSION""}, {""value"": 0.6, ""strategy_id"": ""S4"", ""mean_fill"": 0.9930467192059135, ""p_meet"": 0.8, ""mean_cost"": 31775633.425809115, ""mcse_cost"": 9421.492076937573, ""mean_shortage_days"": 16.13220837897043, ""mean_cost_per_unit"": 33.94041126268571, ""capacity_utilization"": 4681567.0, ""feasible"": false, ""n_runs"": 20, ""eligibility"": ""NO_CONCLUSION""}, {""value"": 0.325, ""strategy_id"": ""S4"", ""mean_fill"": 0.9960983862832892, ""p_meet"": 0.95, ""mean_cost"": 31784367.129136216, ""mcse_cost"": 9483.650914043104, ""mean_shortage_days"": 13.201807228915664, ""mean_cost_per_unit"": 33.844205429212124, ""capacity_utilization"": 4695879.4, ""feasible"": true, ""n_runs"": 20, ""eligibility"": ""NO_CONCLUSION""}, {""value"": 0.4625, ""strategy_id"": ""S4"", ""mean_fill"": 0.9939566674427306, ""p_meet"": 0.85, ""mean_cost"": 31777616.060930897, ""mcse_cost"": 9359.075715804353, ""mean_shortage_days"": 15.142072836801754, ""mean_cost_per_unit"": 33.910948970322856, ""capacity_utilization"": 4685826.6, ""feasible"": false, ""n_runs"": 20, ""eligibility"": ""NO_CONCLUSION""}, {""value"": 0.39375000000000004, ""strategy_id"": ""S4"", ""mean_fill"": 0.9949847677391144, ""p_meet"": 0.9, ""mean_cost"": 31782256.723071855, ""mcse_cost"": 9277.566635328674, ""mean_shortage_days"": 13.911904435925521, ""mean_cost_per_unit"": 33.880692648697774, ""capacity_utilization"": 4690637.25, ""feasible"": true, ""n_runs"": 20, ""eligibility"": ""NO_CONCLUSION""}, {""value"": 0.42812500000000003, ""strategy_id"": ""S4"", ""mean_fill"": 0.9949847677391144, ""p_meet"": 0.9, ""mean_cost"": 31782242.518439043, ""mcse_cost"": 9280.254627402624, ""mean_shortage_days"": 13.911904435925521, ""mean_cost_per_unit"": 33.88067741048384, ""capacity_utilization"": 4690637.25, ""feasible"": true, ""n_runs"": 20, ""eligibility"": ""NO_CONCLUSION""}, {""value"": 0.4453125, ""strategy_id"": ""S4"", ""mean_fill"": 0.9948986525827408, ""p_meet"": 0.9, ""mean_cost"": 31779819.81939446, ""mcse_cost"": 9181.397258046927, ""mean_shortage_days"": 14.051923603504928, ""mean_cost_per_unit"": 33.88100662325574, ""capacity_utilization"": 4690229.3, ""feasible"": true, ""n_runs"": 20, ""eligibility"": ""NO_CONCLUSION""}]",bisection over 5 steps on 20 paired runs,0.4453125,0.4625
S4,norepinephrine_1mgml_4ml,commissioning_days,global.node_commissioning_days,365.0,730.0,1095.0,True,False,878.28125,feasible_below,"[{""value"": 365.0, ""strategy_id"": ""S4"", ""mean_fill"": 0.9995183784169545, ""p_meet"": 1.0, ""mean_cost"": 31790551.970510315, ""mcse_cost"": 9052.445591506386, ""mean_shortage_days"": 3.0804216867469876, ""mean_cost_per_unit"": 33.7330862680695, ""capacity_utilization"": 4712225.75, ""feasible"": true, ""n_runs"": 20, ""eligibility"": ""NO_CONCLUSION""}, {""value"": 1095.0, ""strategy_id"": ""S4"", ""mean_fill"": 0.9871102609096948, ""p_meet"": 0.7, ""mean_cost"": 31765527.655119777, ""mcse_cost"": 9155.779320893938, ""mean_shortage_days"": 29.444030668127056, ""mean_cost_per_unit"": 34.135235063598124, ""capacity_utilization"": 4653554.85, ""feasible"": false, ""n_runs"": 20, ""eligibility"": ""NO_CONCLUSION""}, {""value"": 730.0, ""strategy_id"": ""S4"", ""mean_fill"": 0.9944831914048782, ""p_meet"": 0.9, ""mean_cost"": 31780987.655234568, ""mcse_cost"": 9175.096701318918, ""mean_shortage_days"": 14.371967415115009, ""mean_cost_per_unit"": 33.894566428763504, ""capacity_utilization"": 4688336.05, ""feasible"": true, ""n_runs"": 20, ""eligibility"": ""NO_CONCLUSION""}, {""value"": 912.5, ""strategy_id"": ""S4"", ""mean_fill"": 0.9914847429396376, ""p_meet"": 0.8, ""mean_cost"": 31772848.20783072, ""mcse_cost"": 10015.572996484114, ""mean_shortage_days"": 21.45293674698795, ""mean_cost_per_unit"": 33.98986979855677, ""capacity_utilization"": 4674242.1, ""feasible"": false, ""n_runs"": 20, ""eligibility"": ""NO_CONCLUSION""}, {""value"": 821.25, ""strategy_id"": ""S4"", ""mean_fill"": 0.9931926752336482, ""p_meet"": 0.9, ""mean_cost"": 31779401.607361384, ""mcse_cost"": 9478.551954660688, ""mean_shortage_days"": 17.94245618838992, ""mean_cost_per_unit"": 33.93783609345182, ""capacity_utilization"": 4682216.9, ""feasible"": true, ""n_runs"": 20, ""eligibility"": ""NO_CONCLUSION""}, {""value"": 866.875, ""strategy_id"": ""S4"", ""mean_fill"": 0.9928571866654783, ""p_meet"": 0.9, ""mean_cost"": 31774640.576946728, ""mcse_cost"": 8864.72338866613, ""mean_shortage_days"": 19.112616374589262, ""mean_cost_per_unit"": 33.94419203052048, ""capacity_utilization"": 4680649.5, ""feasible"": true, ""n_runs"": 20, ""eligibility"": ""NO_CONCLUSION""}, {""value"": 889.6875, ""strategy_id"": ""S4"", ""mean_fill"": 0.9923028204495006, ""p_meet"": 0.85, ""mean_cost"": 31773981.613121677, ""mcse_cost"": 9117.634871642433, ""mean_shortage_days"": 20.11275328587076, ""mean_cost_per_unit"": 33.962640773946816, ""capacity_utilization"": 4678063.35, ""feasible"": false, ""n_runs"": 20, ""eligibility"": ""NO_CONCLUSION""}]",bisection over 5 steps on 20 paired runs,866.875,889.6875
S4,norepinephrine_1mgml_4ml,activation_latency_days,global.reserved_capacity_activation_days,7.0,21.0,60.0,True,True,,feasible_everywhere,"[{""value"": 7.0, ""strategy_id"": ""S4"", ""mean_fill"": 0.9944831914048782, ""p_meet"": 0.9, ""mean_cost"": 31780987.655234568, ""mcse_cost"": 9175.096701318918, ""mean_shortage_days"": 14.371967415115009, ""mean_cost_per_unit"": 33.894566428763504, ""capacity_utilization"": 4688336.05, ""feasible"": true, ""n_runs"": 20, ""eligibility"": ""NO_CONCLUSION""}, {""value"": 60.0, ""strategy_id"": ""S4"", ""mean_fill"": 0.9944831914048782, ""p_meet"": 0.9, ""mean_cost"": 31780987.655234568, ""mcse_cost"": 9175.096701318918, ""mean_shortage_days"": 14.371967415115009, ""mean_cost_per_unit"": 33.894566428763504, ""capacity_utilization"": 4688336.05, ""feasible"": true, ""n_runs"": 20, ""eligibility"": ""NO_CONCLUSION""}]",feasibility does not change between 7.0 and 60.0; no threshold inside the recorded range,,
S4,norepinephrine_1mgml_4ml,node_capital,product.capital_usd_per_site,15000000.0,40000000.0,100000000.0,True,True,,feasible_everywhere,"[{""value"": 15000000.0, ""strategy_id"": ""S4"", ""mean_fill"": 0.9944831914048782, ""p_meet"": 0.9, ""mean_cost"": 20791711.698591482, ""mcse_cost"": 9175.096701318958, ""mean_shortage_days"": 14.371967415115009, ""mean_cost_per_unit"": 22.174280654434856, ""capacity_utilization"": 4688336.05, ""feasible"": true, ""n_runs"": 20, ""eligibility"": ""NO_CONCLUSION""}, {""value"": 100000000.0, ""strategy_id"": ""S4"", ""mean_fill"": 0.9944831914048782, ""p_meet"": 0.9, ""mean_cost"": 58155249.95117307, ""mcse_cost"": 9175.0967013189, ""mean_shortage_days"": 14.371967415115009, ""mean_cost_per_unit"": 62.02325228714701, ""capacity_utilization"": 4688336.05, ""feasible"": true, ""n_runs"": 20, ""eligibility"": ""NO_CONCLUSION""}]",feasibility does not change between 15000000.0 and 100000000.0; no threshold inside the recorded range,,
S4,norepinephrine_1mgml_4ml,batches_per_site_year,product.batches_per_site_year_nominal,30.0,45.0,70.0,False,True,44.375,feasible_above,"[{""value"": 30.0, ""strategy_id"": ""S4"", ""mean_fill"": 0.9931179497424966, ""p_meet"": 0.85, ""mean_cost"": 31769239.92519281, ""mcse_cost"": 9581.626363601246, ""mean_shortage_days"": 20.612821741511496, ""mean_cost_per_unit"": 33.921389432388814, ""capacity_utilization"": 4682919.7, ""feasible"": false, ""n_runs"": 20, ""eligibility"": ""NO_CONCLUSION""}, {""value"": 70.0, ""strategy_id"": ""S4"", ""mean_fill"": 0.9954386336982836, ""p_meet"": 0.9, ""mean_cost"": 31782311.723803796, ""mcse_cost"": 8979.766651178448, ""mean_shortage_days"": 14.301957831325302, ""mean_cost_per_unit"": 33.86418586288302, ""capacity_utilization"": 4692703.35, ""feasible"": true, ""n_runs"": 20, ""eligibility"": ""NO_CONCLUSION""}, {""value"": 50.0, ""strategy_id"": ""S4"", ""mean_fill"": 0.9951792695852995, ""p_meet"": 0.9, ""mean_cost"": 31782486.247332245, ""mcse_cost"": 9224.100406369858, ""mean_shortage_days"": 14.301957831325302, ""mean_cost_per_unit"": 33.870636058290295, ""capacity_utilization"": 4691840.7, ""feasible"": true, ""n_runs"": 20, ""eligibility"": ""NO_CONCLUSION""}, {""value"": 40.0, ""strategy_id"": ""S4"", ""mean_fill"": 0.9939538307305614, ""p_meet"": 0.8, ""mean_cost"": 31771935.750085168, ""mcse_cost"": 9908.619970187772, ""mean_shortage_days"": 17.51239731653888, ""mean_cost_per_unit"": 33.90700284426256, ""capacity_utilization"": 4685402.25, ""feasible"": false, ""n_runs"": 20, ""eligibility"": ""NO_CONCLUSION""}, {""value"": 45.0, ""strategy_id"": ""S4"", ""mean_fill"": 0.9944831914048782, ""p_meet"": 0.9, ""mean_cost"": 31780987.655234568, ""mcse_cost"": 9175.096701318918, ""mean_shortage_days"": 14.371967415115009, ""mean_cost_per_unit"": 33.894566428763504, ""capacity_utilization"": 4688336.05, ""feasible"": true, ""n_runs"": 20, ""eligibility"": ""NO_CONCLUSION""}, {""value"": 42.5, ""strategy_id"": ""S4"", ""mean_fill"": 0.9948076082924626, ""p_meet"": 0.85, ""mean_cost"": 31783368.384237994, ""mcse_cost"": 9038.286047844442, ""mean_shortage_days"": 14.99205230010953, ""mean_cost_per_unit"": 33.88564932268609, ""capacity_utilization"": 4689913.2, ""feasible"": false, ""n_runs"": 20, ""eligibility"": ""NO_CONCLUSION""}, {""value"": 43.75, ""strategy_id"": ""S4"", ""mean_fill"": 0.9947805229947425, ""p_meet"": 0.85, ""mean_cost"": 31782625.193885643, ""mcse_cost"": 8956.104724703346, ""mean_shortage_days"": 14.95204682365827, ""mean_cost_per_unit"": 33.885640968481475, ""capacity_utilization"": 4689785.0, ""feasible"": false, ""n_runs"": 20, ""eligibility"": ""NO_CONCLUSION""}]",bisection over 5 steps on 20 paired runs,43.75,45.0
S4,norepinephrine_1mgml_4ml,changeover_burden,product.changeover_days,1.0,3.0,10.0,False,False,,infeasible_everywhere,"[{""value"": 1.0, ""strategy_id"": ""S4"", ""mean_fill"": 0.9948612194559475, ""p_meet"": 0.85, ""mean_cost"": 31784594.503418505, ""mcse_cost"": 8973.764638296963, ""mean_shortage_days"": 14.882037239868566, ""mean_cost_per_unit"": 33.891215667921, ""capacity_utilization"": 4689396.85, ""feasible"": false, ""n_runs"": 20, ""eligibility"": ""NO_CONCLUSION""}, {""value"": 10.0, ""strategy_id"": ""S4"", ""mean_fill"": 0.9644264890044851, ""p_meet"": 0.0, ""mean_cost"": 31687338.221067302, ""mcse_cost"": 8852.656150899491, ""mean_shortage_days"": 57.827916210295726, ""mean_cost_per_unit"": 34.83748904398801, ""capacity_utilization"": 4548295.55, ""feasible"": false, ""n_runs"": 20, ""eligibility"": ""NO_CONCLUSION""}]",feasibility does not change between 1.0 and 10.0; no threshold inside the recorded range,,
S5,norepinephrine_1mgml_4ml,capacity_utilization,product.annual_demand_units,500000.0,900000.0,1800000.0,False,False,,infeasible_everywhere,"[{""value"": 500000.0, ""strategy_id"": ""S5"", ""mean_fill"": 0.9948325033717502, ""p_meet"": 0.8, ""mean_cost"": 50365323.027907446, ""mcse_cost"": 8923.825537340952, ""mean_shortage_days"": 7.771063800657174, ""mean_cost_per_unit"": 96.66517619934078, ""capacity_utilization"": 2605107.05, ""feasible"": false, ""n_runs"": 20, ""eligibility"": ""NO_CONCLUSION""}, {""value"": 1800000.0, ""strategy_id"": ""S5"", ""mean_fill"": 0.9082001147311072, ""p_meet"": 0.0, ""mean_cost"": 53947162.3129109, ""mcse_cost"": 22679.820051285675, ""mean_shortage_days"": 71.14973986856518, ""mean_cost_per_unit"": 31.46356042797322, ""capacity_utilization"": 8573529.0, ""feasible"": false, ""n_runs"": 20, ""eligibility"": ""NO_CONCLUSION""}]",feasibility does not change between 500000.0 and 1800000.0; no threshold inside the recorded range,,
S5,norepinephrine_1mgml_4ml,fixed_qa_labor_per_node,product.fixed_qa_labor_usd_per_site_year,1500000.0,3000000.0,6000000.0,False,False,,infeasible_everywhere,"[{""value"": 1500000.0, ""strategy_id"": ""S5"", ""mean_fill"": 0.9919263024026685, ""p_meet"": 0.7, ""mean_cost"": 44029597.06371959, ""mcse_cost"": 12792.984621278662, ""mean_shortage_days"": 11.93163335158817, ""mean_cost_per_unit"": 47.06965445477872, ""capacity_utilization"": 4677007.15, ""feasible"": false, ""n_runs"": 20, ""eligibility"": ""NO_CONCLUSION""}, {""value"": 6000000.0, ""strategy_id"": ""S5"", ""mean_fill"": 0.9919263024026685, ""p_meet"": 0.7, ""mean_cost"": 66740226.30107218, ""mcse_cost"": 12792.984621278867, ""mean_shortage_days"": 11.93163335158817, ""mean_cost_per_unit"": 71.34859737045608, ""capacity_utilization"": 4677007.15, ""feasible"": false, ""n_runs"": 20, ""eligibility"": ""NO_CONCLUSION""}]",feasibility does not change between 1500000.0 and 6000000.0; no threshold inside the recorded range,,
S5,norepinephrine_1mgml_4ml,release_time,global.sterility_incubation_days,14.0,14.0,18.0,False,False,,infeasible_everywhere,"[{""value"": 14.0, ""strategy_id"": ""S5"", ""mean_fill"": 0.9919263024026685, ""p_meet"": 0.7, ""mean_cost"": 51599806.80950378, ""mcse_cost"": 12792.984621278867, ""mean_shortage_days"": 11.93163335158817, ""mean_cost_per_unit"": 55.16263542667117, ""capacity_utilization"": 4677007.15, ""feasible"": false, ""n_runs"": 20, ""eligibility"": ""NO_CONCLUSION""}, {""value"": 18.0, ""strategy_id"": ""S5"", ""mean_fill"": 0.9911191206790496, ""p_meet"": 0.7, ""mean_cost"": 51542488.5397898, ""mcse_cost"": 10820.607980864497, ""mean_shortage_days"": 14.101930449069002, ""mean_cost_per_unit"": 55.162676835133894, ""capacity_utilization"": 4671865.45, ""feasible"": false, ""n_runs"": 20, ""eligibility"": ""NO_CONCLUSION""}]",feasibility does not change between 14.0 and 18.0; no threshold inside the recorded range,,
S5,norepinephrine_1mgml_4ml,shelf_life,product.shelf_life_months,12.0,24.0,30.0,False,False,,infeasible_everywhere,"[{""value"": 12.0, ""strategy_id"": ""S5"", ""mean_fill"": 0.9919263024026685, ""p_meet"": 0.7, ""mean_cost"": 51677325.51206951, ""mcse_cost"": 12308.820961189154, ""mean_shortage_days"": 12.051649780941949, ""mean_cost_per_unit"": 55.245543162008936, ""capacity_utilization"": 4677007.15, ""feasible"": false, ""n_runs"": 20, ""eligibility"": ""NO_CONCLUSION""}, {""value"": 30.0, ""strategy_id"": ""S5"", ""mean_fill"": 0.9919263024026685, ""p_meet"": 0.7, ""mean_cost"": 51589868.97159084, ""mcse_cost"": 12627.711987743756, ""mean_shortage_days"": 11.921631982475352, ""mean_cost_per_unit"": 55.15202001876595, ""capacity_utilization"": 4677007.15, ""feasible"": false, ""n_runs"": 20, ""eligibility"": ""NO_CONCLUSION""}]",feasibility does not change between 12.0 and 30.0; no threshold inside the recorded range,,
S5,norepinephrine_1mgml_4ml,raw_material_lead_time,product.material_lead_time_days,30.0,90.0,240.0,False,False,,infeasible_everywhere,"[{""value"": 30.0, ""strategy_id"": ""S5"", ""mean_fill"": 0.9902281426122579, ""p_meet"": 0.75, ""mean_cost"": 51579372.70625647, ""mcse_cost"": 14209.757433880679, ""mean_shortage_days"": 12.54171686746988, ""mean_cost_per_unit"": 55.23917931121156, ""capacity_utilization"": 4669141.85, ""feasible"": false, ""n_runs"": 20, ""eligibility"": ""NO_CONCLUSION""}, {""value"": 240.0, ""strategy_id"": ""S5"", ""mean_fill"": 0.994367393582648, ""p_meet"": 0.75, ""mean_cost"": 51630221.6724246, ""mcse_cost"": 14499.652849755048, ""mean_shortage_days"": 11.85162239868565, ""mean_cost_per_unit"": 55.05818895040126, ""capacity_utilization"": 4689000.65, ""feasible"": false, ""n_runs"": 20, ""eligibility"": ""NO_CONCLUSION""}]",feasibility does not change between 30.0 and 240.0; no threshold inside the recorded range,,
S5,norepinephrine_1mgml_4ml,common_cause_dependence,global.common_cause_events_per_year,0.02,0.1,0.3,False,False,,infeasible_everywhere,"[{""value"": 0.02, ""strategy_id"": ""S5"", ""mean_fill"": 0.9921608222518344, ""p_meet"": 0.7, ""mean_cost"": 51601974.504519016, ""mcse_cost"": 11568.951987798222, ""mean_shortage_days"": 11.221536144578312, ""mean_cost_per_unit"": 55.16521425623904, ""capacity_utilization"": 4676988.0, ""feasible"": false, ""n_runs"": 20, ""eligibility"": ""NO_CONCLUSION""}, {""value"": 0.3, ""strategy_id"": ""S5"", ""mean_fill"": 0.9884777643091596, ""p_meet"": 0.7, ""mean_cost"": 51588130.04924093, ""mcse_cost"": 12323.321036718065, ""mean_shortage_days"": 14.83203039430449, ""mean_cost_per_unit"": 55.36962681432298, ""capacity_utilization"": 4658921.55, ""feasible"": false, ""n_runs"": 20, ""eligibility"": ""NO_CONCLUSION""}]",feasibility does not change between 0.02 and 0.3; no threshold inside the recorded range,,
S5,norepinephrine_1mgml_4ml,supplier_concentration,global.supplier_disruptions_per_supplier_year,0.05,0.2,0.6,False,False,,infeasible_everywhere,"[{""value"": 0.05, ""strategy_id"": ""S5"", ""mean_fill"": 0.9952183446414212, ""p_meet"": 0.8, ""mean_cost"": 51606859.25194605, ""mcse_cost"": 15506.353890934939, ""mean_shortage_days"": 10.441429353778748, ""mean_cost_per_unit"": 54.98467658792706, ""capacity_utilization"": 4693164.55, ""feasible"": false, ""n_runs"": 20, ""eligibility"": ""NO_CONCLUSION""}, {""value"": 0.6, ""strategy_id"": ""S5"", ""mean_fill"": 0.9932880715706383, ""p_meet"": 0.75, ""mean_cost"": 51583419.75513398, ""mcse_cost"": 15787.019683042688, ""mean_shortage_days"": 11.981640197152243, ""mean_cost_per_unit"": 55.07663887636526, ""capacity_utilization"": 4683788.3, ""feasible"": false, ""n_runs"": 20, ""eligibility"": ""NO_CONCLUSION""}]",feasibility does not change between 0.05 and 0.6; no threshold inside the recorded range,,
S5,norepinephrine_1mgml_4ml,commissioning_days,global.node_commissioning_days,365.0,730.0,1095.0,True,False,513.28125,feasible_below,"[{""value"": 365.0, ""strategy_id"": ""S5"", ""mean_fill"": 0.9996730834804242, ""p_meet"": 1.0, ""mean_cost"": 51734627.134260714, ""mcse_cost"": 13890.547237329412, ""mean_shortage_days"": 1.7902450711938662, ""mean_cost_per_unit"": 54.87553402400757, ""capacity_utilization"": 4713994.65, ""feasible"": true, ""n_runs"": 20, ""eligibility"": ""NO_CONCLUSION""}, {""value"": 1095.0, ""strategy_id"": ""S5"", ""mean_fill"": 0.9802525687570389, ""p_meet"": 0.55, ""mean_cost"": 51456710.050864995, ""mcse_cost"": 11434.055545907438, ""mean_shortage_days"": 24.86340361445783, ""mean_cost_per_unit"": 55.687999289765344, ""capacity_utilization"": 4621362.95, ""feasible"": false, ""n_runs"": 20, ""eligibility"": ""NO_CONCLUSION""}, {""value"": 730.0, ""strategy_id"": ""S5"", ""mean_fill"": 0.9919263024026685, ""p_meet"": 0.7, ""mean_cost"": 51599806.80950378, ""mcse_cost"": 12792.984621278867, ""mean_shortage_days"": 11.93163335158817, ""mean_cost_per_unit"": 55.16263542667117, ""capacity_utilization"": 4677007.15, ""feasible"": false, ""n_runs"": 20, ""eligibility"": ""NO_CONCLUSION""}, {""value"": 547.5, ""strategy_id"": ""S5"", ""mean_fill"": 0.9969208896344215, ""p_meet"": 0.85, ""mean_cost"": 51668518.38507582, ""mcse_cost"": 13364.227506286281, ""mean_shortage_days"": 6.890943318729464, ""mean_cost_per_unit"": 54.95880114396336, ""capacity_utilization"": 4701054.95, ""feasible"": false, ""n_runs"": 20, ""eligibility"": ""NO_CONCLUSION""}, {""value"": 456.25, ""strategy_id"": ""S5"", ""mean_fill"": 0.9975900418994994, ""p_meet"": 0.9, ""mean_cost"": 51691508.29041288, ""mcse_cost"": 14214.037696291714, ""mean_shortage_days"": 5.200711938663746, ""mean_cost_per_unit"": 54.9462161893832, ""capacity_utilization"": 4704239.65, ""feasible"": true, ""n_runs"": 20, ""eligibility"": ""NO_CONCLUSION""}, {""value"": 501.875, ""strategy_id"": ""S5"", ""mean_fill"": 0.99774494322678, ""p_meet"": 0.9, ""mean_cost"": 51686414.28629631, ""mcse_cost"": 14812.393686636144, ""mean_shortage_days"": 5.750787239868565, ""mean_cost_per_unit"": 54.93204423469971, ""capacity_utilization"": 4704951.35, ""feasible"": true, ""n_runs"": 20, ""eligibility"": ""NO_CONCLUSION""}, {""value"": 524.6875, ""strategy_id"": ""S5"", ""mean_fill"": 0.9972140724634292, ""p_meet"": 0.85, ""mean_cost"": 51682861.87617655, ""mcse_cost"": 15042.087879920718, ""mean_shortage_days"": 6.3508693866374575, ""mean_cost_per_unit"": 54.95775423093695, ""capacity_utilization"": 4702453.05, ""feasible"": false, ""n_runs"": 20, ""eligibility"": ""NO_CONCLUSION""}]",bisection over 5 steps on 20 paired runs,501.875,524.6875
S5,norepinephrine_1mgml_4ml,activation_latency_days,global.reserved_capacity_activation_days,7.0,21.0,60.0,False,False,,infeasible_everywhere,"[{""value"": 7.0, ""strategy_id"": ""S5"", ""mean_fill"": 0.9919263024026685, ""p_meet"": 0.7, ""mean_cost"": 51599806.80950378, ""mcse_cost"": 12792.984621278867, ""mean_shortage_days"": 11.93163335158817, ""mean_cost_per_unit"": 55.16263542667117, ""capacity_utilization"": 4677007.15, ""feasible"": false, ""n_runs"": 20, ""eligibility"": ""NO_CONCLUSION""}, {""value"": 60.0, ""strategy_id"": ""S5"", ""mean_fill"": 0.9919263024026685, ""p_meet"": 0.7, ""mean_cost"": 51599806.80950378, ""mcse_cost"": 12792.984621278867, ""mean_shortage_days"": 11.93163335158817, ""mean_cost_per_unit"": 55.16263542667117, ""capacity_utilization"": 4677007.15, ""feasible"": false, ""n_runs"": 20, ""eligibility"": ""NO_CONCLUSION""}]",feasibility does not change between 7.0 and 60.0; no threshold inside the recorded range,,
S5,norepinephrine_1mgml_4ml,node_capital,product.capital_usd_per_site,15000000.0,40000000.0,100000000.0,False,False,,infeasible_everywhere,"[{""value"": 15000000.0, ""strategy_id"": ""S5"", ""mean_fill"": 0.9919263024026685, ""p_meet"": 0.7, ""mean_cost"": 35733339.380427636, ""mcse_cost"": 12792.984621278829, ""mean_shortage_days"": 11.93163335158817, ""mean_cost_per_unit"": 38.200487308361275, ""capacity_utilization"": 4677007.15, ""feasible"": false, ""n_runs"": 20, ""eligibility"": ""NO_CONCLUSION""}, {""value"": 100000000.0, ""strategy_id"": ""S5"", ""mean_fill"": 0.9919263024026685, ""p_meet"": 0.7, ""mean_cost"": 89679328.63930705, ""mcse_cost"": 12792.984621278452, ""mean_shortage_days"": 11.93163335158817, ""mean_cost_per_unit"": 95.87179091063683, ""capacity_utilization"": 4677007.15, ""feasible"": false, ""n_runs"": 20, ""eligibility"": ""NO_CONCLUSION""}]",feasibility does not change between 15000000.0 and 100000000.0; no threshold inside the recorded range,,
S5,norepinephrine_1mgml_4ml,batches_per_site_year,product.batches_per_site_year_nominal,30.0,45.0,70.0,False,False,,infeasible_everywhere,"[{""value"": 30.0, ""strategy_id"": ""S5"", ""mean_fill"": 0.9529894649155745, ""p_meet"": 0.0, ""mean_cost"": 51519570.686446846, ""mcse_cost"": 13824.219870112438, ""mean_shortage_days"": 53.667346659364725, ""mean_cost_per_unit"": 57.31711554877652, ""capacity_utilization"": 4494624.8, ""feasible"": false, ""n_runs"": 20, ""eligibility"": ""NO_CONCLUSION""}, {""value"": 70.0, ""strategy_id"": ""S5"", ""mean_fill"": 0.9927791279157404, ""p_meet"": 0.7, ""mean_cost"": 51607468.293140806, ""mcse_cost"": 12519.935290872208, ""mean_shortage_days"": 9.89135405257393, ""mean_cost_per_unit"": 55.144772344136754, ""capacity_utilization"": 4679186.6, ""feasible"": false, ""n_runs"": 20, ""eligibility"": ""NO_CONCLUSION""}]",feasibility does not change between 30.0 and 70.0; no threshold inside the recorded range,,
S5,norepinephrine_1mgml_4ml,changeover_burden,product.changeover_days,1.0,3.0,10.0,False,False,,infeasible_everywhere,"[{""value"": 1.0, ""strategy_id"": ""S5"", ""mean_fill"": 0.9921218540131841, ""p_meet"": 0.7, ""mean_cost"": 51606151.54125802, ""mcse_cost"": 12545.135364767864, ""mean_shortage_days"": 11.391559419496167, ""mean_cost_per_unit"": 55.15795309015918, ""capacity_utilization"": 4677978.5, ""feasible"": false, ""n_runs"": 20, ""eligibility"": ""NO_CONCLUSION""}, {""value"": 10.0, ""strategy_id"": ""S5"", ""mean_fill"": 0.9653275381664528, ""p_meet"": 0.0, ""mean_cost"": 51498358.406597234, ""mcse_cost"": 14494.166093761818, ""mean_shortage_days"": 49.06671686746988, ""mean_cost_per_unit"": 56.5690650194029, ""capacity_utilization"": 4552210.3, ""feasible"": false, ""n_runs"": 20, ""eligibility"": ""NO_CONCLUSION""}]",feasibility does not change between 1.0 and 10.0; no threshold inside the recorded range,,
S6,norepinephrine_1mgml_4ml,capacity_utilization,product.annual_demand_units,500000.0,900000.0,1800000.0,False,False,,infeasible_everywhere,"[{""value"": 500000.0, ""strategy_id"": ""S6"", ""mean_fill"": 0.9948325033717502, ""p_meet"": 0.8, ""mean_cost"": 53074235.51184596, ""mcse_cost"": 8923.825537340954, ""mean_shortage_days"": 7.771063800657174, ""mean_cost_per_unit"": 101.86437133677416, ""capacity_utilization"": 2605107.05, ""feasible"": false, ""n_runs"": 20, ""eligibility"": ""NO_CONCLUSION""}, {""value"": 1800000.0, ""strategy_id"": ""S6"", ""mean_fill"": 0.9082001147311072, ""p_meet"": 0.0, ""mean_cost"": 56656074.79684943, ""mcse_cost"": 22679.820051285675, ""mean_shortage_days"": 71.14973986856518, ""mean_cost_per_unit"": 33.04350687171046, ""capacity_utilization"": 8573529.0, ""feasible"": false, ""n_runs"": 20, ""eligibility"": ""NO_CONCLUSION""}]",feasibility does not change between 500000.0 and 1800000.0; no threshold inside the recorded range,,
S6,norepinephrine_1mgml_4ml,fixed_qa_labor_per_node,product.fixed_qa_labor_usd_per_site_year,1500000.0,3000000.0,6000000.0,False,False,,infeasible_everywhere,"[{""value"": 1500000.0, ""strategy_id"": ""S6"", ""mean_fill"": 0.9919263024026685, ""p_meet"": 0.7, ""mean_cost"": 46197780.280101046, ""mcse_cost"": 12792.984621278501, ""mean_shortage_days"": 11.93163335158817, ""mean_cost_per_unit"": 49.38756453957177, ""capacity_utilization"": 4677007.15, ""feasible"": false, ""n_runs"": 20, ""eligibility"": ""NO_CONCLUSION""}, {""value"": 6000000.0, ""strategy_id"": ""S6"", ""mean_fill"": 0.9919263024026685, ""p_meet"": 0.7, ""mean_cost"": 70530597.32012482, ""mcse_cost"": 12792.984621278732, ""mean_shortage_days"": 11.93163335158817, ""mean_cost_per_unit"": 75.40071766351514, ""capacity_utilization"": 4677007.15, ""feasible"": false, ""n_runs"": 20, ""eligibility"": ""NO_CONCLUSION""}]",feasibility does not change between 1500000.0 and 6000000.0; no threshold inside the recorded range,,
S6,norepinephrine_1mgml_4ml,release_time,global.sterility_incubation_days,14.0,14.0,18.0,False,False,,infeasible_everywhere,"[{""value"": 14.0, ""strategy_id"": ""S6"", ""mean_fill"": 0.9919263024026685, ""p_meet"": 0.7, ""mean_cost"": 54308719.29344231, ""mcse_cost"": 12792.984621278867, ""mean_shortage_days"": 11.93163335158817, ""mean_cost_per_unit"": 58.058615580886226, ""capacity_utilization"": 4677007.15, ""feasible"": false, ""n_runs"": 20, ""eligibility"": ""NO_CONCLUSION""}, {""value"": 18.0, ""strategy_id"": ""S6"", ""mean_fill"": 0.9911191206790496, ""p_meet"": 0.7, ""mean_cost"": 54251401.02372833, ""mcse_cost"": 10820.60798086442, ""mean_shortage_days"": 14.101930449069002, ""mean_cost_per_unit"": 58.06187856622753, ""capacity_utilization"": 4671865.45, ""feasible"": false, ""n_runs"": 20, ""eligibility"": ""NO_CONCLUSION""}]",feasibility does not change between 14.0 and 18.0; no threshold inside the recorded range,,
S6,norepinephrine_1mgml_4ml,shelf_life,product.shelf_life_months,12.0,24.0,30.0,False,False,,infeasible_everywhere,"[{""value"": 12.0, ""strategy_id"": ""S6"", ""mean_fill"": 0.9919263024026685, ""p_meet"": 0.7, ""mean_cost"": 54386237.99600802, ""mcse_cost"": 12308.820961189153, ""mean_shortage_days"": 12.051649780941949, ""mean_cost_per_unit"": 58.141523316223996, ""capacity_utilization"": 4677007.15, ""feasible"": false, ""n_runs"": 20, ""eligibility"": ""NO_CONCLUSION""}, {""value"": 30.0, ""strategy_id"": ""S6"", ""mean_fill"": 0.9919263024026685, ""p_meet"": 0.7, ""mean_cost"": 54298781.45552937, ""mcse_cost"": 12627.711987743756, ""mean_shortage_days"": 11.921631982475352, ""mean_cost_per_unit"": 58.048000172981006, ""capacity_utilization"": 4677007.15, ""feasible"": false, ""n_runs"": 20, ""eligibility"": ""NO_CONCLUSION""}]",feasibility does not change between 12.0 and 30.0; no threshold inside the recorded range,,
S6,norepinephrine_1mgml_4ml,raw_material_lead_time,product.material_lead_time_days,30.0,90.0,240.0,False,False,,infeasible_everywhere,"[{""value"": 30.0, ""strategy_id"": ""S6"", ""mean_fill"": 0.9902281426122579, ""p_meet"": 0.75, ""mean_cost"": 54288285.19019499, ""mcse_cost"": 14209.757433880679, ""mean_shortage_days"": 12.54171686746988, ""mean_cost_per_unit"": 58.14033776885625, ""capacity_utilization"": 4669141.85, ""feasible"": false, ""n_runs"": 20, ""eligibility"": ""NO_CONCLUSION""}, {""value"": 240.0, ""strategy_id"": ""S6"", ""mean_fill"": 0.994367393582648, ""p_meet"": 0.75, ""mean_cost"": 54339134.156363115, ""mcse_cost"": 14499.652849755048, ""mean_shortage_days"": 11.85162239868565, ""mean_cost_per_unit"": 57.94699353589681, ""capacity_utilization"": 4689000.65, ""feasible"": false, ""n_runs"": 20, ""eligibility"": ""NO_CONCLUSION""}]",feasibility does not change between 30.0 and 240.0; no threshold inside the recorded range,,
S6,norepinephrine_1mgml_4ml,common_cause_dependence,global.common_cause_events_per_year,0.02,0.1,0.3,False,False,,infeasible_everywhere,"[{""value"": 0.02, ""strategy_id"": ""S6"", ""mean_fill"": 0.9921608222518344, ""p_meet"": 0.7, ""mean_cost"": 54310886.98845754, ""mcse_cost"": 11568.951987798222, ""mean_shortage_days"": 11.221536144578312, ""mean_cost_per_unit"": 58.061205450309146, ""capacity_utilization"": 4676988.0, ""feasible"": false, ""n_runs"": 20, ""eligibility"": ""NO_CONCLUSION""}, {""value"": 0.3, ""strategy_id"": ""S6"", ""mean_fill"": 0.9884777643091596, ""p_meet"": 0.7, ""mean_cost"": 54297042.53317946, ""mcse_cost"": 12323.321036718065, ""mean_shortage_days"": 14.83203039430449, ""mean_cost_per_unit"": 58.277133193594054, ""capacity_utilization"": 4658921.55, ""feasible"": false, ""n_runs"": 20, ""eligibility"": ""NO_CONCLUSION""}]",feasibility does not change between 0.02 and 0.3; no threshold inside the recorded range,,
S6,norepinephrine_1mgml_4ml,supplier_concentration,global.supplier_disruptions_per_supplier_year,0.05,0.2,0.6,False,False,,infeasible_everywhere,"[{""value"": 0.05, ""strategy_id"": ""S6"", ""mean_fill"": 0.9952183446414212, ""p_meet"": 0.8, ""mean_cost"": 54315771.73588457, ""mcse_cost"": 15506.353890934939, ""mean_shortage_days"": 10.441429353778748, ""mean_cost_per_unit"": 57.87093901073524, ""capacity_utilization"": 4693164.55, ""feasible"": false, ""n_runs"": 20, ""eligibility"": ""NO_CONCLUSION""}, {""value"": 0.6, ""strategy_id"": ""S6"", ""mean_fill"": 0.9932880715706383, ""p_meet"": 0.75, ""mean_cost"": 54292332.23907249, ""mcse_cost"": 15787.01968304269, ""mean_shortage_days"": 11.981640197152243, ""mean_cost_per_unit"": 57.969052840763155, ""capacity_utilization"": 4683788.3, ""feasible"": false, ""n_runs"": 20, ""eligibility"": ""NO_CONCLUSION""}]",feasibility does not change between 0.05 and 0.6; no threshold inside the recorded range,,
S6,norepinephrine_1mgml_4ml,commissioning_days,global.node_commissioning_days,365.0,730.0,1095.0,True,False,513.28125,feasible_below,"[{""value"": 365.0, ""strategy_id"": ""S6"", ""mean_fill"": 0.9996730834804242, ""p_meet"": 1.0, ""mean_cost"": 54443539.61819923, ""mcse_cost"": 13890.547237329412, ""mean_shortage_days"": 1.7902450711938662, ""mean_cost_per_unit"": 57.74894444799683, ""capacity_utilization"": 4713994.65, ""feasible"": true, ""n_runs"": 20, ""eligibility"": ""NO_CONCLUSION""}, {""value"": 1095.0, ""strategy_id"": ""S6"", ""mean_fill"": 0.9802525687570389, ""p_meet"": 0.55, ""mean_cost"": 54165622.534803525, ""mcse_cost"": 11434.05554590744, ""mean_shortage_days"": 24.86340361445783, ""mean_cost_per_unit"": 58.61970231839208, ""capacity_utilization"": 4621362.95, ""feasible"": false, ""n_runs"": 20, ""eligibility"": ""NO_CONCLUSION""}, {""value"": 730.0, ""strategy_id"": ""S6"", ""mean_fill"": 0.9919263024026685, ""p_meet"": 0.7, ""mean_cost"": 54308719.29344231, ""mcse_cost"": 12792.984621278867, ""mean_shortage_days"": 11.93163335158817, ""mean_cost_per_unit"": 58.058615580886226, ""capacity_utilization"": 4677007.15, ""feasible"": false, ""n_runs"": 20, ""eligibility"": ""NO_CONCLUSION""}, {""value"": 547.5, ""strategy_id"": ""S6"", ""mean_fill"": 0.9969208896344215, ""p_meet"": 0.85, ""mean_cost"": 54377430.869014345, ""mcse_cost"": 13364.227506286281, ""mean_shortage_days"": 6.890943318729464, ""mean_cost_per_unit"": 57.84025435330292, ""capacity_utilization"": 4701054.95, ""feasible"": false, ""n_runs"": 20, ""eligibility"": ""NO_CONCLUSION""}, {""value"": 456.25, ""strategy_id"": ""S6"", ""mean_fill"": 0.9975900418994994, ""p_meet"": 0.9, ""mean_cost"": 54400420.7743514, ""mcse_cost"": 14214.037696291714, ""mean_shortage_days"": 5.200711938663746, ""mean_cost_per_unit"": 57.82573293510757, ""capacity_utilization"": 4704239.65, ""feasible"": true, ""n_runs"": 20, ""eligibility"": ""NO_CONCLUSION""}, {""value"": 501.875, ""strategy_id"": ""S6"", ""mean_fill"": 0.99774494322678, ""p_meet"": 0.9, ""mean_cost"": 54395326.77023482, ""mcse_cost"": 14812.393686636144, ""mean_shortage_days"": 5.750787239868565, ""mean_cost_per_unit"": 57.81110150778621, ""capacity_utilization"": 4704951.35, ""feasible"": true, ""n_runs"": 20, ""eligibility"": ""NO_CONCLUSION""}, {""value"": 524.6875, ""strategy_id"": ""S6"", ""mean_fill"": 0.9972140724634292, ""p_meet"": 0.85, ""mean_cost"": 54391774.36011507, ""mcse_cost"": 15042.087879920718, ""mean_shortage_days"": 6.3508693866374575, ""mean_cost_per_unit"": 57.83835796552846, ""capacity_utilization"": 4702453.05, ""feasible"": false, ""n_runs"": 20, ""eligibility"": ""NO_CONCLUSION""}]",bisection over 5 steps on 20 paired runs,501.875,524.6875
S6,norepinephrine_1mgml_4ml,activation_latency_days,global.reserved_capacity_activation_days,7.0,21.0,60.0,False,False,,infeasible_everywhere,"[{""value"": 7.0, ""strategy_id"": ""S6"", ""mean_fill"": 0.9919263024026685, ""p_meet"": 0.7, ""mean_cost"": 54308719.29344231, ""mcse_cost"": 12792.984621278867, ""mean_shortage_days"": 11.93163335158817, ""mean_cost_per_unit"": 58.058615580886226, ""capacity_utilization"": 4677007.15, ""feasible"": false, ""n_runs"": 20, ""eligibility"": ""NO_CONCLUSION""}, {""value"": 60.0, ""strategy_id"": ""S6"", ""mean_fill"": 0.9919263024026685, ""p_meet"": 0.7, ""mean_cost"": 54308719.29344231, ""mcse_cost"": 12792.984621278867, ""mean_shortage_days"": 11.93163335158817, ""mean_cost_per_unit"": 58.058615580886226, ""capacity_utilization"": 4677007.15, ""feasible"": false, ""n_runs"": 20, ""eligibility"": ""NO_CONCLUSION""}]",feasibility does not change between 7.0 and 60.0; no threshold inside the recorded range,,
S6,norepinephrine_1mgml_4ml,node_capital,product.capital_usd_per_site,15000000.0,40000000.0,100000000.0,False,False,,infeasible_everywhere,"[{""value"": 15000000.0, ""strategy_id"": ""S6"", ""mean_fill"": 0.9919263024026685, ""p_meet"": 0.7, ""mean_cost"": 38442251.86436616, ""mcse_cost"": 12792.984621278829, ""mean_shortage_days"": 11.93163335158817, ""mean_cost_per_unit"": 41.09646746257632, ""capacity_utilization"": 4677007.15, ""feasible"": false, ""n_runs"": 20, ""eligibility"": ""NO_CONCLUSION""}, {""value"": 100000000.0, ""strategy_id"": ""S6"", ""mean_fill"": 0.9919263024026685, ""p_meet"": 0.7, ""mean_cost"": 92388241.12324557, ""mcse_cost"": 12792.984621279282, ""mean_shortage_days"": 11.93163335158817, ""mean_cost_per_unit"": 98.76777106485187, ""capacity_utilization"": 4677007.15, ""feasible"": false, ""n_runs"": 20, ""eligibility"": ""NO_CONCLUSION""}]",feasibility does not change between 15000000.0 and 100000000.0; no threshold inside the recorded range,,
S6,norepinephrine_1mgml_4ml,batches_per_site_year,product.batches_per_site_year_nominal,30.0,45.0,70.0,False,False,,infeasible_everywhere,"[{""value"": 30.0, ""strategy_id"": ""S6"", ""mean_fill"": 0.9529894649155745, ""p_meet"": 0.0, ""mean_cost"": 54228483.170385376, ""mcse_cost"": 13824.219870112436, ""mean_shortage_days"": 53.667346659364725, ""mean_cost_per_unit"": 60.33090402136996, ""capacity_utilization"": 4494624.8, ""feasible"": false, ""n_runs"": 20, ""eligibility"": ""NO_CONCLUSION""}, {""value"": 70.0, ""strategy_id"": ""S6"", ""mean_fill"": 0.9927791279157404, ""p_meet"": 0.7, ""mean_cost"": 54316380.77707932, ""mcse_cost"": 12519.935290872208, ""mean_shortage_days"": 9.89135405257393, ""mean_cost_per_unit"": 58.03938449891257, ""capacity_utilization"": 4679186.6, ""feasible"": false, ""n_runs"": 20, ""eligibility"": ""NO_CONCLUSION""}]",feasibility does not change between 30.0 and 70.0; no threshold inside the recorded range,,
S6,norepinephrine_1mgml_4ml,changeover_burden,product.changeover_days,1.0,3.0,10.0,False,False,,infeasible_everywhere,"[{""value"": 1.0, ""strategy_id"": ""S6"", ""mean_fill"": 0.9921218540131841, ""p_meet"": 0.7, ""mean_cost"": 54315064.02519655, ""mcse_cost"": 12545.135364767864, ""mean_shortage_days"": 11.391559419496167, ""mean_cost_per_unit"": 58.05333303995692, ""capacity_utilization"": 4677978.5, ""feasible"": false, ""n_runs"": 20, ""eligibility"": ""NO_CONCLUSION""}, {""value"": 10.0, ""strategy_id"": ""S6"", ""mean_fill"": 0.9653275381664528, ""p_meet"": 0.0, ""mean_cost"": 54207270.89053576, ""mcse_cost"": 14494.166093761818, ""mean_shortage_days"": 49.06671686746988, ""mean_cost_per_unit"": 59.54474575422554, ""capacity_utilization"": 4552210.3, ""feasible"": false, ""n_runs"": 20, ""eligibility"": ""NO_CONCLUSION""}]",feasibility does not change between 1.0 and 10.0; no threshold inside the recorded range,,
S7,norepinephrine_1mgml_4ml,capacity_utilization,product.annual_demand_units,500000.0,900000.0,1800000.0,False,False,,infeasible_everywhere,"[{""value"": 500000.0, ""strategy_id"": ""S7"", ""mean_fill"": 0.9837312723724707, ""p_meet"": 0.55, ""mean_cost"": 21237140.51569114, ""mcse_cost"": 34428.7836926058, ""mean_shortage_days"": 18.59254518072289, ""mean_cost_per_unit"": 41.233069998076175, ""capacity_utilization"": 2575643.45, ""feasible"": false, ""n_runs"": 20, ""eligibility"": ""NO_CONCLUSION""}, {""value"": 1800000.0, ""strategy_id"": ""S7"", ""mean_fill"": 0.6544884835904498, ""p_meet"": 0.0, ""mean_cost"": 22926721.31394028, ""mcse_cost"": 113843.82359105638, ""mean_shortage_days"": 240.16287650602402, ""mean_cost_per_unit"": 19.00069130513501, ""capacity_utilization"": 6177674.75, ""feasible"": false, ""n_runs"": 20, ""eligibility"": ""NO_CONCLUSION""}]",feasibility does not change between 500000.0 and 1800000.0; no threshold inside the recorded range,,
S7,norepinephrine_1mgml_4ml,fixed_qa_labor_per_node,product.fixed_qa_labor_usd_per_site_year,1500000.0,3000000.0,6000000.0,False,False,,infeasible_everywhere,"[{""value"": 1500000.0, ""strategy_id"": ""S7"", ""mean_fill"": 0.9626988333666502, ""p_meet"": 0.25, ""mean_cost"": 18881073.880009856, ""mcse_cost"": 46317.39583775389, ""mean_shortage_days"": 62.00848849945235, ""mean_cost_per_unit"": 20.823851056207737, ""capacity_utilization"": 4537303.25, ""feasible"": false, ""n_runs"": 20, ""eligibility"": ""NO_CONCLUSION""}, {""value"": 6000000.0, ""strategy_id"": ""S7"", ""mean_fill"": 0.9626988333666502, ""p_meet"": 0.25, ""mean_cost"": 28877873.972630948, ""mcse_cost"": 46317.39583775389, ""mean_shortage_days"": 62.00848849945235, ""mean_cost_per_unit"": 31.851920562746727, ""capacity_utilization"": 4537303.25, ""feasible"": false, ""n_runs"": 20, ""eligibility"": ""NO_CONCLUSION""}]",feasibility does not change between 1500000.0 and 6000000.0; no threshold inside the recorded range,,
S7,norepinephrine_1mgml_4ml,release_time,global.sterility_incubation_days,14.0,14.0,18.0,False,False,,infeasible_everywhere,"[{""value"": 14.0, ""strategy_id"": ""S7"", ""mean_fill"": 0.9626988333666502, ""p_meet"": 0.25, ""mean_cost"": 22213340.57755022, ""mcse_cost"": 46317.39583775389, ""mean_shortage_days"": 62.00848849945235, ""mean_cost_per_unit"": 24.499874225054064, ""capacity_utilization"": 4537303.25, ""feasible"": false, ""n_runs"": 20, ""eligibility"": ""NO_CONCLUSION""}, {""value"": 18.0, ""strategy_id"": ""S7"", ""mean_fill"": 0.9528706669709971, ""p_meet"": 0.2, ""mean_cost"": 22167680.564922266, ""mcse_cost"": 39948.294676331454, ""mean_shortage_days"": 84.1315169769989, ""mean_cost_per_unit"": 24.709324922128264, ""capacity_utilization"": 4491267.5, ""feasible"": false, ""n_runs"": 20, ""eligibility"": ""NO_CONCLUSION""}]",feasibility does not change between 14.0 and 18.0; no threshold inside the recorded range,,
S7,norepinephrine_1mgml_4ml,shelf_life,product.shelf_life_months,12.0,24.0,30.0,False,False,,infeasible_everywhere,"[{""value"": 12.0, ""strategy_id"": ""S7"", ""mean_fill"": 0.9626988333666502, ""p_meet"": 0.25, ""mean_cost"": 22213340.57755022, ""mcse_cost"": 46317.39583775389, ""mean_shortage_days"": 62.00848849945235, ""mean_cost_per_unit"": 24.499874225054064, ""capacity_utilization"": 4537303.25, ""feasible"": false, ""n_runs"": 20, ""eligibility"": ""NO_CONCLUSION""}, {""value"": 30.0, ""strategy_id"": ""S7"", ""mean_fill"": 0.9626988333666502, ""p_meet"": 0.25, ""mean_cost"": 22213340.57755022, ""mcse_cost"": 46317.39583775389, ""mean_shortage_days"": 62.00848849945235, ""mean_cost_per_unit"": 24.499874225054064, ""capacity_utilization"": 4537303.25, ""feasible"": false, ""n_runs"": 20, ""eligibility"": ""NO_CONCLUSION""}]",feasibility does not change between 12.0 and 30.0; no threshold inside the recorded range,,
S7,norepinephrine_1mgml_4ml,raw_material_lead_time,product.material_lead_time_days,30.0,90.0,240.0,False,False,,infeasible_everywhere,"[{""value"": 30.0, ""strategy_id"": ""S7"", ""mean_fill"": 0.9614757507123584, ""p_meet"": 0.2, ""mean_cost"": 22198757.93786781, ""mcse_cost"": 44597.12787909901, ""mean_shortage_days"": 61.98848576122673, ""mean_cost_per_unit"": 24.522155628543846, ""capacity_utilization"": 4530983.05, ""feasible"": false, ""n_runs"": 20, ""eligibility"": ""NO_CONCLUSION""}, {""value"": 240.0, ""strategy_id"": ""S7"", ""mean_fill"": 0.9593451933740367, ""p_meet"": 0.2, ""mean_cost"": 22229218.35291763, ""mcse_cost"": 46783.91292393511, ""mean_shortage_days"": 71.19974671412925, ""mean_cost_per_unit"": 24.61734495495335, ""capacity_utilization"": 4520764.45, ""feasible"": false, ""n_runs"": 20, ""eligibility"": ""NO_CONCLUSION""}]",feasibility does not change between 30.0 and 240.0; no threshold inside the recorded range,,
S7,norepinephrine_1mgml_4ml,common_cause_dependence,global.common_cause_events_per_year,0.02,0.1,0.3,False,False,,infeasible_everywhere,"[{""value"": 0.02, ""strategy_id"": ""S7"", ""mean_fill"": 0.9717141372086664, ""p_meet"": 0.3, ""mean_cost"": 22234229.248365164, ""mcse_cost"": 41943.08349137255, ""mean_shortage_days"": 53.06726451259583, ""mean_cost_per_unit"": 24.282474007754555, ""capacity_utilization"": 4579610.15, ""feasible"": false, ""n_runs"": 20, ""eligibility"": ""NO_CONCLUSION""}, {""value"": 0.3, ""strategy_id"": ""S7"", ""mean_fill"": 0.9379729240994304, ""p_meet"": 0.1, ""mean_cost"": 22157871.367351033, ""mcse_cost"": 51525.64017011788, ""mean_shortage_days"": 79.4908817086528, ""mean_cost_per_unit"": 25.152463977504752, ""capacity_utilization"": 4419147.5, ""feasible"": false, ""n_runs"": 20, ""eligibility"": ""NO_CONCLUSION""}]",feasibility does not change between 0.02 and 0.3; no threshold inside the recorded range,,
S7,norepinephrine_1mgml_4ml,supplier_concentration,global.supplier_disruptions_per_supplier_year,0.05,0.2,0.6,False,False,,infeasible_everywhere,"[{""value"": 0.05, ""strategy_id"": ""S7"", ""mean_fill"": 0.9732370680977478, ""p_meet"": 0.35, ""mean_cost"": 22239336.522305828, ""mcse_cost"": 45374.997691209115, ""mean_shortage_days"": 53.697350766703174, ""mean_cost_per_unit"": 24.256441504020522, ""capacity_utilization"": 4586930.9, ""feasible"": false, ""n_runs"": 20, ""eligibility"": ""NO_CONCLUSION""}, {""value"": 0.6, ""strategy_id"": ""S7"", ""mean_fill"": 0.927707025594076, ""p_meet"": 0.15, ""mean_cost"": 22122066.58297442, ""mcse_cost"": 47867.52201268025, ""mean_shortage_days"": 90.03232475355969, ""mean_cost_per_unit"": 25.357551791425017, ""capacity_utilization"": 4372616.1, ""feasible"": false, ""n_runs"": 20, ""eligibility"": ""NO_CONCLUSION""}]",feasibility does not change between 0.05 and 0.6; no threshold inside the recorded range,,
S7,norepinephrine_1mgml_4ml,commissioning_days,global.node_commissioning_days,365.0,730.0,1095.0,False,False,,infeasible_everywhere,"[{""value"": 365.0, ""strategy_id"": ""S7"", ""mean_fill"": 0.9626988333666502, ""p_meet"": 0.25, ""mean_cost"": 22213340.57755022, ""mcse_cost"": 46317.39583775389, ""mean_shortage_days"": 62.00848849945235, ""mean_cost_per_unit"": 24.499874225054064, ""capacity_utilization"": 4537303.25, ""feasible"": false, ""n_runs"": 20, ""eligibility"": ""NO_CONCLUSION""}, {""value"": 1095.0, ""strategy_id"": ""S7"", ""mean_fill"": 0.9626988333666502, ""p_meet"": 0.25, ""mean_cost"": 22213340.57755022, ""mcse_cost"": 46317.39583775389, ""mean_shortage_days"": 62.00848849945235, ""mean_cost_per_unit"": 24.499874225054064, ""capacity_utilization"": 4537303.25, ""feasible"": false, ""n_runs"": 20, ""eligibility"": ""NO_CONCLUSION""}]",feasibility does not change between 365.0 and 1095.0; no threshold inside the recorded range,,
S7,norepinephrine_1mgml_4ml,activation_latency_days,global.reserved_capacity_activation_days,7.0,21.0,60.0,False,False,,infeasible_everywhere,"[{""value"": 7.0, ""strategy_id"": ""S7"", ""mean_fill"": 0.9626988333666502, ""p_meet"": 0.25, ""mean_cost"": 22213340.57755022, ""mcse_cost"": 46317.39583775389, ""mean_shortage_days"": 62.00848849945235, ""mean_cost_per_unit"": 24.499874225054064, ""capacity_utilization"": 4537303.25, ""feasible"": false, ""n_runs"": 20, ""eligibility"": ""NO_CONCLUSION""}, {""value"": 60.0, ""strategy_id"": ""S7"", ""mean_fill"": 0.9626988333666502, ""p_meet"": 0.25, ""mean_cost"": 22213340.57755022, ""mcse_cost"": 46317.39583775389, ""mean_shortage_days"": 62.00848849945235, ""mean_cost_per_unit"": 24.499874225054064, ""capacity_utilization"": 4537303.25, ""feasible"": false, ""n_runs"": 20, ""eligibility"": ""NO_CONCLUSION""}]",feasibility does not change between 7.0 and 60.0; no threshold inside the recorded range,,
S7,norepinephrine_1mgml_4ml,node_capital,product.capital_usd_per_site,15000000.0,40000000.0,100000000.0,False,False,,infeasible_everywhere,"[{""value"": 15000000.0, ""strategy_id"": ""S7"", ""mean_fill"": 0.9626988333666502, ""p_meet"": 0.25, ""mean_cost"": 14786201.653973114, ""mcse_cost"": 46317.39583775394, ""mean_shortage_days"": 62.00848849945235, ""mean_cost_per_unit"": 16.306552009439557, ""capacity_utilization"": 4537303.25, ""feasible"": false, ""n_runs"": 20, ""eligibility"": ""NO_CONCLUSION""}, {""value"": 100000000.0, ""strategy_id"": ""S7"", ""mean_fill"": 0.9626988333666502, ""p_meet"": 0.25, ""mean_cost"": 40038473.99413262, ""mcse_cost"": 46317.39583775394, ""mean_shortage_days"": 62.00848849945235, ""mean_cost_per_unit"": 44.163847542525964, ""capacity_utilization"": 4537303.25, ""feasible"": false, ""n_runs"": 20, ""eligibility"": ""NO_CONCLUSION""}]",feasibility does not change between 15000000.0 and 100000000.0; no threshold inside the recorded range,,
S7,norepinephrine_1mgml_4ml,batches_per_site_year,product.batches_per_site_year_nominal,30.0,45.0,70.0,False,False,,infeasible_everywhere,"[{""value"": 30.0, ""strategy_id"": ""S7"", ""mean_fill"": 0.7945417138844141, ""p_meet"": 0.0, ""mean_cost"": 21774561.45351844, ""mcse_cost"": 58554.35037514203, ""mean_shortage_days"": 211.93901286966042, ""mean_cost_per_unit"": 29.297317576868885, ""capacity_utilization"": 3747223.4, ""feasible"": false, ""n_runs"": 20, ""eligibility"": ""NO_CONCLUSION""}, {""value"": 70.0, ""strategy_id"": ""S7"", ""mean_fill"": 0.9726608843345215, ""p_meet"": 0.3, ""mean_cost"": 22251721.468267016, ""mcse_cost"": 43875.837187794015, ""mean_shortage_days"": 49.13672645125958, ""mean_cost_per_unit"": 24.271684325447037, ""capacity_utilization"": 4584946.2, ""feasible"": false, ""n_runs"": 20, ""eligibility"": ""NO_CONCLUSION""}]",feasibility does not change between 30.0 and 70.0; no threshold inside the recorded range,,
S7,norepinephrine_1mgml_4ml,changeover_burden,product.changeover_days,1.0,3.0,10.0,False,False,,infeasible_everywhere,"[{""value"": 1.0, ""strategy_id"": ""S7"", ""mean_fill"": 0.9628194854984832, ""p_meet"": 0.2, ""mean_cost"": 22221436.849143483, ""mcse_cost"": 46855.60452601983, ""mean_shortage_days"": 58.61802437020809, ""mean_cost_per_unit"": 24.498208867506605, ""capacity_utilization"": 4538039.15, ""feasible"": false, ""n_runs"": 20, ""eligibility"": ""NO_CONCLUSION""}, {""value"": 10.0, ""strategy_id"": ""S7"", ""mean_fill"": 0.8484143052695297, ""p_meet"": 0.05, ""mean_cost"": 21902087.625492312, ""mcse_cost"": 52432.69444644182, ""mean_shortage_days"": 193.376471796276, ""mean_cost_per_unit"": 27.512334470046532, ""capacity_utilization"": 4000096.0, ""feasible"": false, ""n_runs"": 20, ""eligibility"": ""NO_CONCLUSION""}]",feasibility does not change between 1.0 and 10.0; no threshold inside the recorded range,,
S0,sodium_bicarbonate_8_4_50ml,capacity_utilization,product.annual_demand_units,600000.0,1200000.0,2400000.0,False,False,,infeasible_everywhere,"[{""value"": 600000.0, ""strategy_id"": ""S0"", ""mean_fill"": 0.9897904120625067, ""p_meet"": 0.65, ""mean_cost"": 12189189.0516267, ""mcse_cost"": 6391.970940758626, ""mean_shortage_days"": 17.31236993428258, ""mean_cost_per_unit"": 19.596081707277726, ""capacity_utilization"": 3110261.95, ""feasible"": false, ""n_runs"": 20, ""eligibility"": ""NO_CONCLUSION""}, {""value"": 2400000.0, ""strategy_id"": ""S0"", ""mean_fill"": 0.362824640846849, ""p_meet"": 0.0, ""mean_cost"": 13068815.847503016, ""mcse_cost"": 23205.39844156092, ""mean_shortage_days"": 320.8239184008762, ""mean_cost_per_unit"": 14.317423912096796, ""capacity_utilization"": 4572765.9, ""feasible"": false, ""n_runs"": 20, ""eligibility"": ""NO_CONCLUSION""}]",feasibility does not change between 600000.0 and 2400000.0; no threshold inside the recorded range,,
S0,sodium_bicarbonate_8_4_50ml,fixed_qa_labor_per_node,product.fixed_qa_labor_usd_per_site_year,1500000.0,3000000.0,6000000.0,False,False,,infeasible_everywhere,"[{""value"": 1500000.0, ""strategy_id"": ""S0"", ""mean_fill"": 0.7249207682114097, ""p_meet"": 0.0, ""mean_cost"": 11427891.401829937, ""mcse_cost"": 24531.03861010115, ""mean_shortage_days"": 267.96668263964955, ""mean_cost_per_unit"": 12.556770913404552, ""capacity_utilization"": 4560590.95, ""feasible"": false, ""n_runs"": 20, ""eligibility"": ""NO_CONCLUSION""}, {""value"": 6000000.0, ""strategy_id"": ""S0"", ""mean_fill"": 0.7249207682114097, ""p_meet"": 0.0, ""mean_cost"": 16107008.922135571, ""mcse_cost"": 24531.03861010116, ""mean_shortage_days"": 267.96668263964955, ""mean_cost_per_unit"": 17.700469480283477, ""capacity_utilization"": 4560590.95, ""feasible"": false, ""n_runs"": 20, ""eligibility"": ""NO_CONCLUSION""}]",feasibility does not change between 1500000.0 and 6000000.0; no threshold inside the recorded range,,
S0,sodium_bicarbonate_8_4_50ml,release_time,global.sterility_incubation_days,14.0,14.0,18.0,False,False,,infeasible_everywhere,"[{""value"": 14.0, ""strategy_id"": ""S0"", ""mean_fill"": 0.7249207682114097, ""p_meet"": 0.0, ""mean_cost"": 12987597.241931815, ""mcse_cost"": 24531.03861010116, ""mean_shortage_days"": 267.96668263964955, ""mean_cost_per_unit"": 14.271337102364194, ""capacity_utilization"": 4560590.95, ""feasible"": false, ""n_runs"": 20, ""eligibility"": ""NO_CONCLUSION""}, {""value"": 18.0, ""strategy_id"": ""S0"", ""mean_fill"": 0.7245286199189429, ""p_meet"": 0.0, ""mean_cost"": 12985033.027595667, ""mcse_cost"": 24624.83964577263, ""mean_shortage_days"": 270.9970974808324, ""mean_cost_per_unit"": 14.277070996295771, ""capacity_utilization"": 4557535.6, ""feasible"": false, ""n_runs"": 20, ""eligibility"": ""NO_CONCLUSION""}]",feasibility does not change between 14.0 and 18.0; no threshold inside the recorded range,,
S0,sodium_bicarbonate_8_4_50ml,shelf_life,product.shelf_life_months,12.0,24.0,36.0,False,False,,infeasible_everywhere,"[{""value"": 12.0, ""strategy_id"": ""S0"", ""mean_fill"": 0.7249207682114097, ""p_meet"": 0.0, ""mean_cost"": 12987597.241931815, ""mcse_cost"": 24531.03861010116, ""mean_shortage_days"": 267.96668263964955, ""mean_cost_per_unit"": 14.271337102364194, ""capacity_utilization"": 4560590.95, ""feasible"": false, ""n_runs"": 20, ""eligibility"": ""NO_CONCLUSION""}, {""value"": 36.0, ""strategy_id"": ""S0"", ""mean_fill"": 0.7249207682114097, ""p_meet"": 0.0, ""mean_cost"": 12987597.241931815, ""mcse_cost"": 24531.03861010116, ""mean_shortage_days"": 267.96668263964955, ""mean_cost_per_unit"": 14.271337102364194, ""capacity_utilization"": 4560590.95, ""feasible"": false, ""n_runs"": 20, ""eligibility"": ""NO_CONCLUSION""}]",feasibility does not change between 12.0 and 36.0; no threshold inside the recorded range,,
S0,sodium_bicarbonate_8_4_50ml,raw_material_lead_time,product.material_lead_time_days,30.0,90.0,240.0,False,False,,infeasible_everywhere,"[{""value"": 30.0, ""strategy_id"": ""S0"", ""mean_fill"": 0.7251167430849239, ""p_meet"": 0.0, ""mean_cost"": 12981003.20479375, ""mcse_cost"": 22541.2926253151, ""mean_shortage_days"": 267.49661829134726, ""mean_cost_per_unit"": 14.253469733677019, ""capacity_utilization"": 4562292.15, ""feasible"": false, ""n_runs"": 20, ""eligibility"": ""NO_CONCLUSION""}, {""value"": 240.0, ""strategy_id"": ""S0"", ""mean_fill"": 0.7253648633387467, ""p_meet"": 0.0, ""mean_cost"": 13002937.330335513, ""mcse_cost"": 22785.179548367978, ""mean_shortage_days"": 267.91667579408545, ""mean_cost_per_unit"": 14.276478604395425, ""capacity_utilization"": 4563383.7, ""feasible"": false, ""n_runs"": 20, ""eligibility"": ""NO_CONCLUSION""}]",feasibility does not change between 30.0 and 240.0; no threshold inside the recorded range,,
S0,sodium_bicarbonate_8_4_50ml,common_cause_dependence,global.common_cause_events_per_year,0.02,0.1,0.3,False,False,,infeasible_everywhere,"[{""value"": 0.02, ""strategy_id"": ""S0"", ""mean_fill"": 0.7464985829665208, ""p_meet"": 0.0, ""mean_cost"": 13057715.164979737, ""mcse_cost"": 14634.99380125759, ""mean_shortage_days"": 266.0964266155531, ""mean_cost_per_unit"": 13.910812028786697, ""capacity_utilization"": 4696073.7, ""feasible"": false, ""n_runs"": 20, ""eligibility"": ""NO_CONCLUSION""}, {""value"": 0.3, ""strategy_id"": ""S0"", ""mean_fill"": 0.6865633567862297, ""p_meet"": 0.0, ""mean_cost"": 12870928.798683526, ""mcse_cost"": 33734.640012259864, ""mean_shortage_days"": 271.53717141292447, ""mean_cost_per_unit"": 14.995699864535315, ""capacity_utilization"": 4317573.8, ""feasible"": false, ""n_runs"": 20, ""eligibility"": ""NO_CONCLUSION""}]",feasibility does not change between 0.02 and 0.3; no threshold inside the recorded range,,
S0,sodium_bicarbonate_8_4_50ml,supplier_concentration,global.supplier_disruptions_per_supplier_year,0.05,0.2,0.6,False,False,,infeasible_everywhere,"[{""value"": 0.05, ""strategy_id"": ""S0"", ""mean_fill"": 0.7261645445438459, ""p_meet"": 0.0, ""mean_cost"": 12992125.21798225, ""mcse_cost"": 23354.11885225952, ""mean_shortage_days"": 267.45661281489595, ""mean_cost_per_unit"": 14.247571882415565, ""capacity_utilization"": 4568531.95, ""feasible"": false, ""n_runs"": 20, ""eligibility"": ""NO_CONCLUSION""}, {""value"": 0.6, ""strategy_id"": ""S0"", ""mean_fill"": 0.7161564897022475, ""p_meet"": 0.0, ""mean_cost"": 12963264.729430672, ""mcse_cost"": 25522.11183238334, ""mean_shortage_days"": 268.80679764512604, ""mean_cost_per_unit"": 14.423315332021897, ""capacity_utilization"": 4505732.95, ""feasible"": false, ""n_runs"": 20, ""eligibility"": ""NO_CONCLUSION""}]",feasibility does not change between 0.05 and 0.6; no threshold inside the recorded range,,
S0,sodium_bicarbonate_8_4_50ml,commissioning_days,global.node_commissioning_days,365.0,730.0,1095.0,False,False,,infeasible_everywhere,"[{""value"": 365.0, ""strategy_id"": ""S0"", ""mean_fill"": 0.7249207682114097, ""p_meet"": 0.0, ""mean_cost"": 12987597.241931815, ""mcse_cost"": 24531.03861010116, ""mean_shortage_days"": 267.96668263964955, ""mean_cost_per_unit"": 14.271337102364194, ""capacity_utilization"": 4560590.95, ""feasible"": false, ""n_runs"": 20, ""eligibility"": ""NO_CONCLUSION""}, {""value"": 1095.0, ""strategy_id"": ""S0"", ""mean_fill"": 0.7249207682114097, ""p_meet"": 0.0, ""mean_cost"": 12987597.241931815, ""mcse_cost"": 24531.03861010116, ""mean_shortage_days"": 267.96668263964955, ""mean_cost_per_unit"": 14.271337102364194, ""capacity_utilization"": 4560590.95, ""feasible"": false, ""n_runs"": 20, ""eligibility"": ""NO_CONCLUSION""}]",feasibility does not change between 365.0 and 1095.0; no threshold inside the recorded range,,
S0,sodium_bicarbonate_8_4_50ml,activation_latency_days,global.reserved_capacity_activation_days,7.0,21.0,60.0,False,False,,infeasible_everywhere,"[{""value"": 7.0, ""strategy_id"": ""S0"", ""mean_fill"": 0.7249207682114097, ""p_meet"": 0.0, ""mean_cost"": 12987597.241931815, ""mcse_cost"": 24531.03861010116, ""mean_shortage_days"": 267.96668263964955, ""mean_cost_per_unit"": 14.271337102364194, ""capacity_utilization"": 4560590.95, ""feasible"": false, ""n_runs"": 20, ""eligibility"": ""NO_CONCLUSION""}, {""value"": 60.0, ""strategy_id"": ""S0"", ""mean_fill"": 0.7249207682114097, ""p_meet"": 0.0, ""mean_cost"": 12987597.241931815, ""mcse_cost"": 24531.03861010116, ""mean_shortage_days"": 267.96668263964955, ""mean_cost_per_unit"": 14.271337102364194, ""capacity_utilization"": 4560590.95, ""feasible"": false, ""n_runs"": 20, ""eligibility"": ""NO_CONCLUSION""}]",feasibility does not change between 7.0 and 60.0; no threshold inside the recorded range,,
S0,sodium_bicarbonate_8_4_50ml,node_capital,product.capital_usd_per_site,15000000.0,40000000.0,100000000.0,False,False,,infeasible_everywhere,"[{""value"": 15000000.0, ""strategy_id"": ""S0"", ""mean_fill"": 0.7249207682114097, ""p_meet"": 0.0, ""mean_cost"": 8798096.260113496, ""mcse_cost"": 24531.03861010116, ""mean_shortage_days"": 267.96668263964955, ""mean_cost_per_unit"": 9.665868207300168, ""capacity_utilization"": 4560590.95, ""feasible"": false, ""n_runs"": 20, ""eligibility"": ""NO_CONCLUSION""}, {""value"": 100000000.0, ""strategy_id"": ""S0"", ""mean_fill"": 0.7249207682114097, ""p_meet"": 0.0, ""mean_cost"": 23042399.5982951, ""mcse_cost"": 24531.038610101183, ""mean_shortage_days"": 267.96668263964955, ""mean_cost_per_unit"": 25.324462450517114, ""capacity_utilization"": 4560590.95, ""feasible"": false, ""n_runs"": 20, ""eligibility"": ""NO_CONCLUSION""}]",feasibility does not change between 15000000.0 and 100000000.0; no threshold inside the recorded range,,
S0,sodium_bicarbonate_8_4_50ml,batches_per_site_year,product.batches_per_site_year_nominal,30.0,45.0,70.0,False,False,,infeasible_everywhere,"[{""value"": 30.0, ""strategy_id"": ""S0"", ""mean_fill"": 0.46754135767412563, ""p_meet"": 0.0, ""mean_cost"": 12128590.512866318, ""mcse_cost"": 14053.475270737383, ""mean_shortage_days"": 286.36920180722893, ""mean_cost_per_unit"": 20.638487399550726, ""capacity_utilization"": 2942919.85, ""feasible"": false, ""n_runs"": 20, ""eligibility"": ""NO_CONCLUSION""}, {""value"": 70.0, ""strategy_id"": ""S0"", ""mean_fill"": 0.9753971904084805, ""p_meet"": 0.3, ""mean_cost"": 13833197.80144779, ""mcse_cost"": 19275.515961929144, ""mean_shortage_days"": 35.33483707557503, ""mean_cost_per_unit"": 11.288501253247823, ""capacity_utilization"": 6129512.75, ""feasible"": false, ""n_runs"": 20, ""eligibility"": ""NO_CONCLUSION""}]",feasibility does not change between 30.0 and 70.0; no threshold inside the recorded range,,
S0,sodium_bicarbonate_8_4_50ml,changeover_burden,product.changeover_days,1.0,3.0,10.0,False,False,,infeasible_everywhere,"[{""value"": 1.0, ""strategy_id"": ""S0"", ""mean_fill"": 0.7247378169236209, ""p_meet"": 0.0, ""mean_cost"": 12988003.396898951, ""mcse_cost"": 24578.222014795483, ""mean_shortage_days"": 267.27658817086524, ""mean_cost_per_unit"": 14.277039629329995, ""capacity_utilization"": 4558431.45, ""feasible"": false, ""n_runs"": 20, ""eligibility"": ""NO_CONCLUSION""}, {""value"": 10.0, ""strategy_id"": ""S0"", ""mean_fill"": 0.5089567849806523, ""p_meet"": 0.0, ""mean_cost"": 12266914.142671432, ""mcse_cost"": 11560.852594457492, ""mean_shortage_days"": 281.1184830230011, ""mean_cost_per_unit"": 19.166921440679833, ""capacity_utilization"": 3202509.8, ""feasible"": false, ""n_runs"": 20, ""eligibility"": ""NO_CONCLUSION""}]",feasibility does not change between 1.0 and 10.0; no threshold inside the recorded range,,
S1,sodium_bicarbonate_8_4_50ml,capacity_utilization,product.annual_demand_units,600000.0,1200000.0,2400000.0,False,False,,infeasible_everywhere,"[{""value"": 600000.0, ""strategy_id"": ""S1"", ""mean_fill"": 0.9942628802919821, ""p_meet"": 0.85, ""mean_cost"": 12144824.850380925, ""mcse_cost"": 6699.885247659556, ""mean_shortage_days"": 13.881900328587074, ""mean_cost_per_unit"": 19.436431399477193, ""capacity_utilization"": 3124344.8, ""feasible"": false, ""n_runs"": 20, ""eligibility"": ""NO_CONCLUSION""}, {""value"": 2400000.0, ""strategy_id"": ""S1"", ""mean_fill"": 0.36292190894041304, ""p_meet"": 0.0, ""mean_cost"": 12920843.449458515, ""mcse_cost"": 20706.477156579444, ""mean_shortage_days"": 321.30398411829134, ""mean_cost_per_unit"": 14.152626741275458, ""capacity_utilization"": 4573114.4, ""feasible"": false, ""n_runs"": 20, ""eligibility"": ""NO_CONCLUSION""}]",feasibility does not change between 600000.0 and 2400000.0; no threshold inside the recorded range,,
S1,sodium_bicarbonate_8_4_50ml,fixed_qa_labor_per_node,product.fixed_qa_labor_usd_per_site_year,1500000.0,3000000.0,6000000.0,False,False,,infeasible_everywhere,"[{""value"": 1500000.0, ""strategy_id"": ""S1"", ""mean_fill"": 0.7331195647413087, ""p_meet"": 0.0, ""mean_cost"": 11265235.917360058, ""mcse_cost"": 20297.77453479607, ""mean_shortage_days"": 264.2461733296824, ""mean_cost_per_unit"": 12.244939621393812, ""capacity_utilization"": 4607584.1, ""feasible"": false, ""n_runs"": 20, ""eligibility"": ""NO_CONCLUSION""}, {""value"": 6000000.0, ""strategy_id"": ""S1"", ""mean_fill"": 0.7331195647413087, ""p_meet"": 0.0, ""mean_cost"": 15944353.437665697, ""mcse_cost"": 20297.774534796034, ""mean_shortage_days"": 264.2461733296824, ""mean_cost_per_unit"": 17.332853483415978, ""capacity_utilization"": 4607584.1, ""feasible"": false, ""n_runs"": 20, ""eligibility"": ""NO_CONCLUSION""}]",feasibility does not change between 1500000.0 and 6000000.0; no threshold inside the recorded range,,
S1,sodium_bicarbonate_8_4_50ml,release_time,global.sterility_incubation_days,14.0,14.0,18.0,False,False,,infeasible_everywhere,"[{""value"": 14.0, ""strategy_id"": ""S1"", ""mean_fill"": 0.7331195647413087, ""p_meet"": 0.0, ""mean_cost"": 12824941.757461939, ""mcse_cost"": 20297.774534796034, ""mean_shortage_days"": 264.2461733296824, ""mean_cost_per_unit"": 13.940910908734532, ""capacity_utilization"": 4607584.1, ""feasible"": false, ""n_runs"": 20, ""eligibility"": ""NO_CONCLUSION""}, {""value"": 18.0, ""strategy_id"": ""S1"", ""mean_fill"": 0.7325189161294311, ""p_meet"": 0.0, ""mean_cost"": 12823415.09959133, ""mcse_cost"": 20536.948178786493, ""mean_shortage_days"": 268.73678806133626, ""mean_cost_per_unit"": 13.951169396595338, ""capacity_utilization"": 4603604.35, ""feasible"": false, ""n_runs"": 20, ""eligibility"": ""NO_CONCLUSION""}]",feasibility does not change between 14.0 and 18.0; no threshold inside the recorded range,,
S1,sodium_bicarbonate_8_4_50ml,shelf_life,product.shelf_life_months,12.0,24.0,36.0,False,False,,infeasible_everywhere,"[{""value"": 12.0, ""strategy_id"": ""S1"", ""mean_fill"": 0.724850628167313, ""p_meet"": 0.0, ""mean_cost"": 12870239.867121, ""mcse_cost"": 20485.153405559442, ""mean_shortage_days"": 268.1167031763418, ""mean_cost_per_unit"": 14.136307473037533, ""capacity_utilization"": 4559949.15, ""feasible"": false, ""n_runs"": 20, ""eligibility"": ""NO_CONCLUSION""}, {""value"": 36.0, ""strategy_id"": ""S1"", ""mean_fill"": 0.7352676225834303, ""p_meet"": 0.0, ""mean_cost"": 12822333.714990009, ""mcse_cost"": 20295.685650549498, ""mean_shortage_days"": 262.7259652245345, ""mean_cost_per_unit"": 13.896829178028435, ""capacity_utilization"": 4621129.5, ""feasible"": false, ""n_runs"": 20, ""eligibility"": ""NO_CONCLUSION""}]",feasibility does not change between 12.0 and 36.0; no threshold inside the recorded range,,
S1,sodium_bicarbonate_8_4_50ml,raw_material_lead_time,product.material_lead_time_days,30.0,90.0,240.0,False,False,,infeasible_everywhere,"[{""value"": 30.0, ""strategy_id"": ""S1"", ""mean_fill"": 0.7313936439330384, ""p_meet"": 0.0, ""mean_cost"": 12814457.81999366, ""mcse_cost"": 20440.586608509042, ""mean_shortage_days"": 264.6762322015334, ""mean_cost_per_unit"": 13.962626379307187, ""capacity_utilization"": 4596796.1, ""feasible"": false, ""n_runs"": 20, ""eligibility"": ""NO_CONCLUSION""}, {""value"": 240.0, ""strategy_id"": ""S1"", ""mean_fill"": 0.7311385713328096, ""p_meet"": 0.0, ""mean_cost"": 12836246.742480423, ""mcse_cost"": 20624.27248845654, ""mean_shortage_days"": 264.73624041621025, ""mean_cost_per_unit"": 13.99402065690558, ""capacity_utilization"": 4594764.65, ""feasible"": false, ""n_runs"": 20, ""eligibility"": ""NO_CONCLUSION""}]",feasibility does not change between 30.0 and 240.0; no threshold inside the recorded range,,
S1,sodium_bicarbonate_8_4_50ml,common_cause_dependence,global.common_cause_events_per_year,0.02,0.1,0.3,False,False,,infeasible_everywhere,"[{""value"": 0.02, ""strategy_id"": ""S1"", ""mean_fill"": 0.755339045042575, ""p_meet"": 0.0, ""mean_cost"": 12891584.218634918, ""mcse_cost"": 12783.476036834942, ""mean_shortage_days"": 261.4657927163198, ""mean_cost_per_unit"": 13.588310914493581, ""capacity_utilization"": 4746589.1, ""feasible"": false, ""n_runs"": 20, ""eligibility"": ""NO_CONCLUSION""}, {""value"": 0.3, ""strategy_id"": ""S1"", ""mean_fill"": 0.6930473828386078, ""p_meet"": 0.0, ""mean_cost"": 12710340.648919035, ""mcse_cost"": 33211.713105719835, ""mean_shortage_days"": 268.99682365826936, ""mean_cost_per_unit"": 14.679144353173474, ""capacity_utilization"": 4354620.1, ""feasible"": false, ""n_runs"": 20, ""eligibility"": ""NO_CONCLUSION""}]",feasibility does not change between 0.02 and 0.3; no threshold inside the recorded range,,
S1,sodium_bicarbonate_8_4_50ml,supplier_concentration,global.supplier_disruptions_per_supplier_year,0.05,0.2,0.6,False,False,,infeasible_everywhere,"[{""value"": 0.05, ""strategy_id"": ""S1"", ""mean_fill"": 0.7343397418244554, ""p_meet"": 0.0, ""mean_cost"": 12828268.126550253, ""mcse_cost"": 20721.453820111, ""mean_shortage_days"": 264.0661486856517, ""mean_cost_per_unit"": 13.922083721123343, ""capacity_utilization"": 4615243.9, ""feasible"": false, ""n_runs"": 20, ""eligibility"": ""NO_CONCLUSION""}, {""value"": 0.6, ""strategy_id"": ""S1"", ""mean_fill"": 0.7265996118671455, ""p_meet"": 0.0, ""mean_cost"": 12805240.938245825, ""mcse_cost"": 24117.988036678576, ""mean_shortage_days"": 265.01627875136916, ""mean_cost_per_unit"": 14.054737050724857, ""capacity_utilization"": 4566680.6, ""feasible"": false, ""n_runs"": 20, ""eligibility"": ""NO_CONCLUSION""}]",feasibility does not change between 0.05 and 0.6; no threshold inside the recorded range,,
S1,sodium_bicarbonate_8_4_50ml,commissioning_days,global.node_commissioning_days,365.0,730.0,1095.0,False,False,,infeasible_everywhere,"[{""value"": 365.0, ""strategy_id"": ""S1"", ""mean_fill"": 0.7331195647413087, ""p_meet"": 0.0, ""mean_cost"": 12824941.757461939, ""mcse_cost"": 20297.774534796034, ""mean_shortage_days"": 264.2461733296824, ""mean_cost_per_unit"": 13.940910908734532, ""capacity_utilization"": 4607584.1, ""feasible"": false, ""n_runs"": 20, ""eligibility"": ""NO_CONCLUSION""}, {""value"": 1095.0, ""strategy_id"": ""S1"", ""mean_fill"": 0.7331195647413087, ""p_meet"": 0.0, ""mean_cost"": 12824941.757461939, ""mcse_cost"": 20297.774534796034, ""mean_shortage_days"": 264.2461733296824, ""mean_cost_per_unit"": 13.940910908734532, ""capacity_utilization"": 4607584.1, ""feasible"": false, ""n_runs"": 20, ""eligibility"": ""NO_CONCLUSION""}]",feasibility does not change between 365.0 and 1095.0; no threshold inside the recorded range,,
S1,sodium_bicarbonate_8_4_50ml,activation_latency_days,global.reserved_capacity_activation_days,7.0,21.0,60.0,False,False,,infeasible_everywhere,"[{""value"": 7.0, ""strategy_id"": ""S1"", ""mean_fill"": 0.7331195647413087, ""p_meet"": 0.0, ""mean_cost"": 12824941.757461939, ""mcse_cost"": 20297.774534796034, ""mean_shortage_days"": 264.2461733296824, ""mean_cost_per_unit"": 13.940910908734532, ""capacity_utilization"": 4607584.1, ""feasible"": false, ""n_runs"": 20, ""eligibility"": ""NO_CONCLUSION""}, {""value"": 60.0, ""strategy_id"": ""S1"", ""mean_fill"": 0.7331195647413087, ""p_meet"": 0.0, ""mean_cost"": 12824941.757461939, ""mcse_cost"": 20297.774534796034, ""mean_shortage_days"": 264.2461733296824, ""mean_cost_per_unit"": 13.940910908734532, ""capacity_utilization"": 4607584.1, ""feasible"": false, ""n_runs"": 20, ""eligibility"": ""NO_CONCLUSION""}]",feasibility does not change between 7.0 and 60.0; no threshold inside the recorded range,,
S1,sodium_bicarbonate_8_4_50ml,node_capital,product.capital_usd_per_site,15000000.0,40000000.0,100000000.0,False,False,,infeasible_everywhere,"[{""value"": 15000000.0, ""strategy_id"": ""S1"", ""mean_fill"": 0.7331195647413087, ""p_meet"": 0.0, ""mean_cost"": 8635440.775643623, ""mcse_cost"": 20297.77453479607, ""mean_shortage_days"": 264.2461733296824, ""mean_cost_per_unit"": 9.385389482344593, ""capacity_utilization"": 4607584.1, ""feasible"": false, ""n_runs"": 20, ""eligibility"": ""NO_CONCLUSION""}, {""value"": 100000000.0, ""strategy_id"": ""S1"", ""mean_fill"": 0.7331195647413087, ""p_meet"": 0.0, ""mean_cost"": 22879744.113825224, ""mcse_cost"": 20297.774534796048, ""mean_shortage_days"": 264.2461733296824, ""mean_cost_per_unit"": 24.874162332069652, ""capacity_utilization"": 4607584.1, ""feasible"": false, ""n_runs"": 20, ""eligibility"": ""NO_CONCLUSION""}]",feasibility does not change between 15000000.0 and 100000000.0; no threshold inside the recorded range,,
S1,sodium_bicarbonate_8_4_50ml,batches_per_site_year,product.batches_per_site_year_nominal,30.0,45.0,70.0,False,False,,infeasible_everywhere,"[{""value"": 30.0, ""strategy_id"": ""S1"", ""mean_fill"": 0.468520867079045, ""p_meet"": 0.0, ""mean_cost"": 12027150.035795804, ""mcse_cost"": 12904.439617348695, ""mean_shortage_days"": 286.0791621029573, ""mean_cost_per_unit"": 20.438444838400954, ""capacity_utilization"": 2947330.95, ""feasible"": false, ""n_runs"": 20, ""eligibility"": ""NO_CONCLUSION""}, {""value"": 70.0, ""strategy_id"": ""S1"", ""mean_fill"": 0.9849599210985399, ""p_meet"": 0.65, ""mean_cost"": 13691038.660777548, ""mcse_cost"": 17305.53167630944, ""mean_shortage_days"": 29.98410460021906, ""mean_cost_per_unit"": 11.06015746397083, ""capacity_utilization"": 6189915.8, ""feasible"": false, ""n_runs"": 20, ""eligibility"": ""NO_CONCLUSION""}]",feasibility does not change between 30.0 and 70.0; no threshold inside the recorded range,,
S1,sodium_bicarbonate_8_4_50ml,changeover_burden,product.changeover_days,1.0,3.0,10.0,False,False,,infeasible_everywhere,"[{""value"": 1.0, ""strategy_id"": ""S1"", ""mean_fill"": 0.7336593379434577, ""p_meet"": 0.0, ""mean_cost"": 12825890.48423145, ""mcse_cost"": 20263.663913682765, ""mean_shortage_days"": 264.11615553121567, ""mean_cost_per_unit"": 13.928910386028116, ""capacity_utilization"": 4611669.85, ""feasible"": false, ""n_runs"": 20, ""eligibility"": ""NO_CONCLUSION""}, {""value"": 10.0, ""strategy_id"": ""S1"", ""mean_fill"": 0.5102622803313028, ""p_meet"": 0.0, ""mean_cost"": 12156196.897358105, ""mcse_cost"": 10478.050394253161, ""mean_shortage_days"": 281.2084953450165, ""mean_cost_per_unit"": 18.950018909777462, ""capacity_utilization"": 3210487.25, ""feasible"": false, ""n_runs"": 20, ""eligibility"": ""NO_CONCLUSION""}]",feasibility does not change between 1.0 and 10.0; no threshold inside the recorded range,,
S2,sodium_bicarbonate_8_4_50ml,capacity_utilization,product.annual_demand_units,600000.0,1200000.0,2400000.0,True,False,1303125.0,feasible_below,"[{""value"": 600000.0, ""strategy_id"": ""S2"", ""mean_fill"": 0.9989493570505437, ""p_meet"": 1.0, ""mean_cost"": 22970553.229380697, ""mcse_cost"": 6604.813265830557, ""mean_shortage_days"": 2.8003833515881706, ""mean_cost_per_unit"": 36.58742064398551, ""capacity_utilization"": 3139279.05, ""feasible"": true, ""n_runs"": 20, ""eligibility"": ""NO_CONCLUSION""}, {""value"": 2400000.0, ""strategy_id"": ""S2"", ""mean_fill"": 0.6521513326908065, ""p_meet"": 0.0, ""mean_cost"": 25720247.686248563, ""mcse_cost"": 36886.66733269027, ""mean_shortage_days"": 293.38016155531216, ""mean_cost_per_unit"": 15.69037667151124, ""capacity_utilization"": 8206681.2, ""feasible"": false, ""n_runs"": 20, ""eligibility"": ""NO_CONCLUSION""}, {""value"": 1500000.0, ""strategy_id"": ""S2"", ""mean_fill"": 0.9814819289827929, ""p_meet"": 0.55, ""mean_cost"": 25291461.40486381, ""mcse_cost"": 25612.57957205408, ""mean_shortage_days"": 40.73557639649506, ""mean_cost_per_unit"": 16.389477721286717, ""capacity_utilization"": 7718418.8, ""feasible"": false, ""n_runs"": 20, ""eligibility"": ""NO_CONCLUSION""}, {""value"": 1050000.0, ""strategy_id"": ""S2"", ""mean_fill"": 0.996372908168294, ""p_meet"": 0.95, ""mean_cost"": 24210137.95748978, ""mcse_cost"": 15142.800368111983, ""mean_shortage_days"": 10.061377327491787, ""mean_cost_per_unit"": 22.07622068422562, ""capacity_utilization"": 5483622.65, ""feasible"": true, ""n_runs"": 20, ""eligibility"": ""NO_CONCLUSION""}, {""value"": 1275000.0, ""strategy_id"": ""S2"", ""mean_fill"": 0.9934552109300412, ""p_meet"": 0.9, ""mean_cost"": 24791645.358224835, ""mcse_cost"": 16104.497728824479, ""mean_shortage_days"": 15.412109802847752, ""mean_cost_per_unit"": 18.665603951473813, ""capacity_utilization"": 6641204.45, ""feasible"": true, ""n_runs"": 20, ""eligibility"": ""NO_CONCLUSION""}, {""value"": 1387500.0, ""strategy_id"": ""S2"", ""mean_fill"": 0.9902154183775973, ""p_meet"": 0.85, ""mean_cost"": 25055585.004331175, ""mcse_cost"": 18257.356247318537, ""mean_shortage_days"": 24.523357064622125, ""mean_cost_per_unit"": 17.392982679825398, ""capacity_utilization"": 7203316.5, ""feasible"": false, ""n_runs"": 20, ""eligibility"": ""NO_CONCLUSION""}, {""value"": 1331250.0, ""strategy_id"": ""S2"", ""mean_fill"": 0.9920759018463496, ""p_meet"": 0.85, ""mean_cost"": 24924359.54112191, ""mcse_cost"": 15952.264180538261, ""mean_shortage_days"": 21.47293948521358, ""mean_cost_per_unit"": 17.997603730628352, ""capacity_utilization"": 6924512.0, ""feasible"": false, ""n_runs"": 20, ""eligibility"": ""NO_CONCLUSION""}]",bisection over 5 steps on 20 paired runs,1275000.0,1331250.0
S2,sodium_bicarbonate_8_4_50ml,fixed_qa_labor_per_node,product.fixed_qa_labor_usd_per_site_year,1500000.0,3000000.0,6000000.0,True,True,,feasible_everywhere,"[{""value"": 1500000.0, ""strategy_id"": ""S2"", ""mean_fill"": 0.9953203937428631, ""p_meet"": 0.95, ""mean_cost"": 21294073.49862302, ""mcse_cost"": 15217.77729210432, ""mean_shortage_days"": 13.031783953997811, ""mean_cost_per_unit"": 17.002866797717836, ""capacity_utilization"": 6262042.75, ""feasible"": true, ""n_runs"": 20, ""eligibility"": ""NO_CONCLUSION""}, {""value"": 6000000.0, ""strategy_id"": ""S2"", ""mean_fill"": 0.9953203937428631, ""p_meet"": 0.95, ""mean_cost"": 31227960.922367066, ""mcse_cost"": 15217.777292104278, ""mean_shortage_days"": 13.031783953997811, ""mean_cost_per_unit"": 24.935150151557227, ""capacity_utilization"": 6262042.75, ""feasible"": true, ""n_runs"": 20, ""eligibility"": ""NO_CONCLUSION""}]",feasibility does not change between 1500000.0 and 6000000.0; no threshold inside the recorded range,,
S2,sodium_bicarbonate_8_4_50ml,release_time,global.sterility_incubation_days,14.0,14.0,18.0,True,False,17.9375,feasible_below,"[{""value"": 14.0, ""strategy_id"": ""S2"", ""mean_fill"": 0.9953203937428631, ""p_meet"": 0.95, ""mean_cost"": 24605369.306537703, ""mcse_cost"": 15217.777292104245, ""mean_shortage_days"": 13.031783953997811, ""mean_cost_per_unit"": 19.646961248997634, ""capacity_utilization"": 6262042.75, ""feasible"": true, ""n_runs"": 20, ""eligibility"": ""NO_CONCLUSION""}, {""value"": 18.0, ""strategy_id"": ""S2"", ""mean_fill"": 0.9937860881051439, ""p_meet"": 0.85, ""mean_cost"": 24593181.08107878, ""mcse_cost"": 14397.47851599808, ""mean_shortage_days"": 15.252087897042717, ""mean_cost_per_unit"": 19.666988066981236, ""capacity_utilization"": 6252677.95, ""feasible"": false, ""n_runs"": 20, ""eligibility"": ""NO_CONCLUSION""}, {""value"": 16.0, ""strategy_id"": ""S2"", ""mean_fill"": 0.9945874200106442, ""p_meet"": 0.9, ""mean_cost"": 24596639.23740489, ""mcse_cost"": 15155.897302461131, ""mean_shortage_days"": 13.901903066812702, ""mean_cost_per_unit"": 19.65839379520945, ""capacity_utilization"": 6256238.35, ""feasible"": true, ""n_runs"": 20, ""eligibility"": ""NO_CONCLUSION""}, {""value"": 17.0, ""strategy_id"": ""S2"", ""mean_fill"": 0.9943660095896559, ""p_meet"": 0.9, ""mean_cost"": 24598874.824578322, ""mcse_cost"": 14596.805072602836, ""mean_shortage_days"": 15.042059145673605, ""mean_cost_per_unit"": 19.665585003309808, ""capacity_utilization"": 6254523.0, ""feasible"": true, ""n_runs"": 20, ""eligibility"": ""NO_CONCLUSION""}, {""value"": 17.5, ""strategy_id"": ""S2"", ""mean_fill"": 0.9937857016695993, ""p_meet"": 0.9, ""mean_cost"": 24595428.71364222, ""mcse_cost"": 14028.335893833544, ""mean_shortage_days"": 15.282092004381159, ""mean_cost_per_unit"": 19.675037084292192, ""capacity_utilization"": 6250614.25, ""feasible"": true, ""n_runs"": 20, ""eligibility"": ""NO_CONCLUSION""}, {""value"": 17.75, ""strategy_id"": ""S2"", ""mean_fill"": 0.9941772924126783, ""p_meet"": 0.9, ""mean_cost"": 24591204.01871479, ""mcse_cost"": 13629.890663676984, ""mean_shortage_days"": 13.621864731653886, ""mean_cost_per_unit"": 19.66033269361034, ""capacity_utilization"": 6254246.45, ""feasible"": true, ""n_runs"": 20, ""eligibility"": ""NO_CONCLUSION""}, {""value"": 17.875, ""strategy_id"": ""S2"", ""mean_fill"": 0.9940476731334293, ""p_meet"": 0.9, ""mean_cost"": 24590551.83939827, ""mcse_cost"": 15237.208556154917, ""mean_shortage_days"": 13.981914019715225, ""mean_cost_per_unit"": 19.65900042342365, ""capacity_utilization"": 6254469.5, ""feasible"": true, ""n_runs"": 20, ""eligibility"": ""NO_CONCLUSION""}]",bisection over 5 steps on 20 paired runs,17.875,18.0
S2,sodium_bicarbonate_8_4_50ml,shelf_life,product.shelf_life_months,12.0,24.0,36.0,True,True,,feasible_everywhere,"[{""value"": 12.0, ""strategy_id"": ""S2"", ""mean_fill"": 0.9953203937428631, ""p_meet"": 0.95, ""mean_cost"": 24611913.904473804, ""mcse_cost"": 15390.90532539475, ""mean_shortage_days"": 13.031783953997811, ""mean_cost_per_unit"": 19.652181706360974, ""capacity_utilization"": 6262042.75, ""feasible"": true, ""n_runs"": 20, ""eligibility"": ""NO_CONCLUSION""}, {""value"": 36.0, ""strategy_id"": ""S2"", ""mean_fill"": 0.9953203937428631, ""p_meet"": 0.95, ""mean_cost"": 24605369.306537703, ""mcse_cost"": 15217.777292104245, ""mean_shortage_days"": 13.031783953997811, ""mean_cost_per_unit"": 19.646961248997634, ""capacity_utilization"": 6262042.75, ""feasible"": true, ""n_runs"": 20, ""eligibility"": ""NO_CONCLUSION""}]",feasibility does not change between 12.0 and 36.0; no threshold inside the recorded range,,
S2,sodium_bicarbonate_8_4_50ml,raw_material_lead_time,product.material_lead_time_days,30.0,90.0,240.0,True,True,,feasible_everywhere,"[{""value"": 30.0, ""strategy_id"": ""S2"", ""mean_fill"": 0.9943123771290929, ""p_meet"": 0.9, ""mean_cost"": 24585261.261970382, ""mcse_cost"": 15317.155027672825, ""mean_shortage_days"": 13.801889375684558, ""mean_cost_per_unit"": 19.65123938569029, ""capacity_utilization"": 6255677.75, ""feasible"": true, ""n_runs"": 20, ""eligibility"": ""NO_CONCLUSION""}, {""value"": 240.0, ""strategy_id"": ""S2"", ""mean_fill"": 0.9954282054777807, ""p_meet"": 0.95, ""mean_cost"": 24656140.035343044, ""mcse_cost"": 14205.073806592085, ""mean_shortage_days"": 12.651731927710845, ""mean_cost_per_unit"": 19.685493658398833, ""capacity_utilization"": 6262742.35, ""feasible"": true, ""n_runs"": 20, ""eligibility"": ""NO_CONCLUSION""}]",feasibility does not change between 30.0 and 240.0; no threshold inside the recorded range,,
S2,sodium_bicarbonate_8_4_50ml,common_cause_dependence,global.common_cause_events_per_year,0.02,0.1,0.3,True,False,0.199375,feasible_below,"[{""value"": 0.02, ""strategy_id"": ""S2"", ""mean_fill"": 0.9965635178678592, ""p_meet"": 1.0, ""mean_cost"": 24623410.792090185, ""mcse_cost"": 13829.127430263214, ""mean_shortage_days"": 10.721467688937569, ""mean_cost_per_unit"": 19.63969483902303, ""capacity_utilization"": 6269011.4, ""feasible"": true, ""n_runs"": 20, ""eligibility"": ""NO_CONCLUSION""}, {""value"": 0.3, ""strategy_id"": ""S2"", ""mean_fill"": 0.9889907673194349, ""p_meet"": 0.7, ""mean_cost"": 24574762.284353994, ""mcse_cost"": 18527.566356019393, ""mean_shortage_days"": 20.762842278203724, ""mean_cost_per_unit"": 19.747748877482007, ""capacity_utilization"": 6223559.9, ""feasible"": false, ""n_runs"": 20, ""eligibility"": ""NO_CONCLUSION""}, {""value"": 0.16, ""strategy_id"": ""S2"", ""mean_fill"": 0.9952326358228596, ""p_meet"": 0.9, ""mean_cost"": 24595713.12775564, ""mcse_cost"": 13563.227466749724, ""mean_shortage_days"": 14.581996166484117, ""mean_cost_per_unit"": 19.640547141826875, ""capacity_utilization"": 6261597.25, ""feasible"": true, ""n_runs"": 20, ""eligibility"": ""NO_CONCLUSION""}, {""value"": 0.22999999999999998, ""strategy_id"": ""S2"", ""mean_fill"": 0.9897935538506225, ""p_meet"": 0.8, ""mean_cost"": 24571076.365813833, ""mcse_cost"": 20854.886766585223, ""mean_shortage_days"": 19.972734118291346, ""mean_cost_per_unit"": 19.73164957600347, ""capacity_utilization"": 6227351.8, ""feasible"": false, ""n_runs"": 20, ""eligibility"": ""NO_CONCLUSION""}, {""value"": 0.195, ""strategy_id"": ""S2"", ""mean_fill"": 0.994738874266058, ""p_meet"": 0.9, ""mean_cost"": 24591171.480881836, ""mcse_cost"": 14777.33539859344, ""mean_shortage_days"": 15.052060514786415, ""mean_cost_per_unit"": 19.646999551329323, ""capacity_utilization"": 6258259.1, ""feasible"": true, ""n_runs"": 20, ""eligibility"": ""NO_CONCLUSION""}, {""value"": 0.2125, ""strategy_id"": ""S2"", ""mean_fill"": 0.9897415243604488, ""p_meet"": 0.8, ""mean_cost"": 24570470.884563945, ""mcse_cost"": 21184.519085342516, ""mean_shortage_days"": 19.482667031763416, ""mean_cost_per_unit"": 19.732192026759343, ""capacity_utilization"": 6227029.0, ""feasible"": false, ""n_runs"": 20, ""eligibility"": ""NO_CONCLUSION""}, {""value"": 0.20375, ""strategy_id"": ""S2"", ""mean_fill"": 0.9911509693896162, ""p_meet"": 0.85, ""mean_cost"": 24580144.22887864, ""mcse_cost"": 18857.102964539463, ""mean_shortage_days"": 18.372515060240964, ""mean_cost_per_unit"": 19.712422371007392, ""capacity_utilization"": 6235411.0, ""feasible"": false, ""n_runs"": 20, ""eligibility"": ""NO_CONCLUSION""}]",bisection over 5 steps on 20 paired runs,0.195,0.20375
S2,sodium_bicarbonate_8_4_50ml,supplier_concentration,global.supplier_disruptions_per_supplier_year,0.05,0.2,0.6,True,True,,feasible_everywhere,"[{""value"": 0.05, ""strategy_id"": ""S2"", ""mean_fill"": 0.9954282054777807, ""p_meet"": 0.95, ""mean_cost"": 24604177.328807898, ""mcse_cost"": 14851.412600666434, ""mean_shortage_days"": 12.671734665936475, ""mean_cost_per_unit"": 19.643964162215457, ""capacity_utilization"": 6262742.35, ""feasible"": true, ""n_runs"": 20, ""eligibility"": ""NO_CONCLUSION""}, {""value"": 0.6, ""strategy_id"": ""S2"", ""mean_fill"": 0.9949397643672967, ""p_meet"": 0.95, ""mean_cost"": 24600055.314424284, ""mcse_cost"": 14655.20704452237, ""mean_shortage_days"": 14.291956462212488, ""mean_cost_per_unit"": 19.650365788368426, ""capacity_utilization"": 6259692.8, ""feasible"": true, ""n_runs"": 20, ""eligibility"": ""NO_CONCLUSION""}]",feasibility does not change between 0.05 and 0.6; no threshold inside the recorded range,,
S2,sodium_bicarbonate_8_4_50ml,commissioning_days,global.node_commissioning_days,365.0,730.0,1095.0,True,True,,feasible_everywhere,"[{""value"": 365.0, ""strategy_id"": ""S2"", ""mean_fill"": 0.9953203937428631, ""p_meet"": 0.95, ""mean_cost"": 24605369.306537703, ""mcse_cost"": 15217.777292104245, ""mean_shortage_days"": 13.031783953997811, ""mean_cost_per_unit"": 19.646961248997634, ""capacity_utilization"": 6262042.75, ""feasible"": true, ""n_runs"": 20, ""eligibility"": ""NO_CONCLUSION""}, {""value"": 1095.0, ""strategy_id"": ""S2"", ""mean_fill"": 0.9953203937428631, ""p_meet"": 0.95, ""mean_cost"": 24605369.306537703, ""mcse_cost"": 15217.777292104245, ""mean_shortage_days"": 13.031783953997811, ""mean_cost_per_unit"": 19.646961248997634, ""capacity_utilization"": 6262042.75, ""feasible"": true, ""n_runs"": 20, ""eligibility"": ""NO_CONCLUSION""}]",feasibility does not change between 365.0 and 1095.0; no threshold inside the recorded range,,
S2,sodium_bicarbonate_8_4_50ml,activation_latency_days,global.reserved_capacity_activation_days,7.0,21.0,60.0,True,True,,feasible_everywhere,"[{""value"": 7.0, ""strategy_id"": ""S2"", ""mean_fill"": 0.9953203937428631, ""p_meet"": 0.95, ""mean_cost"": 24605369.306537703, ""mcse_cost"": 15217.777292104245, ""mean_shortage_days"": 13.031783953997811, ""mean_cost_per_unit"": 19.646961248997634, ""capacity_utilization"": 6262042.75, ""feasible"": true, ""n_runs"": 20, ""eligibility"": ""NO_CONCLUSION""}, {""value"": 60.0, ""strategy_id"": ""S2"", ""mean_fill"": 0.9953203937428631, ""p_meet"": 0.95, ""mean_cost"": 24605369.306537703, ""mcse_cost"": 15217.777292104245, ""mean_shortage_days"": 13.031783953997811, ""mean_cost_per_unit"": 19.646961248997634, ""capacity_utilization"": 6262042.75, ""feasible"": true, ""n_runs"": 20, ""eligibility"": ""NO_CONCLUSION""}]",feasibility does not change between 7.0 and 60.0; no threshold inside the recorded range,,
S2,sodium_bicarbonate_8_4_50ml,node_capital,product.capital_usd_per_site,15000000.0,40000000.0,100000000.0,True,True,,feasible_everywhere,"[{""value"": 15000000.0, ""strategy_id"": ""S2"", ""mean_fill"": 0.9953203937428631, ""p_meet"": 0.95, ""mean_cost"": 16714717.565690076, ""mcse_cost"": 15217.777292104283, ""mean_shortage_days"": 13.031783953997811, ""mean_cost_per_unit"": 13.34621685911616, ""capacity_utilization"": 6262042.75, ""feasible"": true, ""n_runs"": 20, ""eligibility"": ""NO_CONCLUSION""}, {""value"": 100000000.0, ""strategy_id"": ""S2"", ""mean_fill"": 0.9953203937428631, ""p_meet"": 0.95, ""mean_cost"": 43542933.484569825, ""mcse_cost"": 15217.77729210411, ""mean_shortage_days"": 13.031783953997811, ""mean_cost_per_unit"": 34.76874778471144, ""capacity_utilization"": 6262042.75, ""feasible"": true, ""n_runs"": 20, ""eligibility"": ""NO_CONCLUSION""}]",feasibility does not change between 15000000.0 and 100000000.0; no threshold inside the recorded range,,
S2,sodium_bicarbonate_8_4_50ml,batches_per_site_year,product.batches_per_site_year_nominal,30.0,45.0,70.0,False,True,50.625,feasible_above,"[{""value"": 30.0, ""strategy_id"": ""S2"", ""mean_fill"": 0.8685657803841329, ""p_meet"": 0.0, ""mean_cost"": 24120799.277424738, ""mcse_cost"": 25125.774182287445, ""mean_shortage_days"": 242.93325575027384, ""mean_cost_per_unit"": 22.11224821820637, ""capacity_utilization"": 5463036.7, ""feasible"": false, ""n_runs"": 20, ""eligibility"": ""NO_CONCLUSION""}, {""value"": 70.0, ""strategy_id"": ""S2"", ""mean_fill"": 0.9991833525017529, ""p_meet"": 1.0, ""mean_cost"": 24701849.143729396, ""mcse_cost"": 15273.161612408256, ""mean_shortage_days"": 2.8303874589266154, ""mean_cost_per_unit"": 19.663299829830876, ""capacity_utilization"": 6281374.45, ""feasible"": true, ""n_runs"": 20, ""eligibility"": ""NO_CONCLUSION""}, {""value"": 50.0, ""strategy_id"": ""S2"", ""mean_fill"": 0.9958161244199604, ""p_meet"": 0.85, ""mean_cost"": 24642075.530654088, ""mcse_cost"": 14110.427523302658, ""mean_shortage_days"": 11.111521084337351, ""mean_cost_per_unit"": 19.66947963470134, ""capacity_utilization"": 6264213.85, ""feasible"": false, ""n_runs"": 20, ""eligibility"": ""NO_CONCLUSION""}, {""value"": 60.0, ""strategy_id"": ""S2"", ""mean_fill"": 0.9981156666190758, ""p_meet"": 1.0, ""mean_cost"": 24680786.176093616, ""mcse_cost"": 15916.689942195642, ""mean_shortage_days"": 6.850937842278204, ""mean_cost_per_unit"": 19.665429519518856, ""capacity_utilization"": 6275282.7, ""feasible"": true, ""n_runs"": 20, ""eligibility"": ""NO_CONCLUSION""}, {""value"": 55.0, ""strategy_id"": ""S2"", ""mean_fill"": 0.9977632370363336, ""p_meet"": 0.95, ""mean_cost"": 24676934.100693565, ""mcse_cost"": 17134.234332516284, ""mean_shortage_days"": 7.19098439211391, ""mean_cost_per_unit"": 19.66487488336309, ""capacity_utilization"": 6274518.25, ""feasible"": true, ""n_runs"": 20, ""eligibility"": ""NO_CONCLUSION""}, {""value"": 52.5, ""strategy_id"": ""S2"", ""mean_fill"": 0.996288055556035, ""p_meet"": 0.9, ""mean_cost"": 24644214.21738914, ""mcse_cost"": 16063.7267281791, ""mean_shortage_days"": 10.021371851040527, ""mean_cost_per_unit"": 19.658008657033182, ""capacity_utilization"": 6268536.9, ""feasible"": true, ""n_runs"": 20, ""eligibility"": ""NO_CONCLUSION""}, {""value"": 51.25, ""strategy_id"": ""S2"", ""mean_fill"": 0.9958566346745522, ""p_meet"": 0.9, ""mean_cost"": 24645022.3701534, ""mcse_cost"": 15907.707469612491, ""mean_shortage_days"": 10.471433461117197, ""mean_cost_per_unit"": 19.667231485621393, ""capacity_utilization"": 6265774.1, ""feasible"": true, ""n_runs"": 20, ""eligibility"": ""NO_CONCLUSION""}]",bisection over 5 steps on 20 paired runs,50.0,51.25
S2,sodium_bicarbonate_8_4_50ml,changeover_burden,product.changeover_days,1.0,3.0,10.0,True,False,7.609375,feasible_below,"[{""value"": 1.0, ""strategy_id"": ""S2"", ""mean_fill"": 0.995388632483829, ""p_meet"": 0.95, ""mean_cost"": 24617073.50677892, ""mcse_cost"": 14668.714016764428, ""mean_shortage_days"": 13.421837349397592, ""mean_cost_per_unit"": 19.65598260947457, ""capacity_utilization"": 6262120.4, ""feasible"": true, ""n_runs"": 20, ""eligibility"": ""NO_CONCLUSION""}, {""value"": 10.0, ""strategy_id"": ""S2"", ""mean_fill"": 0.9752603745551565, ""p_meet"": 0.3, ""mean_cost"": 24438434.9006299, ""mcse_cost"": 17648.435567194927, ""mean_shortage_days"": 62.84860350492879, ""mean_cost_per_unit"": 19.91851021929469, ""capacity_utilization"": 6136466.35, ""feasible"": false, ""n_runs"": 20, ""eligibility"": ""NO_CONCLUSION""}, {""value"": 5.5, ""strategy_id"": ""S2"", ""mean_fill"": 0.9950081644504707, ""p_meet"": 0.95, ""mean_cost"": 24600184.095205434, ""mcse_cost"": 14465.187260528837, ""mean_shortage_days"": 13.391833242059144, ""mean_cost_per_unit"": 19.650626773509366, ""capacity_utilization"": 6259686.7, ""feasible"": true, ""n_runs"": 20, ""eligibility"": ""NO_CONCLUSION""}, {""value"": 7.75, ""strategy_id"": ""S2"", ""mean_fill"": 0.9926108181644355, ""p_meet"": 0.8, ""mean_cost"": 24558377.444198363, ""mcse_cost"": 13378.523883970063, ""mean_shortage_days"": 19.252635542168676, ""mean_cost_per_unit"": 19.666438552015098, ""capacity_utilization"": 6243797.7, ""feasible"": false, ""n_runs"": 20, ""eligibility"": ""NO_CONCLUSION""}, {""value"": 6.625, ""strategy_id"": ""S2"", ""mean_fill"": 0.9939630312267168, ""p_meet"": 0.9, ""mean_cost"": 24598923.964232136, ""mcse_cost"": 14857.210342388578, ""mean_shortage_days"": 14.131934556407447, ""mean_cost_per_unit"": 19.671119965671167, ""capacity_utilization"": 6252777.05, ""feasible"": true, ""n_runs"": 20, ""eligibility"": ""NO_CONCLUSION""}, {""value"": 7.1875, ""strategy_id"": ""S2"", ""mean_fill"": 0.9939630312267168, ""p_meet"": 0.9, ""mean_cost"": 24598923.964232136, ""mcse_cost"": 14857.210342388578, ""mean_shortage_days"": 14.131934556407447, ""mean_cost_per_unit"": 19.671119965671167, ""capacity_utilization"": 6252777.05, ""feasible"": true, ""n_runs"": 20, ""eligibility"": ""NO_CONCLUSION""}, {""value"": 7.46875, ""strategy_id"": ""S2"", ""mean_fill"": 0.9939630312267168, ""p_meet"": 0.9, ""mean_cost"": 24598923.964232136, ""mcse_cost"": 14857.210342388578, ""mean_shortage_days"": 14.131934556407447, ""mean_cost_per_unit"": 19.671119965671167, ""capacity_utilization"": 6252777.05, ""feasible"": true, ""n_runs"": 20, ""eligibility"": ""NO_CONCLUSION""}]",bisection over 5 steps on 20 paired runs,7.46875,7.75
S3,sodium_bicarbonate_8_4_50ml,capacity_utilization,product.annual_demand_units,600000.0,1200000.0,2400000.0,False,False,,infeasible_everywhere,"[{""value"": 600000.0, ""strategy_id"": ""S3"", ""mean_fill"": 0.9946247349466135, ""p_meet"": 0.8, ""mean_cost"": 31424198.497066837, ""mcse_cost"": 6766.165826573202, ""mean_shortage_days"": 15.352101588170868, ""mean_cost_per_unit"": 50.27128862889905, ""capacity_utilization"": 3125503.25, ""feasible"": false, ""n_runs"": 20, ""eligibility"": ""NO_CONCLUSION""}, {""value"": 2400000.0, ""strategy_id"": ""S3"", ""mean_fill"": 0.8176326302338884, ""p_meet"": 0.0, ""mean_cost"": 35422241.4764176, ""mcse_cost"": 45666.25616492632, ""mean_shortage_days"": 262.7159638554217, ""mean_cost_per_unit"": 17.24391345195072, ""capacity_utilization"": 10286590.0, ""feasible"": false, ""n_runs"": 20, ""eligibility"": ""NO_CONCLUSION""}]",feasibility does not change between 600000.0 and 2400000.0; no threshold inside the recorded range,,
S3,sodium_bicarbonate_8_4_50ml,fixed_qa_labor_per_node,product.fixed_qa_labor_usd_per_site_year,1500000.0,3000000.0,6000000.0,True,True,,feasible_everywhere,"[{""value"": 1500000.0, ""strategy_id"": ""S3"", ""mean_fill"": 0.9952659572431812, ""p_meet"": 1.0, ""mean_cost"": 27973729.88410353, ""mcse_cost"": 12147.912056693718, ""mean_shortage_days"": 21.33292031763417, ""mean_cost_per_unit"": 22.361139613325914, ""capacity_utilization"": 6255120.35, ""feasible"": true, ""n_runs"": 20, ""eligibility"": ""NO_CONCLUSION""}, {""value"": 6000000.0, ""strategy_id"": ""S3"", ""mean_fill"": 0.9952659572431812, ""p_meet"": 1.0, ""mean_cost"": 43294347.656668164, ""mcse_cost"": 12147.912056693858, ""mean_shortage_days"": 21.33292031763417, ""mean_cost_per_unit"": 34.60812959404375, ""capacity_utilization"": 6255120.35, ""feasible"": true, ""n_runs"": 20, ""eligibility"": ""NO_CONCLUSION""}]",feasibility does not change between 1500000.0 and 6000000.0; no threshold inside the recorded range,,
S3,sodium_bicarbonate_8_4_50ml,release_time,global.sterility_incubation_days,14.0,14.0,18.0,True,False,14.0625,feasible_below,"[{""value"": 14.0, ""strategy_id"": ""S3"", ""mean_fill"": 0.9952659572431812, ""p_meet"": 1.0, ""mean_cost"": 33080602.474958442, ""mcse_cost"": 12147.912056693778, ""mean_shortage_days"": 21.33292031763417, ""mean_cost_per_unit"": 26.443469606898553, ""capacity_utilization"": 6255120.35, ""feasible"": true, ""n_runs"": 20, ""eligibility"": ""NO_CONCLUSION""}, {""value"": 18.0, ""strategy_id"": ""S3"", ""mean_fill"": 0.9936058188255116, ""p_meet"": 0.8, ""mean_cost"": 33075550.490779985, ""mcse_cost"": 13686.145755868269, ""mean_shortage_days"": 23.77325438116101, ""mean_cost_per_unit"": 26.4843060115708, ""capacity_utilization"": 6244708.2, ""feasible"": false, ""n_runs"": 20, ""eligibility"": ""NO_CONCLUSION""}, {""value"": 16.0, ""strategy_id"": ""S3"", ""mean_fill"": 0.9936576446576293, ""p_meet"": 0.75, ""mean_cost"": 33084869.424676158, ""mcse_cost"": 13126.703349330804, ""mean_shortage_days"": 23.39320235487404, ""mean_cost_per_unit"": 26.48989549077089, ""capacity_utilization"": 6244893.05, ""feasible"": false, ""n_runs"": 20, ""eligibility"": ""NO_CONCLUSION""}, {""value"": 15.0, ""strategy_id"": ""S3"", ""mean_fill"": 0.9936858917396215, ""p_meet"": 0.75, ""mean_cost"": 33083743.013618875, ""mcse_cost"": 12453.2380770233, ""mean_shortage_days"": 24.33333105147864, ""mean_cost_per_unit"": 26.48823073973616, ""capacity_utilization"": 6245157.65, ""feasible"": false, ""n_runs"": 20, ""eligibility"": ""NO_CONCLUSION""}, {""value"": 14.5, ""strategy_id"": ""S3"", ""mean_fill"": 0.9933459868355762, ""p_meet"": 0.8, ""mean_cost"": 33081323.590983547, ""mcse_cost"": 13058.020208583644, ""mean_shortage_days"": 23.683242059145673, ""mean_cost_per_unit"": 26.493551148779524, ""capacity_utilization"": 6243240.75, ""feasible"": false, ""n_runs"": 20, ""eligibility"": ""NO_CONCLUSION""}, {""value"": 14.25, ""strategy_id"": ""S3"", ""mean_fill"": 0.9929580434540266, ""p_meet"": 0.8, ""mean_cost"": 33072983.68903489, ""mcse_cost"": 10384.175107796556, ""mean_shortage_days"": 24.11330093099671, ""mean_cost_per_unit"": 26.49739102769741, ""capacity_utilization"": 6240562.7, ""feasible"": false, ""n_runs"": 20, ""eligibility"": ""NO_CONCLUSION""}, {""value"": 14.125, ""strategy_id"": ""S3"", ""mean_fill"": 0.9938107250318158, ""p_meet"": 0.85, ""mean_cost"": 33083413.880886562, ""mcse_cost"": 9720.446623015136, ""mean_shortage_days"": 25.023425520262865, ""mean_cost_per_unit"": 26.483515022713597, ""capacity_utilization"": 6245703.9, ""feasible"": false, ""n_runs"": 20, ""eligibility"": ""NO_CONCLUSION""}]",bisection over 5 steps on 20 paired runs,14.0,14.125
S3,sodium_bicarbonate_8_4_50ml,shelf_life,product.shelf_life_months,12.0,24.0,36.0,False,True,15.375,feasible_above,"[{""value"": 12.0, ""strategy_id"": ""S3"", ""mean_fill"": 0.9942026876884595, ""p_meet"": 0.85, ""mean_cost"": 33099663.698829047, ""mcse_cost"": 10215.054571807748, ""mean_shortage_days"": 23.363198247535593, ""mean_cost_per_unit"": 26.486689120053523, ""capacity_utilization"": 6248244.2, ""feasible"": false, ""n_runs"": 20, ""eligibility"": ""NO_CONCLUSION""}, {""value"": 36.0, ""strategy_id"": ""S3"", ""mean_fill"": 0.9952659572431812, ""p_meet"": 1.0, ""mean_cost"": 33080602.474958442, ""mcse_cost"": 12147.912056693778, ""mean_shortage_days"": 21.33292031763417, ""mean_cost_per_unit"": 26.443469606898553, ""capacity_utilization"": 6255120.35, ""feasible"": true, ""n_runs"": 20, ""eligibility"": ""NO_CONCLUSION""}, {""value"": 24.0, ""strategy_id"": ""S3"", ""mean_fill"": 0.9952659572431812, ""p_meet"": 1.0, ""mean_cost"": 33080602.474958442, ""mcse_cost"": 12147.912056693778, ""mean_shortage_days"": 21.33292031763417, ""mean_cost_per_unit"": 26.443469606898553, ""capacity_utilization"": 6255120.35, ""feasible"": true, ""n_runs"": 20, ""eligibility"": ""NO_CONCLUSION""}, {""value"": 18.0, ""strategy_id"": ""S3"", ""mean_fill"": 0.9952659572431812, ""p_meet"": 1.0, ""mean_cost"": 33080602.474958442, ""mcse_cost"": 12147.912056693778, ""mean_shortage_days"": 21.33292031763417, ""mean_cost_per_unit"": 26.443469606898553, ""capacity_utilization"": 6255120.35, ""feasible"": true, ""n_runs"": 20, ""eligibility"": ""NO_CONCLUSION""}, {""value"": 15.0, ""strategy_id"": ""S3"", ""mean_fill"": 0.9945505768098751, ""p_meet"": 0.85, ""mean_cost"": 33076841.500100844, ""mcse_cost"": 13821.42932780065, ""mean_shortage_days"": 22.703107886089814, ""mean_cost_per_unit"": 26.45787117701935, ""capacity_utilization"": 6250819.15, ""feasible"": false, ""n_runs"": 20, ""eligibility"": ""NO_CONCLUSION""}, {""value"": 16.5, ""strategy_id"": ""S3"", ""mean_fill"": 0.9952659572431812, ""p_meet"": 1.0, ""mean_cost"": 33080602.474958442, ""mcse_cost"": 12147.912056693778, ""mean_shortage_days"": 21.33292031763417, ""mean_cost_per_unit"": 26.443469606898553, ""capacity_utilization"": 6255120.35, ""feasible"": true, ""n_runs"": 20, ""eligibility"": ""NO_CONCLUSION""}, {""value"": 15.75, ""strategy_id"": ""S3"", ""mean_fill"": 0.9952659572431812, ""p_meet"": 1.0, ""mean_cost"": 33080602.474958442, ""mcse_cost"": 12147.912056693778, ""mean_shortage_days"": 21.33292031763417, ""mean_cost_per_unit"": 26.443469606898553, ""capacity_utilization"": 6255120.35, ""feasible"": true, ""n_runs"": 20, ""eligibility"": ""NO_CONCLUSION""}]",bisection over 5 steps on 20 paired runs,15.0,15.75
S3,sodium_bicarbonate_8_4_50ml,raw_material_lead_time,product.material_lead_time_days,30.0,90.0,240.0,False,True,151.40625,feasible_above,"[{""value"": 30.0, ""strategy_id"": ""S3"", ""mean_fill"": 0.9915210673917729, ""p_meet"": 0.75, ""mean_cost"": 33060166.834405266, ""mcse_cost"": 10022.50380243113, ""mean_shortage_days"": 25.943551478641844, ""mean_cost_per_unit"": 26.526934228035696, ""capacity_utilization"": 6231242.3, ""feasible"": false, ""n_runs"": 20, ""eligibility"": ""NO_CONCLUSION""}, {""value"": 240.0, ""strategy_id"": ""S3"", ""mean_fill"": 0.9950733315584996, ""p_meet"": 0.9, ""mean_cost"": 33133831.877292998, ""mcse_cost"": 13546.58998999334, ""mean_shortage_days"": 20.6828313253012, ""mean_cost_per_unit"": 26.49103488905984, ""capacity_utilization"": 6253865.65, ""feasible"": true, ""n_runs"": 20, ""eligibility"": ""NO_CONCLUSION""}, {""value"": 135.0, ""strategy_id"": ""S3"", ""mean_fill"": 0.9948275794609375, ""p_meet"": 0.85, ""mean_cost"": 33099529.860132564, ""mcse_cost"": 11749.057704059904, ""mean_shortage_days"": 22.023014786418397, ""mean_cost_per_unit"": 26.470189483813073, ""capacity_utilization"": 6252274.9, ""feasible"": false, ""n_runs"": 20, ""eligibility"": ""NO_CONCLUSION""}, {""value"": 187.5, ""strategy_id"": ""S3"", ""mean_fill"": 0.9958814170773238, ""p_meet"": 1.0, ""mean_cost"": 33115674.101667248, ""mcse_cost"": 11756.479605330138, ""mean_shortage_days"": 19.772706736035047, ""mean_cost_per_unit"": 26.45505915890766, ""capacity_utilization"": 6258965.25, ""feasible"": true, ""n_runs"": 20, ""eligibility"": ""NO_CONCLUSION""}, {""value"": 161.25, ""strategy_id"": ""S3"", ""mean_fill"": 0.9956212276250602, ""p_meet"": 0.95, ""mean_cost"": 33106768.434268575, ""mcse_cost"": 12173.432884478423, ""mean_shortage_days"": 20.852854600219057, ""mean_cost_per_unit"": 26.455046068165085, ""capacity_utilization"": 6257348.9, ""feasible"": true, ""n_runs"": 20, ""eligibility"": ""NO_CONCLUSION""}, {""value"": 148.125, ""strategy_id"": ""S3"", ""mean_fill"": 0.9946737949695008, ""p_meet"": 0.85, ""mean_cost"": 33112343.354177523, ""mcse_cost"": 13537.006727232283, ""mean_shortage_days"": 22.233043537787513, ""mean_cost_per_unit"": 26.485051411307545, ""capacity_utilization"": 6251457.05, ""feasible"": false, ""n_runs"": 20, ""eligibility"": ""NO_CONCLUSION""}, {""value"": 154.6875, ""strategy_id"": ""S3"", ""mean_fill"": 0.9949679700666378, ""p_meet"": 0.95, ""mean_cost"": 33108214.237225216, ""mcse_cost"": 11095.647063226017, ""mean_shortage_days"": 21.862992880613366, ""mean_cost_per_unit"": 26.473737391538254, ""capacity_utilization"": 6253248.05, ""feasible"": true, ""n_runs"": 20, ""eligibility"": ""NO_CONCLUSION""}]",bisection over 5 steps on 20 paired runs,148.125,154.6875
S3,sodium_bicarbonate_8_4_50ml,common_cause_dependence,global.common_cause_events_per_year,0.02,0.1,0.3,False,False,,infeasible_everywhere,"[{""value"": 0.02, ""strategy_id"": ""S3"", ""mean_fill"": 0.9942200163753869, ""p_meet"": 0.8, ""mean_cost"": 33077216.31910906, ""mcse_cost"": 12389.004107267892, ""mean_shortage_days"": 21.462938116100766, ""mean_cost_per_unit"": 26.46856986425894, ""capacity_utilization"": 6248463.1, ""feasible"": false, ""n_runs"": 20, ""eligibility"": ""NO_CONCLUSION""}, {""value"": 0.3, ""strategy_id"": ""S3"", ""mean_fill"": 0.9917040496320032, ""p_meet"": 0.75, ""mean_cost"": 33066974.488203764, ""mcse_cost"": 10233.85467257971, ""mean_shortage_days"": 27.03370071193866, ""mean_cost_per_unit"": 26.52669476426102, ""capacity_utilization"": 6232445.1, ""feasible"": false, ""n_runs"": 20, ""eligibility"": ""NO_CONCLUSION""}]",feasibility does not change between 0.02 and 0.3; no threshold inside the recorded range,,
S3,sodium_bicarbonate_8_4_50ml,supplier_concentration,global.supplier_disruptions_per_supplier_year,0.05,0.2,0.6,True,False,0.31640625,feasible_below,"[{""value"": 0.05, ""strategy_id"": ""S3"", ""mean_fill"": 0.9957450212500858, ""p_meet"": 0.95, ""mean_cost"": 33084199.279379487, ""mcse_cost"": 12836.594205563342, ""mean_shortage_days"": 19.83271495071194, ""mean_cost_per_unit"": 26.4339759357645, ""capacity_utilization"": 6258220.95, ""feasible"": true, ""n_runs"": 20, ""eligibility"": ""NO_CONCLUSION""}, {""value"": 0.6, ""strategy_id"": ""S3"", ""mean_fill"": 0.9929097237120483, ""p_meet"": 0.75, ""mean_cost"": 33077069.914809197, ""mcse_cost"": 12507.01201162244, ""mean_shortage_days"": 25.133440580503834, ""mean_cost_per_unit"": 26.503774998800033, ""capacity_utilization"": 6240278.5, ""feasible"": false, ""n_runs"": 20, ""eligibility"": ""NO_CONCLUSION""}, {""value"": 0.325, ""strategy_id"": ""S3"", ""mean_fill"": 0.9930226233840426, ""p_meet"": 0.85, ""mean_cost"": 33073018.07447716, ""mcse_cost"": 10747.61865515363, ""mean_shortage_days"": 23.723247535596933, ""mean_cost_per_unit"": 26.496580231604035, ""capacity_utilization"": 6240668.55, ""feasible"": false, ""n_runs"": 20, ""eligibility"": ""NO_CONCLUSION""}, {""value"": 0.1875, ""strategy_id"": ""S3"", ""mean_fill"": 0.9943685413828351, ""p_meet"": 0.9, ""mean_cost"": 33080166.448009335, ""mcse_cost"": 10731.061719314815, ""mean_shortage_days"": 22.153032584884993, ""mean_cost_per_unit"": 26.46662341697139, ""capacity_utilization"": 6249255.45, ""feasible"": true, ""n_runs"": 20, ""eligibility"": ""NO_CONCLUSION""}, {""value"": 0.25625, ""strategy_id"": ""S3"", ""mean_fill"": 0.9939501061425444, ""p_meet"": 0.9, ""mean_cost"": 33077586.826171357, ""mcse_cost"": 11495.235396018934, ""mean_shortage_days"": 22.283050383351586, ""mean_cost_per_unit"": 26.475846920256068, ""capacity_utilization"": 6246578.9, ""feasible"": true, ""n_runs"": 20, ""eligibility"": ""NO_CONCLUSION""}, {""value"": 0.290625, ""strategy_id"": ""S3"", ""mean_fill"": 0.9934868337054159, ""p_meet"": 0.9, ""mean_cost"": 33078559.502939723, ""mcse_cost"": 10784.828753058047, ""mean_shortage_days"": 22.793120208105144, ""mean_cost_per_unit"": 26.488730500903387, ""capacity_utilization"": 6243603.55, ""feasible"": true, ""n_runs"": 20, ""eligibility"": ""NO_CONCLUSION""}, {""value"": 0.30781250000000004, ""strategy_id"": ""S3"", ""mean_fill"": 0.9933905191498107, ""p_meet"": 0.9, ""mean_cost"": 33081563.937143974, ""mcse_cost"": 10675.922547682063, ""mean_shortage_days"": 23.123165388828042, ""mean_cost_per_unit"": 26.493690434851807, ""capacity_utilization"": 6242994.25, ""feasible"": true, ""n_runs"": 20, ""eligibility"": ""NO_CONCLUSION""}]",bisection over 5 steps on 20 paired runs,0.30781250000000004,0.325
S3,sodium_bicarbonate_8_4_50ml,commissioning_days,global.node_commissioning_days,365.0,730.0,1095.0,True,True,,feasible_everywhere,"[{""value"": 365.0, ""strategy_id"": ""S3"", ""mean_fill"": 0.9952659572431812, ""p_meet"": 1.0, ""mean_cost"": 33080602.474958442, ""mcse_cost"": 12147.912056693778, ""mean_shortage_days"": 21.33292031763417, ""mean_cost_per_unit"": 26.443469606898553, ""capacity_utilization"": 6255120.35, ""feasible"": true, ""n_runs"": 20, ""eligibility"": ""NO_CONCLUSION""}, {""value"": 1095.0, ""strategy_id"": ""S3"", ""mean_fill"": 0.9952659572431812, ""p_meet"": 1.0, ""mean_cost"": 33080602.474958442, ""mcse_cost"": 12147.912056693778, ""mean_shortage_days"": 21.33292031763417, ""mean_cost_per_unit"": 26.443469606898553, ""capacity_utilization"": 6255120.35, ""feasible"": true, ""n_runs"": 20, ""eligibility"": ""NO_CONCLUSION""}]",feasibility does not change between 365.0 and 1095.0; no threshold inside the recorded range,,
S3,sodium_bicarbonate_8_4_50ml,activation_latency_days,global.reserved_capacity_activation_days,7.0,21.0,60.0,True,False,21.078125,feasible_below,"[{""value"": 7.0, ""strategy_id"": ""S3"", ""mean_fill"": 0.9970878370045464, ""p_meet"": 1.0, ""mean_cost"": 33099443.08325397, ""mcse_cost"": 11632.211634798814, ""mean_shortage_days"": 16.892312431544358, ""mean_cost_per_unit"": 26.408993329968617, ""capacity_utilization"": 6266717.95, ""feasible"": true, ""n_runs"": 20, ""eligibility"": ""NO_CONCLUSION""}, {""value"": 60.0, ""strategy_id"": ""S3"", ""mean_fill"": 0.9894307186350899, ""p_meet"": 0.7, ""mean_cost"": 33039601.721687336, ""mcse_cost"": 11388.849522092994, ""mean_shortage_days"": 30.864225082146767, ""mean_cost_per_unit"": 26.566178643222013, ""capacity_utilization"": 6218174.8, ""feasible"": false, ""n_runs"": 20, ""eligibility"": ""NO_CONCLUSION""}, {""value"": 33.5, ""strategy_id"": ""S3"", ""mean_fill"": 0.9919463754982548, ""p_meet"": 0.65, ""mean_cost"": 33067592.19891166, ""mcse_cost"": 10036.439635166966, ""mean_shortage_days"": 25.23345427163198, ""mean_cost_per_unit"": 26.521596938474897, ""capacity_utilization"": 6233814.3, ""feasible"": false, ""n_runs"": 20, ""eligibility"": ""NO_CONCLUSION""}, {""value"": 20.25, ""strategy_id"": ""S3"", ""mean_fill"": 0.9954830268577034, ""p_meet"": 0.95, ""mean_cost"": 33085345.241664518, ""mcse_cost"": 12218.686094295575, ""mean_shortage_days"": 20.73283817086528, ""mean_cost_per_unit"": 26.439293040732615, ""capacity_utilization"": 6256728.8, ""feasible"": true, ""n_runs"": 20, ""eligibility"": ""NO_CONCLUSION""}, {""value"": 26.875, ""strategy_id"": ""S3"", ""mean_fill"": 0.993117260538963, ""p_meet"": 0.8, ""mean_cost"": 33067887.15347305, ""mcse_cost"": 10287.704841814326, ""mean_shortage_days"": 25.033426889375683, ""mean_cost_per_unit"": 26.490552880339198, ""capacity_utilization"": 6241445.8, ""feasible"": false, ""n_runs"": 20, ""eligibility"": ""NO_CONCLUSION""}, {""value"": 23.5625, ""strategy_id"": ""S3"", ""mean_fill"": 0.9934117573478052, ""p_meet"": 0.85, ""mean_cost"": 33078962.216709923, ""mcse_cost"": 9561.28218455296, ""mean_shortage_days"": 23.26318455640745, ""mean_cost_per_unit"": 26.490044025951818, ""capacity_utilization"": 6243394.0, ""feasible"": false, ""n_runs"": 20, ""eligibility"": ""NO_CONCLUSION""}, {""value"": 21.90625, ""strategy_id"": ""S3"", ""mean_fill"": 0.9944031316132799, ""p_meet"": 0.85, ""mean_cost"": 33088758.793043565, ""mcse_cost"": 10377.099774725019, ""mean_shortage_days"": 21.432934008762324, ""mean_cost_per_unit"": 26.472345820346355, ""capacity_utilization"": 6249385.25, ""feasible"": false, ""n_runs"": 20, ""eligibility"": ""NO_CONCLUSION""}]",bisection over 5 steps on 20 paired runs,20.25,21.90625
S3,sodium_bicarbonate_8_4_50ml,node_capital,product.capital_usd_per_site,15000000.0,40000000.0,100000000.0,True,True,,feasible_everywhere,"[{""value"": 15000000.0, ""strategy_id"": ""S3"", ""mean_fill"": 0.9952659572431812, ""p_meet"": 1.0, ""mean_cost"": 22127363.46479469, ""mcse_cost"": 12147.912056693676, ""mean_shortage_days"": 21.33292031763417, ""mean_cost_per_unit"": 17.687673306432014, ""capacity_utilization"": 6255120.35, ""feasible"": true, ""n_runs"": 20, ""eligibility"": ""NO_CONCLUSION""}, {""value"": 100000000.0, ""strategy_id"": ""S3"", ""mean_fill"": 0.9952659572431812, ""p_meet"": 1.0, ""mean_cost"": 59368376.09935103, ""mcse_cost"": 12147.91205669371, ""mean_shortage_days"": 21.33292031763417, ""mean_cost_per_unit"": 47.45738072801793, ""capacity_utilization"": 6255120.35, ""feasible"": true, ""n_runs"": 20, ""eligibility"": ""NO_CONCLUSION""}]",feasibility does not change between 15000000.0 and 100000000.0; no threshold inside the recorded range,,
S3,sodium_bicarbonate_8_4_50ml,batches_per_site_year,product.batches_per_site_year_nominal,30.0,45.0,70.0,False,True,55.625,feasible_above,"[{""value"": 30.0, ""strategy_id"": ""S3"", ""mean_fill"": 0.9864427282362136, ""p_meet"": 0.6, ""mean_cost"": 33029629.98594452, ""mcse_cost"": 11274.276322506801, ""mean_shortage_days"": 42.92587623220153, ""mean_cost_per_unit"": 26.64008553112425, ""capacity_utilization"": 6199621.95, ""feasible"": false, ""n_runs"": 20, ""eligibility"": ""NO_CONCLUSION""}, {""value"": 70.0, ""strategy_id"": ""S3"", ""mean_fill"": 0.9947450362316497, ""p_meet"": 0.9, ""mean_cost"": 33087715.839449316, ""mcse_cost"": 12067.501703259699, ""mean_shortage_days"": 20.972871029572833, ""mean_cost_per_unit"": 26.462837759574967, ""capacity_utilization"": 6251747.05, ""feasible"": true, ""n_runs"": 20, ""eligibility"": ""NO_CONCLUSION""}, {""value"": 50.0, ""strategy_id"": ""S3"", ""mean_fill"": 0.9944812306621147, ""p_meet"": 0.85, ""mean_cost"": 33078501.707970995, ""mcse_cost"": 11761.324492832842, ""mean_shortage_days"": 22.2230421686747, ""mean_cost_per_unit"": 26.462847291910236, ""capacity_utilization"": 6250216.2, ""feasible"": false, ""n_runs"": 20, ""eligibility"": ""NO_CONCLUSION""}, {""value"": 60.0, ""strategy_id"": ""S3"", ""mean_fill"": 0.9954770600018895, ""p_meet"": 0.95, ""mean_cost"": 33089089.9002421, ""mcse_cost"": 11650.303547633146, ""mean_shortage_days"": 20.51280805038335, ""mean_cost_per_unit"": 26.44402868413936, ""capacity_utilization"": 6256333.05, ""feasible"": true, ""n_runs"": 20, ""eligibility"": ""NO_CONCLUSION""}, {""value"": 55.0, ""strategy_id"": ""S3"", ""mean_fill"": 0.9957442143297166, ""p_meet"": 0.85, ""mean_cost"": 33091358.442086704, ""mcse_cost"": 13010.628130410712, ""mean_shortage_days"": 17.802437020810512, ""mean_cost_per_unit"": 26.438825984302053, ""capacity_utilization"": 6257977.8, ""feasible"": false, ""n_runs"": 20, ""eligibility"": ""NO_CONCLUSION""}, {""value"": 57.5, ""strategy_id"": ""S3"", ""mean_fill"": 0.9961536610759657, ""p_meet"": 0.95, ""mean_cost"": 33099466.915064562, ""mcse_cost"": 11559.569338535293, ""mean_shortage_days"": 19.492668400876234, ""mean_cost_per_unit"": 26.434720417349467, ""capacity_utilization"": 6260585.1, ""feasible"": true, ""n_runs"": 20, ""eligibility"": ""NO_CONCLUSION""}, {""value"": 56.25, ""strategy_id"": ""S3"", ""mean_fill"": 0.9967862329407735, ""p_meet"": 0.95, ""mean_cost"": 33095968.67740071, ""mcse_cost"": 12074.296421668547, ""mean_shortage_days"": 17.94245618838992, ""mean_cost_per_unit"": 26.415017857257606, ""capacity_utilization"": 6264549.05, ""feasible"": true, ""n_runs"": 20, ""eligibility"": ""NO_CONCLUSION""}]",bisection over 5 steps on 20 paired runs,55.0,56.25
S3,sodium_bicarbonate_8_4_50ml,changeover_burden,product.changeover_days,1.0,3.0,10.0,False,False,,infeasible_everywhere,"[{""value"": 1.0, ""strategy_id"": ""S3"", ""mean_fill"": 0.9952859922079901, ""p_meet"": 0.85, ""mean_cost"": 33078903.101013213, ""mcse_cost"": 10704.47860130494, ""mean_shortage_days"": 20.51280805038335, ""mean_cost_per_unit"": 26.441271462131475, ""capacity_utilization"": 6255075.05, ""feasible"": false, ""n_runs"": 20, ""eligibility"": ""NO_CONCLUSION""}, {""value"": 10.0, ""strategy_id"": ""S3"", ""mean_fill"": 0.9763762181664367, ""p_meet"": 0.3, ""mean_cost"": 32968358.150223166, ""mcse_cost"": 12796.735259930121, ""mean_shortage_days"": 84.45156078860899, ""mean_cost_per_unit"": 26.87025271986239, ""capacity_utilization"": 6135505.25, ""feasible"": false, ""n_runs"": 20, ""eligibility"": ""NO_CONCLUSION""}]",feasibility does not change between 1.0 and 10.0; no threshold inside the recorded range,,
S4,sodium_bicarbonate_8_4_50ml,capacity_utilization,product.annual_demand_units,600000.0,1200000.0,2400000.0,True,False,853125.0,feasible_below,"[{""value"": 600000.0, ""strategy_id"": ""S4"", ""mean_fill"": 0.9965502171527578, ""p_meet"": 0.9, ""mean_cost"": 40031454.55002974, ""mcse_cost"": 6304.997466024122, ""mean_shortage_days"": 9.011233570646219, ""mean_cost_per_unit"": 63.91811913734283, ""capacity_utilization"": 3131554.35, ""feasible"": true, ""n_runs"": 20, ""eligibility"": ""NO_CONCLUSION""}, {""value"": 2400000.0, ""strategy_id"": ""S4"", ""mean_fill"": 0.9035633450229683, ""p_meet"": 0.0, ""mean_cost"": 44423485.01403658, ""mcse_cost"": 23979.534323619522, ""mean_shortage_days"": 88.49211391018619, ""mean_cost_per_unit"": 19.530819261121053, ""capacity_utilization"": 11373297.85, ""feasible"": false, ""n_runs"": 20, ""eligibility"": ""NO_CONCLUSION""}, {""value"": 1500000.0, ""strategy_id"": ""S4"", ""mean_fill"": 0.9840372086150732, ""p_meet"": 0.55, ""mean_cost"": 42565546.204320244, ""mcse_cost"": 23455.406989345585, ""mean_shortage_days"": 46.65638691128149, ""mean_cost_per_unit"": 27.52886136860378, ""capacity_utilization"": 7732456.3, ""feasible"": false, ""n_runs"": 20, ""eligibility"": ""NO_CONCLUSION""}, {""value"": 1050000.0, ""strategy_id"": ""S4"", ""mean_fill"": 0.9943124157517481, ""p_meet"": 0.85, ""mean_cost"": 41316771.99213357, ""mcse_cost"": 12562.148611106883, ""mean_shortage_days"": 19.742702628696605, ""mean_cost_per_unit"": 37.777302712443046, ""capacity_utilization"": 5468768.7, ""feasible"": false, ""n_runs"": 20, ""eligibility"": ""NO_CONCLUSION""}, {""value"": 825000.0, ""strategy_id"": ""S4"", ""mean_fill"": 0.9935423162152064, ""p_meet"": 0.9, ""mean_cost"": 40665414.54453613, ""mcse_cost"": 9167.713084468587, ""mean_shortage_days"": 18.52253559693319, ""mean_cost_per_unit"": 47.3610364670339, ""capacity_utilization"": 4293356.2, ""feasible"": true, ""n_runs"": 20, ""eligibility"": ""NO_CONCLUSION""}, {""value"": 937500.0, ""strategy_id"": ""S4"", ""mean_fill"": 0.9952418394063429, ""p_meet"": 0.8, ""mean_cost"": 41005834.06783417, ""mcse_cost"": 10160.02036909002, ""mean_shortage_days"": 14.612000273822563, ""mean_cost_per_unit"": 41.954079724914116, ""capacity_utilization"": 4887176.2, ""feasible"": false, ""n_runs"": 20, ""eligibility"": ""NO_CONCLUSION""}, {""value"": 881250.0, ""strategy_id"": ""S4"", ""mean_fill"": 0.9949553248198107, ""p_meet"": 0.85, ""mean_cost"": 40844029.210833706, ""mcse_cost"": 8855.157881765206, ""mean_shortage_days"": 13.281818181818181, ""mean_cost_per_unit"": 44.465989202753654, ""capacity_utilization"": 4592913.05, ""feasible"": false, ""n_runs"": 20, ""eligibility"": ""NO_CONCLUSION""}]",bisection over 5 steps on 20 paired runs,825000.0,881250.0
S4,sodium_bicarbonate_8_4_50ml,fixed_qa_labor_per_node,product.fixed_qa_labor_usd_per_site_year,1500000.0,3000000.0,6000000.0,False,False,,infeasible_everywhere,"[{""value"": 1500000.0, ""strategy_id"": ""S4"", ""mean_fill"": 0.994666322775335, ""p_meet"": 0.85, ""mean_cost"": 34892374.55109604, ""mcse_cost"": 14724.39668587947, ""mean_shortage_days"": 16.8523069550931, ""mean_cost_per_unit"": 27.90853910781748, ""capacity_utilization"": 6251503.2, ""feasible"": false, ""n_runs"": 20, ""eligibility"": ""NO_CONCLUSION""}, {""value"": 6000000.0, ""strategy_id"": ""S4"", ""mean_fill"": 0.994666322775335, ""p_meet"": 0.85, ""mean_cost"": 55498066.43429215, ""mcse_cost"": 14724.396685879145, ""mean_shortage_days"": 16.8523069550931, ""mean_cost_per_unit"": 44.39028709301222, ""capacity_utilization"": 6251503.2, ""feasible"": false, ""n_runs"": 20, ""eligibility"": ""NO_CONCLUSION""}]",feasibility does not change between 1500000.0 and 6000000.0; no threshold inside the recorded range,,
S4,sodium_bicarbonate_8_4_50ml,release_time,global.sterility_incubation_days,14.0,14.0,18.0,False,False,,infeasible_everywhere,"[{""value"": 14.0, ""strategy_id"": ""S4"", ""mean_fill"": 0.994666322775335, ""p_meet"": 0.85, ""mean_cost"": 41760938.51216142, ""mcse_cost"": 14724.396685879145, ""mean_shortage_days"": 16.8523069550931, ""mean_cost_per_unit"": 33.4024551028824, ""capacity_utilization"": 6251503.2, ""feasible"": false, ""n_runs"": 20, ""eligibility"": ""NO_CONCLUSION""}, {""value"": 18.0, ""strategy_id"": ""S4"", ""mean_fill"": 0.9940420623655271, ""p_meet"": 0.8, ""mean_cost"": 41743182.08876684, ""mcse_cost"": 13917.982216789631, ""mean_shortage_days"": 22.06302026286966, ""mean_cost_per_unit"": 33.40652975595721, ""capacity_utilization"": 6248018.15, ""feasible"": false, ""n_runs"": 20, ""eligibility"": ""NO_CONCLUSION""}]",feasibility does not change between 14.0 and 18.0; no threshold inside the recorded range,,
S4,sodium_bicarbonate_8_4_50ml,shelf_life,product.shelf_life_months,12.0,24.0,36.0,False,False,,infeasible_everywhere,"[{""value"": 12.0, ""strategy_id"": ""S4"", ""mean_fill"": 0.9939866010921451, ""p_meet"": 0.8, ""mean_cost"": 41774678.511500075, ""mcse_cost"": 15534.308298273116, ""mean_shortage_days"": 17.01232886089814, ""mean_cost_per_unit"": 33.43606333387755, ""capacity_utilization"": 6247307.95, ""feasible"": false, ""n_runs"": 20, ""eligibility"": ""NO_CONCLUSION""}, {""value"": 36.0, ""strategy_id"": ""S4"", ""mean_fill"": 0.994666322775335, ""p_meet"": 0.85, ""mean_cost"": 41760938.51216142, ""mcse_cost"": 14724.396685879145, ""mean_shortage_days"": 16.8523069550931, ""mean_cost_per_unit"": 33.4024551028824, ""capacity_utilization"": 6251503.2, ""feasible"": false, ""n_runs"": 20, ""eligibility"": ""NO_CONCLUSION""}]",feasibility does not change between 12.0 and 36.0; no threshold inside the recorded range,,
S4,sodium_bicarbonate_8_4_50ml,raw_material_lead_time,product.material_lead_time_days,30.0,90.0,240.0,False,False,,infeasible_everywhere,"[{""value"": 30.0, ""strategy_id"": ""S4"", ""mean_fill"": 0.9939967223477304, ""p_meet"": 0.8, ""mean_cost"": 41740923.3162187, ""mcse_cost"": 13748.176817694322, ""mean_shortage_days"": 17.882447973713035, ""mean_cost_per_unit"": 33.408584555634086, ""capacity_utilization"": 6247313.9, ""feasible"": false, ""n_runs"": 20, ""eligibility"": ""NO_CONCLUSION""}, {""value"": 240.0, ""strategy_id"": ""S4"", ""mean_fill"": 0.9918978957296334, ""p_meet"": 0.7, ""mean_cost"": 41796930.58846539, ""mcse_cost"": 11985.214637679457, ""mean_shortage_days"": 19.11261637458927, ""mean_cost_per_unit"": 33.52442545958968, ""capacity_utilization"": 6233643.6, ""feasible"": false, ""n_runs"": 20, ""eligibility"": ""NO_CONCLUSION""}]",feasibility does not change between 30.0 and 240.0; no threshold inside the recorded range,,
S4,sodium_bicarbonate_8_4_50ml,common_cause_dependence,global.common_cause_events_per_year,0.02,0.1,0.3,False,False,,infeasible_everywhere,"[{""value"": 0.02, ""strategy_id"": ""S4"", ""mean_fill"": 0.9949772578094354, ""p_meet"": 0.85, ""mean_cost"": 41759799.518652745, ""mcse_cost"": 14223.160952846622, ""mean_shortage_days"": 16.362239868565172, ""mean_cost_per_unit"": 33.39079322884326, ""capacity_utilization"": 6253447.5, ""feasible"": false, ""n_runs"": 20, ""eligibility"": ""NO_CONCLUSION""}, {""value"": 0.3, ""strategy_id"": ""S4"", ""mean_fill"": 0.9881030994096122, ""p_meet"": 0.7, ""mean_cost"": 41729718.385998935, ""mcse_cost"": 13395.565538400377, ""mean_shortage_days"": 22.23304353778751, ""mean_cost_per_unit"": 33.60272542960478, ""capacity_utilization"": 6209618.3, ""feasible"": false, ""n_runs"": 20, ""eligibility"": ""NO_CONCLUSION""}]",feasibility does not change between 0.02 and 0.3; no threshold inside the recorded range,,
S4,sodium_bicarbonate_8_4_50ml,supplier_concentration,global.supplier_disruptions_per_supplier_year,0.05,0.2,0.6,True,False,0.16171875000000002,feasible_below,"[{""value"": 0.05, ""strategy_id"": ""S4"", ""mean_fill"": 0.9959569930344966, ""p_meet"": 0.9, ""mean_cost"": 41765446.881433204, ""mcse_cost"": 14365.89242713316, ""mean_shortage_days"": 15.882174151150053, ""mean_cost_per_unit"": 33.36260949162489, ""capacity_utilization"": 6259713.95, ""feasible"": true, ""n_runs"": 20, ""eligibility"": ""NO_CONCLUSION""}, {""value"": 0.6, ""strategy_id"": ""S4"", ""mean_fill"": 0.9917836793987018, ""p_meet"": 0.75, ""mean_cost"": 41751389.1653369, ""mcse_cost"": 15997.68309930591, ""mean_shortage_days"": 20.072747809419496, ""mean_cost_per_unit"": 33.493869254639954, ""capacity_utilization"": 6233566.15, ""feasible"": false, ""n_runs"": 20, ""eligibility"": ""NO_CONCLUSION""}, {""value"": 0.325, ""strategy_id"": ""S4"", ""mean_fill"": 0.9936193081505685, ""p_meet"": 0.75, ""mean_cost"": 41757637.189500526, ""mcse_cost"": 15730.704036792275, ""mean_shortage_days"": 18.312506845564076, ""mean_cost_per_unit"": 33.43552610964316, ""capacity_utilization"": 6245042.7, ""feasible"": false, ""n_runs"": 20, ""eligibility"": ""NO_CONCLUSION""}, {""value"": 0.1875, ""strategy_id"": ""S4"", ""mean_fill"": 0.994688434752829, ""p_meet"": 0.85, ""mean_cost"": 41760526.05874425, ""mcse_cost"": 14483.480759206384, ""mean_shortage_days"": 17.092339813800656, ""mean_cost_per_unit"": 33.40143061308876, ""capacity_utilization"": 6251648.2, ""feasible"": false, ""n_runs"": 20, ""eligibility"": ""NO_CONCLUSION""}, {""value"": 0.11875, ""strategy_id"": ""S4"", ""mean_fill"": 0.9959569930344966, ""p_meet"": 0.9, ""mean_cost"": 41764479.65872257, ""mcse_cost"": 14568.71586777517, ""mean_shortage_days"": 15.822165936473164, ""mean_cost_per_unit"": 33.36183417390273, ""capacity_utilization"": 6259713.95, ""feasible"": true, ""n_runs"": 20, ""eligibility"": ""NO_CONCLUSION""}, {""value"": 0.153125, ""strategy_id"": ""S4"", ""mean_fill"": 0.9959594482264805, ""p_meet"": 0.9, ""mean_cost"": 41766054.98064659, ""mcse_cost"": 14658.941287573976, ""mean_shortage_days"": 16.12220700985761, ""mean_cost_per_unit"": 33.36299752578874, ""capacity_utilization"": 6259730.05, ""feasible"": true, ""n_runs"": 20, ""eligibility"": ""NO_CONCLUSION""}, {""value"": 0.1703125, ""strategy_id"": ""S4"", ""mean_fill"": 0.994688434752829, ""p_meet"": 0.85, ""mean_cost"": 41760528.2750108, ""mcse_cost"": 14483.500585964337, ""mean_shortage_days"": 17.092339813800656, ""mean_cost_per_unit"": 33.40143236393312, ""capacity_utilization"": 6251648.2, ""feasible"": false, ""n_runs"": 20, ""eligibility"": ""NO_CONCLUSION""}]",bisection over 5 steps on 20 paired runs,0.153125,0.1703125
S4,sodium_bicarbonate_8_4_50ml,commissioning_days,global.node_commissioning_days,365.0,730.0,1095.0,True,False,695.78125,feasible_below,"[{""value"": 365.0, ""strategy_id"": ""S4"", ""mean_fill"": 0.9996806577267321, ""p_meet"": 1.0, ""mean_cost"": 41778312.25539601, ""mcse_cost"": 13723.633146092272, ""mean_shortage_days"": 2.6203587075575028, ""mean_cost_per_unit"": 33.24734188068359, ""capacity_utilization"": 6283198.75, ""feasible"": true, ""n_runs"": 20, ""eligibility"": ""NO_CONCLUSION""}, {""value"": 1095.0, ""strategy_id"": ""S4"", ""mean_fill"": 0.9872518616290495, ""p_meet"": 0.65, ""mean_cost"": 41732658.524375245, ""mcse_cost"": 14777.877742595705, ""mean_shortage_days"": 34.35470290251917, ""mean_cost_per_unit"": 33.6344244884374, ""capacity_utilization"": 6204652.35, ""feasible"": false, ""n_runs"": 20, ""eligibility"": ""NO_CONCLUSION""}, {""value"": 730.0, ""strategy_id"": ""S4"", ""mean_fill"": 0.994666322775335, ""p_meet"": 0.85, ""mean_cost"": 41760938.51216142, ""mcse_cost"": 14724.396685879145, ""mean_shortage_days"": 16.8523069550931, ""mean_cost_per_unit"": 33.4024551028824, ""capacity_utilization"": 6251503.2, ""feasible"": false, ""n_runs"": 20, ""eligibility"": ""NO_CONCLUSION""}, {""value"": 547.5, ""strategy_id"": ""S4"", ""mean_fill"": 0.9969768729389215, ""p_meet"": 0.9, ""mean_cost"": 41766106.18134854, ""mcse_cost"": 14567.792177767458, ""mean_shortage_days"": 10.701464950711937, ""mean_cost_per_unit"": 33.32814168183948, ""capacity_utilization"": 6266078.4, ""feasible"": true, ""n_runs"": 20, ""eligibility"": ""NO_CONCLUSION""}, {""value"": 638.75, ""strategy_id"": ""S4"", ""mean_fill"": 0.9964073015920214, ""p_meet"": 0.9, ""mean_cost"": 41762019.139856294, ""mcse_cost"": 14219.822543470893, ""mean_shortage_days"": 13.961911281489591, ""mean_cost_per_unit"": 33.34391914836397, ""capacity_utilization"": 6262505.1, ""feasible"": true, ""n_runs"": 20, ""eligibility"": ""NO_CONCLUSION""}, {""value"": 684.375, ""strategy_id"": ""S4"", ""mean_fill"": 0.9961054267465222, ""p_meet"": 0.9, ""mean_cost"": 41760631.59496104, ""mcse_cost"": 14702.011102299359, ""mean_shortage_days"": 15.762157721796275, ""mean_cost_per_unit"": 33.35291555622742, ""capacity_utilization"": 6260610.05, ""feasible"": true, ""n_runs"": 20, ""eligibility"": ""NO_CONCLUSION""}, {""value"": 707.1875, ""strategy_id"": ""S4"", ""mean_fill"": 0.9952030285923612, ""p_meet"": 0.85, ""mean_cost"": 41761657.476667576, ""mcse_cost"": 14228.50673552179, ""mean_shortage_days"": 16.452252190580502, ""mean_cost_per_unit"": 33.38430138058972, ""capacity_utilization"": 6254888.3, ""feasible"": false, ""n_runs"": 20, ""eligibility"": ""NO_CONCLUSION""}]",bisection over 5 steps on 20 paired runs,684.375,707.1875
S4,sodium_bicarbonate_8_4_50ml,activation_latency_days,global.reserved_capacity_activation_days,7.0,21.0,60.0,False,False,,infeasible_everywhere,"[{""value"": 7.0, ""strategy_id"": ""S4"", ""mean_fill"": 0.994666322775335, ""p_meet"": 0.85, ""mean_cost"": 41760938.51216142, ""mcse_cost"": 14724.396685879145, ""mean_shortage_days"": 16.8523069550931, ""mean_cost_per_unit"": 33.4024551028824, ""capacity_utilization"": 6251503.2, ""feasible"": false, ""n_runs"": 20, ""eligibility"": ""NO_CONCLUSION""}, {""value"": 60.0, ""strategy_id"": ""S4"", ""mean_fill"": 0.994666322775335, ""p_meet"": 0.85, ""mean_cost"": 41760938.51216142, ""mcse_cost"": 14724.396685879145, ""mean_shortage_days"": 16.8523069550931, ""mean_cost_per_unit"": 33.4024551028824, ""capacity_utilization"": 6251503.2, ""feasible"": false, ""n_runs"": 20, ""eligibility"": ""NO_CONCLUSION""}]",feasibility does not change between 7.0 and 60.0; no threshold inside the recorded range,,
S4,sodium_bicarbonate_8_4_50ml,node_capital,product.capital_usd_per_site,15000000.0,40000000.0,100000000.0,False,False,,infeasible_everywhere,"[{""value"": 15000000.0, ""strategy_id"": ""S4"", ""mean_fill"": 0.994666322775335, ""p_meet"": 0.85, ""mean_cost"": 27660172.110902645, ""mcse_cost"": 14724.39668587914, ""mean_shortage_days"": 16.8523069550931, ""mean_cost_per_unit"": 22.12376183982461, ""capacity_utilization"": 6251503.2, ""feasible"": false, ""n_runs"": 20, ""eligibility"": ""NO_CONCLUSION""}, {""value"": 100000000.0, ""strategy_id"": ""S4"", ""mean_fill"": 0.994666322775335, ""p_meet"": 0.85, ""mean_cost"": 75602777.87517822, ""mcse_cost"": 14724.396685879296, ""mean_shortage_days"": 16.8523069550931, ""mean_cost_per_unit"": 60.471318934217685, ""capacity_utilization"": 6251503.2, ""feasible"": false, ""n_runs"": 20, ""eligibility"": ""NO_CONCLUSION""}]",feasibility does not change between 15000000.0 and 100000000.0; no threshold inside the recorded range,,
S4,sodium_bicarbonate_8_4_50ml,batches_per_site_year,product.batches_per_site_year_nominal,30.0,45.0,70.0,False,True,59.375,feasible_above,"[{""value"": 30.0, ""strategy_id"": ""S4"", ""mean_fill"": 0.9946041084752189, ""p_meet"": 0.8, ""mean_cost"": 41753813.722041145, ""mcse_cost"": 15067.112940780285, ""mean_shortage_days"": 17.722426067907996, ""mean_cost_per_unit"": 33.396127659698905, ""capacity_utilization"": 6251628.6, ""feasible"": false, ""n_runs"": 20, ""eligibility"": ""NO_CONCLUSION""}, {""value"": 70.0, ""strategy_id"": ""S4"", ""mean_fill"": 0.9951812029018561, ""p_meet"": 0.9, ""mean_cost"": 41760984.93560688, ""mcse_cost"": 13651.022837330662, ""mean_shortage_days"": 15.932180996714129, ""mean_cost_per_unit"": 33.38233304130169, ""capacity_utilization"": 6255181.25, ""feasible"": true, ""n_runs"": 20, ""eligibility"": ""NO_CONCLUSION""}, {""value"": 50.0, ""strategy_id"": ""S4"", ""mean_fill"": 0.9949632836335534, ""p_meet"": 0.85, ""mean_cost"": 41761181.309225544, ""mcse_cost"": 13973.84541698535, ""mean_shortage_days"": 15.822165936473164, ""mean_cost_per_unit"": 33.391457183886025, ""capacity_utilization"": 6253566.5, ""feasible"": false, ""n_runs"": 20, ""eligibility"": ""NO_CONCLUSION""}, {""value"": 60.0, ""strategy_id"": ""S4"", ""mean_fill"": 0.9949054027135716, ""p_meet"": 0.9, ""mean_cost"": 41761712.03574333, ""mcse_cost"": 13426.712844651605, ""mean_shortage_days"": 15.862171412924425, ""mean_cost_per_unit"": 33.39478877874593, ""capacity_utilization"": 6252997.9, ""feasible"": true, ""n_runs"": 20, ""eligibility"": ""NO_CONCLUSION""}, {""value"": 55.0, ""strategy_id"": ""S4"", ""mean_fill"": 0.9947950362016899, ""p_meet"": 0.85, ""mean_cost"": 41759226.44650601, ""mcse_cost"": 14277.544893597867, ""mean_shortage_days"": 16.22222070098576, ""mean_cost_per_unit"": 33.396688874767214, ""capacity_utilization"": 6252303.95, ""feasible"": false, ""n_runs"": 20, ""eligibility"": ""NO_CONCLUSION""}, {""value"": 57.5, ""strategy_id"": ""S4"", ""mean_fill"": 0.9947830470691221, ""p_meet"": 0.85, ""mean_cost"": 41759183.36041473, ""mcse_cost"": 14268.071489466982, ""mean_shortage_days"": 16.06219879518072, ""mean_cost_per_unit"": 33.39706760425979, ""capacity_utilization"": 6252227.4, ""feasible"": false, ""n_runs"": 20, ""eligibility"": ""NO_CONCLUSION""}, {""value"": 58.75, ""strategy_id"": ""S4"", ""mean_fill"": 0.9948065925940819, ""p_meet"": 0.85, ""mean_cost"": 41759729.68950646, ""mcse_cost"": 14361.595550422557, ""mean_shortage_days"": 16.14220974808324, ""mean_cost_per_unit"": 33.396537136330934, ""capacity_utilization"": 6252383.5, ""feasible"": false, ""n_runs"": 20, ""eligibility"": ""NO_CONCLUSION""}]",bisection over 5 steps on 20 paired runs,58.75,60.0
S4,sodium_bicarbonate_8_4_50ml,changeover_burden,product.changeover_days,1.0,3.0,10.0,True,False,1.421875,feasible_below,"[{""value"": 1.0, ""strategy_id"": ""S4"", ""mean_fill"": 0.9955912081994592, ""p_meet"": 0.9, ""mean_cost"": 41774076.64470021, ""mcse_cost"": 13440.41260986598, ""mean_shortage_days"": 11.141525191675793, ""mean_cost_per_unit"": 33.38202095427775, ""capacity_utilization"": 6257105.35, ""feasible"": true, ""n_runs"": 20, ""eligibility"": ""NO_CONCLUSION""}, {""value"": 10.0, ""strategy_id"": ""S4"", ""mean_fill"": 0.8891465486515209, ""p_meet"": 0.0, ""mean_cost"": 41277114.46257401, ""mcse_cost"": 9327.092679168712, ""mean_shortage_days"": 106.11452628696604, ""mean_cost_per_unit"": 36.88877318693827, ""capacity_utilization"": 5595190.5, ""feasible"": false, ""n_runs"": 20, ""eligibility"": ""NO_CONCLUSION""}, {""value"": 5.5, ""strategy_id"": ""S4"", ""mean_fill"": 0.9689632490137938, ""p_meet"": 0.0, ""mean_cost"": 41650944.323734894, ""mcse_cost"": 13490.847118537893, ""mean_shortage_days"": 58.89806270536692, ""mean_cost_per_unit"": 34.19131967606006, ""capacity_utilization"": 6091329.25, ""feasible"": false, ""n_runs"": 20, ""eligibility"": ""NO_CONCLUSION""}, {""value"": 3.25, ""strategy_id"": ""S4"", ""mean_fill"": 0.994666322775335, ""p_meet"": 0.85, ""mean_cost"": 41760938.51216142, ""mcse_cost"": 14724.396685879145, ""mean_shortage_days"": 16.8523069550931, ""mean_cost_per_unit"": 33.4024551028824, ""capacity_utilization"": 6251503.2, ""feasible"": false, ""n_runs"": 20, ""eligibility"": ""NO_CONCLUSION""}, {""value"": 2.125, ""strategy_id"": ""S4"", ""mean_fill"": 0.9947953583709414, ""p_meet"": 0.85, ""mean_cost"": 41772592.94187136, ""mcse_cost"": 14102.397040297561, ""mean_shortage_days"": 14.79202491785323, ""mean_cost_per_unit"": 33.40647152615755, ""capacity_utilization"": 6252342.15, ""feasible"": false, ""n_runs"": 20, ""eligibility"": ""NO_CONCLUSION""}, {""value"": 1.5625, ""strategy_id"": ""S4"", ""mean_fill"": 0.9947953583709414, ""p_meet"": 0.85, ""mean_cost"": 41772592.94187136, ""mcse_cost"": 14102.397040297561, ""mean_shortage_days"": 14.79202491785323, ""mean_cost_per_unit"": 33.40647152615755, ""capacity_utilization"": 6252342.15, ""feasible"": false, ""n_runs"": 20, ""eligibility"": ""NO_CONCLUSION""}, {""value"": 1.28125, ""strategy_id"": ""S4"", ""mean_fill"": 0.9955912081994592, ""p_meet"": 0.9, ""mean_cost"": 41774076.64470021, ""mcse_cost"": 13440.41260986598, ""mean_shortage_days"": 11.141525191675793, ""mean_cost_per_unit"": 33.38202095427775, ""capacity_utilization"": 6257105.35, ""feasible"": true, ""n_runs"": 20, ""eligibility"": ""NO_CONCLUSION""}]",bisection over 5 steps on 20 paired runs,1.28125,1.5625
S5,sodium_bicarbonate_8_4_50ml,capacity_utilization,product.annual_demand_units,600000.0,1200000.0,2400000.0,False,False,,infeasible_everywhere,"[{""value"": 600000.0, ""strategy_id"": ""S5"", ""mean_fill"": 0.9939934721595115, ""p_meet"": 0.75, ""mean_cost"": 62568389.214077316, ""mcse_cost"": 8305.225511225855, ""mean_shortage_days"": 7.080969331872946, ""mean_cost_per_unit"": 100.15173885437942, ""capacity_utilization"": 3123894.9, ""feasible"": false, ""n_runs"": 20, ""eligibility"": ""NO_CONCLUSION""}, {""value"": 2400000.0, ""strategy_id"": ""S5"", ""mean_fill"": 0.8663812194130214, ""p_meet"": 0.0, ""mean_cost"": 66723726.894528925, ""mcse_cost"": 22521.050854067882, ""mean_shortage_days"": 71.77982612267252, ""mean_cost_per_unit"": 30.60542877251222, ""capacity_utilization"": 10900958.45, ""feasible"": false, ""n_runs"": 20, ""eligibility"": ""NO_CONCLUSION""}]",feasibility does not change between 600000.0 and 2400000.0; no threshold inside the recorded range,,
S5,sodium_bicarbonate_8_4_50ml,fixed_qa_labor_per_node,product.fixed_qa_labor_usd_per_site_year,1500000.0,3000000.0,6000000.0,False,False,,infeasible_everywhere,"[{""value"": 1500000.0, ""strategy_id"": ""S5"", ""mean_fill"": 0.9357625385751984, ""p_meet"": 0.0, ""mean_cost"": 53866742.80809132, ""mcse_cost"": 16987.597971649957, ""mean_shortage_days"": 67.73927300109528, ""mean_cost_per_unit"": 45.758102556109876, ""capacity_utilization"": 5886088.25, ""feasible"": false, ""n_runs"": 20, ""eligibility"": ""NO_CONCLUSION""}, {""value"": 6000000.0, ""strategy_id"": ""S5"", ""mean_fill"": 0.9357625385751984, ""p_meet"": 0.0, ""mean_cost"": 84709385.22054426, ""mcse_cost"": 16987.59797164989, ""mean_shortage_days"": 67.73927300109528, ""mean_cost_per_unit"": 71.95826852203645, ""capacity_utilization"": 5886088.25, ""feasible"": false, ""n_runs"": 20, ""eligibility"": ""NO_CONCLUSION""}]",feasibility does not change between 1500000.0 and 6000000.0; no threshold inside the recorded range,,
S5,sodium_bicarbonate_8_4_50ml,release_time,global.sterility_incubation_days,14.0,14.0,18.0,False,False,,infeasible_everywhere,"[{""value"": 14.0, ""strategy_id"": ""S5"", ""mean_fill"": 0.9357625385751984, ""p_meet"": 0.0, ""mean_cost"": 64147623.61224232, ""mcse_cost"": 16987.597971649957, ""mean_shortage_days"": 67.73927300109528, ""mean_cost_per_unit"": 54.49149121141873, ""capacity_utilization"": 5886088.25, ""feasible"": false, ""n_runs"": 20, ""eligibility"": ""NO_CONCLUSION""}, {""value"": 18.0, ""strategy_id"": ""S5"", ""mean_fill"": 0.9349671190416148, ""p_meet"": 0.0, ""mean_cost"": 64135132.227044225, ""mcse_cost"": 16952.33454536052, ""mean_shortage_days"": 67.04917853231106, ""mean_cost_per_unit"": 54.49802988160218, ""capacity_utilization"": 5884264.6, ""feasible"": false, ""n_runs"": 20, ""eligibility"": ""NO_CONCLUSION""}]",feasibility does not change between 14.0 and 18.0; no threshold inside the recorded range,,
S5,sodium_bicarbonate_8_4_50ml,shelf_life,product.shelf_life_months,12.0,24.0,36.0,False,False,,infeasible_everywhere,"[{""value"": 12.0, ""strategy_id"": ""S5"", ""mean_fill"": 0.9357625385751984, ""p_meet"": 0.0, ""mean_cost"": 64147623.61224232, ""mcse_cost"": 16987.597971649957, ""mean_shortage_days"": 67.73927300109528, ""mean_cost_per_unit"": 54.49149121141873, ""capacity_utilization"": 5886088.25, ""feasible"": false, ""n_runs"": 20, ""eligibility"": ""NO_CONCLUSION""}, {""value"": 36.0, ""strategy_id"": ""S5"", ""mean_fill"": 0.9357625385751984, ""p_meet"": 0.0, ""mean_cost"": 64147623.61224232, ""mcse_cost"": 16987.597971649957, ""mean_shortage_days"": 67.73927300109528, ""mean_cost_per_unit"": 54.49149121141873, ""capacity_utilization"": 5886088.25, ""feasible"": false, ""n_runs"": 20, ""eligibility"": ""NO_CONCLUSION""}]",feasibility does not change between 12.0 and 36.0; no threshold inside the recorded range,,
S5,sodium_bicarbonate_8_4_50ml,raw_material_lead_time,product.material_lead_time_days,30.0,90.0,240.0,False,False,,infeasible_everywhere,"[{""value"": 30.0, ""strategy_id"": ""S5"", ""mean_fill"": 0.9334417800982729, ""p_meet"": 0.0, ""mean_cost"": 64114747.65918503, ""mcse_cost"": 17118.904045962903, ""mean_shortage_days"": 67.88929353778751, ""mean_cost_per_unit"": 54.60629610475725, ""capacity_utilization"": 5870820.6, ""feasible"": false, ""n_runs"": 20, ""eligibility"": ""NO_CONCLUSION""}, {""value"": 240.0, ""strategy_id"": ""S5"", ""mean_fill"": 0.9373117821148703, ""p_meet"": 0.0, ""mean_cost"": 64201510.217132315, ""mcse_cost"": 17782.299349678928, ""mean_shortage_days"": 67.53924561883899, ""mean_cost_per_unit"": 54.446680192405054, ""capacity_utilization"": 5896081.15, ""feasible"": false, ""n_runs"": 20, ""eligibility"": ""NO_CONCLUSION""}]",feasibility does not change between 30.0 and 240.0; no threshold inside the recorded range,,
S5,sodium_bicarbonate_8_4_50ml,common_cause_dependence,global.common_cause_events_per_year,0.02,0.1,0.3,False,False,,infeasible_everywhere,"[{""value"": 0.02, ""strategy_id"": ""S5"", ""mean_fill"": 0.9372091480617671, ""p_meet"": 0.0, ""mean_cost"": 64163347.2028167, ""mcse_cost"": 13776.000171262715, ""mean_shortage_days"": 67.46923603504929, ""mean_cost_per_unit"": 54.411387623071356, ""capacity_utilization"": 5896002.3, ""feasible"": false, ""n_runs"": 20, ""eligibility"": ""NO_CONCLUSION""}, {""value"": 0.3, ""strategy_id"": ""S5"", ""mean_fill"": 0.9294371938732781, ""p_meet"": 0.0, ""mean_cost"": 64123149.63997781, ""mcse_cost"": 15538.825061756796, ""mean_shortage_days"": 68.29934967141294, ""mean_cost_per_unit"": 54.848424456943235, ""capacity_utilization"": 5845957.2, ""feasible"": false, ""n_runs"": 20, ""eligibility"": ""NO_CONCLUSION""}]",feasibility does not change between 0.02 and 0.3; no threshold inside the recorded range,,
S5,sodium_bicarbonate_8_4_50ml,supplier_concentration,global.supplier_disruptions_per_supplier_year,0.05,0.2,0.6,False,False,,infeasible_everywhere,"[{""value"": 0.05, ""strategy_id"": ""S5"", ""mean_fill"": 0.9368846600230205, ""p_meet"": 0.0, ""mean_cost"": 64151897.31056225, ""mcse_cost"": 17380.904304446765, ""mean_shortage_days"": 67.61925657174153, ""mean_cost_per_unit"": 54.42918586918412, ""capacity_utilization"": 5893361.6, ""feasible"": false, ""n_runs"": 20, ""eligibility"": ""NO_CONCLUSION""}, {""value"": 0.6, ""strategy_id"": ""S5"", ""mean_fill"": 0.9362450315246512, ""p_meet"": 0.0, ""mean_cost"": 64146932.19516357, ""mcse_cost"": 18538.71833017379, ""mean_shortage_days"": 67.70926889375684, ""mean_cost_per_unit"": 54.464531200821376, ""capacity_utilization"": 5889443.25, ""feasible"": false, ""n_runs"": 20, ""eligibility"": ""NO_CONCLUSION""}]",feasibility does not change between 0.05 and 0.6; no threshold inside the recorded range,,
S5,sodium_bicarbonate_8_4_50ml,commissioning_days,global.node_commissioning_days,365.0,730.0,1095.0,True,False,399.21875,feasible_below,"[{""value"": 365.0, ""strategy_id"": ""S5"", ""mean_fill"": 0.9970227840313068, ""p_meet"": 1.0, ""mean_cost"": 64279411.440087356, ""mcse_cost"": 16439.754021152155, ""mean_shortage_days"": 4.2705846111719605, ""mean_cost_per_unit"": 51.24881660315098, ""capacity_utilization"": 6271563.5, ""feasible"": true, ""n_runs"": 20, ""eligibility"": ""NO_CONCLUSION""}, {""value"": 1095.0, ""strategy_id"": ""S5"", ""mean_fill"": 0.8642390313232353, ""p_meet"": 0.0, ""mean_cost"": 63984986.010068655, ""mcse_cost"": 19779.735249141428, ""mean_shortage_days"": 131.36798329682364, ""mean_cost_per_unit"": 58.875123971831854, ""capacity_utilization"": 5435958.5, ""feasible"": false, ""n_runs"": 20, ""eligibility"": ""NO_CONCLUSION""}, {""value"": 730.0, ""strategy_id"": ""S5"", ""mean_fill"": 0.9357625385751984, ""p_meet"": 0.0, ""mean_cost"": 64147623.61224232, ""mcse_cost"": 16987.597971649957, ""mean_shortage_days"": 67.73927300109528, ""mean_cost_per_unit"": 54.49149121141873, ""capacity_utilization"": 5886088.25, ""feasible"": false, ""n_runs"": 20, ""eligibility"": ""NO_CONCLUSION""}, {""value"": 547.5, ""strategy_id"": ""S5"", ""mean_fill"": 0.9657253320606329, ""p_meet"": 0.0, ""mean_cost"": 64213026.31620146, ""mcse_cost"": 15827.941881610173, ""mean_shortage_days"": 36.014930175246434, ""mean_cost_per_unit"": 52.8541235472894, ""capacity_utilization"": 6074673.5, ""feasible"": false, ""n_runs"": 20, ""eligibility"": ""NO_CONCLUSION""}, {""value"": 456.25, ""strategy_id"": ""S5"", ""mean_fill"": 0.9824229622860765, ""p_meet"": 0.0, ""mean_cost"": 64251845.29572679, ""mcse_cost"": 17431.639843983743, ""mean_shortage_days"": 19.802710843373497, ""mean_cost_per_unit"": 51.988545980558946, ""capacity_utilization"": 6179861.35, ""feasible"": false, ""n_runs"": 20, ""eligibility"": ""NO_CONCLUSION""}, {""value"": 410.625, ""strategy_id"": ""S5"", ""mean_fill"": 0.9899736284541065, ""p_meet"": 0.55, ""mean_cost"": 64266813.964617014, ""mcse_cost"": 17079.304348757567, ""mean_shortage_days"": 12.061651150054765, ""mean_cost_per_unit"": 51.60367433985881, ""capacity_utilization"": 6227249.25, ""feasible"": false, ""n_runs"": 20, ""eligibility"": ""NO_CONCLUSION""}, {""value"": 387.8125, ""strategy_id"": ""S5"", ""mean_fill"": 0.9935944154995756, ""p_meet"": 0.9, ""mean_cost"": 64276575.306181595, ""mcse_cost"": 17483.717484772507, ""mean_shortage_days"": 8.111110350492883, ""mean_cost_per_unit"": 51.423855007593566, ""capacity_utilization"": 6250056.65, ""feasible"": true, ""n_runs"": 20, ""eligibility"": ""NO_CONCLUSION""}]",bisection over 5 steps on 20 paired runs,387.8125,410.625
S5,sodium_bicarbonate_8_4_50ml,activation_latency_days,global.reserved_capacity_activation_days,7.0,21.0,60.0,False,False,,infeasible_everywhere,"[{""value"": 7.0, ""strategy_id"": ""S5"", ""mean_fill"": 0.9357625385751984, ""p_meet"": 0.0, ""mean_cost"": 64147623.61224232, ""mcse_cost"": 16987.597971649957, ""mean_shortage_days"": 67.73927300109528, ""mean_cost_per_unit"": 54.49149121141873, ""capacity_utilization"": 5886088.25, ""feasible"": false, ""n_runs"": 20, ""eligibility"": ""NO_CONCLUSION""}, {""value"": 60.0, ""strategy_id"": ""S5"", ""mean_fill"": 0.9357625385751984, ""p_meet"": 0.0, ""mean_cost"": 64147623.61224232, ""mcse_cost"": 16987.597971649957, ""mean_shortage_days"": 67.73927300109528, ""mean_cost_per_unit"": 54.49149121141873, ""capacity_utilization"": 5886088.25, ""feasible"": false, ""n_runs"": 20, ""eligibility"": ""NO_CONCLUSION""}]",feasibility does not change between 7.0 and 60.0; no threshold inside the recorded range,,
S5,sodium_bicarbonate_8_4_50ml,node_capital,product.capital_usd_per_site,15000000.0,40000000.0,100000000.0,False,False,,infeasible_everywhere,"[{""value"": 15000000.0, ""strategy_id"": ""S5"", ""mean_fill"": 0.9357625385751984, ""p_meet"": 0.0, ""mean_cost"": 44123897.47947337, ""mcse_cost"": 16987.597971649957, ""mean_shortage_days"": 67.73927300109528, ""mean_cost_per_unit"": 37.48176354544592, ""capacity_utilization"": 5886088.25, ""feasible"": false, ""n_runs"": 20, ""eligibility"": ""NO_CONCLUSION""}, {""value"": 100000000.0, ""strategy_id"": ""S5"", ""mean_fill"": 0.9357625385751984, ""p_meet"": 0.0, ""mean_cost"": 112204566.3308727, ""mcse_cost"": 16987.59797164989, ""mean_shortage_days"": 67.73927300109528, ""mean_cost_per_unit"": 95.31483760974069, ""capacity_utilization"": 5886088.25, ""feasible"": false, ""n_runs"": 20, ""eligibility"": ""NO_CONCLUSION""}]",feasibility does not change between 15000000.0 and 100000000.0; no threshold inside the recorded range,,
S5,sodium_bicarbonate_8_4_50ml,batches_per_site_year,product.batches_per_site_year_nominal,30.0,45.0,70.0,False,False,,infeasible_everywhere,"[{""value"": 30.0, ""strategy_id"": ""S5"", ""mean_fill"": 0.8950634164210578, ""p_meet"": 0.0, ""mean_cost"": 63920648.549960695, ""mcse_cost"": 14722.452520851566, ""mean_shortage_days"": 72.30989868565169, ""mean_cost_per_unit"": 56.74952404224655, ""capacity_utilization"": 5632141.4, ""feasible"": false, ""n_runs"": 20, ""eligibility"": ""NO_CONCLUSION""}, {""value"": 70.0, ""strategy_id"": ""S5"", ""mean_fill"": 0.9909192905740752, ""p_meet"": 0.8, ""mean_cost"": 64339383.2763628, ""mcse_cost"": 14606.282397125116, ""mean_shortage_days"": 14.71201396495071, ""mean_cost_per_unit"": 51.6635538878633, ""capacity_utilization"": 6227274.0, ""feasible"": false, ""n_runs"": 20, ""eligibility"": ""NO_CONCLUSION""}]",feasibility does not change between 30.0 and 70.0; no threshold inside the recorded range,,
S5,sodium_bicarbonate_8_4_50ml,changeover_burden,product.changeover_days,1.0,3.0,10.0,False,False,,infeasible_everywhere,"[{""value"": 1.0, ""strategy_id"": ""S5"", ""mean_fill"": 0.9360425968157775, ""p_meet"": 0.0, ""mean_cost"": 64153662.586661756, ""mcse_cost"": 16451.309167946867, ""mean_shortage_days"": 67.15919359255203, ""mean_cost_per_unit"": 54.45799230826533, ""capacity_utilization"": 5890322.1, ""feasible"": false, ""n_runs"": 20, ""eligibility"": ""NO_CONCLUSION""}, {""value"": 10.0, ""strategy_id"": ""S5"", ""mean_fill"": 0.9019592555429128, ""p_meet"": 0.0, ""mean_cost"": 63950133.379733875, ""mcse_cost"": 14408.320606375208, ""mean_shortage_days"": 72.779963033954, ""mean_cost_per_unit"": 56.34881860327654, ""capacity_utilization"": 5674701.2, ""feasible"": false, ""n_runs"": 20, ""eligibility"": ""NO_CONCLUSION""}]",feasibility does not change between 1.0 and 10.0; no threshold inside the recorded range,,
S6,sodium_bicarbonate_8_4_50ml,capacity_utilization,product.annual_demand_units,600000.0,1200000.0,2400000.0,False,False,,infeasible_everywhere,"[{""value"": 600000.0, ""strategy_id"": ""S6"", ""mean_fill"": 0.9939934721595115, ""p_meet"": 0.75, ""mean_cost"": 65664540.42063177, ""mcse_cost"": 8305.225511226177, ""mean_shortage_days"": 7.080969331872946, ""mean_cost_per_unit"": 105.1077061486928, ""capacity_utilization"": 3123894.9, ""feasible"": false, ""n_runs"": 20, ""eligibility"": ""NO_CONCLUSION""}, {""value"": 2400000.0, ""strategy_id"": ""S6"", ""mean_fill"": 0.8663812194130214, ""p_meet"": 0.0, ""mean_cost"": 69819878.10108337, ""mcse_cost"": 22521.050854068035, ""mean_shortage_days"": 71.77982612267252, ""mean_cost_per_unit"": 32.025622373037535, ""capacity_utilization"": 10900958.45, ""feasible"": false, ""n_runs"": 20, ""eligibility"": ""NO_CONCLUSION""}]",feasibility does not change between 600000.0 and 2400000.0; no threshold inside the recorded range,,
S6,sodium_bicarbonate_8_4_50ml,fixed_qa_labor_per_node,product.fixed_qa_labor_usd_per_site_year,1500000.0,3000000.0,6000000.0,False,False,,infeasible_everywhere,"[{""value"": 1500000.0, ""strategy_id"": ""S6"", ""mean_fill"": 0.9357625385751984, ""p_meet"": 0.0, ""mean_cost"": 56228545.38578074, ""mcse_cost"": 16987.597971649866, ""mean_shortage_days"": 67.73927300109528, ""mean_cost_per_unit"": 47.764403400463976, ""capacity_utilization"": 5886088.25, ""feasible"": false, ""n_runs"": 20, ""eligibility"": ""NO_CONCLUSION""}, {""value"": 6000000.0, ""strategy_id"": ""S6"", ""mean_fill"": 0.9357625385751984, ""p_meet"": 0.0, ""mean_cost"": 89274233.68482874, ""mcse_cost"": 16987.597971650226, ""mean_shortage_days"": 67.73927300109528, ""mean_cost_per_unit"": 75.83600979252074, ""capacity_utilization"": 5886088.25, ""feasible"": false, ""n_runs"": 20, ""eligibility"": ""NO_CONCLUSION""}]",feasibility does not change between 1500000.0 and 6000000.0; no threshold inside the recorded range,,
S6,sodium_bicarbonate_8_4_50ml,release_time,global.sterility_incubation_days,14.0,14.0,18.0,False,False,,infeasible_everywhere,"[{""value"": 14.0, ""strategy_id"": ""S6"", ""mean_fill"": 0.9357625385751984, ""p_meet"": 0.0, ""mean_cost"": 67243774.81879675, ""mcse_cost"": 16987.597971649797, ""mean_shortage_days"": 67.73927300109528, ""mean_cost_per_unit"": 57.12160553114957, ""capacity_utilization"": 5886088.25, ""feasible"": false, ""n_runs"": 20, ""eligibility"": ""NO_CONCLUSION""}, {""value"": 18.0, ""strategy_id"": ""S6"", ""mean_fill"": 0.9349671190416148, ""p_meet"": 0.0, ""mean_cost"": 67231283.43359867, ""mcse_cost"": 16952.334545360416, ""mean_shortage_days"": 67.04917853231106, ""mean_cost_per_unit"": 57.12897251603198, ""capacity_utilization"": 5884264.6, ""feasible"": false, ""n_runs"": 20, ""eligibility"": ""NO_CONCLUSION""}]",feasibility does not change between 14.0 and 18.0; no threshold inside the recorded range,,
S6,sodium_bicarbonate_8_4_50ml,shelf_life,product.shelf_life_months,12.0,24.0,36.0,False,False,,infeasible_everywhere,"[{""value"": 12.0, ""strategy_id"": ""S6"", ""mean_fill"": 0.9357625385751984, ""p_meet"": 0.0, ""mean_cost"": 67243774.81879675, ""mcse_cost"": 16987.597971649797, ""mean_shortage_days"": 67.73927300109528, ""mean_cost_per_unit"": 57.12160553114957, ""capacity_utilization"": 5886088.25, ""feasible"": false, ""n_runs"": 20, ""eligibility"": ""NO_CONCLUSION""}, {""value"": 36.0, ""strategy_id"": ""S6"", ""mean_fill"": 0.9357625385751984, ""p_meet"": 0.0, ""mean_cost"": 67243774.81879675, ""mcse_cost"": 16987.597971649797, ""mean_shortage_days"": 67.73927300109528, ""mean_cost_per_unit"": 57.12160553114957, ""capacity_utilization"": 5886088.25, ""feasible"": false, ""n_runs"": 20, ""eligibility"": ""NO_CONCLUSION""}]",feasibility does not change between 12.0 and 36.0; no threshold inside the recorded range,,
S6,sodium_bicarbonate_8_4_50ml,raw_material_lead_time,product.material_lead_time_days,30.0,90.0,240.0,False,False,,infeasible_everywhere,"[{""value"": 30.0, ""strategy_id"": ""S6"", ""mean_fill"": 0.9334417800982729, ""p_meet"": 0.0, ""mean_cost"": 67210898.86573948, ""mcse_cost"": 17118.904045963205, ""mean_shortage_days"": 67.88929353778751, ""mean_cost_per_unit"": 57.243306035675836, ""capacity_utilization"": 5870820.6, ""feasible"": false, ""n_runs"": 20, ""eligibility"": ""NO_CONCLUSION""}, {""value"": 240.0, ""strategy_id"": ""S6"", ""mean_fill"": 0.9373117821148703, ""p_meet"": 0.0, ""mean_cost"": 67297661.42368676, ""mcse_cost"": 17782.299349679346, ""mean_shortage_days"": 67.53924561883899, ""mean_cost_per_unit"": 57.07243051226055, ""capacity_utilization"": 5896081.15, ""feasible"": false, ""n_runs"": 20, ""eligibility"": ""NO_CONCLUSION""}]",feasibility does not change between 30.0 and 240.0; no threshold inside the recorded range,,
S6,sodium_bicarbonate_8_4_50ml,common_cause_dependence,global.common_cause_events_per_year,0.02,0.1,0.3,False,False,,infeasible_everywhere,"[{""value"": 0.02, ""strategy_id"": ""S6"", ""mean_fill"": 0.9372091480617671, ""p_meet"": 0.0, ""mean_cost"": 67259498.40937115, ""mcse_cost"": 13776.000171262514, ""mean_shortage_days"": 67.46923603504929, ""mean_cost_per_unit"": 57.03698250490133, ""capacity_utilization"": 5896002.3, ""feasible"": false, ""n_runs"": 20, ""eligibility"": ""NO_CONCLUSION""}, {""value"": 0.3, ""strategy_id"": ""S6"", ""mean_fill"": 0.9294371938732781, ""p_meet"": 0.0, ""mean_cost"": 67219300.84653226, ""mcse_cost"": 15538.82506175682, ""mean_shortage_days"": 68.29934967141294, ""mean_cost_per_unit"": 57.49677758239515, ""capacity_utilization"": 5845957.2, ""feasible"": false, ""n_runs"": 20, ""eligibility"": ""NO_CONCLUSION""}]",feasibility does not change between 0.02 and 0.3; no threshold inside the recorded range,,
S6,sodium_bicarbonate_8_4_50ml,supplier_concentration,global.supplier_disruptions_per_supplier_year,0.05,0.2,0.6,False,False,,infeasible_everywhere,"[{""value"": 0.05, ""strategy_id"": ""S6"", ""mean_fill"": 0.9368846600230205, ""p_meet"": 0.0, ""mean_cost"": 67248048.5171167, ""mcse_cost"": 17380.90430444682, ""mean_shortage_days"": 67.61925657174153, ""mean_cost_per_unit"": 57.05612033780161, ""capacity_utilization"": 5893361.6, ""feasible"": false, ""n_runs"": 20, ""eligibility"": ""NO_CONCLUSION""}, {""value"": 0.6, ""strategy_id"": ""S6"", ""mean_fill"": 0.9362450315246512, ""p_meet"": 0.0, ""mean_cost"": 67243083.40171802, ""mcse_cost"": 18538.718330173666, ""mean_shortage_days"": 67.70926889375684, ""mean_cost_per_unit"": 57.093387083245474, ""capacity_utilization"": 5889443.25, ""feasible"": false, ""n_runs"": 20, ""eligibility"": ""NO_CONCLUSION""}]",feasibility does not change between 0.05 and 0.6; no threshold inside the recorded range,,
S6,sodium_bicarbonate_8_4_50ml,commissioning_days,global.node_commissioning_days,365.0,730.0,1095.0,True,False,399.21875,feasible_below,"[{""value"": 365.0, ""strategy_id"": ""S6"", ""mean_fill"": 0.9970227840313068, ""p_meet"": 1.0, ""mean_cost"": 67375562.64664179, ""mcse_cost"": 16439.75402115223, ""mean_shortage_days"": 4.2705846111719605, ""mean_cost_per_unit"": 53.7173449935334, ""capacity_utilization"": 6271563.5, ""feasible"": true, ""n_runs"": 20, ""eligibility"": ""NO_CONCLUSION""}, {""value"": 1095.0, ""strategy_id"": ""S6"", ""mean_fill"": 0.8642390313232353, ""p_meet"": 0.0, ""mean_cost"": 67081137.21662309, ""mcse_cost"": 19779.735249141395, ""mean_shortage_days"": 131.36798329682364, ""mean_cost_per_unit"": 61.72408715123579, ""capacity_utilization"": 5435958.5, ""feasible"": false, ""n_runs"": 20, ""eligibility"": ""NO_CONCLUSION""}, {""value"": 730.0, ""strategy_id"": ""S6"", ""mean_fill"": 0.9357625385751984, ""p_meet"": 0.0, ""mean_cost"": 67243774.81879675, ""mcse_cost"": 16987.597971649797, ""mean_shortage_days"": 67.73927300109528, ""mean_cost_per_unit"": 57.12160553114957, ""capacity_utilization"": 5886088.25, ""feasible"": false, ""n_runs"": 20, ""eligibility"": ""NO_CONCLUSION""}, {""value"": 547.5, ""strategy_id"": ""S6"", ""mean_fill"": 0.9657253320606329, ""p_meet"": 0.0, ""mean_cost"": 67309177.52275589, ""mcse_cost"": 15827.94188161056, ""mean_shortage_days"": 36.014930175246434, ""mean_cost_per_unit"": 55.402606723980895, ""capacity_utilization"": 6074673.5, ""feasible"": false, ""n_runs"": 20, ""eligibility"": ""NO_CONCLUSION""}, {""value"": 456.25, ""strategy_id"": ""S6"", ""mean_fill"": 0.9824229622860765, ""p_meet"": 0.0, ""mean_cost"": 67347996.50228123, ""mcse_cost"": 17431.63984398337, ""mean_shortage_days"": 19.802710843373497, ""mean_cost_per_unit"": 54.493786064282155, ""capacity_utilization"": 6179861.35, ""feasible"": false, ""n_runs"": 20, ""eligibility"": ""NO_CONCLUSION""}, {""value"": 410.625, ""strategy_id"": ""S6"", ""mean_fill"": 0.9899736284541065, ""p_meet"": 0.55, ""mean_cost"": 67362965.17117146, ""mcse_cost"": 17079.304348757898, ""mean_shortage_days"": 12.061651150054765, ""mean_cost_per_unit"": 54.0897850728368, ""capacity_utilization"": 6227249.25, ""feasible"": false, ""n_runs"": 20, ""eligibility"": ""NO_CONCLUSION""}, {""value"": 387.8125, ""strategy_id"": ""S6"", ""mean_fill"": 0.9935944154995756, ""p_meet"": 0.9, ""mean_cost"": 67372726.51273605, ""mcse_cost"": 17483.717484772715, ""mean_shortage_days"": 8.111110350492883, ""mean_cost_per_unit"": 53.90092875276978, ""capacity_utilization"": 6250056.65, ""feasible"": true, ""n_runs"": 20, ""eligibility"": ""NO_CONCLUSION""}]",bisection over 5 steps on 20 paired runs,387.8125,410.625
S6,sodium_bicarbonate_8_4_50ml,activation_latency_days,global.reserved_capacity_activation_days,7.0,21.0,60.0,False,False,,infeasible_everywhere,"[{""value"": 7.0, ""strategy_id"": ""S6"", ""mean_fill"": 0.9357625385751984, ""p_meet"": 0.0, ""mean_cost"": 67243774.81879675, ""mcse_cost"": 16987.597971649797, ""mean_shortage_days"": 67.73927300109528, ""mean_cost_per_unit"": 57.12160553114957, ""capacity_utilization"": 5886088.25, ""feasible"": false, ""n_runs"": 20, ""eligibility"": ""NO_CONCLUSION""}, {""value"": 60.0, ""strategy_id"": ""S6"", ""mean_fill"": 0.9357625385751984, ""p_meet"": 0.0, ""mean_cost"": 67243774.81879675, ""mcse_cost"": 16987.597971649797, ""mean_shortage_days"": 67.73927300109528, ""mean_cost_per_unit"": 57.12160553114957, ""capacity_utilization"": 5886088.25, ""feasible"": false, ""n_runs"": 20, ""eligibility"": ""NO_CONCLUSION""}]",feasibility does not change between 7.0 and 60.0; no threshold inside the recorded range,,
S6,sodium_bicarbonate_8_4_50ml,node_capital,product.capital_usd_per_site,15000000.0,40000000.0,100000000.0,False,False,,infeasible_everywhere,"[{""value"": 15000000.0, ""strategy_id"": ""S6"", ""mean_fill"": 0.9357625385751984, ""p_meet"": 0.0, ""mean_cost"": 47220048.68602781, ""mcse_cost"": 16987.59797165003, ""mean_shortage_days"": 67.73927300109528, ""mean_cost_per_unit"": 40.111877865176766, ""capacity_utilization"": 5886088.25, ""feasible"": false, ""n_runs"": 20, ""eligibility"": ""NO_CONCLUSION""}, {""value"": 100000000.0, ""strategy_id"": ""S6"", ""mean_fill"": 0.9357625385751984, ""p_meet"": 0.0, ""mean_cost"": 115300717.53742714, ""mcse_cost"": 16987.597971649986, ""mean_shortage_days"": 67.73927300109528, ""mean_cost_per_unit"": 97.94495192947153, ""capacity_utilization"": 5886088.25, ""feasible"": false, ""n_runs"": 20, ""eligibility"": ""NO_CONCLUSION""}]",feasibility does not change between 15000000.0 and 100000000.0; no threshold inside the recorded range,,
S6,sodium_bicarbonate_8_4_50ml,batches_per_site_year,product.batches_per_site_year_nominal,30.0,45.0,70.0,False,False,,infeasible_everywhere,"[{""value"": 30.0, ""strategy_id"": ""S6"", ""mean_fill"": 0.8950634164210578, ""p_meet"": 0.0, ""mean_cost"": 67016799.75651513, ""mcse_cost"": 14722.45252085152, ""mean_shortage_days"": 72.30989868565169, ""mean_cost_per_unit"": 59.49835671167823, ""capacity_utilization"": 5632141.4, ""feasible"": false, ""n_runs"": 20, ""eligibility"": ""NO_CONCLUSION""}, {""value"": 70.0, ""strategy_id"": ""S6"", ""mean_fill"": 0.9909192905740752, ""p_meet"": 0.8, ""mean_cost"": 67435534.48291725, ""mcse_cost"": 14606.282397124818, ""mean_shortage_days"": 14.71201396495071, ""mean_cost_per_unit"": 54.14974536303697, ""capacity_utilization"": 6227274.0, ""feasible"": false, ""n_runs"": 20, ""eligibility"": ""NO_CONCLUSION""}]",feasibility does not change between 30.0 and 70.0; no threshold inside the recorded range,,
S6,sodium_bicarbonate_8_4_50ml,changeover_burden,product.changeover_days,1.0,3.0,10.0,False,False,,infeasible_everywhere,"[{""value"": 1.0, ""strategy_id"": ""S6"", ""mean_fill"": 0.9360425968157775, ""p_meet"": 0.0, ""mean_cost"": 67249813.7932162, ""mcse_cost"": 16451.309167946874, ""mean_shortage_days"": 67.15919359255203, ""mean_cost_per_unit"": 57.08624305939303, ""capacity_utilization"": 5890322.1, ""feasible"": false, ""n_runs"": 20, ""eligibility"": ""NO_CONCLUSION""}, {""value"": 10.0, ""strategy_id"": ""S6"", ""mean_fill"": 0.9019592555429128, ""p_meet"": 0.0, ""mean_cost"": 67046284.58628831, ""mcse_cost"": 14408.32060637513, ""mean_shortage_days"": 72.779963033954, ""mean_cost_per_unit"": 59.07698095998624, ""capacity_utilization"": 5674701.2, ""feasible"": false, ""n_runs"": 20, ""eligibility"": ""NO_CONCLUSION""}]",feasibility does not change between 1.0 and 10.0; no threshold inside the recorded range,,
S7,sodium_bicarbonate_8_4_50ml,capacity_utilization,product.annual_demand_units,600000.0,1200000.0,2400000.0,False,False,,infeasible_everywhere,"[{""value"": 600000.0, ""strategy_id"": ""S7"", ""mean_fill"": 0.9872876820290358, ""p_meet"": 0.5, ""mean_cost"": 24219114.016429935, ""mcse_cost"": 46768.07314467654, ""mean_shortage_days"": 29.053977272727273, ""mean_cost_per_unit"": 39.03633884162696, ""capacity_utilization"": 3102472.35, ""feasible"": false, ""n_runs"": 20, ""eligibility"": ""NO_CONCLUSION""}, {""value"": 2400000.0, ""strategy_id"": ""S7"", ""mean_fill"": 0.5472162212499472, ""p_meet"": 0.0, ""mean_cost"": 26269859.424044725, ""mcse_cost"": 201774.7437369642, ""mean_shortage_days"": 301.07121440306685, ""mean_cost_per_unit"": 20.020611470631483, ""capacity_utilization"": 6896362.1, ""feasible"": false, ""n_runs"": 20, ""eligibility"": ""NO_CONCLUSION""}]",feasibility does not change between 600000.0 and 2400000.0; no threshold inside the recorded range,,
S7,sodium_bicarbonate_8_4_50ml,fixed_qa_labor_per_node,product.fixed_qa_labor_usd_per_site_year,1500000.0,3000000.0,6000000.0,False,False,,infeasible_everywhere,"[{""value"": 1500000.0, ""strategy_id"": ""S7"", ""mean_fill"": 0.8947438588595636, ""p_meet"": 0.3, ""mean_cost"": 21638518.96109549, ""mcse_cost"": 108502.3580396815, ""mean_shortage_days"": 108.38483707557502, ""mean_cost_per_unit"": 19.50173120467715, ""capacity_utilization"": 5626594.55, ""feasible"": false, ""n_runs"": 20, ""eligibility"": ""NO_CONCLUSION""}, {""value"": 6000000.0, ""strategy_id"": ""S7"", ""mean_fill"": 0.8947438588595636, ""p_meet"": 0.3, ""mean_cost"": 33112415.861477207, ""mcse_cost"": 108502.35803968165, ""mean_shortage_days"": 108.38483707557502, ""mean_cost_per_unit"": 29.873182016768077, ""capacity_utilization"": 5626594.55, ""feasible"": false, ""n_runs"": 20, ""eligibility"": ""NO_CONCLUSION""}]",feasibility does not change between 1500000.0 and 6000000.0; no threshold inside the recorded range,,
S7,sodium_bicarbonate_8_4_50ml,release_time,global.sterility_incubation_days,14.0,14.0,18.0,False,False,,infeasible_everywhere,"[{""value"": 14.0, ""strategy_id"": ""S7"", ""mean_fill"": 0.8947438588595636, ""p_meet"": 0.3, ""mean_cost"": 25463151.261222728, ""mcse_cost"": 108502.3580396815, ""mean_shortage_days"": 108.38483707557502, ""mean_cost_per_unit"": 22.95888147537412, ""capacity_utilization"": 5626594.55, ""feasible"": false, ""n_runs"": 20, ""eligibility"": ""NO_CONCLUSION""}, {""value"": 18.0, ""strategy_id"": ""S7"", ""mean_fill"": 0.893772348504644, ""p_meet"": 0.3, ""mean_cost"": 25410224.301787537, ""mcse_cost"": 101004.55353484293, ""mean_shortage_days"": 113.0054696056955, ""mean_cost_per_unit"": 22.940975648719657, ""capacity_utilization"": 5620178.8, ""feasible"": false, ""n_runs"": 20, ""eligibility"": ""NO_CONCLUSION""}]",feasibility does not change between 14.0 and 18.0; no threshold inside the recorded range,,
S7,sodium_bicarbonate_8_4_50ml,shelf_life,product.shelf_life_months,12.0,24.0,36.0,False,False,,infeasible_everywhere,"[{""value"": 12.0, ""strategy_id"": ""S7"", ""mean_fill"": 0.8957943156526749, ""p_meet"": 0.35, ""mean_cost"": 25466574.808300313, ""mcse_cost"": 108377.73304831586, ""mean_shortage_days"": 108.34483159912376, ""mean_cost_per_unit"": 22.939310498913752, ""capacity_utilization"": 5633366.05, ""feasible"": false, ""n_runs"": 20, ""eligibility"": ""NO_CONCLUSION""}, {""value"": 36.0, ""strategy_id"": ""S7"", ""mean_fill"": 0.8947438588595636, ""p_meet"": 0.3, ""mean_cost"": 25463151.261222728, ""mcse_cost"": 108502.3580396815, ""mean_shortage_days"": 108.38483707557502, ""mean_cost_per_unit"": 22.95888147537412, ""capacity_utilization"": 5626594.55, ""feasible"": false, ""n_runs"": 20, ""eligibility"": ""NO_CONCLUSION""}]",feasibility does not change between 12.0 and 36.0; no threshold inside the recorded range,,
S7,sodium_bicarbonate_8_4_50ml,raw_material_lead_time,product.material_lead_time_days,30.0,90.0,240.0,False,False,,infeasible_everywhere,"[{""value"": 30.0, ""strategy_id"": ""S7"", ""mean_fill"": 0.8936765763189578, ""p_meet"": 0.35, ""mean_cost"": 25426555.827712458, ""mcse_cost"": 108026.41547892742, ""mean_shortage_days"": 109.81503285870755, ""mean_cost_per_unit"": 22.96907616274863, ""capacity_utilization"": 5619861.95, ""feasible"": false, ""n_runs"": 20, ""eligibility"": ""NO_CONCLUSION""}, {""value"": 240.0, ""strategy_id"": ""S7"", ""mean_fill"": 0.8962550102074406, ""p_meet"": 0.3, ""mean_cost"": 25514365.97745641, ""mcse_cost"": 105184.01523291458, ""mean_shortage_days"": 107.69474260679078, ""mean_cost_per_unit"": 22.936106199118164, ""capacity_utilization"": 5636248.0, ""feasible"": false, ""n_runs"": 20, ""eligibility"": ""NO_CONCLUSION""}]",feasibility does not change between 30.0 and 240.0; no threshold inside the recorded range,,
S7,sodium_bicarbonate_8_4_50ml,common_cause_dependence,global.common_cause_events_per_year,0.02,0.1,0.3,False,False,,infeasible_everywhere,"[{""value"": 0.02, ""strategy_id"": ""S7"", ""mean_fill"": 0.9049123025265843, ""p_meet"": 0.35, ""mean_cost"": 25495151.195182566, ""mcse_cost"": 101140.87605308351, ""mean_shortage_days"": 105.24440717415114, ""mean_cost_per_unit"": 22.642411817412107, ""capacity_utilization"": 5690752.65, ""feasible"": false, ""n_runs"": 20, ""eligibility"": ""NO_CONCLUSION""}, {""value"": 0.3, ""strategy_id"": ""S7"", ""mean_fill"": 0.8783395121413171, ""p_meet"": 0.25, ""mean_cost"": 25403746.672043588, ""mcse_cost"": 109998.78648999547, ""mean_shortage_days"": 112.40538745892658, ""mean_cost_per_unit"": 23.39276007390289, ""capacity_utilization"": 5523331.0, ""feasible"": false, ""n_runs"": 20, ""eligibility"": ""NO_CONCLUSION""}]",feasibility does not change between 0.02 and 0.3; no threshold inside the recorded range,,
S7,sodium_bicarbonate_8_4_50ml,supplier_concentration,global.supplier_disruptions_per_supplier_year,0.05,0.2,0.6,False,False,,infeasible_everywhere,"[{""value"": 0.05, ""strategy_id"": ""S7"", ""mean_fill"": 0.8956352184968794, ""p_meet"": 0.3, ""mean_cost"": 25466410.5845591, ""mcse_cost"": 106299.82783335808, ""mean_shortage_days"": 108.3748357064622, ""mean_cost_per_unit"": 22.91439647217495, ""capacity_utilization"": 5632366.65, ""feasible"": false, ""n_runs"": 20, ""eligibility"": ""NO_CONCLUSION""}, {""value"": 0.6, ""strategy_id"": ""S7"", ""mean_fill"": 0.8871518657275749, ""p_meet"": 0.3, ""mean_cost"": 25437189.369560927, ""mcse_cost"": 108587.7435138374, ""mean_shortage_days"": 110.8351725082147, ""mean_cost_per_unit"": 23.146375568333596, ""capacity_utilization"": 5579259.15, ""feasible"": false, ""n_runs"": 20, ""eligibility"": ""NO_CONCLUSION""}]",feasibility does not change between 0.05 and 0.6; no threshold inside the recorded range,,
S7,sodium_bicarbonate_8_4_50ml,commissioning_days,global.node_commissioning_days,365.0,730.0,1095.0,False,False,,infeasible_everywhere,"[{""value"": 365.0, ""strategy_id"": ""S7"", ""mean_fill"": 0.8947438588595636, ""p_meet"": 0.3, ""mean_cost"": 25463151.261222728, ""mcse_cost"": 108502.3580396815, ""mean_shortage_days"": 108.38483707557502, ""mean_cost_per_unit"": 22.95888147537412, ""capacity_utilization"": 5626594.55, ""feasible"": false, ""n_runs"": 20, ""eligibility"": ""NO_CONCLUSION""}, {""value"": 1095.0, ""strategy_id"": ""S7"", ""mean_fill"": 0.8947438588595636, ""p_meet"": 0.3, ""mean_cost"": 25463151.261222728, ""mcse_cost"": 108502.3580396815, ""mean_shortage_days"": 108.38483707557502, ""mean_cost_per_unit"": 22.95888147537412, ""capacity_utilization"": 5626594.55, ""feasible"": false, ""n_runs"": 20, ""eligibility"": ""NO_CONCLUSION""}]",feasibility does not change between 365.0 and 1095.0; no threshold inside the recorded range,,
S7,sodium_bicarbonate_8_4_50ml,activation_latency_days,global.reserved_capacity_activation_days,7.0,21.0,60.0,False,False,,infeasible_everywhere,"[{""value"": 7.0, ""strategy_id"": ""S7"", ""mean_fill"": 0.8947438588595636, ""p_meet"": 0.3, ""mean_cost"": 25463151.261222728, ""mcse_cost"": 108502.3580396815, ""mean_shortage_days"": 108.38483707557502, ""mean_cost_per_unit"": 22.95888147537412, ""capacity_utilization"": 5626594.55, ""feasible"": false, ""n_runs"": 20, ""eligibility"": ""NO_CONCLUSION""}, {""value"": 60.0, ""strategy_id"": ""S7"", ""mean_fill"": 0.8947438588595636, ""p_meet"": 0.3, ""mean_cost"": 25463151.261222728, ""mcse_cost"": 108502.3580396815, ""mean_shortage_days"": 108.38483707557502, ""mean_cost_per_unit"": 22.95888147537412, ""capacity_utilization"": 5626594.55, ""feasible"": false, ""n_runs"": 20, ""eligibility"": ""NO_CONCLUSION""}]",feasibility does not change between 7.0 and 60.0; no threshold inside the recorded range,,
S7,sodium_bicarbonate_8_4_50ml,node_capital,product.capital_usd_per_site,15000000.0,40000000.0,100000000.0,False,False,,infeasible_everywhere,"[{""value"": 15000000.0, ""strategy_id"": ""S7"", ""mean_fill"": 0.8947438588595636, ""p_meet"": 0.3, ""mean_cost"": 17205015.407341097, ""mcse_cost"": 108502.35803968155, ""mean_shortage_days"": 108.38483707557502, ""mean_cost_per_unit"": 15.494211838570212, ""capacity_utilization"": 5626594.55, ""feasible"": false, ""n_runs"": 20, ""eligibility"": ""NO_CONCLUSION""}, {""value"": 100000000.0, ""strategy_id"": ""S7"", ""mean_fill"": 0.8947438588595636, ""p_meet"": 0.3, ""mean_cost"": 45282677.31053485, ""mcse_cost"": 108502.35803968144, ""mean_shortage_days"": 108.38483707557502, ""mean_cost_per_unit"": 40.87408860370006, ""capacity_utilization"": 5626594.55, ""feasible"": false, ""n_runs"": 20, ""eligibility"": ""NO_CONCLUSION""}]",feasibility does not change between 15000000.0 and 100000000.0; no threshold inside the recorded range,,
S7,sodium_bicarbonate_8_4_50ml,batches_per_site_year,product.batches_per_site_year_nominal,30.0,45.0,70.0,False,False,,infeasible_everywhere,"[{""value"": 30.0, ""strategy_id"": ""S7"", ""mean_fill"": 0.7437330336776449, ""p_meet"": 0.0, ""mean_cost"": 24816454.957445916, ""mcse_cost"": 133266.94787293873, ""mean_shortage_days"": 200.6974739868565, ""mean_cost_per_unit"": 28.229729066276356, ""capacity_utilization"": 4679668.5, ""feasible"": false, ""n_runs"": 20, ""eligibility"": ""NO_CONCLUSION""}, {""value"": 70.0, ""strategy_id"": ""S7"", ""mean_fill"": 0.9883402161244781, ""p_meet"": 0.7, ""mean_cost"": 25923334.380984712, ""mcse_cost"": 61115.86851559252, ""mean_shortage_days"": 33.764622124863095, ""mean_cost_per_unit"": 20.87323634897701, ""capacity_utilization"": 6211405.95, ""feasible"": false, ""n_runs"": 20, ""eligibility"": ""NO_CONCLUSION""}]",feasibility does not change between 30.0 and 70.0; no threshold inside the recorded range,,
S7,sodium_bicarbonate_8_4_50ml,changeover_burden,product.changeover_days,1.0,3.0,10.0,False,False,,infeasible_everywhere,"[{""value"": 1.0, ""strategy_id"": ""S7"", ""mean_fill"": 0.8960727185147196, ""p_meet"": 0.35, ""mean_cost"": 25489062.479799174, ""mcse_cost"": 111373.0270506938, ""mean_shortage_days"": 106.47457557502739, ""mean_cost_per_unit"": 22.956748384495462, ""capacity_utilization"": 5633915.0, ""feasible"": false, ""n_runs"": 20, ""eligibility"": ""NO_CONCLUSION""}, {""value"": 10.0, ""strategy_id"": ""S7"", ""mean_fill"": 0.7918979512769725, ""p_meet"": 0.1, ""mean_cost"": 24981942.268800315, ""mcse_cost"": 137137.50092712685, ""mean_shortage_days"": 146.58006571741512, ""mean_cost_per_unit"": 26.52432305768823, ""capacity_utilization"": 4983478.95, ""feasible"": false, ""n_runs"": 20, ""eligibility"": ""NO_CONCLUSION""}]",feasibility does not change between 1.0 and 10.0; no threshold inside the recorded range,,
